{"DllCharacteristics": ["IMAGE_DLLCHARACTERISTICS_NO_SEH", "IMAGE_DLLCHARACTERISTICS_TERMINAL_SERVER_AWARE", "IMAGE_DLLCHARACTERISTICS_DYNAMIC_BASE", "IMAGE_DLLCHARACTERISTICS_NX_COMPAT"], "FILE_HEADER": {"NumberOfSections": {"FileOffset": 134, "Value": 3, "Offset": 2}, "TimeDateStamp": {"FileOffset": 136, "Value": "0x53A09536 [Tue Jun 17 19:21:26 2014 UTC]", "Offset": 4}, "PointerToSymbolTable": {"FileOffset": 140, "Value": 0, "Offset": 8}, "NumberOfSymbols": {"FileOffset": 144, "Value": 0, "Offset": 12}, "Machine": {"FileOffset": 132, "Value": 332, "Offset": 0}, "Characteristics": {"FileOffset": 150, "Value": 258, "Offset": 18}, "SizeOfOptionalHeader": {"FileOffset": 148, "Value": 224, "Offset": 16}, "Structure": "IMAGE_FILE_HEADER"}, "Directories": [{"VirtualAddress": {"FileOffset": 248, "Value": 0, "Offset": 0}, "Structure": "IMAGE_DIRECTORY_ENTRY_EXPORT", "Size": {"FileOffset": 252, "Value": 0, "Offset": 4}}, {"VirtualAddress": {"FileOffset": 256, "Value": 8301692, "Offset": 0}, "Structure": "IMAGE_DIRECTORY_ENTRY_IMPORT", "Size": {"FileOffset": 260, "Value": 79, "Offset": 4}}, {"VirtualAddress": {"FileOffset": 264, "Value": 8306688, "Offset": 0}, "Structure": "IMAGE_DIRECTORY_ENTRY_RESOURCE", "Size": {"FileOffset": 268, "Value": 6448, "Offset": 4}}, {"VirtualAddress": {"FileOffset": 272, "Value": 0, "Offset": 0}, "Structure": "IMAGE_DIRECTORY_ENTRY_EXCEPTION", "Size": {"FileOffset": 276, "Value": 0, "Offset": 4}}, {"VirtualAddress": {"FileOffset": 280, "Value": 0, "Offset": 0}, "Structure": "IMAGE_DIRECTORY_ENTRY_SECURITY", "Size": {"FileOffset": 284, "Value": 0, "Offset": 4}}, {"VirtualAddress": {"FileOffset": 288, "Value": 8314880, "Offset": 0}, "Structure": "IMAGE_DIRECTORY_ENTRY_BASERELOC", "Size": {"FileOffset": 292, "Value": 12, "Offset": 4}}, {"VirtualAddress": {"FileOffset": 296, "Value": 8301380, "Offset": 0}, "Structure": "IMAGE_DIRECTORY_ENTRY_DEBUG", "Size": {"FileOffset": 300, "Value": 28, "Offset": 4}}, {"VirtualAddress": {"FileOffset": 304, "Value": 0, "Offset": 0}, "Structure": "IMAGE_DIRECTORY_ENTRY_COPYRIGHT", "Size": {"FileOffset": 308, "Value": 0, "Offset": 4}}, {"VirtualAddress": {"FileOffset": 312, "Value": 0, "Offset": 0}, "Structure": "IMAGE_DIRECTORY_ENTRY_GLOBALPTR", "Size": {"FileOffset": 316, "Value": 0, "Offset": 4}}, {"VirtualAddress": {"FileOffset": 320, "Value": 0, "Offset": 0}, "Structure": "IMAGE_DIRECTORY_ENTRY_TLS", "Size": {"FileOffset": 324, "Value": 0, "Offset": 4}}, {"VirtualAddress": {"FileOffset": 328, "Value": 0, "Offset": 0}, "Structure": "IMAGE_DIRECTORY_ENTRY_LOAD_CONFIG", "Size": {"FileOffset": 332, "Value": 0, "Offset": 4}}, {"VirtualAddress": {"FileOffset": 336, "Value": 0, "Offset": 0}, "Structure": "IMAGE_DIRECTORY_ENTRY_BOUND_IMPORT", "Size": {"FileOffset": 340, "Value": 0, "Offset": 4}}, {"VirtualAddress": {"FileOffset": 344, "Value": 8192, "Offset": 0}, "Structure": "IMAGE_DIRECTORY_ENTRY_IAT", "Size": {"FileOffset": 348, "Value": 8, "Offset": 4}}, {"VirtualAddress": {"FileOffset": 352, "Value": 0, "Offset": 0}, "Structure": "IMAGE_DIRECTORY_ENTRY_DELAY_IMPORT", "Size": {"FileOffset": 356, "Value": 0, "Offset": 4}}, {"VirtualAddress": {"FileOffset": 360, "Value": 8200, "Offset": 0}, "Structure": "IMAGE_DIRECTORY_ENTRY_COM_DESCRIPTOR", "Size": {"FileOffset": 364, "Value": 72, "Offset": 4}}, {"VirtualAddress": {"FileOffset": 368, "Value": 0, "Offset": 0}, "Structure": "IMAGE_DIRECTORY_ENTRY_RESERVED", "Size": {"FileOffset": 372, "Value": 0, "Offset": 4}}], "OPTIONAL_HEADER": {"DllCharacteristics": {"FileOffset": 222, "Value": 34112, "Offset": 70}, "BaseOfCode": {"FileOffset": 172, "Value": 8192, "Offset": 20}, "MajorLinkerVersion": {"FileOffset": 154, "Value": 11, "Offset": 2}, "MinorOperatingSystemVersion": {"FileOffset": 194, "Value": 0, "Offset": 42}, "MinorLinkerVersion": {"FileOffset": 155, "Value": 0, "Offset": 3}, "MajorSubsystemVersion": {"FileOffset": 200, "Value": 4, "Offset": 48}, "MajorOperatingSystemVersion": {"FileOffset": 192, "Value": 4, "Offset": 40}, "SizeOfStackCommit": {"FileOffset": 228, "Value": 4096, "Offset": 76}, "SizeOfUninitializedData": {"FileOffset": 164, "Value": 0, "Offset": 12}, "NumberOfRvaAndSizes": {"FileOffset": 244, "Value": 16, "Offset": 92}, "SizeOfHeapReserve": {"FileOffset": 232, "Value": 1048576, "Offset": 80}, "LoaderFlags": {"FileOffset": 240, "Value": 0, "Offset": 88}, "SizeOfHeapCommit": {"FileOffset": 236, "Value": 4096, "Offset": 84}, "SizeOfStackReserve": {"FileOffset": 224, "Value": 1048576, "Offset": 72}, "Structure": "IMAGE_OPTIONAL_HEADER", "SizeOfHeaders": {"FileOffset": 212, "Value": 512, "Offset": 60}, "Subsystem": {"FileOffset": 220, "Value": 2, "Offset": 68}, "Magic": {"FileOffset": 152, "Value": 267, "Offset": 0}, "MinorImageVersion": {"FileOffset": 198, "Value": 0, "Offset": 46}, "MajorImageVersion": {"FileOffset": 196, "Value": 0, "Offset": 44}, "FileAlignment": {"FileOffset": 188, "Value": 512, "Offset": 36}, "BaseOfData": {"FileOffset": 176, "Value": 8306688, "Offset": 24}, "AddressOfEntryPoint": {"FileOffset": 168, "Value": 8301774, "Offset": 16}, "SectionAlignment": {"FileOffset": 184, "Value": 8192, "Offset": 32}, "SizeOfCode": {"FileOffset": 156, "Value": 8293888, "Offset": 4}, "ImageBase": {"FileOffset": 180, "Value": 4194304, "Offset": 28}, "SizeOfInitializedData": {"FileOffset": 160, "Value": 7168, "Offset": 8}, "SizeOfImage": {"FileOffset": 208, "Value": 8323072, "Offset": 56}, "MinorSubsystemVersion": {"FileOffset": 202, "Value": 0, "Offset": 50}, "CheckSum": {"FileOffset": 216, "Value": 0, "Offset": 64}, "Reserved1": {"FileOffset": 204, "Value": 0, "Offset": 52}}, "DOS_HEADER": {"e_cblp": {"FileOffset": 2, "Value": 144, "Offset": 2}, "e_crlc": {"FileOffset": 6, "Value": 0, "Offset": 6}, "e_ovno": {"FileOffset": 26, "Value": 0, "Offset": 26}, "e_minalloc": {"FileOffset": 10, "Value": 0, "Offset": 10}, "e_csum": {"FileOffset": 18, "Value": 0, "Offset": 18}, "e_cparhdr": {"FileOffset": 8, "Value": 4, "Offset": 8}, "e_cp": {"FileOffset": 4, "Value": 3, "Offset": 4}, "e_cs": {"FileOffset": 22, "Value": 0, "Offset": 22}, "e_maxalloc": {"FileOffset": 12, "Value": 65535, "Offset": 12}, "e_lfarlc": {"FileOffset": 24, "Value": 64, "Offset": 24}, "e_oemid": {"FileOffset": 36, "Value": 0, "Offset": 36}, "e_lfanew": {"FileOffset": 60, "Value": 128, "Offset": 60}, "e_ss": {"FileOffset": 14, "Value": 0, "Offset": 14}, "e_magic": {"FileOffset": 0, "Value": 23117, "Offset": 0}, "e_oeminfo": {"FileOffset": 38, "Value": 0, "Offset": 38}, "e_res2": {"FileOffset": 40, "Value": "", "Offset": 40}, "e_res": {"FileOffset": 28, "Value": "", "Offset": 28}, "e_sp": {"FileOffset": 16, "Value": 184, "Offset": 16}, "Structure": "IMAGE_DOS_HEADER", "e_ip": {"FileOffset": 20, "Value": 0, "Offset": 20}}, "Base relocations": [[{"SizeOfBlock": {"FileOffset": 8301060, "Value": 12, "Offset": 4}, "VirtualAddress": {"FileOffset": 8301056, "Value": 8298496, "Offset": 0}, "Structure": "IMAGE_BASE_RELOCATION"}, {"RVA": 8301776, "Type": "HIGHLOW"}, {"RVA": 8298496, "Type": "ABSOLUTE"}]], "NT_HEADERS": {"Structure": "IMAGE_NT_HEADERS", "Signature": {"FileOffset": 128, "Value": 17744, "Offset": 0}}, "Flags": ["IMAGE_FILE_32BIT_MACHINE", "IMAGE_FILE_EXECUTABLE_IMAGE"], "Version Information": [{"ValueLength": {"FileOffset": 8294850, "Value": 52, "Offset": 2}, "Length": {"FileOffset": 8294848, "Value": 796, "Offset": 0}, "Type": {"FileOffset": 8294852, "Value": 0, "Offset": 4}, "Structure": "VS_VERSIONINFO"}, {"FileFlagsMask": {"FileOffset": 8294912, "Value": 63, "Offset": 24}, "FileType": {"FileOffset": 8294924, "Value": 1, "Offset": 36}, "FileVersionMS": {"FileOffset": 8294896, "Value": 458752, "Offset": 8}, "FileVersionLS": {"FileOffset": 8294900, "Value": 16384017, "Offset": 12}, "Signature": {"FileOffset": 8294888, "Value": 4277077181, "Offset": 0}, "FileSubtype": {"FileOffset": 8294928, "Value": 0, "Offset": 40}, "FileFlags": {"FileOffset": 8294916, "Value": 0, "Offset": 28}, "FileDateLS": {"FileOffset": 8294936, "Value": 0, "Offset": 48}, "ProductVersionLS": {"FileOffset": 8294908, "Value": 16384017, "Offset": 20}, "FileOS": {"FileOffset": 8294920, "Value": 4, "Offset": 32}, "ProductVersionMS": {"FileOffset": 8294904, "Value": 458752, "Offset": 16}, "FileDateMS": {"FileOffset": 8294932, "Value": 0, "Offset": 44}, "Structure": "VS_FIXEDFILEINFO", "StrucVersion": {"FileOffset": 8294892, "Value": 65536, "Offset": 4}}], "Debug information": [{"MajorVersion": {"FileOffset": 8293708, "Value": 0, "Offset": 8}, "PointerToRawData": {"FileOffset": 8293724, "Value": 8293728, "Offset": 24}, "MinorVersion": {"FileOffset": 8293710, "Value": 0, "Offset": 10}, "TimeDateStamp": {"FileOffset": 8293704, "Value": "0x53A09536 [Tue Jun 17 19:21:26 2014 UTC]", "Offset": 4}, "Characteristics": {"FileOffset": 8293700, "Value": 0, "Offset": 0}, "Structure": "IMAGE_DEBUG_DIRECTORY", "Type": "IMAGE_DEBUG_TYPE_CODEVIEW", "SizeOfData": {"FileOffset": 8293716, "Value": 284, "Offset": 16}, "AddressOfRawData": {"FileOffset": 8293720, "Value": 8301408, "Offset": 20}}], "Imported symbols": [[{"TimeDateStamp": {"FileOffset": 8294016, "Value": "0x0        [Thu Jan  1 00:00:00 1970 UTC]", "Offset": 4}, "Name": {"FileOffset": 8294024, "Value": 8301758, "Offset": 12}, "ForwarderChain": {"FileOffset": 8294020, "Value": 0, "Offset": 8}, "OriginalFirstThunk": {"FileOffset": 8294012, "Value": 8301732, "Offset": 0}, "FirstThunk": {"FileOffset": 8294028, "Value": 8192, "Offset": 16}, "Characteristics": {"FileOffset": 8294012, "Value": 8301732, "Offset": 0}, "Structure": "IMAGE_IMPORT_DESCRIPTOR"}, {"Hint": 0, "Name": "_CorExeMain", "DLL": "mscoree.dll"}]], "PE Sections": [{"PointerToRawData": {"FileOffset": 396, "Value": 512, "Offset": 20}, "SHA1": "be4eca1bf2fcf24ae015aadf9872843b7d9f6de4", "SHA256": "d61b3de63ce903e669243c5c6ea655c35b9736169064cec85345a966161e3f39", "Name": {"FileOffset": 376, "Value": ".text", "Offset": 0}, "NumberOfRelocations": {"FileOffset": 408, "Value": 0, "Offset": 32}, "Misc_VirtualSize": {"FileOffset": 384, "Value": 8293588, "Offset": 8}, "Characteristics": {"FileOffset": 412, "Value": 1610612768, "Offset": 36}, "Misc": {"FileOffset": 384, "Value": 8293588, "Offset": 8}, "PointerToLinenumbers": {"FileOffset": 404, "Value": 0, "Offset": 28}, "SizeOfRawData": {"FileOffset": 392, "Value": 8293888, "Offset": 16}, "Misc_PhysicalAddress": {"FileOffset": 384, "Value": 8293588, "Offset": 8}, "PointerToRelocations": {"FileOffset": 400, "Value": 0, "Offset": 24}, "Flags": ["IMAGE_SCN_MEM_EXECUTE", "IMAGE_SCN_CNT_CODE", "IMAGE_SCN_MEM_READ"], "SHA512": "16cf436c94af058401db7bf812ef1db23c35a12842db7c6acecc8592c8b4f24012e706f0a8729b6d1f6d85875f1790f3d723ae00a218c002a910e6cfe49c1359", "MD5": "72579e7084d6e8024bddb964197b875a", "Entropy": 7.991242175017607, "VirtualAddress": {"FileOffset": 388, "Value": 8192, "Offset": 12}, "Structure": "IMAGE_SECTION_HEADER", "NumberOfLinenumbers": {"FileOffset": 410, "Value": 0, "Offset": 34}}, {"PointerToRawData": {"FileOffset": 436, "Value": 8294400, "Offset": 20}, "SHA1": "8290a934290aa7b43822472cdfe52b05e1cfeb9b", "SHA256": "ca124c8a70fe7842e88b4f9b0405672f0a773258c1799cb653cd03f2afe325cf", "Name": {"FileOffset": 416, "Value": ".rsrc", "Offset": 0}, "NumberOfRelocations": {"FileOffset": 448, "Value": 0, "Offset": 32}, "Misc_VirtualSize": {"FileOffset": 424, "Value": 6448, "Offset": 8}, "Characteristics": {"FileOffset": 452, "Value": 1073741888, "Offset": 36}, "Misc": {"FileOffset": 424, "Value": 6448, "Offset": 8}, "PointerToLinenumbers": {"FileOffset": 444, "Value": 0, "Offset": 28}, "SizeOfRawData": {"FileOffset": 432, "Value": 6656, "Offset": 16}, "Misc_PhysicalAddress": {"FileOffset": 424, "Value": 6448, "Offset": 8}, "PointerToRelocations": {"FileOffset": 440, "Value": 0, "Offset": 24}, "Flags": ["IMAGE_SCN_CNT_INITIALIZED_DATA", "IMAGE_SCN_MEM_READ"], "SHA512": "9ddbc550bb3d03821f5bbc937bd54f6b65f974f5e5b58ebf4dda044bc79ea52fc13bd2629fe01d800f27ebf1422e0b60094478a719164210845c1468931275ed", "MD5": "e1fec1a04f1db6dc41e675d8c80fb854", "Entropy": 4.657760331940496, "VirtualAddress": {"FileOffset": 428, "Value": 8306688, "Offset": 12}, "Structure": "IMAGE_SECTION_HEADER", "NumberOfLinenumbers": {"FileOffset": 450, "Value": 0, "Offset": 34}}, {"PointerToRawData": {"FileOffset": 476, "Value": 8301056, "Offset": 20}, "SHA1": "109ab3b46a2dbdf9dda57e96f31fec5d57defbe4", "SHA256": "a4cbfa6f3041c74630e793a0473aaac10b4ec7b90eb493c290883b2e511f4d68", "Name": {"FileOffset": 456, "Value": ".reloc", "Offset": 0}, "NumberOfRelocations": {"FileOffset": 488, "Value": 0, "Offset": 32}, "Misc_VirtualSize": {"FileOffset": 464, "Value": 12, "Offset": 8}, "Characteristics": {"FileOffset": 492, "Value": 1107296320, "Offset": 36}, "Misc": {"FileOffset": 464, "Value": 12, "Offset": 8}, "PointerToLinenumbers": {"FileOffset": 484, "Value": 0, "Offset": 28}, "SizeOfRawData": {"FileOffset": 472, "Value": 512, "Offset": 16}, "Misc_PhysicalAddress": {"FileOffset": 464, "Value": 12, "Offset": 8}, "PointerToRelocations": {"FileOffset": 480, "Value": 0, "Offset": 24}, "Flags": ["IMAGE_SCN_CNT_INITIALIZED_DATA", "IMAGE_SCN_MEM_DISCARDABLE", "IMAGE_SCN_MEM_READ"], "SHA512": "962eabaac993c69229afaf8c5932a94e25ffc446e5bd578b721d10883642521941ad1364f9bf438f84bb6e8438badbc40a97fea13660e82f55ac2e3737389504", "MD5": "4adf59c16abec5e26b70b7973391e0df", "Entropy": 0.10191042566270775, "VirtualAddress": {"FileOffset": 468, "Value": 8314880, "Offset": 12}, "Structure": "IMAGE_SECTION_HEADER", "NumberOfLinenumbers": {"FileOffset": 490, "Value": 0, "Offset": 34}}], "Resource directory": [{"MajorVersion": {"FileOffset": 8294408, "Value": 0, "Offset": 8}, "NumberOfIdEntries": {"FileOffset": 8294414, "Value": 4, "Offset": 14}, "MinorVersion": {"FileOffset": 8294410, "Value": 0, "Offset": 10}, "TimeDateStamp": {"FileOffset": 8294404, "Value": "0x0        [Thu Jan  1 00:00:00 1970 UTC]", "Offset": 4}, "Characteristics": {"FileOffset": 8294400, "Value": 0, "Offset": 0}, "NumberOfNamedEntries": {"FileOffset": 8294412, "Value": 0, "Offset": 12}, "Structure": "IMAGE_RESOURCE_DIRECTORY"}, {"Structure": "IMAGE_RESOURCE_DIRECTORY_ENTRY", "Id": [3, "RT_ICON"], "OffsetToData": {"FileOffset": 8294420, "Value": 2147483696, "Offset": 4}, "Name": {"FileOffset": 8294416, "Value": 3, "Offset": 0}}, [{"MajorVersion": {"FileOffset": 8294456, "Value": 0, "Offset": 8}, "NumberOfIdEntries": {"FileOffset": 8294462, "Value": 4, "Offset": 14}, "MinorVersion": {"FileOffset": 8294458, "Value": 0, "Offset": 10}, "TimeDateStamp": {"FileOffset": 8294452, "Value": "0x0        [Thu Jan  1 00:00:00 1970 UTC]", "Offset": 4}, "Characteristics": {"FileOffset": 8294448, "Value": 0, "Offset": 0}, "NumberOfNamedEntries": {"FileOffset": 8294460, "Value": 0, "Offset": 12}, "Structure": "IMAGE_RESOURCE_DIRECTORY"}, {"Structure": "IMAGE_RESOURCE_DIRECTORY_ENTRY", "Id": 2, "OffsetToData": {"FileOffset": 8294468, "Value": 2147483816, "Offset": 4}, "Name": {"FileOffset": 8294464, "Value": 2, "Offset": 0}}, [{"MajorVersion": {"FileOffset": 8294576, "Value": 0, "Offset": 8}, "NumberOfIdEntries": {"FileOffset": 8294582, "Value": 1, "Offset": 14}, "MinorVersion": {"FileOffset": 8294578, "Value": 0, "Offset": 10}, "TimeDateStamp": {"FileOffset": 8294572, "Value": "0x0        [Thu Jan  1 00:00:00 1970 UTC]", "Offset": 4}, "Characteristics": {"FileOffset": 8294568, "Value": 0, "Offset": 0}, "NumberOfNamedEntries": {"FileOffset": 8294580, "Value": 0, "Offset": 12}, "Structure": "IMAGE_RESOURCE_DIRECTORY"}, {"LANG": 0, "SUBLANG_NAME": "SUBLANG_NEUTRAL", "Name": {"FileOffset": 8294584, "Value": 0, "Offset": 0}, "CodePage": {"FileOffset": 8294744, "Value": 0, "Offset": 8}, "LANG_NAME": "LANG_NEUTRAL", "OffsetToData": {"FileOffset": 8294736, "Value": 8307936, "Offset": 0}, "Reserved": {"FileOffset": 8294748, "Value": 0, "Offset": 12}, "SUBLANG": 0, "Structure": "IMAGE_RESOURCE_DATA_ENTRY", "Size": {"FileOffset": 8294740, "Value": 296, "Offset": 4}}], {"Structure": "IMAGE_RESOURCE_DIRECTORY_ENTRY", "Id": 3, "OffsetToData": {"FileOffset": 8294476, "Value": 2147483840, "Offset": 4}, "Name": {"FileOffset": 8294472, "Value": 3, "Offset": 0}}, [{"MajorVersion": {"FileOffset": 8294600, "Value": 0, "Offset": 8}, "NumberOfIdEntries": {"FileOffset": 8294606, "Value": 1, "Offset": 14}, "MinorVersion": {"FileOffset": 8294602, "Value": 0, "Offset": 10}, "TimeDateStamp": {"FileOffset": 8294596, "Value": "0x0        [Thu Jan  1 00:00:00 1970 UTC]", "Offset": 4}, "Characteristics": {"FileOffset": 8294592, "Value": 0, "Offset": 0}, "NumberOfNamedEntries": {"FileOffset": 8294604, "Value": 0, "Offset": 12}, "Structure": "IMAGE_RESOURCE_DIRECTORY"}, {"LANG": 0, "SUBLANG_NAME": "SUBLANG_NEUTRAL", "Name": {"FileOffset": 8294608, "Value": 0, "Offset": 0}, "CodePage": {"FileOffset": 8294760, "Value": 0, "Offset": 8}, "LANG_NAME": "LANG_NEUTRAL", "OffsetToData": {"FileOffset": 8294752, "Value": 8308232, "Offset": 0}, "Reserved": {"FileOffset": 8294764, "Value": 0, "Offset": 12}, "SUBLANG": 0, "Structure": "IMAGE_RESOURCE_DATA_ENTRY", "Size": {"FileOffset": 8294756, "Value": 1384, "Offset": 4}}], {"Structure": "IMAGE_RESOURCE_DIRECTORY_ENTRY", "Id": 4, "OffsetToData": {"FileOffset": 8294484, "Value": 2147483864, "Offset": 4}, "Name": {"FileOffset": 8294480, "Value": 4, "Offset": 0}}, [{"MajorVersion": {"FileOffset": 8294624, "Value": 0, "Offset": 8}, "NumberOfIdEntries": {"FileOffset": 8294630, "Value": 1, "Offset": 14}, "MinorVersion": {"FileOffset": 8294626, "Value": 0, "Offset": 10}, "TimeDateStamp": {"FileOffset": 8294620, "Value": "0x0        [Thu Jan  1 00:00:00 1970 UTC]", "Offset": 4}, "Characteristics": {"FileOffset": 8294616, "Value": 0, "Offset": 0}, "NumberOfNamedEntries": {"FileOffset": 8294628, "Value": 0, "Offset": 12}, "Structure": "IMAGE_RESOURCE_DIRECTORY"}, {"LANG": 0, "SUBLANG_NAME": "SUBLANG_NEUTRAL", "Name": {"FileOffset": 8294632, "Value": 0, "Offset": 0}, "CodePage": {"FileOffset": 8294776, "Value": 0, "Offset": 8}, "LANG_NAME": "LANG_NEUTRAL", "OffsetToData": {"FileOffset": 8294768, "Value": 8309616, "Offset": 0}, "Reserved": {"FileOffset": 8294780, "Value": 0, "Offset": 12}, "SUBLANG": 0, "Structure": "IMAGE_RESOURCE_DATA_ENTRY", "Size": {"FileOffset": 8294772, "Value": 744, "Offset": 4}}], {"Structure": "IMAGE_RESOURCE_DIRECTORY_ENTRY", "Id": 5, "OffsetToData": {"FileOffset": 8294492, "Value": 2147483888, "Offset": 4}, "Name": {"FileOffset": 8294488, "Value": 5, "Offset": 0}}, [{"MajorVersion": {"FileOffset": 8294648, "Value": 0, "Offset": 8}, "NumberOfIdEntries": {"FileOffset": 8294654, "Value": 1, "Offset": 14}, "MinorVersion": {"FileOffset": 8294650, "Value": 0, "Offset": 10}, "TimeDateStamp": {"FileOffset": 8294644, "Value": "0x0        [Thu Jan  1 00:00:00 1970 UTC]", "Offset": 4}, "Characteristics": {"FileOffset": 8294640, "Value": 0, "Offset": 0}, "NumberOfNamedEntries": {"FileOffset": 8294652, "Value": 0, "Offset": 12}, "Structure": "IMAGE_RESOURCE_DIRECTORY"}, {"LANG": 0, "SUBLANG_NAME": "SUBLANG_NEUTRAL", "Name": {"FileOffset": 8294656, "Value": 0, "Offset": 0}, "CodePage": {"FileOffset": 8294792, "Value": 0, "Offset": 8}, "LANG_NAME": "LANG_NEUTRAL", "OffsetToData": {"FileOffset": 8294784, "Value": 8310360, "Offset": 0}, "Reserved": {"FileOffset": 8294796, "Value": 0, "Offset": 12}, "SUBLANG": 0, "Structure": "IMAGE_RESOURCE_DATA_ENTRY", "Size": {"FileOffset": 8294788, "Value": 2216, "Offset": 4}}]], {"Structure": "IMAGE_RESOURCE_DIRECTORY_ENTRY", "Id": [14, "RT_GROUP_ICON"], "OffsetToData": {"FileOffset": 8294428, "Value": 2147483744, "Offset": 4}, "Name": {"FileOffset": 8294424, "Value": 14, "Offset": 0}}, [{"MajorVersion": {"FileOffset": 8294504, "Value": 0, "Offset": 8}, "NumberOfIdEntries": {"FileOffset": 8294510, "Value": 1, "Offset": 14}, "MinorVersion": {"FileOffset": 8294506, "Value": 0, "Offset": 10}, "TimeDateStamp": {"FileOffset": 8294500, "Value": "0x0        [Thu Jan  1 00:00:00 1970 UTC]", "Offset": 4}, "Characteristics": {"FileOffset": 8294496, "Value": 0, "Offset": 0}, "NumberOfNamedEntries": {"FileOffset": 8294508, "Value": 0, "Offset": 12}, "Structure": "IMAGE_RESOURCE_DIRECTORY"}, {"Structure": "IMAGE_RESOURCE_DIRECTORY_ENTRY", "Id": 32512, "OffsetToData": {"FileOffset": 8294516, "Value": 2147483912, "Offset": 4}, "Name": {"FileOffset": 8294512, "Value": 32512, "Offset": 0}}, [{"MajorVersion": {"FileOffset": 8294672, "Value": 0, "Offset": 8}, "NumberOfIdEntries": {"FileOffset": 8294678, "Value": 1, "Offset": 14}, "MinorVersion": {"FileOffset": 8294674, "Value": 0, "Offset": 10}, "TimeDateStamp": {"FileOffset": 8294668, "Value": "0x0        [Thu Jan  1 00:00:00 1970 UTC]", "Offset": 4}, "Characteristics": {"FileOffset": 8294664, "Value": 0, "Offset": 0}, "NumberOfNamedEntries": {"FileOffset": 8294676, "Value": 0, "Offset": 12}, "Structure": "IMAGE_RESOURCE_DIRECTORY"}, {"LANG": 0, "SUBLANG_NAME": "SUBLANG_NEUTRAL", "Name": {"FileOffset": 8294680, "Value": 0, "Offset": 0}, "CodePage": {"FileOffset": 8294808, "Value": 0, "Offset": 8}, "LANG_NAME": "LANG_NEUTRAL", "OffsetToData": {"FileOffset": 8294800, "Value": 8312576, "Offset": 0}, "Reserved": {"FileOffset": 8294812, "Value": 0, "Offset": 12}, "SUBLANG": 0, "Structure": "IMAGE_RESOURCE_DATA_ENTRY", "Size": {"FileOffset": 8294804, "Value": 62, "Offset": 4}}]], {"Structure": "IMAGE_RESOURCE_DIRECTORY_ENTRY", "Id": [16, "RT_VERSION"], "OffsetToData": {"FileOffset": 8294436, "Value": 2147483768, "Offset": 4}, "Name": {"FileOffset": 8294432, "Value": 16, "Offset": 0}}, [{"MajorVersion": {"FileOffset": 8294528, "Value": 0, "Offset": 8}, "NumberOfIdEntries": {"FileOffset": 8294534, "Value": 1, "Offset": 14}, "MinorVersion": {"FileOffset": 8294530, "Value": 0, "Offset": 10}, "TimeDateStamp": {"FileOffset": 8294524, "Value": "0x0        [Thu Jan  1 00:00:00 1970 UTC]", "Offset": 4}, "Characteristics": {"FileOffset": 8294520, "Value": 0, "Offset": 0}, "NumberOfNamedEntries": {"FileOffset": 8294532, "Value": 0, "Offset": 12}, "Structure": "IMAGE_RESOURCE_DIRECTORY"}, {"Structure": "IMAGE_RESOURCE_DIRECTORY_ENTRY", "Id": 1, "OffsetToData": {"FileOffset": 8294540, "Value": 2147483936, "Offset": 4}, "Name": {"FileOffset": 8294536, "Value": 1, "Offset": 0}}, [{"MajorVersion": {"FileOffset": 8294696, "Value": 0, "Offset": 8}, "NumberOfIdEntries": {"FileOffset": 8294702, "Value": 1, "Offset": 14}, "MinorVersion": {"FileOffset": 8294698, "Value": 0, "Offset": 10}, "TimeDateStamp": {"FileOffset": 8294692, "Value": "0x0        [Thu Jan  1 00:00:00 1970 UTC]", "Offset": 4}, "Characteristics": {"FileOffset": 8294688, "Value": 0, "Offset": 0}, "NumberOfNamedEntries": {"FileOffset": 8294700, "Value": 0, "Offset": 12}, "Structure": "IMAGE_RESOURCE_DIRECTORY"}, {"LANG": 0, "SUBLANG_NAME": "SUBLANG_NEUTRAL", "Name": {"FileOffset": 8294704, "Value": 0, "Offset": 0}, "CodePage": {"FileOffset": 8294824, "Value": 0, "Offset": 8}, "LANG_NAME": "LANG_NEUTRAL", "OffsetToData": {"FileOffset": 8294816, "Value": 8307136, "Offset": 0}, "Reserved": {"FileOffset": 8294828, "Value": 0, "Offset": 12}, "SUBLANG": 0, "Structure": "IMAGE_RESOURCE_DATA_ENTRY", "Size": {"FileOffset": 8294820, "Value": 796, "Offset": 4}}]], {"Structure": "IMAGE_RESOURCE_DIRECTORY_ENTRY", "Id": [24, "RT_MANIFEST"], "OffsetToData": {"FileOffset": 8294444, "Value": 2147483792, "Offset": 4}, "Name": {"FileOffset": 8294440, "Value": 24, "Offset": 0}}, [{"MajorVersion": {"FileOffset": 8294552, "Value": 0, "Offset": 8}, "NumberOfIdEntries": {"FileOffset": 8294558, "Value": 1, "Offset": 14}, "MinorVersion": {"FileOffset": 8294554, "Value": 0, "Offset": 10}, "TimeDateStamp": {"FileOffset": 8294548, "Value": "0x0        [Thu Jan  1 00:00:00 1970 UTC]", "Offset": 4}, "Characteristics": {"FileOffset": 8294544, "Value": 0, "Offset": 0}, "NumberOfNamedEntries": {"FileOffset": 8294556, "Value": 0, "Offset": 12}, "Structure": "IMAGE_RESOURCE_DIRECTORY"}, {"Structure": "IMAGE_RESOURCE_DIRECTORY_ENTRY", "Id": 1, "OffsetToData": {"FileOffset": 8294564, "Value": 2147483960, "Offset": 4}, "Name": {"FileOffset": 8294560, "Value": 1, "Offset": 0}}, [{"MajorVersion": {"FileOffset": 8294720, "Value": 0, "Offset": 8}, "NumberOfIdEntries": {"FileOffset": 8294726, "Value": 1, "Offset": 14}, "MinorVersion": {"FileOffset": 8294722, "Value": 0, "Offset": 10}, "TimeDateStamp": {"FileOffset": 8294716, "Value": "0x0        [Thu Jan  1 00:00:00 1970 UTC]", "Offset": 4}, "Characteristics": {"FileOffset": 8294712, "Value": 0, "Offset": 0}, "NumberOfNamedEntries": {"FileOffset": 8294724, "Value": 0, "Offset": 12}, "Structure": "IMAGE_RESOURCE_DIRECTORY"}, {"LANG": 0, "SUBLANG_NAME": "SUBLANG_NEUTRAL", "Name": {"FileOffset": 8294728, "Value": 0, "Offset": 0}, "CodePage": {"FileOffset": 8294840, "Value": 0, "Offset": 8}, "LANG_NAME": "LANG_NEUTRAL", "OffsetToData": {"FileOffset": 8294832, "Value": 8312640, "Offset": 0}, "Reserved": {"FileOffset": 8294844, "Value": 0, "Offset": 12}, "SUBLANG": 0, "Structure": "IMAGE_RESOURCE_DATA_ENTRY", "Size": {"FileOffset": 8294836, "Value": 490, "Offset": 4}}]]]}
