{"DllCharacteristics": ["IMAGE_DLLCHARACTERISTICS_NO_SEH", "IMAGE_DLLCHARACTERISTICS_TERMINAL_SERVER_AWARE", "IMAGE_DLLCHARACTERISTICS_DYNAMIC_BASE", "IMAGE_DLLCHARACTERISTICS_NX_COMPAT"], "FILE_HEADER": {"NumberOfSections": {"FileOffset": 134, "Value": 3, "Offset": 2}, "TimeDateStamp": {"FileOffset": 136, "Value": "0x517C85D4 [Sun Apr 28 02:13:40 2013 UTC]", "Offset": 4}, "PointerToSymbolTable": {"FileOffset": 140, "Value": 0, "Offset": 8}, "NumberOfSymbols": {"FileOffset": 144, "Value": 0, "Offset": 12}, "Machine": {"FileOffset": 132, "Value": 332, "Offset": 0}, "Characteristics": {"FileOffset": 150, "Value": 258, "Offset": 18}, "SizeOfOptionalHeader": {"FileOffset": 148, "Value": 224, "Offset": 16}, "Structure": "IMAGE_FILE_HEADER"}, "Directories": [{"VirtualAddress": {"FileOffset": 248, "Value": 0, "Offset": 0}, "Structure": "IMAGE_DIRECTORY_ENTRY_EXPORT", "Size": {"FileOffset": 252, "Value": 0, "Offset": 4}}, {"VirtualAddress": {"FileOffset": 256, "Value": 51324, "Offset": 0}, "Structure": "IMAGE_DIRECTORY_ENTRY_IMPORT", "Size": {"FileOffset": 260, "Value": 88, "Offset": 4}}, {"VirtualAddress": {"FileOffset": 264, "Value": 8192, "Offset": 0}, "Structure": "IMAGE_DIRECTORY_ENTRY_RESOURCE", "Size": {"FileOffset": 268, "Value": 1792, "Offset": 4}}, {"VirtualAddress": {"FileOffset": 272, "Value": 0, "Offset": 0}, "Structure": "IMAGE_DIRECTORY_ENTRY_EXCEPTION", "Size": {"FileOffset": 276, "Value": 0, "Offset": 4}}, {"VirtualAddress": {"FileOffset": 280, "Value": 0, "Offset": 0}, "Structure": "IMAGE_DIRECTORY_ENTRY_SECURITY", "Size": {"FileOffset": 284, "Value": 0, "Offset": 4}}, {"VirtualAddress": {"FileOffset": 288, "Value": 1212416, "Offset": 0}, "Structure": "IMAGE_DIRECTORY_ENTRY_BASERELOC", "Size": {"FileOffset": 292, "Value": 12, "Offset": 4}}, {"VirtualAddress": {"FileOffset": 296, "Value": 0, "Offset": 0}, "Structure": "IMAGE_DIRECTORY_ENTRY_DEBUG", "Size": {"FileOffset": 300, "Value": 0, "Offset": 4}}, {"VirtualAddress": {"FileOffset": 304, "Value": 0, "Offset": 0}, "Structure": "IMAGE_DIRECTORY_ENTRY_COPYRIGHT", "Size": {"FileOffset": 308, "Value": 0, "Offset": 4}}, {"VirtualAddress": {"FileOffset": 312, "Value": 0, "Offset": 0}, "Structure": "IMAGE_DIRECTORY_ENTRY_GLOBALPTR", "Size": {"FileOffset": 316, "Value": 0, "Offset": 4}}, {"VirtualAddress": {"FileOffset": 320, "Value": 0, "Offset": 0}, "Structure": "IMAGE_DIRECTORY_ENTRY_TLS", "Size": {"FileOffset": 324, "Value": 0, "Offset": 4}}, {"VirtualAddress": {"FileOffset": 328, "Value": 0, "Offset": 0}, "Structure": "IMAGE_DIRECTORY_ENTRY_LOAD_CONFIG", "Size": {"FileOffset": 332, "Value": 0, "Offset": 4}}, {"VirtualAddress": {"FileOffset": 336, "Value": 0, "Offset": 0}, "Structure": "IMAGE_DIRECTORY_ENTRY_BOUND_IMPORT", "Size": {"FileOffset": 340, "Value": 0, "Offset": 4}}, {"VirtualAddress": {"FileOffset": 344, "Value": 51364, "Offset": 0}, "Structure": "IMAGE_DIRECTORY_ENTRY_IAT", "Size": {"FileOffset": 348, "Value": 8, "Offset": 4}}, {"VirtualAddress": {"FileOffset": 352, "Value": 0, "Offset": 0}, "Structure": "IMAGE_DIRECTORY_ENTRY_DELAY_IMPORT", "Size": {"FileOffset": 356, "Value": 0, "Offset": 4}}, {"VirtualAddress": {"FileOffset": 360, "Value": 1185348, "Offset": 0}, "Structure": "IMAGE_DIRECTORY_ENTRY_COM_DESCRIPTOR", "Size": {"FileOffset": 364, "Value": 72, "Offset": 4}}, {"VirtualAddress": {"FileOffset": 368, "Value": 0, "Offset": 0}, "Structure": "IMAGE_DIRECTORY_ENTRY_RESERVED", "Size": {"FileOffset": 372, "Value": 0, "Offset": 4}}], "OPTIONAL_HEADER": {"DllCharacteristics": {"FileOffset": 222, "Value": 34112, "Offset": 70}, "BaseOfCode": {"FileOffset": 172, "Value": 16384, "Offset": 20}, "MajorLinkerVersion": {"FileOffset": 154, "Value": 8, "Offset": 2}, "MinorOperatingSystemVersion": {"FileOffset": 194, "Value": 0, "Offset": 42}, "MinorLinkerVersion": {"FileOffset": 155, "Value": 0, "Offset": 3}, "MajorSubsystemVersion": {"FileOffset": 200, "Value": 4, "Offset": 48}, "MajorOperatingSystemVersion": {"FileOffset": 192, "Value": 4, "Offset": 40}, "SizeOfStackCommit": {"FileOffset": 228, "Value": 4096, "Offset": 76}, "SizeOfUninitializedData": {"FileOffset": 164, "Value": 0, "Offset": 12}, "NumberOfRvaAndSizes": {"FileOffset": 244, "Value": 16, "Offset": 92}, "SizeOfHeapReserve": {"FileOffset": 232, "Value": 1048576, "Offset": 80}, "LoaderFlags": {"FileOffset": 240, "Value": 0, "Offset": 88}, "SizeOfHeapCommit": {"FileOffset": 236, "Value": 4096, "Offset": 84}, "SizeOfStackReserve": {"FileOffset": 224, "Value": 1048576, "Offset": 72}, "Structure": "IMAGE_OPTIONAL_HEADER", "SizeOfHeaders": {"FileOffset": 212, "Value": 512, "Offset": 60}, "Subsystem": {"FileOffset": 220, "Value": 3, "Offset": 68}, "Magic": {"FileOffset": 152, "Value": 267, "Offset": 0}, "MinorImageVersion": {"FileOffset": 198, "Value": 0, "Offset": 46}, "MajorImageVersion": {"FileOffset": 196, "Value": 0, "Offset": 44}, "FileAlignment": {"FileOffset": 188, "Value": 512, "Offset": 36}, "BaseOfData": {"FileOffset": 176, "Value": 8192, "Offset": 24}, "AddressOfEntryPoint": {"FileOffset": 168, "Value": 51380, "Offset": 16}, "SectionAlignment": {"FileOffset": 184, "Value": 8192, "Offset": 32}, "SizeOfCode": {"FileOffset": 156, "Value": 1193472, "Offset": 4}, "ImageBase": {"FileOffset": 180, "Value": 4194304, "Offset": 28}, "SizeOfInitializedData": {"FileOffset": 160, "Value": 2560, "Offset": 8}, "SizeOfImage": {"FileOffset": 208, "Value": 1220608, "Offset": 56}, "MinorSubsystemVersion": {"FileOffset": 202, "Value": 0, "Offset": 50}, "CheckSum": {"FileOffset": 216, "Value": 1202137, "Offset": 64}, "Reserved1": {"FileOffset": 204, "Value": 0, "Offset": 52}}, "DOS_HEADER": {"e_cblp": {"FileOffset": 2, "Value": 144, "Offset": 2}, "e_crlc": {"FileOffset": 6, "Value": 0, "Offset": 6}, "e_ovno": {"FileOffset": 26, "Value": 0, "Offset": 26}, "e_minalloc": {"FileOffset": 10, "Value": 0, "Offset": 10}, "e_csum": {"FileOffset": 18, "Value": 0, "Offset": 18}, "e_cparhdr": {"FileOffset": 8, "Value": 4, "Offset": 8}, "e_cp": {"FileOffset": 4, "Value": 3, "Offset": 4}, "e_cs": {"FileOffset": 22, "Value": 0, "Offset": 22}, "e_maxalloc": {"FileOffset": 12, "Value": 65535, "Offset": 12}, "e_lfarlc": {"FileOffset": 24, "Value": 64, "Offset": 24}, "e_oemid": {"FileOffset": 36, "Value": 0, "Offset": 36}, "e_lfanew": {"FileOffset": 60, "Value": 128, "Offset": 60}, "e_ss": {"FileOffset": 14, "Value": 0, "Offset": 14}, "e_magic": {"FileOffset": 0, "Value": 23117, "Offset": 0}, "e_oeminfo": {"FileOffset": 38, "Value": 0, "Offset": 38}, "e_res2": {"FileOffset": 40, "Value": "", "Offset": 40}, "e_res": {"FileOffset": 28, "Value": "", "Offset": 28}, "e_sp": {"FileOffset": 16, "Value": 184, "Offset": 16}, "Structure": "IMAGE_DOS_HEADER", "e_ip": {"FileOffset": 20, "Value": 0, "Offset": 20}}, "Base relocations": [[{"SizeOfBlock": {"FileOffset": 1196036, "Value": 12, "Offset": 4}, "VirtualAddress": {"FileOffset": 1196032, "Value": 51380, "Offset": 0}, "Structure": "IMAGE_BASE_RELOCATION"}, {"RVA": 51382, "Type": "HIGHLOW"}, {"RVA": 51380, "Type": "ABSOLUTE"}]], "NT_HEADERS": {"Structure": "IMAGE_NT_HEADERS", "Signature": {"FileOffset": 128, "Value": 17744, "Offset": 0}}, "Flags": ["IMAGE_FILE_32BIT_MACHINE", "IMAGE_FILE_EXECUTABLE_IMAGE"], "Version Information": [{"ValueLength": {"FileOffset": 674, "Value": 52, "Offset": 2}, "Length": {"FileOffset": 672, "Value": 1136, "Offset": 0}, "Type": {"FileOffset": 676, "Value": 0, "Offset": 4}, "Structure": "VS_VERSIONINFO"}, {"FileFlagsMask": {"FileOffset": 736, "Value": 63, "Offset": 24}, "FileType": {"FileOffset": 748, "Value": 1, "Offset": 36}, "FileVersionMS": {"FileOffset": 720, "Value": 65536, "Offset": 8}, "FileVersionLS": {"FileOffset": 724, "Value": 0, "Offset": 12}, "Signature": {"FileOffset": 712, "Value": 4277077181, "Offset": 0}, "FileSubtype": {"FileOffset": 752, "Value": 0, "Offset": 40}, "FileFlags": {"FileOffset": 740, "Value": 0, "Offset": 28}, "FileDateLS": {"FileOffset": 760, "Value": 0, "Offset": 48}, "ProductVersionLS": {"FileOffset": 732, "Value": 0, "Offset": 20}, "FileOS": {"FileOffset": 744, "Value": 4, "Offset": 32}, "ProductVersionMS": {"FileOffset": 728, "Value": 65536, "Offset": 16}, "FileDateMS": {"FileOffset": 756, "Value": 0, "Offset": 44}, "Structure": "VS_FIXEDFILEINFO", "StrucVersion": {"FileOffset": 716, "Value": 65536, "Offset": 4}}], "Imported symbols": [[{"TimeDateStamp": {"FileOffset": 37504, "Value": "0x0        [Thu Jan  1 00:00:00 1970 UTC]", "Offset": 4}, "Name": {"FileOffset": 37512, "Value": 51400, "Offset": 12}, "ForwarderChain": {"FileOffset": 37508, "Value": 0, "Offset": 8}, "OriginalFirstThunk": {"FileOffset": 37500, "Value": 51372, "Offset": 0}, "FirstThunk": {"FileOffset": 37516, "Value": 51364, "Offset": 16}, "Characteristics": {"FileOffset": 37500, "Value": 51372, "Offset": 0}, "Structure": "IMAGE_IMPORT_DESCRIPTOR"}, {"Hint": 0, "Name": "_CorExeMain", "DLL": "mscoree.dll"}]], "PE Sections": [{"PointerToRawData": {"FileOffset": 396, "Value": 512, "Offset": 20}, "SHA1": "46f37d38fb035f4da65f79ca53ad188e4a53a457", "SHA256": "d3f4ce8ccfb1fb85ce0a58cc96ead6b679564eda6c2d0f14d6c397c8ed23d344", "Name": {"FileOffset": 376, "Value": ".rsrc", "Offset": 0}, "NumberOfRelocations": {"FileOffset": 408, "Value": 0, "Offset": 32}, "Misc_VirtualSize": {"FileOffset": 384, "Value": 1792, "Offset": 8}, "Characteristics": {"FileOffset": 412, "Value": 1073741888, "Offset": 36}, "Misc": {"FileOffset": 384, "Value": 1792, "Offset": 8}, "PointerToLinenumbers": {"FileOffset": 404, "Value": 0, "Offset": 28}, "SizeOfRawData": {"FileOffset": 392, "Value": 2048, "Offset": 16}, "Misc_PhysicalAddress": {"FileOffset": 384, "Value": 1792, "Offset": 8}, "PointerToRelocations": {"FileOffset": 400, "Value": 0, "Offset": 24}, "Flags": ["IMAGE_SCN_CNT_INITIALIZED_DATA", "IMAGE_SCN_MEM_READ"], "SHA512": "dc565ab9cc7b1fca7f237f6117d6945dc981bcd6b4e9d192c698bad01960169341ae8042cdd7abfb639a48fdcd4322ec3e64b4df91766b5b5011a5bed93c31ea", "MD5": "0a688e3554424fbb756cdf2eec02f861", "Entropy": 3.7234787138024923, "VirtualAddress": {"FileOffset": 388, "Value": 8192, "Offset": 12}, "Structure": "IMAGE_SECTION_HEADER", "NumberOfLinenumbers": {"FileOffset": 410, "Value": 0, "Offset": 34}}, {"PointerToRawData": {"FileOffset": 436, "Value": 2560, "Offset": 20}, "SHA1": "51f1d8596cd83fd8a2c591b045d9a400d802640c", "SHA256": "777037361a9e75e2fe196cee66214e28b2e8bfc7cdc830f3cda709bf8f40e4f3", "Name": {"FileOffset": 416, "Value": ".text", "Offset": 0}, "NumberOfRelocations": {"FileOffset": 448, "Value": 0, "Offset": 32}, "Misc_VirtualSize": {"FileOffset": 424, "Value": 1193148, "Offset": 8}, "Characteristics": {"FileOffset": 452, "Value": 1610612768, "Offset": 36}, "Misc": {"FileOffset": 424, "Value": 1193148, "Offset": 8}, "PointerToLinenumbers": {"FileOffset": 444, "Value": 0, "Offset": 28}, "SizeOfRawData": {"FileOffset": 432, "Value": 1193472, "Offset": 16}, "Misc_PhysicalAddress": {"FileOffset": 424, "Value": 1193148, "Offset": 8}, "PointerToRelocations": {"FileOffset": 440, "Value": 0, "Offset": 24}, "Flags": ["IMAGE_SCN_MEM_EXECUTE", "IMAGE_SCN_CNT_CODE", "IMAGE_SCN_MEM_READ"], "SHA512": "ba4e6ad00ed3d8532c10a382f56aacc0af2b3a615dc1c6b992b4872723575618472a96326634874daa5ecd523db904c4499f5aa73069650b7eda0c7b6ad4ed63", "MD5": "adb91784c5ac198f007155e2f6a0adb1", "Entropy": 7.979623607741271, "VirtualAddress": {"FileOffset": 428, "Value": 16384, "Offset": 12}, "Structure": "IMAGE_SECTION_HEADER", "NumberOfLinenumbers": {"FileOffset": 450, "Value": 0, "Offset": 34}}, {"PointerToRawData": {"FileOffset": 476, "Value": 1196032, "Offset": 20}, "SHA1": "b9b2fbae0db5df66ed54f358dc5b89ab3c174722", "SHA256": "d31e4bdbf755da19c18b7a3b565241fb42fdec40e9330535845af87a8fb9b613", "Name": {"FileOffset": 456, "Value": ".reloc", "Offset": 0}, "NumberOfRelocations": {"FileOffset": 488, "Value": 0, "Offset": 32}, "Misc_VirtualSize": {"FileOffset": 464, "Value": 12, "Offset": 8}, "Characteristics": {"FileOffset": 492, "Value": 1107296320, "Offset": 36}, "Misc": {"FileOffset": 464, "Value": 12, "Offset": 8}, "PointerToLinenumbers": {"FileOffset": 484, "Value": 0, "Offset": 28}, "SizeOfRawData": {"FileOffset": 472, "Value": 512, "Offset": 16}, "Misc_PhysicalAddress": {"FileOffset": 464, "Value": 12, "Offset": 8}, "PointerToRelocations": {"FileOffset": 480, "Value": 0, "Offset": 24}, "Flags": ["IMAGE_SCN_CNT_INITIALIZED_DATA", "IMAGE_SCN_MEM_DISCARDABLE", "IMAGE_SCN_MEM_READ"], "SHA512": "121fd5faae30a938ccad59cf13667bc0dc19e5b0b5438384dd46753393fbafac0138a856ecf2bab28496debbbcfa86acf0039f247496d337befcf87ebc8eb828", "MD5": "a6442a39d1cca650ed5078603996b638", "Entropy": 0.10191042566270775, "VirtualAddress": {"FileOffset": 468, "Value": 1212416, "Offset": 12}, "Structure": "IMAGE_SECTION_HEADER", "NumberOfLinenumbers": {"FileOffset": 490, "Value": 0, "Offset": 34}}], "Resource directory": [{"MajorVersion": {"FileOffset": 520, "Value": 0, "Offset": 8}, "NumberOfIdEntries": {"FileOffset": 526, "Value": 2, "Offset": 14}, "MinorVersion": {"FileOffset": 522, "Value": 0, "Offset": 10}, "TimeDateStamp": {"FileOffset": 516, "Value": "0x0        [Thu Jan  1 00:00:00 1970 UTC]", "Offset": 4}, "Characteristics": {"FileOffset": 512, "Value": 0, "Offset": 0}, "NumberOfNamedEntries": {"FileOffset": 524, "Value": 0, "Offset": 12}, "Structure": "IMAGE_RESOURCE_DIRECTORY"}, {"Structure": "IMAGE_RESOURCE_DIRECTORY_ENTRY", "Id": [16, "RT_VERSION"], "OffsetToData": {"FileOffset": 532, "Value": 2147483680, "Offset": 4}, "Name": {"FileOffset": 528, "Value": 16, "Offset": 0}}, [{"MajorVersion": {"FileOffset": 552, "Value": 0, "Offset": 8}, "NumberOfIdEntries": {"FileOffset": 558, "Value": 1, "Offset": 14}, "MinorVersion": {"FileOffset": 554, "Value": 0, "Offset": 10}, "TimeDateStamp": {"FileOffset": 548, "Value": "0x0        [Thu Jan  1 00:00:00 1970 UTC]", "Offset": 4}, "Characteristics": {"FileOffset": 544, "Value": 0, "Offset": 0}, "NumberOfNamedEntries": {"FileOffset": 556, "Value": 0, "Offset": 12}, "Structure": "IMAGE_RESOURCE_DIRECTORY"}, {"Structure": "IMAGE_RESOURCE_DIRECTORY_ENTRY", "Id": 1, "OffsetToData": {"FileOffset": 564, "Value": 2147483728, "Offset": 4}, "Name": {"FileOffset": 560, "Value": 1, "Offset": 0}}, [{"MajorVersion": {"FileOffset": 600, "Value": 0, "Offset": 8}, "NumberOfIdEntries": {"FileOffset": 606, "Value": 1, "Offset": 14}, "MinorVersion": {"FileOffset": 602, "Value": 0, "Offset": 10}, "TimeDateStamp": {"FileOffset": 596, "Value": "0x0        [Thu Jan  1 00:00:00 1970 UTC]", "Offset": 4}, "Characteristics": {"FileOffset": 592, "Value": 0, "Offset": 0}, "NumberOfNamedEntries": {"FileOffset": 604, "Value": 0, "Offset": 12}, "Structure": "IMAGE_RESOURCE_DIRECTORY"}, {"LANG": 0, "SUBLANG_NAME": "SUBLANG_NEUTRAL", "Name": {"FileOffset": 608, "Value": 0, "Offset": 0}, "CodePage": {"FileOffset": 648, "Value": 0, "Offset": 8}, "LANG_NAME": "LANG_NEUTRAL", "OffsetToData": {"FileOffset": 640, "Value": 8352, "Offset": 0}, "Reserved": {"FileOffset": 652, "Value": 0, "Offset": 12}, "SUBLANG": 0, "Structure": "IMAGE_RESOURCE_DATA_ENTRY", "Size": {"FileOffset": 644, "Value": 1136, "Offset": 4}}]], {"Structure": "IMAGE_RESOURCE_DIRECTORY_ENTRY", "Id": [24, "RT_MANIFEST"], "OffsetToData": {"FileOffset": 540, "Value": 2147483704, "Offset": 4}, "Name": {"FileOffset": 536, "Value": 24, "Offset": 0}}, [{"MajorVersion": {"FileOffset": 576, "Value": 0, "Offset": 8}, "NumberOfIdEntries": {"FileOffset": 582, "Value": 1, "Offset": 14}, "MinorVersion": {"FileOffset": 578, "Value": 0, "Offset": 10}, "TimeDateStamp": {"FileOffset": 572, "Value": "0x0        [Thu Jan  1 00:00:00 1970 UTC]", "Offset": 4}, "Characteristics": {"FileOffset": 568, "Value": 0, "Offset": 0}, "NumberOfNamedEntries": {"FileOffset": 580, "Value": 0, "Offset": 12}, "Structure": "IMAGE_RESOURCE_DIRECTORY"}, {"Structure": "IMAGE_RESOURCE_DIRECTORY_ENTRY", "Id": 1, "OffsetToData": {"FileOffset": 588, "Value": 2147483752, "Offset": 4}, "Name": {"FileOffset": 584, "Value": 1, "Offset": 0}}, [{"MajorVersion": {"FileOffset": 624, "Value": 0, "Offset": 8}, "NumberOfIdEntries": {"FileOffset": 630, "Value": 1, "Offset": 14}, "MinorVersion": {"FileOffset": 626, "Value": 0, "Offset": 10}, "TimeDateStamp": {"FileOffset": 620, "Value": "0x0        [Thu Jan  1 00:00:00 1970 UTC]", "Offset": 4}, "Characteristics": {"FileOffset": 616, "Value": 0, "Offset": 0}, "NumberOfNamedEntries": {"FileOffset": 628, "Value": 0, "Offset": 12}, "Structure": "IMAGE_RESOURCE_DIRECTORY"}, {"LANG": 0, "SUBLANG_NAME": "SUBLANG_NEUTRAL", "Name": {"FileOffset": 632, "Value": 0, "Offset": 0}, "CodePage": {"FileOffset": 664, "Value": 0, "Offset": 8}, "LANG_NAME": "LANG_NEUTRAL", "OffsetToData": {"FileOffset": 656, "Value": 9488, "Offset": 0}, "Reserved": {"FileOffset": 668, "Value": 0, "Offset": 12}, "SUBLANG": 0, "Structure": "IMAGE_RESOURCE_DATA_ENTRY", "Size": {"FileOffset": 660, "Value": 490, "Offset": 4}}]]]}
