{"DllCharacteristics": ["IMAGE_DLLCHARACTERISTICS_NO_SEH", "IMAGE_DLLCHARACTERISTICS_TERMINAL_SERVER_AWARE", "IMAGE_DLLCHARACTERISTICS_DYNAMIC_BASE", "IMAGE_DLLCHARACTERISTICS_NX_COMPAT"], "FILE_HEADER": {"NumberOfSections": {"FileOffset": 134, "Value": 3, "Offset": 2}, "TimeDateStamp": {"FileOffset": 136, "Value": "0x521211E7 [Mon Aug 19 12:39:03 2013 UTC]", "Offset": 4}, "PointerToSymbolTable": {"FileOffset": 140, "Value": 0, "Offset": 8}, "NumberOfSymbols": {"FileOffset": 144, "Value": 0, "Offset": 12}, "Machine": {"FileOffset": 132, "Value": 332, "Offset": 0}, "Characteristics": {"FileOffset": 150, "Value": 258, "Offset": 18}, "SizeOfOptionalHeader": {"FileOffset": 148, "Value": 224, "Offset": 16}, "Structure": "IMAGE_FILE_HEADER"}, "Directories": [{"VirtualAddress": {"FileOffset": 248, "Value": 0, "Offset": 0}, "Structure": "IMAGE_DIRECTORY_ENTRY_EXPORT", "Size": {"FileOffset": 252, "Value": 0, "Offset": 4}}, {"VirtualAddress": {"FileOffset": 256, "Value": 1343320, "Offset": 0}, "Structure": "IMAGE_DIRECTORY_ENTRY_IMPORT", "Size": {"FileOffset": 260, "Value": 83, "Offset": 4}}, {"VirtualAddress": {"FileOffset": 264, "Value": 1343488, "Offset": 0}, "Structure": "IMAGE_DIRECTORY_ENTRY_RESOURCE", "Size": {"FileOffset": 268, "Value": 2224, "Offset": 4}}, {"VirtualAddress": {"FileOffset": 272, "Value": 0, "Offset": 0}, "Structure": "IMAGE_DIRECTORY_ENTRY_EXCEPTION", "Size": {"FileOffset": 276, "Value": 0, "Offset": 4}}, {"VirtualAddress": {"FileOffset": 280, "Value": 0, "Offset": 0}, "Structure": "IMAGE_DIRECTORY_ENTRY_SECURITY", "Size": {"FileOffset": 284, "Value": 0, "Offset": 4}}, {"VirtualAddress": {"FileOffset": 288, "Value": 1351680, "Offset": 0}, "Structure": "IMAGE_DIRECTORY_ENTRY_BASERELOC", "Size": {"FileOffset": 292, "Value": 12, "Offset": 4}}, {"VirtualAddress": {"FileOffset": 296, "Value": 0, "Offset": 0}, "Structure": "IMAGE_DIRECTORY_ENTRY_DEBUG", "Size": {"FileOffset": 300, "Value": 0, "Offset": 4}}, {"VirtualAddress": {"FileOffset": 304, "Value": 0, "Offset": 0}, "Structure": "IMAGE_DIRECTORY_ENTRY_COPYRIGHT", "Size": {"FileOffset": 308, "Value": 0, "Offset": 4}}, {"VirtualAddress": {"FileOffset": 312, "Value": 0, "Offset": 0}, "Structure": "IMAGE_DIRECTORY_ENTRY_GLOBALPTR", "Size": {"FileOffset": 316, "Value": 0, "Offset": 4}}, {"VirtualAddress": {"FileOffset": 320, "Value": 0, "Offset": 0}, "Structure": "IMAGE_DIRECTORY_ENTRY_TLS", "Size": {"FileOffset": 324, "Value": 0, "Offset": 4}}, {"VirtualAddress": {"FileOffset": 328, "Value": 0, "Offset": 0}, "Structure": "IMAGE_DIRECTORY_ENTRY_LOAD_CONFIG", "Size": {"FileOffset": 332, "Value": 0, "Offset": 4}}, {"VirtualAddress": {"FileOffset": 336, "Value": 0, "Offset": 0}, "Structure": "IMAGE_DIRECTORY_ENTRY_BOUND_IMPORT", "Size": {"FileOffset": 340, "Value": 0, "Offset": 4}}, {"VirtualAddress": {"FileOffset": 344, "Value": 8192, "Offset": 0}, "Structure": "IMAGE_DIRECTORY_ENTRY_IAT", "Size": {"FileOffset": 348, "Value": 8, "Offset": 4}}, {"VirtualAddress": {"FileOffset": 352, "Value": 0, "Offset": 0}, "Structure": "IMAGE_DIRECTORY_ENTRY_DELAY_IMPORT", "Size": {"FileOffset": 356, "Value": 0, "Offset": 4}}, {"VirtualAddress": {"FileOffset": 360, "Value": 8200, "Offset": 0}, "Structure": "IMAGE_DIRECTORY_ENTRY_COM_DESCRIPTOR", "Size": {"FileOffset": 364, "Value": 72, "Offset": 4}}, {"VirtualAddress": {"FileOffset": 368, "Value": 0, "Offset": 0}, "Structure": "IMAGE_DIRECTORY_ENTRY_RESERVED", "Size": {"FileOffset": 372, "Value": 0, "Offset": 4}}], "OPTIONAL_HEADER": {"DllCharacteristics": {"FileOffset": 222, "Value": 34112, "Offset": 70}, "BaseOfCode": {"FileOffset": 172, "Value": 8192, "Offset": 20}, "MajorLinkerVersion": {"FileOffset": 154, "Value": 8, "Offset": 2}, "MinorOperatingSystemVersion": {"FileOffset": 194, "Value": 0, "Offset": 42}, "MinorLinkerVersion": {"FileOffset": 155, "Value": 0, "Offset": 3}, "MajorSubsystemVersion": {"FileOffset": 200, "Value": 4, "Offset": 48}, "MajorOperatingSystemVersion": {"FileOffset": 192, "Value": 4, "Offset": 40}, "SizeOfStackCommit": {"FileOffset": 228, "Value": 4096, "Offset": 76}, "SizeOfUninitializedData": {"FileOffset": 164, "Value": 0, "Offset": 12}, "NumberOfRvaAndSizes": {"FileOffset": 244, "Value": 16, "Offset": 92}, "SizeOfHeapReserve": {"FileOffset": 232, "Value": 1048576, "Offset": 80}, "LoaderFlags": {"FileOffset": 240, "Value": 0, "Offset": 88}, "SizeOfHeapCommit": {"FileOffset": 236, "Value": 4096, "Offset": 84}, "SizeOfStackReserve": {"FileOffset": 224, "Value": 1048576, "Offset": 72}, "Structure": "IMAGE_OPTIONAL_HEADER", "SizeOfHeaders": {"FileOffset": 212, "Value": 512, "Offset": 60}, "Subsystem": {"FileOffset": 220, "Value": 3, "Offset": 68}, "Magic": {"FileOffset": 152, "Value": 267, "Offset": 0}, "MinorImageVersion": {"FileOffset": 198, "Value": 0, "Offset": 46}, "MajorImageVersion": {"FileOffset": 196, "Value": 0, "Offset": 44}, "FileAlignment": {"FileOffset": 188, "Value": 512, "Offset": 36}, "BaseOfData": {"FileOffset": 176, "Value": 1343488, "Offset": 24}, "AddressOfEntryPoint": {"FileOffset": 168, "Value": 1343406, "Offset": 16}, "SectionAlignment": {"FileOffset": 184, "Value": 8192, "Offset": 32}, "SizeOfCode": {"FileOffset": 156, "Value": 1335296, "Offset": 4}, "ImageBase": {"FileOffset": 180, "Value": 4194304, "Offset": 28}, "SizeOfInitializedData": {"FileOffset": 160, "Value": 3072, "Offset": 8}, "SizeOfImage": {"FileOffset": 208, "Value": 1359872, "Offset": 56}, "MinorSubsystemVersion": {"FileOffset": 202, "Value": 0, "Offset": 50}, "CheckSum": {"FileOffset": 216, "Value": 0, "Offset": 64}, "Reserved1": {"FileOffset": 204, "Value": 0, "Offset": 52}}, "DOS_HEADER": {"e_cblp": {"FileOffset": 2, "Value": 144, "Offset": 2}, "e_crlc": {"FileOffset": 6, "Value": 0, "Offset": 6}, "e_ovno": {"FileOffset": 26, "Value": 0, "Offset": 26}, "e_minalloc": {"FileOffset": 10, "Value": 0, "Offset": 10}, "e_csum": {"FileOffset": 18, "Value": 0, "Offset": 18}, "e_cparhdr": {"FileOffset": 8, "Value": 4, "Offset": 8}, "e_cp": {"FileOffset": 4, "Value": 3, "Offset": 4}, "e_cs": {"FileOffset": 22, "Value": 0, "Offset": 22}, "e_maxalloc": {"FileOffset": 12, "Value": 65535, "Offset": 12}, "e_lfarlc": {"FileOffset": 24, "Value": 64, "Offset": 24}, "e_oemid": {"FileOffset": 36, "Value": 0, "Offset": 36}, "e_lfanew": {"FileOffset": 60, "Value": 128, "Offset": 60}, "e_ss": {"FileOffset": 14, "Value": 0, "Offset": 14}, "e_magic": {"FileOffset": 0, "Value": 23117, "Offset": 0}, "e_oeminfo": {"FileOffset": 38, "Value": 0, "Offset": 38}, "e_res2": {"FileOffset": 40, "Value": "", "Offset": 40}, "e_res": {"FileOffset": 28, "Value": "", "Offset": 28}, "e_sp": {"FileOffset": 16, "Value": 184, "Offset": 16}, "Structure": "IMAGE_DOS_HEADER", "e_ip": {"FileOffset": 20, "Value": 0, "Offset": 20}}, "Base relocations": [[{"SizeOfBlock": {"FileOffset": 1338372, "Value": 12, "Offset": 4}, "VirtualAddress": {"FileOffset": 1338368, "Value": 1339392, "Offset": 0}, "Structure": "IMAGE_BASE_RELOCATION"}, {"RVA": 1343408, "Type": "HIGHLOW"}, {"RVA": 1339392, "Type": "ABSOLUTE"}]], "NT_HEADERS": {"Structure": "IMAGE_NT_HEADERS", "Signature": {"FileOffset": 128, "Value": 17744, "Offset": 0}}, "Flags": ["IMAGE_FILE_32BIT_MACHINE", "IMAGE_FILE_EXECUTABLE_IMAGE"], "Version Information": [{"ValueLength": {"FileOffset": 1336402, "Value": 52, "Offset": 2}, "Length": {"FileOffset": 1336400, "Value": 1136, "Offset": 0}, "Type": {"FileOffset": 1336404, "Value": 0, "Offset": 4}, "Structure": "VS_VERSIONINFO"}, {"FileFlagsMask": {"FileOffset": 1336464, "Value": 63, "Offset": 24}, "FileType": {"FileOffset": 1336476, "Value": 1, "Offset": 36}, "FileVersionMS": {"FileOffset": 1336448, "Value": 65536, "Offset": 8}, "FileVersionLS": {"FileOffset": 1336452, "Value": 0, "Offset": 12}, "Signature": {"FileOffset": 1336440, "Value": 4277077181, "Offset": 0}, "FileSubtype": {"FileOffset": 1336480, "Value": 0, "Offset": 40}, "FileFlags": {"FileOffset": 1336468, "Value": 0, "Offset": 28}, "FileDateLS": {"FileOffset": 1336488, "Value": 0, "Offset": 48}, "ProductVersionLS": {"FileOffset": 1336460, "Value": 0, "Offset": 20}, "FileOS": {"FileOffset": 1336472, "Value": 4, "Offset": 32}, "ProductVersionMS": {"FileOffset": 1336456, "Value": 65536, "Offset": 16}, "FileDateMS": {"FileOffset": 1336484, "Value": 0, "Offset": 44}, "Structure": "VS_FIXEDFILEINFO", "StrucVersion": {"FileOffset": 1336444, "Value": 65536, "Offset": 4}}], "Imported symbols": [[{"TimeDateStamp": {"FileOffset": 1335644, "Value": "0x0        [Thu Jan  1 00:00:00 1970 UTC]", "Offset": 4}, "Name": {"FileOffset": 1335652, "Value": 1343390, "Offset": 12}, "ForwarderChain": {"FileOffset": 1335648, "Value": 0, "Offset": 8}, "OriginalFirstThunk": {"FileOffset": 1335640, "Value": 1343360, "Offset": 0}, "FirstThunk": {"FileOffset": 1335656, "Value": 8192, "Offset": 16}, "Characteristics": {"FileOffset": 1335640, "Value": 1343360, "Offset": 0}, "Structure": "IMAGE_IMPORT_DESCRIPTOR"}, {"Hint": 0, "Name": "_CorExeMain", "DLL": "mscoree.dll"}]], "PE Sections": [{"PointerToRawData": {"FileOffset": 396, "Value": 512, "Offset": 20}, "SHA1": "54e07c8beeb7af9c4b33171997bf56bdba6f2b87", "SHA256": "84ccfa5f018ae12ffc53e1c0f6d034ad8c37717951f15f56c13d5c108b68fc12", "Name": {"FileOffset": 376, "Value": ".text", "Offset": 0}, "NumberOfRelocations": {"FileOffset": 408, "Value": 0, "Offset": 32}, "Misc_VirtualSize": {"FileOffset": 384, "Value": 1335220, "Offset": 8}, "Characteristics": {"FileOffset": 412, "Value": 1610612768, "Offset": 36}, "Misc": {"FileOffset": 384, "Value": 1335220, "Offset": 8}, "PointerToLinenumbers": {"FileOffset": 404, "Value": 0, "Offset": 28}, "SizeOfRawData": {"FileOffset": 392, "Value": 1335296, "Offset": 16}, "Misc_PhysicalAddress": {"FileOffset": 384, "Value": 1335220, "Offset": 8}, "PointerToRelocations": {"FileOffset": 400, "Value": 0, "Offset": 24}, "Flags": ["IMAGE_SCN_MEM_EXECUTE", "IMAGE_SCN_CNT_CODE", "IMAGE_SCN_MEM_READ"], "SHA512": "3eb2ac7f99ab461ced827f8a028629a49c7e94ead74e1af446939bc45bdac886a0fb7b52b5a9e62a3d011148701d741cc55c8aa1ae84568b48ad4c9145d7d185", "MD5": "1a9e28c19f99cf7701166cb8edb0b21a", "Entropy": 7.566000244990341, "VirtualAddress": {"FileOffset": 388, "Value": 8192, "Offset": 12}, "Structure": "IMAGE_SECTION_HEADER", "NumberOfLinenumbers": {"FileOffset": 410, "Value": 0, "Offset": 34}}, {"PointerToRawData": {"FileOffset": 436, "Value": 1335808, "Offset": 20}, "SHA1": "77bdee8629bfe74c65fd2e6954f8e918c2019626", "SHA256": "94df9dca5308d404ff504d86021ae4288a559a147a92f74a50e5d9664be7428f", "Name": {"FileOffset": 416, "Value": ".rsrc", "Offset": 0}, "NumberOfRelocations": {"FileOffset": 448, "Value": 0, "Offset": 32}, "Misc_VirtualSize": {"FileOffset": 424, "Value": 2224, "Offset": 8}, "Characteristics": {"FileOffset": 452, "Value": 1073741888, "Offset": 36}, "Misc": {"FileOffset": 424, "Value": 2224, "Offset": 8}, "PointerToLinenumbers": {"FileOffset": 444, "Value": 0, "Offset": 28}, "SizeOfRawData": {"FileOffset": 432, "Value": 2560, "Offset": 16}, "Misc_PhysicalAddress": {"FileOffset": 424, "Value": 2224, "Offset": 8}, "PointerToRelocations": {"FileOffset": 440, "Value": 0, "Offset": 24}, "Flags": ["IMAGE_SCN_CNT_INITIALIZED_DATA", "IMAGE_SCN_MEM_READ"], "SHA512": "2a3b8dc853e90c67de9170e5266dc246312585ee582292d7a6ec8a7220d10ebdd4e9c78603f44f88818256854c1f5013f3ec46edc9280839a88d52513488f82b", "MD5": "94f6a6f13277f3cbc78ac99bdce59077", "Entropy": 3.735720040630201, "VirtualAddress": {"FileOffset": 428, "Value": 1343488, "Offset": 12}, "Structure": "IMAGE_SECTION_HEADER", "NumberOfLinenumbers": {"FileOffset": 450, "Value": 0, "Offset": 34}}, {"PointerToRawData": {"FileOffset": 476, "Value": 1338368, "Offset": 20}, "SHA1": "60999579322a3247a27cbb919fae39d65eebbdcd", "SHA256": "d1302b924f1043be3375df9a01bf2128c198c24121f51caec583cf00ea107e9a", "Name": {"FileOffset": 456, "Value": ".reloc", "Offset": 0}, "NumberOfRelocations": {"FileOffset": 488, "Value": 0, "Offset": 32}, "Misc_VirtualSize": {"FileOffset": 464, "Value": 12, "Offset": 8}, "Characteristics": {"FileOffset": 492, "Value": 1107296320, "Offset": 36}, "Misc": {"FileOffset": 464, "Value": 12, "Offset": 8}, "PointerToLinenumbers": {"FileOffset": 484, "Value": 0, "Offset": 28}, "SizeOfRawData": {"FileOffset": 472, "Value": 512, "Offset": 16}, "Misc_PhysicalAddress": {"FileOffset": 464, "Value": 12, "Offset": 8}, "PointerToRelocations": {"FileOffset": 480, "Value": 0, "Offset": 24}, "Flags": ["IMAGE_SCN_CNT_INITIALIZED_DATA", "IMAGE_SCN_MEM_DISCARDABLE", "IMAGE_SCN_MEM_READ"], "SHA512": "e97450d59e6b6d2bba5c0ef4fbae8c5aebb07f6a67f61521dac110e71ad79a3360d07c185edd97fd944e204ae1b6b01457f25622bb709763a09df48c82110160", "MD5": "1e560b59397367b027c011a02ed5cb3b", "Entropy": 0.10191042566270775, "VirtualAddress": {"FileOffset": 468, "Value": 1351680, "Offset": 12}, "Structure": "IMAGE_SECTION_HEADER", "NumberOfLinenumbers": {"FileOffset": 490, "Value": 0, "Offset": 34}}], "Resource directory": [{"MajorVersion": {"FileOffset": 1335816, "Value": 4, "Offset": 8}, "NumberOfIdEntries": {"FileOffset": 1335822, "Value": 2, "Offset": 14}, "MinorVersion": {"FileOffset": 1335818, "Value": 0, "Offset": 10}, "TimeDateStamp": {"FileOffset": 1335812, "Value": "0x0        [Thu Jan  1 00:00:00 1970 UTC]", "Offset": 4}, "Characteristics": {"FileOffset": 1335808, "Value": 0, "Offset": 0}, "NumberOfNamedEntries": {"FileOffset": 1335820, "Value": 1, "Offset": 12}, "Structure": "IMAGE_RESOURCE_DIRECTORY"}, {"Name": {"FileOffset": 1335824, "Value": 2147483880, "Offset": 0}, "OffsetToData": {"FileOffset": 1335828, "Value": 2147483688, "Offset": 4}, "Structure": "IMAGE_RESOURCE_DIRECTORY_ENTRY"}, [{"MajorVersion": {"FileOffset": 1335856, "Value": 4, "Offset": 8}, "NumberOfIdEntries": {"FileOffset": 1335862, "Value": 0, "Offset": 14}, "MinorVersion": {"FileOffset": 1335858, "Value": 0, "Offset": 10}, "TimeDateStamp": {"FileOffset": 1335852, "Value": "0x0        [Thu Jan  1 00:00:00 1970 UTC]", "Offset": 4}, "Characteristics": {"FileOffset": 1335848, "Value": 0, "Offset": 0}, "NumberOfNamedEntries": {"FileOffset": 1335860, "Value": 1, "Offset": 12}, "Structure": "IMAGE_RESOURCE_DIRECTORY"}, {"Name": {"FileOffset": 1335864, "Value": 2147483886, "Offset": 0}, "OffsetToData": {"FileOffset": 1335868, "Value": 2147483712, "Offset": 4}, "Structure": "IMAGE_RESOURCE_DIRECTORY_ENTRY"}, [{"MajorVersion": {"FileOffset": 1335880, "Value": 4, "Offset": 8}, "NumberOfIdEntries": {"FileOffset": 1335886, "Value": 1, "Offset": 14}, "MinorVersion": {"FileOffset": 1335882, "Value": 0, "Offset": 10}, "TimeDateStamp": {"FileOffset": 1335876, "Value": "0x0        [Thu Jan  1 00:00:00 1970 UTC]", "Offset": 4}, "Characteristics": {"FileOffset": 1335872, "Value": 0, "Offset": 0}, "NumberOfNamedEntries": {"FileOffset": 1335884, "Value": 0, "Offset": 12}, "Structure": "IMAGE_RESOURCE_DIRECTORY"}, {"LANG": 9, "SUBLANG_NAME": "SUBLANG_ENGLISH_US", "Name": {"FileOffset": 1335888, "Value": 1033, "Offset": 0}, "CodePage": {"FileOffset": 1336000, "Value": 1252, "Offset": 8}, "LANG_NAME": "LANG_ENGLISH", "OffsetToData": {"FileOffset": 1335992, "Value": 1343732, "Offset": 0}, "Reserved": {"FileOffset": 1336004, "Value": 0, "Offset": 12}, "SUBLANG": 1, "Structure": "IMAGE_RESOURCE_DATA_ENTRY", "Size": {"FileOffset": 1335996, "Value": 346, "Offset": 4}}]], {"Structure": "IMAGE_RESOURCE_DIRECTORY_ENTRY", "Id": [16, "RT_VERSION"], "OffsetToData": {"FileOffset": 1335836, "Value": 2147483736, "Offset": 4}, "Name": {"FileOffset": 1335832, "Value": 16, "Offset": 0}}, [{"MajorVersion": {"FileOffset": 1335904, "Value": 4, "Offset": 8}, "NumberOfIdEntries": {"FileOffset": 1335910, "Value": 1, "Offset": 14}, "MinorVersion": {"FileOffset": 1335906, "Value": 0, "Offset": 10}, "TimeDateStamp": {"FileOffset": 1335900, "Value": "0x0        [Thu Jan  1 00:00:00 1970 UTC]", "Offset": 4}, "Characteristics": {"FileOffset": 1335896, "Value": 0, "Offset": 0}, "NumberOfNamedEntries": {"FileOffset": 1335908, "Value": 0, "Offset": 12}, "Structure": "IMAGE_RESOURCE_DIRECTORY"}, {"Structure": "IMAGE_RESOURCE_DIRECTORY_ENTRY", "Id": 1, "OffsetToData": {"FileOffset": 1335916, "Value": 2147483760, "Offset": 4}, "Name": {"FileOffset": 1335912, "Value": 1, "Offset": 0}}, [{"MajorVersion": {"FileOffset": 1335928, "Value": 4, "Offset": 8}, "NumberOfIdEntries": {"FileOffset": 1335934, "Value": 1, "Offset": 14}, "MinorVersion": {"FileOffset": 1335930, "Value": 0, "Offset": 10}, "TimeDateStamp": {"FileOffset": 1335924, "Value": "0x0        [Thu Jan  1 00:00:00 1970 UTC]", "Offset": 4}, "Characteristics": {"FileOffset": 1335920, "Value": 0, "Offset": 0}, "NumberOfNamedEntries": {"FileOffset": 1335932, "Value": 0, "Offset": 12}, "Structure": "IMAGE_RESOURCE_DIRECTORY"}, {"LANG": 0, "SUBLANG_NAME": "SUBLANG_NEUTRAL", "Name": {"FileOffset": 1335936, "Value": 0, "Offset": 0}, "CodePage": {"FileOffset": 1336016, "Value": 1252, "Offset": 8}, "LANG_NAME": "LANG_NEUTRAL", "OffsetToData": {"FileOffset": 1336008, "Value": 1344080, "Offset": 0}, "Reserved": {"FileOffset": 1336020, "Value": 0, "Offset": 12}, "SUBLANG": 0, "Structure": "IMAGE_RESOURCE_DATA_ENTRY", "Size": {"FileOffset": 1336012, "Value": 1136, "Offset": 4}}]], {"Structure": "IMAGE_RESOURCE_DIRECTORY_ENTRY", "Id": [24, "RT_MANIFEST"], "OffsetToData": {"FileOffset": 1335844, "Value": 2147483784, "Offset": 4}, "Name": {"FileOffset": 1335840, "Value": 24, "Offset": 0}}, [{"MajorVersion": {"FileOffset": 1335952, "Value": 4, "Offset": 8}, "NumberOfIdEntries": {"FileOffset": 1335958, "Value": 1, "Offset": 14}, "MinorVersion": {"FileOffset": 1335954, "Value": 0, "Offset": 10}, "TimeDateStamp": {"FileOffset": 1335948, "Value": "0x0        [Thu Jan  1 00:00:00 1970 UTC]", "Offset": 4}, "Characteristics": {"FileOffset": 1335944, "Value": 0, "Offset": 0}, "NumberOfNamedEntries": {"FileOffset": 1335956, "Value": 0, "Offset": 12}, "Structure": "IMAGE_RESOURCE_DIRECTORY"}, {"Structure": "IMAGE_RESOURCE_DIRECTORY_ENTRY", "Id": 1, "OffsetToData": {"FileOffset": 1335964, "Value": 2147483808, "Offset": 4}, "Name": {"FileOffset": 1335960, "Value": 1, "Offset": 0}}, [{"MajorVersion": {"FileOffset": 1335976, "Value": 4, "Offset": 8}, "NumberOfIdEntries": {"FileOffset": 1335982, "Value": 1, "Offset": 14}, "MinorVersion": {"FileOffset": 1335978, "Value": 0, "Offset": 10}, "TimeDateStamp": {"FileOffset": 1335972, "Value": "0x0        [Thu Jan  1 00:00:00 1970 UTC]", "Offset": 4}, "Characteristics": {"FileOffset": 1335968, "Value": 0, "Offset": 0}, "NumberOfNamedEntries": {"FileOffset": 1335980, "Value": 0, "Offset": 12}, "Structure": "IMAGE_RESOURCE_DIRECTORY"}, {"LANG": 0, "SUBLANG_NAME": "SUBLANG_NEUTRAL", "Name": {"FileOffset": 1335984, "Value": 0, "Offset": 0}, "CodePage": {"FileOffset": 1336032, "Value": 1252, "Offset": 8}, "LANG_NAME": "LANG_NEUTRAL", "OffsetToData": {"FileOffset": 1336024, "Value": 1345216, "Offset": 0}, "Reserved": {"FileOffset": 1336036, "Value": 0, "Offset": 12}, "SUBLANG": 0, "Structure": "IMAGE_RESOURCE_DATA_ENTRY", "Size": {"FileOffset": 1336028, "Value": 490, "Offset": 4}}]]]}
