{"DllCharacteristics": ["IMAGE_DLLCHARACTERISTICS_NO_SEH", "IMAGE_DLLCHARACTERISTICS_TERMINAL_SERVER_AWARE", "IMAGE_DLLCHARACTERISTICS_DYNAMIC_BASE", "IMAGE_DLLCHARACTERISTICS_NX_COMPAT"], "FILE_HEADER": {"NumberOfSections": {"FileOffset": 134, "Value": 3, "Offset": 2}, "TimeDateStamp": {"FileOffset": 136, "Value": "0x5192562E [Tue May 14 15:20:14 2013 UTC]", "Offset": 4}, "PointerToSymbolTable": {"FileOffset": 140, "Value": 0, "Offset": 8}, "NumberOfSymbols": {"FileOffset": 144, "Value": 0, "Offset": 12}, "Machine": {"FileOffset": 132, "Value": 332, "Offset": 0}, "Characteristics": {"FileOffset": 150, "Value": 258, "Offset": 18}, "SizeOfOptionalHeader": {"FileOffset": 148, "Value": 224, "Offset": 16}, "Structure": "IMAGE_FILE_HEADER"}, "Directories": [{"VirtualAddress": {"FileOffset": 248, "Value": 0, "Offset": 0}, "Structure": "IMAGE_DIRECTORY_ENTRY_EXPORT", "Size": {"FileOffset": 252, "Value": 0, "Offset": 4}}, {"VirtualAddress": {"FileOffset": 256, "Value": 100084, "Offset": 0}, "Structure": "IMAGE_DIRECTORY_ENTRY_IMPORT", "Size": {"FileOffset": 260, "Value": 87, "Offset": 4}}, {"VirtualAddress": {"FileOffset": 264, "Value": 106496, "Offset": 0}, "Structure": "IMAGE_DIRECTORY_ENTRY_RESOURCE", "Size": {"FileOffset": 268, "Value": 880, "Offset": 4}}, {"VirtualAddress": {"FileOffset": 272, "Value": 0, "Offset": 0}, "Structure": "IMAGE_DIRECTORY_ENTRY_EXCEPTION", "Size": {"FileOffset": 276, "Value": 0, "Offset": 4}}, {"VirtualAddress": {"FileOffset": 280, "Value": 0, "Offset": 0}, "Structure": "IMAGE_DIRECTORY_ENTRY_SECURITY", "Size": {"FileOffset": 284, "Value": 0, "Offset": 4}}, {"VirtualAddress": {"FileOffset": 288, "Value": 114688, "Offset": 0}, "Structure": "IMAGE_DIRECTORY_ENTRY_BASERELOC", "Size": {"FileOffset": 292, "Value": 12, "Offset": 4}}, {"VirtualAddress": {"FileOffset": 296, "Value": 0, "Offset": 0}, "Structure": "IMAGE_DIRECTORY_ENTRY_DEBUG", "Size": {"FileOffset": 300, "Value": 0, "Offset": 4}}, {"VirtualAddress": {"FileOffset": 304, "Value": 0, "Offset": 0}, "Structure": "IMAGE_DIRECTORY_ENTRY_COPYRIGHT", "Size": {"FileOffset": 308, "Value": 0, "Offset": 4}}, {"VirtualAddress": {"FileOffset": 312, "Value": 0, "Offset": 0}, "Structure": "IMAGE_DIRECTORY_ENTRY_GLOBALPTR", "Size": {"FileOffset": 316, "Value": 0, "Offset": 4}}, {"VirtualAddress": {"FileOffset": 320, "Value": 0, "Offset": 0}, "Structure": "IMAGE_DIRECTORY_ENTRY_TLS", "Size": {"FileOffset": 324, "Value": 0, "Offset": 4}}, {"VirtualAddress": {"FileOffset": 328, "Value": 0, "Offset": 0}, "Structure": "IMAGE_DIRECTORY_ENTRY_LOAD_CONFIG", "Size": {"FileOffset": 332, "Value": 0, "Offset": 4}}, {"VirtualAddress": {"FileOffset": 336, "Value": 0, "Offset": 0}, "Structure": "IMAGE_DIRECTORY_ENTRY_BOUND_IMPORT", "Size": {"FileOffset": 340, "Value": 0, "Offset": 4}}, {"VirtualAddress": {"FileOffset": 344, "Value": 8192, "Offset": 0}, "Structure": "IMAGE_DIRECTORY_ENTRY_IAT", "Size": {"FileOffset": 348, "Value": 8, "Offset": 4}}, {"VirtualAddress": {"FileOffset": 352, "Value": 0, "Offset": 0}, "Structure": "IMAGE_DIRECTORY_ENTRY_DELAY_IMPORT", "Size": {"FileOffset": 356, "Value": 0, "Offset": 4}}, {"VirtualAddress": {"FileOffset": 360, "Value": 8200, "Offset": 0}, "Structure": "IMAGE_DIRECTORY_ENTRY_COM_DESCRIPTOR", "Size": {"FileOffset": 364, "Value": 72, "Offset": 4}}, {"VirtualAddress": {"FileOffset": 368, "Value": 0, "Offset": 0}, "Structure": "IMAGE_DIRECTORY_ENTRY_RESERVED", "Size": {"FileOffset": 372, "Value": 0, "Offset": 4}}], "OPTIONAL_HEADER": {"DllCharacteristics": {"FileOffset": 222, "Value": 34112, "Offset": 70}, "BaseOfCode": {"FileOffset": 172, "Value": 8192, "Offset": 20}, "MajorLinkerVersion": {"FileOffset": 154, "Value": 8, "Offset": 2}, "MinorOperatingSystemVersion": {"FileOffset": 194, "Value": 0, "Offset": 42}, "MinorLinkerVersion": {"FileOffset": 155, "Value": 0, "Offset": 3}, "MajorSubsystemVersion": {"FileOffset": 200, "Value": 4, "Offset": 48}, "MajorOperatingSystemVersion": {"FileOffset": 192, "Value": 4, "Offset": 40}, "SizeOfStackCommit": {"FileOffset": 228, "Value": 4096, "Offset": 76}, "SizeOfUninitializedData": {"FileOffset": 164, "Value": 0, "Offset": 12}, "NumberOfRvaAndSizes": {"FileOffset": 244, "Value": 16, "Offset": 92}, "SizeOfHeapReserve": {"FileOffset": 232, "Value": 1048576, "Offset": 80}, "LoaderFlags": {"FileOffset": 240, "Value": 0, "Offset": 88}, "SizeOfHeapCommit": {"FileOffset": 236, "Value": 4096, "Offset": 84}, "SizeOfStackReserve": {"FileOffset": 224, "Value": 1048576, "Offset": 72}, "Structure": "IMAGE_OPTIONAL_HEADER", "SizeOfHeaders": {"FileOffset": 212, "Value": 512, "Offset": 60}, "Subsystem": {"FileOffset": 220, "Value": 2, "Offset": 68}, "Magic": {"FileOffset": 152, "Value": 267, "Offset": 0}, "MinorImageVersion": {"FileOffset": 198, "Value": 0, "Offset": 46}, "MajorImageVersion": {"FileOffset": 196, "Value": 0, "Offset": 44}, "FileAlignment": {"FileOffset": 188, "Value": 512, "Offset": 36}, "BaseOfData": {"FileOffset": 176, "Value": 106496, "Offset": 24}, "AddressOfEntryPoint": {"FileOffset": 168, "Value": 100174, "Offset": 16}, "SectionAlignment": {"FileOffset": 184, "Value": 8192, "Offset": 32}, "SizeOfCode": {"FileOffset": 156, "Value": 92160, "Offset": 4}, "ImageBase": {"FileOffset": 180, "Value": 4194304, "Offset": 28}, "SizeOfInitializedData": {"FileOffset": 160, "Value": 1536, "Offset": 8}, "SizeOfImage": {"FileOffset": 208, "Value": 122880, "Offset": 56}, "MinorSubsystemVersion": {"FileOffset": 202, "Value": 0, "Offset": 50}, "CheckSum": {"FileOffset": 216, "Value": 124600, "Offset": 64}, "Reserved1": {"FileOffset": 204, "Value": 0, "Offset": 52}}, "DOS_HEADER": {"e_cblp": {"FileOffset": 2, "Value": 144, "Offset": 2}, "e_crlc": {"FileOffset": 6, "Value": 0, "Offset": 6}, "e_ovno": {"FileOffset": 26, "Value": 0, "Offset": 26}, "e_minalloc": {"FileOffset": 10, "Value": 0, "Offset": 10}, "e_csum": {"FileOffset": 18, "Value": 0, "Offset": 18}, "e_cparhdr": {"FileOffset": 8, "Value": 4, "Offset": 8}, "e_cp": {"FileOffset": 4, "Value": 3, "Offset": 4}, "e_cs": {"FileOffset": 22, "Value": 0, "Offset": 22}, "e_maxalloc": {"FileOffset": 12, "Value": 65535, "Offset": 12}, "e_lfarlc": {"FileOffset": 24, "Value": 64, "Offset": 24}, "e_oemid": {"FileOffset": 36, "Value": 0, "Offset": 36}, "e_lfanew": {"FileOffset": 60, "Value": 128, "Offset": 60}, "e_ss": {"FileOffset": 14, "Value": 0, "Offset": 14}, "e_magic": {"FileOffset": 0, "Value": 23117, "Offset": 0}, "e_oeminfo": {"FileOffset": 38, "Value": 0, "Offset": 38}, "e_res2": {"FileOffset": 40, "Value": "", "Offset": 40}, "e_res": {"FileOffset": 28, "Value": "", "Offset": 28}, "e_sp": {"FileOffset": 16, "Value": 184, "Offset": 16}, "Structure": "IMAGE_DOS_HEADER", "e_ip": {"FileOffset": 20, "Value": 0, "Offset": 20}}, "Base relocations": [[{"SizeOfBlock": {"FileOffset": 93700, "Value": 12, "Offset": 4}, "VirtualAddress": {"FileOffset": 93696, "Value": 98304, "Offset": 0}, "Structure": "IMAGE_BASE_RELOCATION"}, {"RVA": 100176, "Type": "HIGHLOW"}, {"RVA": 98304, "Type": "ABSOLUTE"}]], "NT_HEADERS": {"Structure": "IMAGE_NT_HEADERS", "Signature": {"FileOffset": 128, "Value": 17744, "Offset": 0}}, "Flags": ["IMAGE_FILE_32BIT_MACHINE", "IMAGE_FILE_EXECUTABLE_IMAGE"], "Version Information": [{"ValueLength": {"FileOffset": 92762, "Value": 52, "Offset": 2}, "Length": {"FileOffset": 92760, "Value": 788, "Offset": 0}, "Type": {"FileOffset": 92764, "Value": 0, "Offset": 4}, "Structure": "VS_VERSIONINFO"}, {"FileFlagsMask": {"FileOffset": 92824, "Value": 63, "Offset": 24}, "FileType": {"FileOffset": 92836, "Value": 1, "Offset": 36}, "FileVersionMS": {"FileOffset": 92808, "Value": 65536, "Offset": 8}, "FileVersionLS": {"FileOffset": 92812, "Value": 0, "Offset": 12}, "Signature": {"FileOffset": 92800, "Value": 4277077181, "Offset": 0}, "FileSubtype": {"FileOffset": 92840, "Value": 0, "Offset": 40}, "FileFlags": {"FileOffset": 92828, "Value": 0, "Offset": 28}, "FileDateLS": {"FileOffset": 92848, "Value": 0, "Offset": 48}, "ProductVersionLS": {"FileOffset": 92820, "Value": 0, "Offset": 20}, "FileOS": {"FileOffset": 92832, "Value": 4, "Offset": 32}, "ProductVersionMS": {"FileOffset": 92816, "Value": 65536, "Offset": 16}, "FileDateMS": {"FileOffset": 92844, "Value": 0, "Offset": 44}, "Structure": "VS_FIXEDFILEINFO", "StrucVersion": {"FileOffset": 92804, "Value": 65536, "Offset": 4}}], "Imported symbols": [[{"TimeDateStamp": {"FileOffset": 92408, "Value": "0x0        [Thu Jan  1 00:00:00 1970 UTC]", "Offset": 4}, "Name": {"FileOffset": 92416, "Value": 100158, "Offset": 12}, "ForwarderChain": {"FileOffset": 92412, "Value": 0, "Offset": 8}, "OriginalFirstThunk": {"FileOffset": 92404, "Value": 100124, "Offset": 0}, "FirstThunk": {"FileOffset": 92420, "Value": 8192, "Offset": 16}, "Characteristics": {"FileOffset": 92404, "Value": 100124, "Offset": 0}, "Structure": "IMAGE_IMPORT_DESCRIPTOR"}, {"Hint": 0, "Name": "_CorExeMain", "DLL": "mscoree.dll"}]], "PE Sections": [{"PointerToRawData": {"FileOffset": 396, "Value": 512, "Offset": 20}, "SHA1": "ff19e9332df3991c645b7c23dada8267a3868d9f", "SHA256": "305f216a1f5641275fc60f79cf96b797503e4d5cdbb220cdf12c25f4319c0a11", "Name": {"FileOffset": 376, "Value": ".text", "Offset": 0}, "NumberOfRelocations": {"FileOffset": 408, "Value": 0, "Offset": 32}, "Misc_VirtualSize": {"FileOffset": 384, "Value": 91988, "Offset": 8}, "Characteristics": {"FileOffset": 412, "Value": 1610612768, "Offset": 36}, "Misc": {"FileOffset": 384, "Value": 91988, "Offset": 8}, "PointerToLinenumbers": {"FileOffset": 404, "Value": 0, "Offset": 28}, "SizeOfRawData": {"FileOffset": 392, "Value": 92160, "Offset": 16}, "Misc_PhysicalAddress": {"FileOffset": 384, "Value": 91988, "Offset": 8}, "PointerToRelocations": {"FileOffset": 400, "Value": 0, "Offset": 24}, "Flags": ["IMAGE_SCN_MEM_EXECUTE", "IMAGE_SCN_CNT_CODE", "IMAGE_SCN_MEM_READ"], "SHA512": "d8dfe8d151715248c26c4ee773a1a1495d9beba4dcb5f67de099513b5e6b458caadd52bc3c22cca13c0920dde55a4dddea160b13dcc18308dc5e9f4205a18ee5", "MD5": "1796108aa1cf97854608dfa812005b5c", "Entropy": 6.796621397886989, "VirtualAddress": {"FileOffset": 388, "Value": 8192, "Offset": 12}, "Structure": "IMAGE_SECTION_HEADER", "NumberOfLinenumbers": {"FileOffset": 410, "Value": 0, "Offset": 34}}, {"PointerToRawData": {"FileOffset": 436, "Value": 92672, "Offset": 20}, "SHA1": "7a47bcd3b5d05525a0157f48b23fd1b925d78916", "SHA256": "cea308fab25e2105c334ca4b9a5fd33602ebae89d856838e1cab7aacb13ddd74", "Name": {"FileOffset": 416, "Value": ".rsrc", "Offset": 0}, "NumberOfRelocations": {"FileOffset": 448, "Value": 0, "Offset": 32}, "Misc_VirtualSize": {"FileOffset": 424, "Value": 880, "Offset": 8}, "Characteristics": {"FileOffset": 452, "Value": 1073741888, "Offset": 36}, "Misc": {"FileOffset": 424, "Value": 880, "Offset": 8}, "PointerToLinenumbers": {"FileOffset": 444, "Value": 0, "Offset": 28}, "SizeOfRawData": {"FileOffset": 432, "Value": 1024, "Offset": 16}, "Misc_PhysicalAddress": {"FileOffset": 424, "Value": 880, "Offset": 8}, "PointerToRelocations": {"FileOffset": 440, "Value": 0, "Offset": 24}, "Flags": ["IMAGE_SCN_CNT_INITIALIZED_DATA", "IMAGE_SCN_MEM_READ"], "SHA512": "0ad0da6739c0d39dd25cecfc7e54c692293b6d35ab2caf734da34ead70f6bf9d2adc1860b28de4b09cb76135dce5c68d065b192cd2054ee7625d31c3944480f2", "MD5": "7ce80d9fcbdc65dd0995b88fa768e64d", "Entropy": 2.8030288414463653, "VirtualAddress": {"FileOffset": 428, "Value": 106496, "Offset": 12}, "Structure": "IMAGE_SECTION_HEADER", "NumberOfLinenumbers": {"FileOffset": 450, "Value": 0, "Offset": 34}}, {"PointerToRawData": {"FileOffset": 476, "Value": 93696, "Offset": 20}, "SHA1": "1a86e0a9e05b455204729c3dbb985a0673b30606", "SHA256": "b2a37f477c9fe18a89a4d2a9dca692637ec7ee6006e2da3e1dc2d0d40ce80ffc", "Name": {"FileOffset": 456, "Value": ".reloc", "Offset": 0}, "NumberOfRelocations": {"FileOffset": 488, "Value": 0, "Offset": 32}, "Misc_VirtualSize": {"FileOffset": 464, "Value": 12, "Offset": 8}, "Characteristics": {"FileOffset": 492, "Value": 1107296320, "Offset": 36}, "Misc": {"FileOffset": 464, "Value": 12, "Offset": 8}, "PointerToLinenumbers": {"FileOffset": 484, "Value": 0, "Offset": 28}, "SizeOfRawData": {"FileOffset": 472, "Value": 512, "Offset": 16}, "Misc_PhysicalAddress": {"FileOffset": 464, "Value": 12, "Offset": 8}, "PointerToRelocations": {"FileOffset": 480, "Value": 0, "Offset": 24}, "Flags": ["IMAGE_SCN_CNT_INITIALIZED_DATA", "IMAGE_SCN_MEM_DISCARDABLE", "IMAGE_SCN_MEM_READ"], "SHA512": "0170090c94c6dbdfd31e1044b081de4b67ebe65813c133bb4f8165b707c8629da5137f8ae30acdcada80f0d25679b6d3910f0533fd13d676a095b69d5f28921b", "MD5": "039d94b0177e46227fdf0d9cdfceb702", "Entropy": 0.10191042566270775, "VirtualAddress": {"FileOffset": 468, "Value": 114688, "Offset": 12}, "Structure": "IMAGE_SECTION_HEADER", "NumberOfLinenumbers": {"FileOffset": 490, "Value": 0, "Offset": 34}}], "Resource directory": [{"MajorVersion": {"FileOffset": 92680, "Value": 0, "Offset": 8}, "NumberOfIdEntries": {"FileOffset": 92686, "Value": 1, "Offset": 14}, "MinorVersion": {"FileOffset": 92682, "Value": 0, "Offset": 10}, "TimeDateStamp": {"FileOffset": 92676, "Value": "0x0        [Thu Jan  1 00:00:00 1970 UTC]", "Offset": 4}, "Characteristics": {"FileOffset": 92672, "Value": 0, "Offset": 0}, "NumberOfNamedEntries": {"FileOffset": 92684, "Value": 0, "Offset": 12}, "Structure": "IMAGE_RESOURCE_DIRECTORY"}, {"Structure": "IMAGE_RESOURCE_DIRECTORY_ENTRY", "Id": [16, "RT_VERSION"], "OffsetToData": {"FileOffset": 92692, "Value": 2147483672, "Offset": 4}, "Name": {"FileOffset": 92688, "Value": 16, "Offset": 0}}, [{"MajorVersion": {"FileOffset": 92704, "Value": 0, "Offset": 8}, "NumberOfIdEntries": {"FileOffset": 92710, "Value": 1, "Offset": 14}, "MinorVersion": {"FileOffset": 92706, "Value": 0, "Offset": 10}, "TimeDateStamp": {"FileOffset": 92700, "Value": "0x0        [Thu Jan  1 00:00:00 1970 UTC]", "Offset": 4}, "Characteristics": {"FileOffset": 92696, "Value": 0, "Offset": 0}, "NumberOfNamedEntries": {"FileOffset": 92708, "Value": 0, "Offset": 12}, "Structure": "IMAGE_RESOURCE_DIRECTORY"}, {"Structure": "IMAGE_RESOURCE_DIRECTORY_ENTRY", "Id": 1, "OffsetToData": {"FileOffset": 92716, "Value": 2147483696, "Offset": 4}, "Name": {"FileOffset": 92712, "Value": 1, "Offset": 0}}, [{"MajorVersion": {"FileOffset": 92728, "Value": 0, "Offset": 8}, "NumberOfIdEntries": {"FileOffset": 92734, "Value": 1, "Offset": 14}, "MinorVersion": {"FileOffset": 92730, "Value": 0, "Offset": 10}, "TimeDateStamp": {"FileOffset": 92724, "Value": "0x0        [Thu Jan  1 00:00:00 1970 UTC]", "Offset": 4}, "Characteristics": {"FileOffset": 92720, "Value": 0, "Offset": 0}, "NumberOfNamedEntries": {"FileOffset": 92732, "Value": 0, "Offset": 12}, "Structure": "IMAGE_RESOURCE_DIRECTORY"}, {"LANG": 0, "SUBLANG_NAME": "SUBLANG_NEUTRAL", "Name": {"FileOffset": 92736, "Value": 0, "Offset": 0}, "CodePage": {"FileOffset": 92752, "Value": 0, "Offset": 8}, "LANG_NAME": "LANG_NEUTRAL", "OffsetToData": {"FileOffset": 92744, "Value": 106584, "Offset": 0}, "Reserved": {"FileOffset": 92756, "Value": 0, "Offset": 12}, "SUBLANG": 0, "Structure": "IMAGE_RESOURCE_DATA_ENTRY", "Size": {"FileOffset": 92748, "Value": 788, "Offset": 4}}]]]}
