{"DllCharacteristics": ["IMAGE_DLLCHARACTERISTICS_NO_SEH", "IMAGE_DLLCHARACTERISTICS_TERMINAL_SERVER_AWARE", "IMAGE_DLLCHARACTERISTICS_DYNAMIC_BASE", "IMAGE_DLLCHARACTERISTICS_NX_COMPAT"], "FILE_HEADER": {"NumberOfSections": {"FileOffset": 134, "Value": 3, "Offset": 2}, "TimeDateStamp": {"FileOffset": 136, "Value": "0x517FE608 [Tue Apr 30 15:40:56 2013 UTC]", "Offset": 4}, "PointerToSymbolTable": {"FileOffset": 140, "Value": 0, "Offset": 8}, "NumberOfSymbols": {"FileOffset": 144, "Value": 0, "Offset": 12}, "Machine": {"FileOffset": 132, "Value": 332, "Offset": 0}, "Characteristics": {"FileOffset": 150, "Value": 258, "Offset": 18}, "SizeOfOptionalHeader": {"FileOffset": 148, "Value": 224, "Offset": 16}, "Structure": "IMAGE_FILE_HEADER"}, "Directories": [{"VirtualAddress": {"FileOffset": 248, "Value": 0, "Offset": 0}, "Structure": "IMAGE_DIRECTORY_ENTRY_EXPORT", "Size": {"FileOffset": 252, "Value": 0, "Offset": 4}}, {"VirtualAddress": {"FileOffset": 256, "Value": 127676, "Offset": 0}, "Structure": "IMAGE_DIRECTORY_ENTRY_IMPORT", "Size": {"FileOffset": 260, "Value": 79, "Offset": 4}}, {"VirtualAddress": {"FileOffset": 264, "Value": 131072, "Offset": 0}, "Structure": "IMAGE_DIRECTORY_ENTRY_RESOURCE", "Size": {"FileOffset": 268, "Value": 1464, "Offset": 4}}, {"VirtualAddress": {"FileOffset": 272, "Value": 0, "Offset": 0}, "Structure": "IMAGE_DIRECTORY_ENTRY_EXCEPTION", "Size": {"FileOffset": 276, "Value": 0, "Offset": 4}}, {"VirtualAddress": {"FileOffset": 280, "Value": 0, "Offset": 0}, "Structure": "IMAGE_DIRECTORY_ENTRY_SECURITY", "Size": {"FileOffset": 284, "Value": 0, "Offset": 4}}, {"VirtualAddress": {"FileOffset": 288, "Value": 139264, "Offset": 0}, "Structure": "IMAGE_DIRECTORY_ENTRY_BASERELOC", "Size": {"FileOffset": 292, "Value": 12, "Offset": 4}}, {"VirtualAddress": {"FileOffset": 296, "Value": 127500, "Offset": 0}, "Structure": "IMAGE_DIRECTORY_ENTRY_DEBUG", "Size": {"FileOffset": 300, "Value": 28, "Offset": 4}}, {"VirtualAddress": {"FileOffset": 304, "Value": 0, "Offset": 0}, "Structure": "IMAGE_DIRECTORY_ENTRY_COPYRIGHT", "Size": {"FileOffset": 308, "Value": 0, "Offset": 4}}, {"VirtualAddress": {"FileOffset": 312, "Value": 0, "Offset": 0}, "Structure": "IMAGE_DIRECTORY_ENTRY_GLOBALPTR", "Size": {"FileOffset": 316, "Value": 0, "Offset": 4}}, {"VirtualAddress": {"FileOffset": 320, "Value": 0, "Offset": 0}, "Structure": "IMAGE_DIRECTORY_ENTRY_TLS", "Size": {"FileOffset": 324, "Value": 0, "Offset": 4}}, {"VirtualAddress": {"FileOffset": 328, "Value": 0, "Offset": 0}, "Structure": "IMAGE_DIRECTORY_ENTRY_LOAD_CONFIG", "Size": {"FileOffset": 332, "Value": 0, "Offset": 4}}, {"VirtualAddress": {"FileOffset": 336, "Value": 0, "Offset": 0}, "Structure": "IMAGE_DIRECTORY_ENTRY_BOUND_IMPORT", "Size": {"FileOffset": 340, "Value": 0, "Offset": 4}}, {"VirtualAddress": {"FileOffset": 344, "Value": 8192, "Offset": 0}, "Structure": "IMAGE_DIRECTORY_ENTRY_IAT", "Size": {"FileOffset": 348, "Value": 8, "Offset": 4}}, {"VirtualAddress": {"FileOffset": 352, "Value": 0, "Offset": 0}, "Structure": "IMAGE_DIRECTORY_ENTRY_DELAY_IMPORT", "Size": {"FileOffset": 356, "Value": 0, "Offset": 4}}, {"VirtualAddress": {"FileOffset": 360, "Value": 8200, "Offset": 0}, "Structure": "IMAGE_DIRECTORY_ENTRY_COM_DESCRIPTOR", "Size": {"FileOffset": 364, "Value": 72, "Offset": 4}}, {"VirtualAddress": {"FileOffset": 368, "Value": 0, "Offset": 0}, "Structure": "IMAGE_DIRECTORY_ENTRY_RESERVED", "Size": {"FileOffset": 372, "Value": 0, "Offset": 4}}], "OPTIONAL_HEADER": {"DllCharacteristics": {"FileOffset": 222, "Value": 34112, "Offset": 70}, "BaseOfCode": {"FileOffset": 172, "Value": 8192, "Offset": 20}, "MajorLinkerVersion": {"FileOffset": 154, "Value": 8, "Offset": 2}, "MinorOperatingSystemVersion": {"FileOffset": 194, "Value": 0, "Offset": 42}, "MinorLinkerVersion": {"FileOffset": 155, "Value": 0, "Offset": 3}, "MajorSubsystemVersion": {"FileOffset": 200, "Value": 4, "Offset": 48}, "MajorOperatingSystemVersion": {"FileOffset": 192, "Value": 4, "Offset": 40}, "SizeOfStackCommit": {"FileOffset": 228, "Value": 4096, "Offset": 76}, "SizeOfUninitializedData": {"FileOffset": 164, "Value": 0, "Offset": 12}, "NumberOfRvaAndSizes": {"FileOffset": 244, "Value": 16, "Offset": 92}, "SizeOfHeapReserve": {"FileOffset": 232, "Value": 1048576, "Offset": 80}, "LoaderFlags": {"FileOffset": 240, "Value": 0, "Offset": 88}, "SizeOfHeapCommit": {"FileOffset": 236, "Value": 4096, "Offset": 84}, "SizeOfStackReserve": {"FileOffset": 224, "Value": 1048576, "Offset": 72}, "Structure": "IMAGE_OPTIONAL_HEADER", "SizeOfHeaders": {"FileOffset": 212, "Value": 512, "Offset": 60}, "Subsystem": {"FileOffset": 220, "Value": 3, "Offset": 68}, "Magic": {"FileOffset": 152, "Value": 267, "Offset": 0}, "MinorImageVersion": {"FileOffset": 198, "Value": 0, "Offset": 46}, "MajorImageVersion": {"FileOffset": 196, "Value": 0, "Offset": 44}, "FileAlignment": {"FileOffset": 188, "Value": 512, "Offset": 36}, "BaseOfData": {"FileOffset": 176, "Value": 131072, "Offset": 24}, "AddressOfEntryPoint": {"FileOffset": 168, "Value": 127758, "Offset": 16}, "SectionAlignment": {"FileOffset": 184, "Value": 8192, "Offset": 32}, "SizeOfCode": {"FileOffset": 156, "Value": 119808, "Offset": 4}, "ImageBase": {"FileOffset": 180, "Value": 4194304, "Offset": 28}, "SizeOfInitializedData": {"FileOffset": 160, "Value": 2048, "Offset": 8}, "SizeOfImage": {"FileOffset": 208, "Value": 147456, "Offset": 56}, "MinorSubsystemVersion": {"FileOffset": 202, "Value": 0, "Offset": 50}, "CheckSum": {"FileOffset": 216, "Value": 0, "Offset": 64}, "Reserved1": {"FileOffset": 204, "Value": 0, "Offset": 52}}, "DOS_HEADER": {"e_cblp": {"FileOffset": 2, "Value": 144, "Offset": 2}, "e_crlc": {"FileOffset": 6, "Value": 0, "Offset": 6}, "e_ovno": {"FileOffset": 26, "Value": 0, "Offset": 26}, "e_minalloc": {"FileOffset": 10, "Value": 0, "Offset": 10}, "e_csum": {"FileOffset": 18, "Value": 0, "Offset": 18}, "e_cparhdr": {"FileOffset": 8, "Value": 4, "Offset": 8}, "e_cp": {"FileOffset": 4, "Value": 3, "Offset": 4}, "e_cs": {"FileOffset": 22, "Value": 0, "Offset": 22}, "e_maxalloc": {"FileOffset": 12, "Value": 65535, "Offset": 12}, "e_lfarlc": {"FileOffset": 24, "Value": 64, "Offset": 24}, "e_oemid": {"FileOffset": 36, "Value": 0, "Offset": 36}, "e_lfanew": {"FileOffset": 60, "Value": 128, "Offset": 60}, "e_ss": {"FileOffset": 14, "Value": 0, "Offset": 14}, "e_magic": {"FileOffset": 0, "Value": 23117, "Offset": 0}, "e_oeminfo": {"FileOffset": 38, "Value": 0, "Offset": 38}, "e_res2": {"FileOffset": 40, "Value": "", "Offset": 40}, "e_res": {"FileOffset": 28, "Value": "", "Offset": 28}, "e_sp": {"FileOffset": 16, "Value": 184, "Offset": 16}, "Structure": "IMAGE_DOS_HEADER", "e_ip": {"FileOffset": 20, "Value": 0, "Offset": 20}}, "Base relocations": [[{"SizeOfBlock": {"FileOffset": 121860, "Value": 12, "Offset": 4}, "VirtualAddress": {"FileOffset": 121856, "Value": 126976, "Offset": 0}, "Structure": "IMAGE_BASE_RELOCATION"}, {"RVA": 127760, "Type": "HIGHLOW"}, {"RVA": 126976, "Type": "ABSOLUTE"}]], "NT_HEADERS": {"Structure": "IMAGE_NT_HEADERS", "Signature": {"FileOffset": 128, "Value": 17744, "Offset": 0}}, "Flags": ["IMAGE_FILE_32BIT_MACHINE", "IMAGE_FILE_EXECUTABLE_IMAGE"], "Version Information": [{"ValueLength": {"FileOffset": 120482, "Value": 52, "Offset": 2}, "Length": {"FileOffset": 120480, "Value": 808, "Offset": 0}, "Type": {"FileOffset": 120484, "Value": 0, "Offset": 4}, "Structure": "VS_VERSIONINFO"}, {"FileFlagsMask": {"FileOffset": 120544, "Value": 63, "Offset": 24}, "FileType": {"FileOffset": 120556, "Value": 1, "Offset": 36}, "FileVersionMS": {"FileOffset": 120528, "Value": 65536, "Offset": 8}, "FileVersionLS": {"FileOffset": 120532, "Value": 0, "Offset": 12}, "Signature": {"FileOffset": 120520, "Value": 4277077181, "Offset": 0}, "FileSubtype": {"FileOffset": 120560, "Value": 0, "Offset": 40}, "FileFlags": {"FileOffset": 120548, "Value": 0, "Offset": 28}, "FileDateLS": {"FileOffset": 120568, "Value": 0, "Offset": 48}, "ProductVersionLS": {"FileOffset": 120540, "Value": 0, "Offset": 20}, "FileOS": {"FileOffset": 120552, "Value": 4, "Offset": 32}, "ProductVersionMS": {"FileOffset": 120536, "Value": 65536, "Offset": 16}, "FileDateMS": {"FileOffset": 120564, "Value": 0, "Offset": 44}, "Structure": "VS_FIXEDFILEINFO", "StrucVersion": {"FileOffset": 120524, "Value": 65536, "Offset": 4}}], "Debug information": [{"MajorVersion": {"FileOffset": 119828, "Value": 0, "Offset": 8}, "PointerToRawData": {"FileOffset": 119844, "Value": 119848, "Offset": 24}, "MinorVersion": {"FileOffset": 119830, "Value": 0, "Offset": 10}, "TimeDateStamp": {"FileOffset": 119824, "Value": "0x517FE608 [Tue Apr 30 15:40:56 2013 UTC]", "Offset": 4}, "Characteristics": {"FileOffset": 119820, "Value": 0, "Offset": 0}, "Structure": "IMAGE_DEBUG_DIRECTORY", "Type": "IMAGE_DEBUG_TYPE_CODEVIEW", "SizeOfData": {"FileOffset": 119836, "Value": 145, "Offset": 16}, "AddressOfRawData": {"FileOffset": 119840, "Value": 127528, "Offset": 20}}], "Imported symbols": [[{"TimeDateStamp": {"FileOffset": 120000, "Value": "0x0        [Thu Jan  1 00:00:00 1970 UTC]", "Offset": 4}, "Name": {"FileOffset": 120008, "Value": 127742, "Offset": 12}, "ForwarderChain": {"FileOffset": 120004, "Value": 0, "Offset": 8}, "OriginalFirstThunk": {"FileOffset": 119996, "Value": 127716, "Offset": 0}, "FirstThunk": {"FileOffset": 120012, "Value": 8192, "Offset": 16}, "Characteristics": {"FileOffset": 119996, "Value": 127716, "Offset": 0}, "Structure": "IMAGE_IMPORT_DESCRIPTOR"}, {"Hint": 0, "Name": "_CorExeMain", "DLL": "mscoree.dll"}]], "PE Sections": [{"PointerToRawData": {"FileOffset": 396, "Value": 512, "Offset": 20}, "SHA1": "e05452affeb14db60f12feb6c20c9f277c8cb69a", "SHA256": "6ef2dce10ffec6fc2ab5c460335724bd7fe13b2b9906deb6d67ce6175d9b2175", "Name": {"FileOffset": 376, "Value": ".text", "Offset": 0}, "NumberOfRelocations": {"FileOffset": 408, "Value": 0, "Offset": 32}, "Misc_VirtualSize": {"FileOffset": 384, "Value": 119572, "Offset": 8}, "Characteristics": {"FileOffset": 412, "Value": 1610612768, "Offset": 36}, "Misc": {"FileOffset": 384, "Value": 119572, "Offset": 8}, "PointerToLinenumbers": {"FileOffset": 404, "Value": 0, "Offset": 28}, "SizeOfRawData": {"FileOffset": 392, "Value": 119808, "Offset": 16}, "Misc_PhysicalAddress": {"FileOffset": 384, "Value": 119572, "Offset": 8}, "PointerToRelocations": {"FileOffset": 400, "Value": 0, "Offset": 24}, "Flags": ["IMAGE_SCN_MEM_EXECUTE", "IMAGE_SCN_CNT_CODE", "IMAGE_SCN_MEM_READ"], "SHA512": "8329b893d5313be06f103b21250887bcc32ae5d1ce9cf3e629c398cff09b660364b8f084b48e50ea8a3af6c860f42cd305cc821b71ab1f91d24476783222357e", "MD5": "7441bff9dcd8cde9ee45d5e827c288d2", "Entropy": 6.63743918090958, "VirtualAddress": {"FileOffset": 388, "Value": 8192, "Offset": 12}, "Structure": "IMAGE_SECTION_HEADER", "NumberOfLinenumbers": {"FileOffset": 410, "Value": 0, "Offset": 34}}, {"PointerToRawData": {"FileOffset": 436, "Value": 120320, "Offset": 20}, "SHA1": "675215d4499d5f2bb763d29c974f0d824b391c5c", "SHA256": "fd561ca698d022c438d152f10e06ddf7cffa0440e2230d25465d91d716e8cd2e", "Name": {"FileOffset": 416, "Value": ".rsrc", "Offset": 0}, "NumberOfRelocations": {"FileOffset": 448, "Value": 0, "Offset": 32}, "Misc_VirtualSize": {"FileOffset": 424, "Value": 1464, "Offset": 8}, "Characteristics": {"FileOffset": 452, "Value": 1073741888, "Offset": 36}, "Misc": {"FileOffset": 424, "Value": 1464, "Offset": 8}, "PointerToLinenumbers": {"FileOffset": 444, "Value": 0, "Offset": 28}, "SizeOfRawData": {"FileOffset": 432, "Value": 1536, "Offset": 16}, "Misc_PhysicalAddress": {"FileOffset": 424, "Value": 1464, "Offset": 8}, "PointerToRelocations": {"FileOffset": 440, "Value": 0, "Offset": 24}, "Flags": ["IMAGE_SCN_CNT_INITIALIZED_DATA", "IMAGE_SCN_MEM_READ"], "SHA512": "89c57021730deb4b34193f7abd17b8308d3cf78b88979d7a4797bf56dc555c99779be13fe28590f02ef0bc7f2e637efde8331a9d9a9b555e6613d453d7b57ad1", "MD5": "29700c489705851a9ab924d1cf7bde77", "Entropy": 4.11953129872999, "VirtualAddress": {"FileOffset": 428, "Value": 131072, "Offset": 12}, "Structure": "IMAGE_SECTION_HEADER", "NumberOfLinenumbers": {"FileOffset": 450, "Value": 0, "Offset": 34}}, {"PointerToRawData": {"FileOffset": 476, "Value": 121856, "Offset": 20}, "SHA1": "b9ffb4906db5ebfa7b9eeaf00cfec60683297871", "SHA256": "bb31bfa2cc58a6b20594fd0bea2199b1221cb983ecb0001895c24af78aa7d280", "Name": {"FileOffset": 456, "Value": ".reloc", "Offset": 0}, "NumberOfRelocations": {"FileOffset": 488, "Value": 0, "Offset": 32}, "Misc_VirtualSize": {"FileOffset": 464, "Value": 12, "Offset": 8}, "Characteristics": {"FileOffset": 492, "Value": 1107296320, "Offset": 36}, "Misc": {"FileOffset": 464, "Value": 12, "Offset": 8}, "PointerToLinenumbers": {"FileOffset": 484, "Value": 0, "Offset": 28}, "SizeOfRawData": {"FileOffset": 472, "Value": 512, "Offset": 16}, "Misc_PhysicalAddress": {"FileOffset": 464, "Value": 12, "Offset": 8}, "PointerToRelocations": {"FileOffset": 480, "Value": 0, "Offset": 24}, "Flags": ["IMAGE_SCN_CNT_INITIALIZED_DATA", "IMAGE_SCN_MEM_DISCARDABLE", "IMAGE_SCN_MEM_READ"], "SHA512": "9582ac7311493398eda3325353b0175efb63b7952558b5df15a4e83ae200b4e9a8aa57cae58c06ea98e9771e9096473bbb7d38130bfe56e8646fb14a440cfbf9", "MD5": "b2ce3dc8f8ecc650088dfbf854392104", "Entropy": 0.10191042566270775, "VirtualAddress": {"FileOffset": 468, "Value": 139264, "Offset": 12}, "Structure": "IMAGE_SECTION_HEADER", "NumberOfLinenumbers": {"FileOffset": 490, "Value": 0, "Offset": 34}}], "Resource directory": [{"MajorVersion": {"FileOffset": 120328, "Value": 0, "Offset": 8}, "NumberOfIdEntries": {"FileOffset": 120334, "Value": 2, "Offset": 14}, "MinorVersion": {"FileOffset": 120330, "Value": 0, "Offset": 10}, "TimeDateStamp": {"FileOffset": 120324, "Value": "0x0        [Thu Jan  1 00:00:00 1970 UTC]", "Offset": 4}, "Characteristics": {"FileOffset": 120320, "Value": 0, "Offset": 0}, "NumberOfNamedEntries": {"FileOffset": 120332, "Value": 0, "Offset": 12}, "Structure": "IMAGE_RESOURCE_DIRECTORY"}, {"Structure": "IMAGE_RESOURCE_DIRECTORY_ENTRY", "Id": [16, "RT_VERSION"], "OffsetToData": {"FileOffset": 120340, "Value": 2147483680, "Offset": 4}, "Name": {"FileOffset": 120336, "Value": 16, "Offset": 0}}, [{"MajorVersion": {"FileOffset": 120360, "Value": 0, "Offset": 8}, "NumberOfIdEntries": {"FileOffset": 120366, "Value": 1, "Offset": 14}, "MinorVersion": {"FileOffset": 120362, "Value": 0, "Offset": 10}, "TimeDateStamp": {"FileOffset": 120356, "Value": "0x0        [Thu Jan  1 00:00:00 1970 UTC]", "Offset": 4}, "Characteristics": {"FileOffset": 120352, "Value": 0, "Offset": 0}, "NumberOfNamedEntries": {"FileOffset": 120364, "Value": 0, "Offset": 12}, "Structure": "IMAGE_RESOURCE_DIRECTORY"}, {"Structure": "IMAGE_RESOURCE_DIRECTORY_ENTRY", "Id": 1, "OffsetToData": {"FileOffset": 120372, "Value": 2147483728, "Offset": 4}, "Name": {"FileOffset": 120368, "Value": 1, "Offset": 0}}, [{"MajorVersion": {"FileOffset": 120408, "Value": 0, "Offset": 8}, "NumberOfIdEntries": {"FileOffset": 120414, "Value": 1, "Offset": 14}, "MinorVersion": {"FileOffset": 120410, "Value": 0, "Offset": 10}, "TimeDateStamp": {"FileOffset": 120404, "Value": "0x0        [Thu Jan  1 00:00:00 1970 UTC]", "Offset": 4}, "Characteristics": {"FileOffset": 120400, "Value": 0, "Offset": 0}, "NumberOfNamedEntries": {"FileOffset": 120412, "Value": 0, "Offset": 12}, "Structure": "IMAGE_RESOURCE_DIRECTORY"}, {"LANG": 0, "SUBLANG_NAME": "SUBLANG_NEUTRAL", "Name": {"FileOffset": 120416, "Value": 0, "Offset": 0}, "CodePage": {"FileOffset": 120456, "Value": 0, "Offset": 8}, "LANG_NAME": "LANG_NEUTRAL", "OffsetToData": {"FileOffset": 120448, "Value": 131232, "Offset": 0}, "Reserved": {"FileOffset": 120460, "Value": 0, "Offset": 12}, "SUBLANG": 0, "Structure": "IMAGE_RESOURCE_DATA_ENTRY", "Size": {"FileOffset": 120452, "Value": 808, "Offset": 4}}]], {"Structure": "IMAGE_RESOURCE_DIRECTORY_ENTRY", "Id": [24, "RT_MANIFEST"], "OffsetToData": {"FileOffset": 120348, "Value": 2147483704, "Offset": 4}, "Name": {"FileOffset": 120344, "Value": 24, "Offset": 0}}, [{"MajorVersion": {"FileOffset": 120384, "Value": 0, "Offset": 8}, "NumberOfIdEntries": {"FileOffset": 120390, "Value": 1, "Offset": 14}, "MinorVersion": {"FileOffset": 120386, "Value": 0, "Offset": 10}, "TimeDateStamp": {"FileOffset": 120380, "Value": "0x0        [Thu Jan  1 00:00:00 1970 UTC]", "Offset": 4}, "Characteristics": {"FileOffset": 120376, "Value": 0, "Offset": 0}, "NumberOfNamedEntries": {"FileOffset": 120388, "Value": 0, "Offset": 12}, "Structure": "IMAGE_RESOURCE_DIRECTORY"}, {"Structure": "IMAGE_RESOURCE_DIRECTORY_ENTRY", "Id": 1, "OffsetToData": {"FileOffset": 120396, "Value": 2147483752, "Offset": 4}, "Name": {"FileOffset": 120392, "Value": 1, "Offset": 0}}, [{"MajorVersion": {"FileOffset": 120432, "Value": 0, "Offset": 8}, "NumberOfIdEntries": {"FileOffset": 120438, "Value": 1, "Offset": 14}, "MinorVersion": {"FileOffset": 120434, "Value": 0, "Offset": 10}, "TimeDateStamp": {"FileOffset": 120428, "Value": "0x0        [Thu Jan  1 00:00:00 1970 UTC]", "Offset": 4}, "Characteristics": {"FileOffset": 120424, "Value": 0, "Offset": 0}, "NumberOfNamedEntries": {"FileOffset": 120436, "Value": 0, "Offset": 12}, "Structure": "IMAGE_RESOURCE_DIRECTORY"}, {"LANG": 0, "SUBLANG_NAME": "SUBLANG_NEUTRAL", "Name": {"FileOffset": 120440, "Value": 0, "Offset": 0}, "CodePage": {"FileOffset": 120472, "Value": 0, "Offset": 8}, "LANG_NAME": "LANG_NEUTRAL", "OffsetToData": {"FileOffset": 120464, "Value": 132040, "Offset": 0}, "Reserved": {"FileOffset": 120476, "Value": 0, "Offset": 12}, "SUBLANG": 0, "Structure": "IMAGE_RESOURCE_DATA_ENTRY", "Size": {"FileOffset": 120468, "Value": 490, "Offset": 4}}]]]}
