{"DllCharacteristics": ["IMAGE_DLLCHARACTERISTICS_TERMINAL_SERVER_AWARE", "IMAGE_DLLCHARACTERISTICS_DYNAMIC_BASE", "IMAGE_DLLCHARACTERISTICS_NX_COMPAT"], "FILE_HEADER": {"NumberOfSections": {"FileOffset": 246, "Value": 5, "Offset": 2}, "TimeDateStamp": {"FileOffset": 248, "Value": "0x520A11D1 [Tue Aug 13 11:00:33 2013 UTC]", "Offset": 4}, "PointerToSymbolTable": {"FileOffset": 252, "Value": 0, "Offset": 8}, "NumberOfSymbols": {"FileOffset": 256, "Value": 0, "Offset": 12}, "Machine": {"FileOffset": 244, "Value": 332, "Offset": 0}, "Characteristics": {"FileOffset": 262, "Value": 258, "Offset": 18}, "SizeOfOptionalHeader": {"FileOffset": 260, "Value": 224, "Offset": 16}, "Structure": "IMAGE_FILE_HEADER"}, "Directories": [{"VirtualAddress": {"FileOffset": 360, "Value": 0, "Offset": 0}, "Structure": "IMAGE_DIRECTORY_ENTRY_EXPORT", "Size": {"FileOffset": 364, "Value": 0, "Offset": 4}}, {"VirtualAddress": {"FileOffset": 368, "Value": 64108, "Offset": 0}, "Structure": "IMAGE_DIRECTORY_ENTRY_IMPORT", "Size": {"FileOffset": 372, "Value": 100, "Offset": 4}}, {"VirtualAddress": {"FileOffset": 376, "Value": 86016, "Offset": 0}, "Structure": "IMAGE_DIRECTORY_ENTRY_RESOURCE", "Size": {"FileOffset": 380, "Value": 354988, "Offset": 4}}, {"VirtualAddress": {"FileOffset": 384, "Value": 0, "Offset": 0}, "Structure": "IMAGE_DIRECTORY_ENTRY_EXCEPTION", "Size": {"FileOffset": 388, "Value": 0, "Offset": 4}}, {"VirtualAddress": {"FileOffset": 392, "Value": 427008, "Offset": 0}, "Structure": "IMAGE_DIRECTORY_ENTRY_SECURITY", "Size": {"FileOffset": 396, "Value": 1000, "Offset": 4}}, {"VirtualAddress": {"FileOffset": 400, "Value": 442368, "Offset": 0}, "Structure": "IMAGE_DIRECTORY_ENTRY_BASERELOC", "Size": {"FileOffset": 404, "Value": 2788, "Offset": 4}}, {"VirtualAddress": {"FileOffset": 408, "Value": 53760, "Offset": 0}, "Structure": "IMAGE_DIRECTORY_ENTRY_DEBUG", "Size": {"FileOffset": 412, "Value": 28, "Offset": 4}}, {"VirtualAddress": {"FileOffset": 416, "Value": 0, "Offset": 0}, "Structure": "IMAGE_DIRECTORY_ENTRY_COPYRIGHT", "Size": {"FileOffset": 420, "Value": 0, "Offset": 4}}, {"VirtualAddress": {"FileOffset": 424, "Value": 0, "Offset": 0}, "Structure": "IMAGE_DIRECTORY_ENTRY_GLOBALPTR", "Size": {"FileOffset": 428, "Value": 0, "Offset": 4}}, {"VirtualAddress": {"FileOffset": 432, "Value": 0, "Offset": 0}, "Structure": "IMAGE_DIRECTORY_ENTRY_TLS", "Size": {"FileOffset": 436, "Value": 0, "Offset": 4}}, {"VirtualAddress": {"FileOffset": 440, "Value": 62696, "Offset": 0}, "Structure": "IMAGE_DIRECTORY_ENTRY_LOAD_CONFIG", "Size": {"FileOffset": 444, "Value": 64, "Offset": 4}}, {"VirtualAddress": {"FileOffset": 448, "Value": 0, "Offset": 0}, "Structure": "IMAGE_DIRECTORY_ENTRY_BOUND_IMPORT", "Size": {"FileOffset": 452, "Value": 0, "Offset": 4}}, {"VirtualAddress": {"FileOffset": 456, "Value": 53248, "Offset": 0}, "Structure": "IMAGE_DIRECTORY_ENTRY_IAT", "Size": {"FileOffset": 460, "Value": 448, "Offset": 4}}, {"VirtualAddress": {"FileOffset": 464, "Value": 0, "Offset": 0}, "Structure": "IMAGE_DIRECTORY_ENTRY_DELAY_IMPORT", "Size": {"FileOffset": 468, "Value": 0, "Offset": 4}}, {"VirtualAddress": {"FileOffset": 472, "Value": 0, "Offset": 0}, "Structure": "IMAGE_DIRECTORY_ENTRY_COM_DESCRIPTOR", "Size": {"FileOffset": 476, "Value": 0, "Offset": 4}}, {"VirtualAddress": {"FileOffset": 480, "Value": 0, "Offset": 0}, "Structure": "IMAGE_DIRECTORY_ENTRY_RESERVED", "Size": {"FileOffset": 484, "Value": 0, "Offset": 4}}], "OPTIONAL_HEADER": {"DllCharacteristics": {"FileOffset": 334, "Value": 33088, "Offset": 70}, "BaseOfCode": {"FileOffset": 284, "Value": 4096, "Offset": 20}, "MajorLinkerVersion": {"FileOffset": 266, "Value": 10, "Offset": 2}, "MinorOperatingSystemVersion": {"FileOffset": 306, "Value": 1, "Offset": 42}, "MinorLinkerVersion": {"FileOffset": 267, "Value": 0, "Offset": 3}, "MajorSubsystemVersion": {"FileOffset": 312, "Value": 5, "Offset": 48}, "MajorOperatingSystemVersion": {"FileOffset": 304, "Value": 5, "Offset": 40}, "SizeOfStackCommit": {"FileOffset": 340, "Value": 4096, "Offset": 76}, "SizeOfUninitializedData": {"FileOffset": 276, "Value": 0, "Offset": 12}, "NumberOfRvaAndSizes": {"FileOffset": 356, "Value": 16, "Offset": 92}, "SizeOfHeapReserve": {"FileOffset": 344, "Value": 1048576, "Offset": 80}, "LoaderFlags": {"FileOffset": 352, "Value": 0, "Offset": 88}, "SizeOfHeapCommit": {"FileOffset": 348, "Value": 4096, "Offset": 84}, "SizeOfStackReserve": {"FileOffset": 336, "Value": 1048576, "Offset": 72}, "Structure": "IMAGE_OPTIONAL_HEADER", "SizeOfHeaders": {"FileOffset": 324, "Value": 1024, "Offset": 60}, "Subsystem": {"FileOffset": 332, "Value": 2, "Offset": 68}, "Magic": {"FileOffset": 264, "Value": 267, "Offset": 0}, "MinorImageVersion": {"FileOffset": 310, "Value": 0, "Offset": 46}, "MajorImageVersion": {"FileOffset": 308, "Value": 0, "Offset": 44}, "FileAlignment": {"FileOffset": 300, "Value": 512, "Offset": 36}, "BaseOfData": {"FileOffset": 288, "Value": 53248, "Offset": 24}, "AddressOfEntryPoint": {"FileOffset": 280, "Value": 9982, "Offset": 16}, "SectionAlignment": {"FileOffset": 296, "Value": 4096, "Offset": 32}, "SizeOfCode": {"FileOffset": 268, "Value": 46080, "Offset": 4}, "ImageBase": {"FileOffset": 292, "Value": 4194304, "Offset": 28}, "SizeOfInitializedData": {"FileOffset": 272, "Value": 379904, "Offset": 8}, "SizeOfImage": {"FileOffset": 320, "Value": 450560, "Offset": 56}, "MinorSubsystemVersion": {"FileOffset": 314, "Value": 1, "Offset": 50}, "CheckSum": {"FileOffset": 328, "Value": 491722, "Offset": 64}, "Reserved1": {"FileOffset": 316, "Value": 0, "Offset": 52}}, "DOS_HEADER": {"e_cblp": {"FileOffset": 2, "Value": 144, "Offset": 2}, "e_crlc": {"FileOffset": 6, "Value": 0, "Offset": 6}, "e_ovno": {"FileOffset": 26, "Value": 0, "Offset": 26}, "e_minalloc": {"FileOffset": 10, "Value": 0, "Offset": 10}, "e_csum": {"FileOffset": 18, "Value": 0, "Offset": 18}, "e_cparhdr": {"FileOffset": 8, "Value": 4, "Offset": 8}, "e_cp": {"FileOffset": 4, "Value": 3, "Offset": 4}, "e_cs": {"FileOffset": 22, "Value": 0, "Offset": 22}, "e_maxalloc": {"FileOffset": 12, "Value": 65535, "Offset": 12}, "e_lfarlc": {"FileOffset": 24, "Value": 64, "Offset": 24}, "e_oemid": {"FileOffset": 36, "Value": 0, "Offset": 36}, "e_lfanew": {"FileOffset": 60, "Value": 240, "Offset": 60}, "e_ss": {"FileOffset": 14, "Value": 0, "Offset": 14}, "e_magic": {"FileOffset": 0, "Value": 23117, "Offset": 0}, "e_oeminfo": {"FileOffset": 38, "Value": 0, "Offset": 38}, "e_res2": {"FileOffset": 40, "Value": "", "Offset": 40}, "e_res": {"FileOffset": 28, "Value": "", "Offset": 28}, "e_sp": {"FileOffset": 16, "Value": 184, "Offset": 16}, "Structure": "IMAGE_DOS_HEADER", "e_ip": {"FileOffset": 20, "Value": 0, "Offset": 20}}, "Base relocations": [[{"SizeOfBlock": {"FileOffset": 420356, "Value": 396, "Offset": 4}, "VirtualAddress": {"FileOffset": 420352, "Value": 4096, "Offset": 0}, "Structure": "IMAGE_BASE_RELOCATION"}, {"RVA": 4134, "Type": "HIGHLOW"}, {"RVA": 4233, "Type": "HIGHLOW"}, {"RVA": 4357, "Type": "HIGHLOW"}, {"RVA": 4426, "Type": "HIGHLOW"}, {"RVA": 4432, "Type": "HIGHLOW"}, {"RVA": 4476, "Type": "HIGHLOW"}, {"RVA": 4482, "Type": "HIGHLOW"}, {"RVA": 4499, "Type": "HIGHLOW"}, {"RVA": 4505, "Type": "HIGHLOW"}, {"RVA": 4513, "Type": "HIGHLOW"}, {"RVA": 4528, "Type": "HIGHLOW"}, {"RVA": 4543, "Type": "HIGHLOW"}, {"RVA": 4549, "Type": "HIGHLOW"}, {"RVA": 4562, "Type": "HIGHLOW"}, {"RVA": 4575, "Type": "HIGHLOW"}, {"RVA": 4580, "Type": "HIGHLOW"}, {"RVA": 4585, "Type": "HIGHLOW"}, {"RVA": 4605, "Type": "HIGHLOW"}, {"RVA": 4611, "Type": "HIGHLOW"}, {"RVA": 4618, "Type": "HIGHLOW"}, {"RVA": 4636, "Type": "HIGHLOW"}, {"RVA": 4641, "Type": "HIGHLOW"}, {"RVA": 4646, "Type": "HIGHLOW"}, {"RVA": 4666, "Type": "HIGHLOW"}, {"RVA": 4671, "Type": "HIGHLOW"}, {"RVA": 4676, "Type": "HIGHLOW"}, {"RVA": 4696, "Type": "HIGHLOW"}, {"RVA": 4702, "Type": "HIGHLOW"}, {"RVA": 4709, "Type": "HIGHLOW"}, {"RVA": 4727, "Type": "HIGHLOW"}, {"RVA": 4732, "Type": "HIGHLOW"}, {"RVA": 4737, "Type": "HIGHLOW"}, {"RVA": 4757, "Type": "HIGHLOW"}, {"RVA": 4762, "Type": "HIGHLOW"}, {"RVA": 4767, "Type": "HIGHLOW"}, {"RVA": 4786, "Type": "HIGHLOW"}, {"RVA": 4792, "Type": "HIGHLOW"}, {"RVA": 4798, "Type": "HIGHLOW"}, {"RVA": 4818, "Type": "HIGHLOW"}, {"RVA": 4823, "Type": "HIGHLOW"}, {"RVA": 4828, "Type": "HIGHLOW"}, {"RVA": 4848, "Type": "HIGHLOW"}, {"RVA": 4853, "Type": "HIGHLOW"}, {"RVA": 4858, "Type": "HIGHLOW"}, {"RVA": 4878, "Type": "HIGHLOW"}, {"RVA": 4884, "Type": "HIGHLOW"}, {"RVA": 4892, "Type": "HIGHLOW"}, {"RVA": 4901, "Type": "HIGHLOW"}, {"RVA": 4910, "Type": "HIGHLOW"}, {"RVA": 4919, "Type": "HIGHLOW"}, {"RVA": 4928, "Type": "HIGHLOW"}, {"RVA": 4937, "Type": "HIGHLOW"}, {"RVA": 4946, "Type": "HIGHLOW"}, {"RVA": 4955, "Type": "HIGHLOW"}, {"RVA": 4988, "Type": "HIGHLOW"}, {"RVA": 5028, "Type": "HIGHLOW"}, {"RVA": 5052, "Type": "HIGHLOW"}, {"RVA": 5081, "Type": "HIGHLOW"}, {"RVA": 5087, "Type": "HIGHLOW"}, {"RVA": 5098, "Type": "HIGHLOW"}, {"RVA": 5157, "Type": "HIGHLOW"}, {"RVA": 5165, "Type": "HIGHLOW"}, {"RVA": 5178, "Type": "HIGHLOW"}, {"RVA": 5187, "Type": "HIGHLOW"}, {"RVA": 5267, "Type": "HIGHLOW"}, {"RVA": 5273, "Type": "HIGHLOW"}, {"RVA": 5278, "Type": "HIGHLOW"}, {"RVA": 5283, "Type": "HIGHLOW"}, {"RVA": 5305, "Type": "HIGHLOW"}, {"RVA": 5313, "Type": "HIGHLOW"}, {"RVA": 5319, "Type": "HIGHLOW"}, {"RVA": 5334, "Type": "HIGHLOW"}, {"RVA": 5386, "Type": "HIGHLOW"}, {"RVA": 5403, "Type": "HIGHLOW"}, {"RVA": 5420, "Type": "HIGHLOW"}, {"RVA": 5435, "Type": "HIGHLOW"}, {"RVA": 5498, "Type": "HIGHLOW"}, {"RVA": 5504, "Type": "HIGHLOW"}, {"RVA": 5607, "Type": "HIGHLOW"}, {"RVA": 5625, "Type": "HIGHLOW"}, {"RVA": 5630, "Type": "HIGHLOW"}, {"RVA": 5645, "Type": "HIGHLOW"}, {"RVA": 5656, "Type": "HIGHLOW"}, {"RVA": 5662, "Type": "HIGHLOW"}, {"RVA": 5677, "Type": "HIGHLOW"}, {"RVA": 5745, "Type": "HIGHLOW"}, {"RVA": 5751, "Type": "HIGHLOW"}, {"RVA": 5782, "Type": "HIGHLOW"}, {"RVA": 5797, "Type": "HIGHLOW"}, {"RVA": 5897, "Type": "HIGHLOW"}, {"RVA": 5904, "Type": "HIGHLOW"}, {"RVA": 5934, "Type": "HIGHLOW"}, {"RVA": 5942, "Type": "HIGHLOW"}, {"RVA": 5951, "Type": "HIGHLOW"}, {"RVA": 5982, "Type": "HIGHLOW"}, {"RVA": 5990, "Type": "HIGHLOW"}, {"RVA": 6000, "Type": "HIGHLOW"}, {"RVA": 6011, "Type": "HIGHLOW"}, {"RVA": 6063, "Type": "HIGHLOW"}, {"RVA": 6074, "Type": "HIGHLOW"}, {"RVA": 6091, "Type": "HIGHLOW"}, {"RVA": 6104, "Type": "HIGHLOW"}, {"RVA": 6114, "Type": "HIGHLOW"}, {"RVA": 6133, "Type": "HIGHLOW"}, {"RVA": 6138, "Type": "HIGHLOW"}, {"RVA": 6153, "Type": "HIGHLOW"}, {"RVA": 6164, "Type": "HIGHLOW"}, {"RVA": 6170, "Type": "HIGHLOW"}, {"RVA": 6185, "Type": "HIGHLOW"}, {"RVA": 6256, "Type": "HIGHLOW"}, {"RVA": 6260, "Type": "HIGHLOW"}, {"RVA": 6264, "Type": "HIGHLOW"}, {"RVA": 6268, "Type": "HIGHLOW"}, {"RVA": 6272, "Type": "HIGHLOW"}, {"RVA": 6295, "Type": "HIGHLOW"}, {"RVA": 6354, "Type": "HIGHLOW"}, {"RVA": 6471, "Type": "HIGHLOW"}, {"RVA": 6502, "Type": "HIGHLOW"}, {"RVA": 6532, "Type": "HIGHLOW"}, {"RVA": 6590, "Type": "HIGHLOW"}, {"RVA": 6623, "Type": "HIGHLOW"}, {"RVA": 6649, "Type": "HIGHLOW"}, {"RVA": 6655, "Type": "HIGHLOW"}, {"RVA": 6660, "Type": "HIGHLOW"}, {"RVA": 6682, "Type": "HIGHLOW"}, {"RVA": 6690, "Type": "HIGHLOW"}, {"RVA": 6699, "Type": "HIGHLOW"}, {"RVA": 6733, "Type": "HIGHLOW"}, {"RVA": 6744, "Type": "HIGHLOW"}, {"RVA": 6751, "Type": "HIGHLOW"}, {"RVA": 6810, "Type": "HIGHLOW"}, {"RVA": 6849, "Type": "HIGHLOW"}, {"RVA": 6855, "Type": "HIGHLOW"}, {"RVA": 6887, "Type": "HIGHLOW"}, {"RVA": 6893, "Type": "HIGHLOW"}, {"RVA": 6913, "Type": "HIGHLOW"}, {"RVA": 6935, "Type": "HIGHLOW"}, {"RVA": 6947, "Type": "HIGHLOW"}, {"RVA": 6957, "Type": "HIGHLOW"}, {"RVA": 6980, "Type": "HIGHLOW"}, {"RVA": 6994, "Type": "HIGHLOW"}, {"RVA": 7014, "Type": "HIGHLOW"}, {"RVA": 7026, "Type": "HIGHLOW"}, {"RVA": 7032, "Type": "HIGHLOW"}, {"RVA": 7037, "Type": "HIGHLOW"}, {"RVA": 7084, "Type": "HIGHLOW"}, {"RVA": 7089, "Type": "HIGHLOW"}, {"RVA": 7109, "Type": "HIGHLOW"}, {"RVA": 7132, "Type": "HIGHLOW"}, {"RVA": 7147, "Type": "HIGHLOW"}, {"RVA": 7154, "Type": "HIGHLOW"}, {"RVA": 7182, "Type": "HIGHLOW"}, {"RVA": 7214, "Type": "HIGHLOW"}, {"RVA": 7250, "Type": "HIGHLOW"}, {"RVA": 7281, "Type": "HIGHLOW"}, {"RVA": 7308, "Type": "HIGHLOW"}, {"RVA": 7371, "Type": "HIGHLOW"}, {"RVA": 7428, "Type": "HIGHLOW"}, {"RVA": 7439, "Type": "HIGHLOW"}, {"RVA": 7456, "Type": "HIGHLOW"}, {"RVA": 7484, "Type": "HIGHLOW"}, {"RVA": 7490, "Type": "HIGHLOW"}, {"RVA": 7497, "Type": "HIGHLOW"}, {"RVA": 7518, "Type": "HIGHLOW"}, {"RVA": 7580, "Type": "HIGHLOW"}, {"RVA": 7640, "Type": "HIGHLOW"}, {"RVA": 7650, "Type": "HIGHLOW"}, {"RVA": 7655, "Type": "HIGHLOW"}, {"RVA": 7669, "Type": "HIGHLOW"}, {"RVA": 7688, "Type": "HIGHLOW"}, {"RVA": 7693, "Type": "HIGHLOW"}, {"RVA": 7739, "Type": "HIGHLOW"}, {"RVA": 7754, "Type": "HIGHLOW"}, {"RVA": 7771, "Type": "HIGHLOW"}, {"RVA": 7791, "Type": "HIGHLOW"}, {"RVA": 7799, "Type": "HIGHLOW"}, {"RVA": 7808, "Type": "HIGHLOW"}, {"RVA": 7818, "Type": "HIGHLOW"}, {"RVA": 7830, "Type": "HIGHLOW"}, {"RVA": 7846, "Type": "HIGHLOW"}, {"RVA": 7852, "Type": "HIGHLOW"}, {"RVA": 7865, "Type": "HIGHLOW"}, {"RVA": 7874, "Type": "HIGHLOW"}, {"RVA": 7888, "Type": "HIGHLOW"}, {"RVA": 7926, "Type": "HIGHLOW"}, {"RVA": 7955, "Type": "HIGHLOW"}, {"RVA": 7990, "Type": "HIGHLOW"}, {"RVA": 8026, "Type": "HIGHLOW"}, {"RVA": 8036, "Type": "HIGHLOW"}, {"RVA": 8042, "Type": "HIGHLOW"}, {"RVA": 8064, "Type": "HIGHLOW"}, {"RVA": 8070, "Type": "HIGHLOW"}, {"RVA": 8122, "Type": "HIGHLOW"}, {"RVA": 4096, "Type": "ABSOLUTE"}], [{"SizeOfBlock": {"FileOffset": 420752, "Value": 160, "Offset": 4}, "VirtualAddress": {"FileOffset": 420748, "Value": 8192, "Offset": 0}, "Structure": "IMAGE_BASE_RELOCATION"}, {"RVA": 8270, "Type": "HIGHLOW"}, {"RVA": 8739, "Type": "HIGHLOW"}, {"RVA": 8862, "Type": "HIGHLOW"}, {"RVA": 8961, "Type": "HIGHLOW"}, {"RVA": 9256, "Type": "HIGHLOW"}, {"RVA": 9371, "Type": "HIGHLOW"}, {"RVA": 9390, "Type": "HIGHLOW"}, {"RVA": 9437, "Type": "HIGHLOW"}, {"RVA": 9488, "Type": "HIGHLOW"}, {"RVA": 9494, "Type": "HIGHLOW"}, {"RVA": 9499, "Type": "HIGHLOW"}, {"RVA": 9507, "Type": "HIGHLOW"}, {"RVA": 9523, "Type": "HIGHLOW"}, {"RVA": 9533, "Type": "HIGHLOW"}, {"RVA": 9539, "Type": "HIGHLOW"}, {"RVA": 9559, "Type": "HIGHLOW"}, {"RVA": 9583, "Type": "HIGHLOW"}, {"RVA": 9620, "Type": "HIGHLOW"}, {"RVA": 9635, "Type": "HIGHLOW"}, {"RVA": 9643, "Type": "HIGHLOW"}, {"RVA": 9656, "Type": "HIGHLOW"}, {"RVA": 9668, "Type": "HIGHLOW"}, {"RVA": 9680, "Type": "HIGHLOW"}, {"RVA": 9686, "Type": "HIGHLOW"}, {"RVA": 9704, "Type": "HIGHLOW"}, {"RVA": 9712, "Type": "HIGHLOW"}, {"RVA": 9723, "Type": "HIGHLOW"}, {"RVA": 9794, "Type": "HIGHLOW"}, {"RVA": 9799, "Type": "HIGHLOW"}, {"RVA": 9809, "Type": "HIGHLOW"}, {"RVA": 9890, "Type": "HIGHLOW"}, {"RVA": 10004, "Type": "HIGHLOW"}, {"RVA": 10010, "Type": "HIGHLOW"}, {"RVA": 10016, "Type": "HIGHLOW"}, {"RVA": 10022, "Type": "HIGHLOW"}, {"RVA": 10028, "Type": "HIGHLOW"}, {"RVA": 10034, "Type": "HIGHLOW"}, {"RVA": 10041, "Type": "HIGHLOW"}, {"RVA": 10048, "Type": "HIGHLOW"}, {"RVA": 10055, "Type": "HIGHLOW"}, {"RVA": 10062, "Type": "HIGHLOW"}, {"RVA": 10069, "Type": "HIGHLOW"}, {"RVA": 10076, "Type": "HIGHLOW"}, {"RVA": 10083, "Type": "HIGHLOW"}, {"RVA": 10091, "Type": "HIGHLOW"}, {"RVA": 10099, "Type": "HIGHLOW"}, {"RVA": 10107, "Type": "HIGHLOW"}, {"RVA": 10119, "Type": "HIGHLOW"}, {"RVA": 10128, "Type": "HIGHLOW"}, {"RVA": 10133, "Type": "HIGHLOW"}, {"RVA": 10139, "Type": "HIGHLOW"}, {"RVA": 10149, "Type": "HIGHLOW"}, {"RVA": 10158, "Type": "HIGHLOW"}, {"RVA": 10169, "Type": "HIGHLOW"}, {"RVA": 10181, "Type": "HIGHLOW"}, {"RVA": 10186, "Type": "HIGHLOW"}, {"RVA": 10202, "Type": "HIGHLOW"}, {"RVA": 10207, "Type": "HIGHLOW"}, {"RVA": 10213, "Type": "HIGHLOW"}, {"RVA": 10219, "Type": "HIGHLOW"}, {"RVA": 10241, "Type": "HIGHLOW"}, {"RVA": 10248, "Type": "HIGHLOW"}, {"RVA": 10514, "Type": "HIGHLOW"}, {"RVA": 10521, "Type": "HIGHLOW"}, {"RVA": 10652, "Type": "HIGHLOW"}, {"RVA": 10660, "Type": "HIGHLOW"}, {"RVA": 10681, "Type": "HIGHLOW"}, {"RVA": 10692, "Type": "HIGHLOW"}, {"RVA": 10924, "Type": "HIGHLOW"}, {"RVA": 11076, "Type": "HIGHLOW"}, {"RVA": 11106, "Type": "HIGHLOW"}, {"RVA": 11144, "Type": "HIGHLOW"}, {"RVA": 11240, "Type": "HIGHLOW"}, {"RVA": 11255, "Type": "HIGHLOW"}, {"RVA": 11282, "Type": "HIGHLOW"}, {"RVA": 12128, "Type": "HIGHLOW"}], [{"SizeOfBlock": {"FileOffset": 420912, "Value": 120, "Offset": 4}, "VirtualAddress": {"FileOffset": 420908, "Value": 12288, "Offset": 0}, "Structure": "IMAGE_BASE_RELOCATION"}, {"RVA": 12368, "Type": "HIGHLOW"}, {"RVA": 12699, "Type": "HIGHLOW"}, {"RVA": 12766, "Type": "HIGHLOW"}, {"RVA": 12810, "Type": "HIGHLOW"}, {"RVA": 12843, "Type": "HIGHLOW"}, {"RVA": 13323, "Type": "HIGHLOW"}, {"RVA": 13868, "Type": "HIGHLOW"}, {"RVA": 13872, "Type": "HIGHLOW"}, {"RVA": 13876, "Type": "HIGHLOW"}, {"RVA": 13880, "Type": "HIGHLOW"}, {"RVA": 13884, "Type": "HIGHLOW"}, {"RVA": 13888, "Type": "HIGHLOW"}, {"RVA": 13892, "Type": "HIGHLOW"}, {"RVA": 13896, "Type": "HIGHLOW"}, {"RVA": 13909, "Type": "HIGHLOW"}, {"RVA": 13927, "Type": "HIGHLOW"}, {"RVA": 14151, "Type": "HIGHLOW"}, {"RVA": 14161, "Type": "HIGHLOW"}, {"RVA": 14174, "Type": "HIGHLOW"}, {"RVA": 14236, "Type": "HIGHLOW"}, {"RVA": 14243, "Type": "HIGHLOW"}, {"RVA": 14256, "Type": "HIGHLOW"}, {"RVA": 14262, "Type": "HIGHLOW"}, {"RVA": 14323, "Type": "HIGHLOW"}, {"RVA": 14351, "Type": "HIGHLOW"}, {"RVA": 14386, "Type": "HIGHLOW"}, {"RVA": 14405, "Type": "HIGHLOW"}, {"RVA": 14450, "Type": "HIGHLOW"}, {"RVA": 14456, "Type": "HIGHLOW"}, {"RVA": 14482, "Type": "HIGHLOW"}, {"RVA": 14497, "Type": "HIGHLOW"}, {"RVA": 14510, "Type": "HIGHLOW"}, {"RVA": 14522, "Type": "HIGHLOW"}, {"RVA": 14538, "Type": "HIGHLOW"}, {"RVA": 14545, "Type": "HIGHLOW"}, {"RVA": 14560, "Type": "HIGHLOW"}, {"RVA": 14572, "Type": "HIGHLOW"}, {"RVA": 14585, "Type": "HIGHLOW"}, {"RVA": 14621, "Type": "HIGHLOW"}, {"RVA": 14639, "Type": "HIGHLOW"}, {"RVA": 14653, "Type": "HIGHLOW"}, {"RVA": 14674, "Type": "HIGHLOW"}, {"RVA": 14684, "Type": "HIGHLOW"}, {"RVA": 14722, "Type": "HIGHLOW"}, {"RVA": 14773, "Type": "HIGHLOW"}, {"RVA": 14788, "Type": "HIGHLOW"}, {"RVA": 14797, "Type": "HIGHLOW"}, {"RVA": 14833, "Type": "HIGHLOW"}, {"RVA": 14880, "Type": "HIGHLOW"}, {"RVA": 14946, "Type": "HIGHLOW"}, {"RVA": 14964, "Type": "HIGHLOW"}, {"RVA": 15274, "Type": "HIGHLOW"}, {"RVA": 15496, "Type": "HIGHLOW"}, {"RVA": 15511, "Type": "HIGHLOW"}, {"RVA": 15538, "Type": "HIGHLOW"}, {"RVA": 16335, "Type": "HIGHLOW"}], [{"SizeOfBlock": {"FileOffset": 421032, "Value": 108, "Offset": 4}, "VirtualAddress": {"FileOffset": 421028, "Value": 16384, "Offset": 0}, "Structure": "IMAGE_BASE_RELOCATION"}, {"RVA": 16658, "Type": "HIGHLOW"}, {"RVA": 17004, "Type": "HIGHLOW"}, {"RVA": 17068, "Type": "HIGHLOW"}, {"RVA": 17112, "Type": "HIGHLOW"}, {"RVA": 17146, "Type": "HIGHLOW"}, {"RVA": 17610, "Type": "HIGHLOW"}, {"RVA": 18242, "Type": "HIGHLOW"}, {"RVA": 18246, "Type": "HIGHLOW"}, {"RVA": 18250, "Type": "HIGHLOW"}, {"RVA": 18254, "Type": "HIGHLOW"}, {"RVA": 18258, "Type": "HIGHLOW"}, {"RVA": 18262, "Type": "HIGHLOW"}, {"RVA": 18266, "Type": "HIGHLOW"}, {"RVA": 18270, "Type": "HIGHLOW"}, {"RVA": 18289, "Type": "HIGHLOW"}, {"RVA": 18318, "Type": "HIGHLOW"}, {"RVA": 18402, "Type": "HIGHLOW"}, {"RVA": 18620, "Type": "HIGHLOW"}, {"RVA": 18628, "Type": "HIGHLOW"}, {"RVA": 18652, "Type": "HIGHLOW"}, {"RVA": 18679, "Type": "HIGHLOW"}, {"RVA": 18766, "Type": "HIGHLOW"}, {"RVA": 18999, "Type": "HIGHLOW"}, {"RVA": 19422, "Type": "HIGHLOW"}, {"RVA": 19463, "Type": "HIGHLOW"}, {"RVA": 19494, "Type": "HIGHLOW"}, {"RVA": 19525, "Type": "HIGHLOW"}, {"RVA": 19616, "Type": "HIGHLOW"}, {"RVA": 19656, "Type": "HIGHLOW"}, {"RVA": 19690, "Type": "HIGHLOW"}, {"RVA": 19701, "Type": "HIGHLOW"}, {"RVA": 19755, "Type": "HIGHLOW"}, {"RVA": 19771, "Type": "HIGHLOW"}, {"RVA": 19813, "Type": "HIGHLOW"}, {"RVA": 19830, "Type": "HIGHLOW"}, {"RVA": 19843, "Type": "HIGHLOW"}, {"RVA": 19850, "Type": "HIGHLOW"}, {"RVA": 19866, "Type": "HIGHLOW"}, {"RVA": 19884, "Type": "HIGHLOW"}, {"RVA": 19889, "Type": "HIGHLOW"}, {"RVA": 19989, "Type": "HIGHLOW"}, {"RVA": 20001, "Type": "HIGHLOW"}, {"RVA": 20268, "Type": "HIGHLOW"}, {"RVA": 20324, "Type": "HIGHLOW"}, {"RVA": 20330, "Type": "HIGHLOW"}, {"RVA": 20348, "Type": "HIGHLOW"}, {"RVA": 20373, "Type": "HIGHLOW"}, {"RVA": 20406, "Type": "HIGHLOW"}, {"RVA": 20440, "Type": "HIGHLOW"}, {"RVA": 16384, "Type": "ABSOLUTE"}], [{"SizeOfBlock": {"FileOffset": 421140, "Value": 192, "Offset": 4}, "VirtualAddress": {"FileOffset": 421136, "Value": 20480, "Offset": 0}, "Structure": "IMAGE_BASE_RELOCATION"}, {"RVA": 20513, "Type": "HIGHLOW"}, {"RVA": 20586, "Type": "HIGHLOW"}, {"RVA": 21356, "Type": "HIGHLOW"}, {"RVA": 21363, "Type": "HIGHLOW"}, {"RVA": 21403, "Type": "HIGHLOW"}, {"RVA": 21464, "Type": "HIGHLOW"}, {"RVA": 21474, "Type": "HIGHLOW"}, {"RVA": 21498, "Type": "HIGHLOW"}, {"RVA": 21539, "Type": "HIGHLOW"}, {"RVA": 21589, "Type": "HIGHLOW"}, {"RVA": 21629, "Type": "HIGHLOW"}, {"RVA": 21998, "Type": "HIGHLOW"}, {"RVA": 22033, "Type": "HIGHLOW"}, {"RVA": 22044, "Type": "HIGHLOW"}, {"RVA": 22079, "Type": "HIGHLOW"}, {"RVA": 22158, "Type": "HIGHLOW"}, {"RVA": 22234, "Type": "HIGHLOW"}, {"RVA": 22259, "Type": "HIGHLOW"}, {"RVA": 22413, "Type": "HIGHLOW"}, {"RVA": 22432, "Type": "HIGHLOW"}, {"RVA": 22478, "Type": "HIGHLOW"}, {"RVA": 22503, "Type": "HIGHLOW"}, {"RVA": 22557, "Type": "HIGHLOW"}, {"RVA": 22564, "Type": "HIGHLOW"}, {"RVA": 22572, "Type": "HIGHLOW"}, {"RVA": 22684, "Type": "HIGHLOW"}, {"RVA": 22689, "Type": "HIGHLOW"}, {"RVA": 22698, "Type": "HIGHLOW"}, {"RVA": 22713, "Type": "HIGHLOW"}, {"RVA": 22748, "Type": "HIGHLOW"}, {"RVA": 22753, "Type": "HIGHLOW"}, {"RVA": 22758, "Type": "HIGHLOW"}, {"RVA": 22781, "Type": "HIGHLOW"}, {"RVA": 22879, "Type": "HIGHLOW"}, {"RVA": 22926, "Type": "HIGHLOW"}, {"RVA": 22932, "Type": "HIGHLOW"}, {"RVA": 22947, "Type": "HIGHLOW"}, {"RVA": 23018, "Type": "HIGHLOW"}, {"RVA": 23031, "Type": "HIGHLOW"}, {"RVA": 23037, "Type": "HIGHLOW"}, {"RVA": 23081, "Type": "HIGHLOW"}, {"RVA": 23132, "Type": "HIGHLOW"}, {"RVA": 23207, "Type": "HIGHLOW"}, {"RVA": 23213, "Type": "HIGHLOW"}, {"RVA": 23226, "Type": "HIGHLOW"}, {"RVA": 23232, "Type": "HIGHLOW"}, {"RVA": 23241, "Type": "HIGHLOW"}, {"RVA": 23248, "Type": "HIGHLOW"}, {"RVA": 23282, "Type": "HIGHLOW"}, {"RVA": 23399, "Type": "HIGHLOW"}, {"RVA": 23407, "Type": "HIGHLOW"}, {"RVA": 23426, "Type": "HIGHLOW"}, {"RVA": 23437, "Type": "HIGHLOW"}, {"RVA": 23442, "Type": "HIGHLOW"}, {"RVA": 23460, "Type": "HIGHLOW"}, {"RVA": 23470, "Type": "HIGHLOW"}, {"RVA": 23475, "Type": "HIGHLOW"}, {"RVA": 23503, "Type": "HIGHLOW"}, {"RVA": 23513, "Type": "HIGHLOW"}, {"RVA": 23535, "Type": "HIGHLOW"}, {"RVA": 23546, "Type": "HIGHLOW"}, {"RVA": 23572, "Type": "HIGHLOW"}, {"RVA": 23583, "Type": "HIGHLOW"}, {"RVA": 23591, "Type": "HIGHLOW"}, {"RVA": 23607, "Type": "HIGHLOW"}, {"RVA": 23613, "Type": "HIGHLOW"}, {"RVA": 23630, "Type": "HIGHLOW"}, {"RVA": 23687, "Type": "HIGHLOW"}, {"RVA": 23697, "Type": "HIGHLOW"}, {"RVA": 23735, "Type": "HIGHLOW"}, {"RVA": 23742, "Type": "HIGHLOW"}, {"RVA": 23768, "Type": "HIGHLOW"}, {"RVA": 23775, "Type": "HIGHLOW"}, {"RVA": 23818, "Type": "HIGHLOW"}, {"RVA": 23980, "Type": "HIGHLOW"}, {"RVA": 23999, "Type": "HIGHLOW"}, {"RVA": 24017, "Type": "HIGHLOW"}, {"RVA": 24088, "Type": "HIGHLOW"}, {"RVA": 24112, "Type": "HIGHLOW"}, {"RVA": 24122, "Type": "HIGHLOW"}, {"RVA": 24149, "Type": "HIGHLOW"}, {"RVA": 24157, "Type": "HIGHLOW"}, {"RVA": 24163, "Type": "HIGHLOW"}, {"RVA": 24177, "Type": "HIGHLOW"}, {"RVA": 24229, "Type": "HIGHLOW"}, {"RVA": 24242, "Type": "HIGHLOW"}, {"RVA": 24263, "Type": "HIGHLOW"}, {"RVA": 24312, "Type": "HIGHLOW"}, {"RVA": 24341, "Type": "HIGHLOW"}, {"RVA": 24417, "Type": "HIGHLOW"}, {"RVA": 24463, "Type": "HIGHLOW"}, {"RVA": 20480, "Type": "ABSOLUTE"}], [{"SizeOfBlock": {"FileOffset": 421332, "Value": 296, "Offset": 4}, "VirtualAddress": {"FileOffset": 421328, "Value": 24576, "Offset": 0}, "Structure": "IMAGE_BASE_RELOCATION"}, {"RVA": 24831, "Type": "HIGHLOW"}, {"RVA": 24844, "Type": "HIGHLOW"}, {"RVA": 24853, "Type": "HIGHLOW"}, {"RVA": 24920, "Type": "HIGHLOW"}, {"RVA": 24935, "Type": "HIGHLOW"}, {"RVA": 24991, "Type": "HIGHLOW"}, {"RVA": 25001, "Type": "HIGHLOW"}, {"RVA": 25066, "Type": "HIGHLOW"}, {"RVA": 25077, "Type": "HIGHLOW"}, {"RVA": 25087, "Type": "HIGHLOW"}, {"RVA": 25104, "Type": "HIGHLOW"}, {"RVA": 25115, "Type": "HIGHLOW"}, {"RVA": 25563, "Type": "HIGHLOW"}, {"RVA": 25580, "Type": "HIGHLOW"}, {"RVA": 25588, "Type": "HIGHLOW"}, {"RVA": 25594, "Type": "HIGHLOW"}, {"RVA": 25599, "Type": "HIGHLOW"}, {"RVA": 25605, "Type": "HIGHLOW"}, {"RVA": 25713, "Type": "HIGHLOW"}, {"RVA": 25719, "Type": "HIGHLOW"}, {"RVA": 25747, "Type": "HIGHLOW"}, {"RVA": 25787, "Type": "HIGHLOW"}, {"RVA": 25863, "Type": "HIGHLOW"}, {"RVA": 25875, "Type": "HIGHLOW"}, {"RVA": 25901, "Type": "HIGHLOW"}, {"RVA": 25939, "Type": "HIGHLOW"}, {"RVA": 25945, "Type": "HIGHLOW"}, {"RVA": 25987, "Type": "HIGHLOW"}, {"RVA": 26056, "Type": "HIGHLOW"}, {"RVA": 26063, "Type": "HIGHLOW"}, {"RVA": 26084, "Type": "HIGHLOW"}, {"RVA": 26155, "Type": "HIGHLOW"}, {"RVA": 26165, "Type": "HIGHLOW"}, {"RVA": 26208, "Type": "HIGHLOW"}, {"RVA": 26232, "Type": "HIGHLOW"}, {"RVA": 26262, "Type": "HIGHLOW"}, {"RVA": 26298, "Type": "HIGHLOW"}, {"RVA": 26346, "Type": "HIGHLOW"}, {"RVA": 26364, "Type": "HIGHLOW"}, {"RVA": 26410, "Type": "HIGHLOW"}, {"RVA": 26445, "Type": "HIGHLOW"}, {"RVA": 26451, "Type": "HIGHLOW"}, {"RVA": 26471, "Type": "HIGHLOW"}, {"RVA": 26476, "Type": "HIGHLOW"}, {"RVA": 26509, "Type": "HIGHLOW"}, {"RVA": 26514, "Type": "HIGHLOW"}, {"RVA": 26547, "Type": "HIGHLOW"}, {"RVA": 26554, "Type": "HIGHLOW"}, {"RVA": 26566, "Type": "HIGHLOW"}, {"RVA": 26572, "Type": "HIGHLOW"}, {"RVA": 26584, "Type": "HIGHLOW"}, {"RVA": 26590, "Type": "HIGHLOW"}, {"RVA": 26599, "Type": "HIGHLOW"}, {"RVA": 26605, "Type": "HIGHLOW"}, {"RVA": 26614, "Type": "HIGHLOW"}, {"RVA": 26626, "Type": "HIGHLOW"}, {"RVA": 26632, "Type": "HIGHLOW"}, {"RVA": 26640, "Type": "HIGHLOW"}, {"RVA": 26646, "Type": "HIGHLOW"}, {"RVA": 26658, "Type": "HIGHLOW"}, {"RVA": 26664, "Type": "HIGHLOW"}, {"RVA": 26677, "Type": "HIGHLOW"}, {"RVA": 26687, "Type": "HIGHLOW"}, {"RVA": 26693, "Type": "HIGHLOW"}, {"RVA": 26703, "Type": "HIGHLOW"}, {"RVA": 26737, "Type": "HIGHLOW"}, {"RVA": 26758, "Type": "HIGHLOW"}, {"RVA": 26796, "Type": "HIGHLOW"}, {"RVA": 26860, "Type": "HIGHLOW"}, {"RVA": 26866, "Type": "HIGHLOW"}, {"RVA": 26908, "Type": "HIGHLOW"}, {"RVA": 26914, "Type": "HIGHLOW"}, {"RVA": 26920, "Type": "HIGHLOW"}, {"RVA": 26942, "Type": "HIGHLOW"}, {"RVA": 26966, "Type": "HIGHLOW"}, {"RVA": 27004, "Type": "HIGHLOW"}, {"RVA": 27126, "Type": "HIGHLOW"}, {"RVA": 27161, "Type": "HIGHLOW"}, {"RVA": 27171, "Type": "HIGHLOW"}, {"RVA": 27227, "Type": "HIGHLOW"}, {"RVA": 27235, "Type": "HIGHLOW"}, {"RVA": 27308, "Type": "HIGHLOW"}, {"RVA": 27314, "Type": "HIGHLOW"}, {"RVA": 27336, "Type": "HIGHLOW"}, {"RVA": 27341, "Type": "HIGHLOW"}, {"RVA": 27349, "Type": "HIGHLOW"}, {"RVA": 27355, "Type": "HIGHLOW"}, {"RVA": 27362, "Type": "HIGHLOW"}, {"RVA": 27368, "Type": "HIGHLOW"}, {"RVA": 27375, "Type": "HIGHLOW"}, {"RVA": 27381, "Type": "HIGHLOW"}, {"RVA": 27389, "Type": "HIGHLOW"}, {"RVA": 27396, "Type": "HIGHLOW"}, {"RVA": 27401, "Type": "HIGHLOW"}, {"RVA": 27409, "Type": "HIGHLOW"}, {"RVA": 27418, "Type": "HIGHLOW"}, {"RVA": 27430, "Type": "HIGHLOW"}, {"RVA": 27435, "Type": "HIGHLOW"}, {"RVA": 27440, "Type": "HIGHLOW"}, {"RVA": 27446, "Type": "HIGHLOW"}, {"RVA": 27450, "Type": "HIGHLOW"}, {"RVA": 27456, "Type": "HIGHLOW"}, {"RVA": 27461, "Type": "HIGHLOW"}, {"RVA": 27467, "Type": "HIGHLOW"}, {"RVA": 27472, "Type": "HIGHLOW"}, {"RVA": 27487, "Type": "HIGHLOW"}, {"RVA": 27509, "Type": "HIGHLOW"}, {"RVA": 27515, "Type": "HIGHLOW"}, {"RVA": 27523, "Type": "HIGHLOW"}, {"RVA": 27528, "Type": "HIGHLOW"}, {"RVA": 27536, "Type": "HIGHLOW"}, {"RVA": 27541, "Type": "HIGHLOW"}, {"RVA": 27549, "Type": "HIGHLOW"}, {"RVA": 27554, "Type": "HIGHLOW"}, {"RVA": 27561, "Type": "HIGHLOW"}, {"RVA": 27576, "Type": "HIGHLOW"}, {"RVA": 27581, "Type": "HIGHLOW"}, {"RVA": 27587, "Type": "HIGHLOW"}, {"RVA": 27596, "Type": "HIGHLOW"}, {"RVA": 27628, "Type": "HIGHLOW"}, {"RVA": 27634, "Type": "HIGHLOW"}, {"RVA": 27658, "Type": "HIGHLOW"}, {"RVA": 27694, "Type": "HIGHLOW"}, {"RVA": 27706, "Type": "HIGHLOW"}, {"RVA": 27722, "Type": "HIGHLOW"}, {"RVA": 27757, "Type": "HIGHLOW"}, {"RVA": 27770, "Type": "HIGHLOW"}, {"RVA": 27782, "Type": "HIGHLOW"}, {"RVA": 27790, "Type": "HIGHLOW"}, {"RVA": 27798, "Type": "HIGHLOW"}, {"RVA": 27810, "Type": "HIGHLOW"}, {"RVA": 27851, "Type": "HIGHLOW"}, {"RVA": 27859, "Type": "HIGHLOW"}, {"RVA": 27870, "Type": "HIGHLOW"}, {"RVA": 27944, "Type": "HIGHLOW"}, {"RVA": 27957, "Type": "HIGHLOW"}, {"RVA": 27982, "Type": "HIGHLOW"}, {"RVA": 28012, "Type": "HIGHLOW"}, {"RVA": 28072, "Type": "HIGHLOW"}, {"RVA": 28112, "Type": "HIGHLOW"}, {"RVA": 28259, "Type": "HIGHLOW"}, {"RVA": 28354, "Type": "HIGHLOW"}, {"RVA": 28517, "Type": "HIGHLOW"}, {"RVA": 28549, "Type": "HIGHLOW"}], [{"SizeOfBlock": {"FileOffset": 421628, "Value": 144, "Offset": 4}, "VirtualAddress": {"FileOffset": 421624, "Value": 28672, "Offset": 0}, "Structure": "IMAGE_BASE_RELOCATION"}, {"RVA": 28789, "Type": "HIGHLOW"}, {"RVA": 28830, "Type": "HIGHLOW"}, {"RVA": 28919, "Type": "HIGHLOW"}, {"RVA": 29285, "Type": "HIGHLOW"}, {"RVA": 29503, "Type": "HIGHLOW"}, {"RVA": 29711, "Type": "HIGHLOW"}, {"RVA": 29760, "Type": "HIGHLOW"}, {"RVA": 29782, "Type": "HIGHLOW"}, {"RVA": 29847, "Type": "HIGHLOW"}, {"RVA": 29878, "Type": "HIGHLOW"}, {"RVA": 30035, "Type": "HIGHLOW"}, {"RVA": 30085, "Type": "HIGHLOW"}, {"RVA": 30125, "Type": "HIGHLOW"}, {"RVA": 30251, "Type": "HIGHLOW"}, {"RVA": 30351, "Type": "HIGHLOW"}, {"RVA": 30386, "Type": "HIGHLOW"}, {"RVA": 30501, "Type": "HIGHLOW"}, {"RVA": 30562, "Type": "HIGHLOW"}, {"RVA": 30585, "Type": "HIGHLOW"}, {"RVA": 30953, "Type": "HIGHLOW"}, {"RVA": 30970, "Type": "HIGHLOW"}, {"RVA": 31028, "Type": "HIGHLOW"}, {"RVA": 31041, "Type": "HIGHLOW"}, {"RVA": 31051, "Type": "HIGHLOW"}, {"RVA": 31065, "Type": "HIGHLOW"}, {"RVA": 31074, "Type": "HIGHLOW"}, {"RVA": 31084, "Type": "HIGHLOW"}, {"RVA": 31136, "Type": "HIGHLOW"}, {"RVA": 31147, "Type": "HIGHLOW"}, {"RVA": 31157, "Type": "HIGHLOW"}, {"RVA": 31182, "Type": "HIGHLOW"}, {"RVA": 31192, "Type": "HIGHLOW"}, {"RVA": 31211, "Type": "HIGHLOW"}, {"RVA": 31247, "Type": "HIGHLOW"}, {"RVA": 31302, "Type": "HIGHLOW"}, {"RVA": 31355, "Type": "HIGHLOW"}, {"RVA": 31374, "Type": "HIGHLOW"}, {"RVA": 31486, "Type": "HIGHLOW"}, {"RVA": 31515, "Type": "HIGHLOW"}, {"RVA": 31588, "Type": "HIGHLOW"}, {"RVA": 31699, "Type": "HIGHLOW"}, {"RVA": 31730, "Type": "HIGHLOW"}, {"RVA": 31847, "Type": "HIGHLOW"}, {"RVA": 31859, "Type": "HIGHLOW"}, {"RVA": 31878, "Type": "HIGHLOW"}, {"RVA": 31896, "Type": "HIGHLOW"}, {"RVA": 31923, "Type": "HIGHLOW"}, {"RVA": 31931, "Type": "HIGHLOW"}, {"RVA": 31939, "Type": "HIGHLOW"}, {"RVA": 31962, "Type": "HIGHLOW"}, {"RVA": 31987, "Type": "HIGHLOW"}, {"RVA": 32015, "Type": "HIGHLOW"}, {"RVA": 32024, "Type": "HIGHLOW"}, {"RVA": 32030, "Type": "HIGHLOW"}, {"RVA": 32039, "Type": "HIGHLOW"}, {"RVA": 32044, "Type": "HIGHLOW"}, {"RVA": 32059, "Type": "HIGHLOW"}, {"RVA": 32098, "Type": "HIGHLOW"}, {"RVA": 32139, "Type": "HIGHLOW"}, {"RVA": 32156, "Type": "HIGHLOW"}, {"RVA": 32176, "Type": "HIGHLOW"}, {"RVA": 32252, "Type": "HIGHLOW"}, {"RVA": 32331, "Type": "HIGHLOW"}, {"RVA": 32403, "Type": "HIGHLOW"}, {"RVA": 32487, "Type": "HIGHLOW"}, {"RVA": 32682, "Type": "HIGHLOW"}, {"RVA": 32728, "Type": "HIGHLOW"}, {"RVA": 28672, "Type": "ABSOLUTE"}], [{"SizeOfBlock": {"FileOffset": 421772, "Value": 136, "Offset": 4}, "VirtualAddress": {"FileOffset": 421768, "Value": 32768, "Offset": 0}, "Structure": "IMAGE_BASE_RELOCATION"}, {"RVA": 32848, "Type": "HIGHLOW"}, {"RVA": 32874, "Type": "HIGHLOW"}, {"RVA": 32891, "Type": "HIGHLOW"}, {"RVA": 32948, "Type": "HIGHLOW"}, {"RVA": 33000, "Type": "HIGHLOW"}, {"RVA": 33006, "Type": "HIGHLOW"}, {"RVA": 33012, "Type": "HIGHLOW"}, {"RVA": 33053, "Type": "HIGHLOW"}, {"RVA": 33062, "Type": "HIGHLOW"}, {"RVA": 33074, "Type": "HIGHLOW"}, {"RVA": 33129, "Type": "HIGHLOW"}, {"RVA": 33138, "Type": "HIGHLOW"}, {"RVA": 33150, "Type": "HIGHLOW"}, {"RVA": 33207, "Type": "HIGHLOW"}, {"RVA": 33216, "Type": "HIGHLOW"}, {"RVA": 33228, "Type": "HIGHLOW"}, {"RVA": 33251, "Type": "HIGHLOW"}, {"RVA": 33262, "Type": "HIGHLOW"}, {"RVA": 33685, "Type": "HIGHLOW"}, {"RVA": 33715, "Type": "HIGHLOW"}, {"RVA": 34064, "Type": "HIGHLOW"}, {"RVA": 34157, "Type": "HIGHLOW"}, {"RVA": 34190, "Type": "HIGHLOW"}, {"RVA": 34199, "Type": "HIGHLOW"}, {"RVA": 34238, "Type": "HIGHLOW"}, {"RVA": 34251, "Type": "HIGHLOW"}, {"RVA": 34256, "Type": "HIGHLOW"}, {"RVA": 34270, "Type": "HIGHLOW"}, {"RVA": 34317, "Type": "HIGHLOW"}, {"RVA": 34324, "Type": "HIGHLOW"}, {"RVA": 34334, "Type": "HIGHLOW"}, {"RVA": 34352, "Type": "HIGHLOW"}, {"RVA": 34375, "Type": "HIGHLOW"}, {"RVA": 34389, "Type": "HIGHLOW"}, {"RVA": 34395, "Type": "HIGHLOW"}, {"RVA": 34430, "Type": "HIGHLOW"}, {"RVA": 34437, "Type": "HIGHLOW"}, {"RVA": 34462, "Type": "HIGHLOW"}, {"RVA": 34482, "Type": "HIGHLOW"}, {"RVA": 34488, "Type": "HIGHLOW"}, {"RVA": 34497, "Type": "HIGHLOW"}, {"RVA": 34516, "Type": "HIGHLOW"}, {"RVA": 34552, "Type": "HIGHLOW"}, {"RVA": 34616, "Type": "HIGHLOW"}, {"RVA": 34700, "Type": "HIGHLOW"}, {"RVA": 34732, "Type": "HIGHLOW"}, {"RVA": 34893, "Type": "HIGHLOW"}, {"RVA": 35003, "Type": "HIGHLOW"}, {"RVA": 35208, "Type": "HIGHLOW"}, {"RVA": 35213, "Type": "HIGHLOW"}, {"RVA": 35231, "Type": "HIGHLOW"}, {"RVA": 35261, "Type": "HIGHLOW"}, {"RVA": 35281, "Type": "HIGHLOW"}, {"RVA": 35287, "Type": "HIGHLOW"}, {"RVA": 35808, "Type": "HIGHLOW"}, {"RVA": 35936, "Type": "HIGHLOW"}, {"RVA": 36043, "Type": "HIGHLOW"}, {"RVA": 36062, "Type": "HIGHLOW"}, {"RVA": 36093, "Type": "HIGHLOW"}, {"RVA": 36111, "Type": "HIGHLOW"}, {"RVA": 36130, "Type": "HIGHLOW"}, {"RVA": 36148, "Type": "HIGHLOW"}, {"RVA": 36212, "Type": "HIGHLOW"}, {"RVA": 36244, "Type": "HIGHLOW"}], [{"SizeOfBlock": {"FileOffset": 421908, "Value": 124, "Offset": 4}, "VirtualAddress": {"FileOffset": 421904, "Value": 36864, "Offset": 0}, "Structure": "IMAGE_BASE_RELOCATION"}, {"RVA": 36968, "Type": "HIGHLOW"}, {"RVA": 37002, "Type": "HIGHLOW"}, {"RVA": 37059, "Type": "HIGHLOW"}, {"RVA": 37098, "Type": "HIGHLOW"}, {"RVA": 37130, "Type": "HIGHLOW"}, {"RVA": 37140, "Type": "HIGHLOW"}, {"RVA": 37163, "Type": "HIGHLOW"}, {"RVA": 37200, "Type": "HIGHLOW"}, {"RVA": 37235, "Type": "HIGHLOW"}, {"RVA": 37408, "Type": "HIGHLOW"}, {"RVA": 38380, "Type": "HIGHLOW"}, {"RVA": 38481, "Type": "HIGHLOW"}, {"RVA": 38493, "Type": "HIGHLOW"}, {"RVA": 38613, "Type": "HIGHLOW"}, {"RVA": 38639, "Type": "HIGHLOW"}, {"RVA": 38648, "Type": "HIGHLOW"}, {"RVA": 38945, "Type": "HIGHLOW"}, {"RVA": 38952, "Type": "HIGHLOW"}, {"RVA": 39316, "Type": "HIGHLOW"}, {"RVA": 39335, "Type": "HIGHLOW"}, {"RVA": 39352, "Type": "HIGHLOW"}, {"RVA": 39389, "Type": "HIGHLOW"}, {"RVA": 39448, "Type": "HIGHLOW"}, {"RVA": 39467, "Type": "HIGHLOW"}, {"RVA": 39491, "Type": "HIGHLOW"}, {"RVA": 39523, "Type": "HIGHLOW"}, {"RVA": 39606, "Type": "HIGHLOW"}, {"RVA": 39646, "Type": "HIGHLOW"}, {"RVA": 39671, "Type": "HIGHLOW"}, {"RVA": 39699, "Type": "HIGHLOW"}, {"RVA": 39744, "Type": "HIGHLOW"}, {"RVA": 39789, "Type": "HIGHLOW"}, {"RVA": 39800, "Type": "HIGHLOW"}, {"RVA": 39846, "Type": "HIGHLOW"}, {"RVA": 39860, "Type": "HIGHLOW"}, {"RVA": 39869, "Type": "HIGHLOW"}, {"RVA": 39933, "Type": "HIGHLOW"}, {"RVA": 39951, "Type": "HIGHLOW"}, {"RVA": 40011, "Type": "HIGHLOW"}, {"RVA": 40048, "Type": "HIGHLOW"}, {"RVA": 40061, "Type": "HIGHLOW"}, {"RVA": 40101, "Type": "HIGHLOW"}, {"RVA": 40151, "Type": "HIGHLOW"}, {"RVA": 40159, "Type": "HIGHLOW"}, {"RVA": 40221, "Type": "HIGHLOW"}, {"RVA": 40278, "Type": "HIGHLOW"}, {"RVA": 40320, "Type": "HIGHLOW"}, {"RVA": 40352, "Type": "HIGHLOW"}, {"RVA": 40406, "Type": "HIGHLOW"}, {"RVA": 40416, "Type": "HIGHLOW"}, {"RVA": 40590, "Type": "HIGHLOW"}, {"RVA": 40622, "Type": "HIGHLOW"}, {"RVA": 40627, "Type": "HIGHLOW"}, {"RVA": 40879, "Type": "HIGHLOW"}, {"RVA": 40885, "Type": "HIGHLOW"}, {"RVA": 40894, "Type": "HIGHLOW"}, {"RVA": 40949, "Type": "HIGHLOW"}, {"RVA": 40955, "Type": "HIGHLOW"}], [{"SizeOfBlock": {"FileOffset": 422032, "Value": 180, "Offset": 4}, "VirtualAddress": {"FileOffset": 422028, "Value": 40960, "Offset": 0}, "Structure": "IMAGE_BASE_RELOCATION"}, {"RVA": 40960, "Type": "HIGHLOW"}, {"RVA": 40974, "Type": "HIGHLOW"}, {"RVA": 40979, "Type": "HIGHLOW"}, {"RVA": 40984, "Type": "HIGHLOW"}, {"RVA": 40989, "Type": "HIGHLOW"}, {"RVA": 41005, "Type": "HIGHLOW"}, {"RVA": 41052, "Type": "HIGHLOW"}, {"RVA": 41058, "Type": "HIGHLOW"}, {"RVA": 41066, "Type": "HIGHLOW"}, {"RVA": 41137, "Type": "HIGHLOW"}, {"RVA": 41142, "Type": "HIGHLOW"}, {"RVA": 41200, "Type": "HIGHLOW"}, {"RVA": 41205, "Type": "HIGHLOW"}, {"RVA": 41212, "Type": "HIGHLOW"}, {"RVA": 41217, "Type": "HIGHLOW"}, {"RVA": 41224, "Type": "HIGHLOW"}, {"RVA": 41229, "Type": "HIGHLOW"}, {"RVA": 41243, "Type": "HIGHLOW"}, {"RVA": 41340, "Type": "HIGHLOW"}, {"RVA": 41349, "Type": "HIGHLOW"}, {"RVA": 41355, "Type": "HIGHLOW"}, {"RVA": 41491, "Type": "HIGHLOW"}, {"RVA": 41506, "Type": "HIGHLOW"}, {"RVA": 41521, "Type": "HIGHLOW"}, {"RVA": 41556, "Type": "HIGHLOW"}, {"RVA": 41567, "Type": "HIGHLOW"}, {"RVA": 41573, "Type": "HIGHLOW"}, {"RVA": 41589, "Type": "HIGHLOW"}, {"RVA": 41594, "Type": "HIGHLOW"}, {"RVA": 41611, "Type": "HIGHLOW"}, {"RVA": 41619, "Type": "HIGHLOW"}, {"RVA": 41625, "Type": "HIGHLOW"}, {"RVA": 41635, "Type": "HIGHLOW"}, {"RVA": 41641, "Type": "HIGHLOW"}, {"RVA": 41651, "Type": "HIGHLOW"}, {"RVA": 41657, "Type": "HIGHLOW"}, {"RVA": 41667, "Type": "HIGHLOW"}, {"RVA": 41676, "Type": "HIGHLOW"}, {"RVA": 41687, "Type": "HIGHLOW"}, {"RVA": 41692, "Type": "HIGHLOW"}, {"RVA": 41701, "Type": "HIGHLOW"}, {"RVA": 41711, "Type": "HIGHLOW"}, {"RVA": 41722, "Type": "HIGHLOW"}, {"RVA": 41781, "Type": "HIGHLOW"}, {"RVA": 41807, "Type": "HIGHLOW"}, {"RVA": 41833, "Type": "HIGHLOW"}, {"RVA": 42320, "Type": "HIGHLOW"}, {"RVA": 42327, "Type": "HIGHLOW"}, {"RVA": 42333, "Type": "HIGHLOW"}, {"RVA": 42475, "Type": "HIGHLOW"}, {"RVA": 42488, "Type": "HIGHLOW"}, {"RVA": 42519, "Type": "HIGHLOW"}, {"RVA": 42628, "Type": "HIGHLOW"}, {"RVA": 42701, "Type": "HIGHLOW"}, {"RVA": 42854, "Type": "HIGHLOW"}, {"RVA": 43062, "Type": "HIGHLOW"}, {"RVA": 43184, "Type": "HIGHLOW"}, {"RVA": 43219, "Type": "HIGHLOW"}, {"RVA": 43372, "Type": "HIGHLOW"}, {"RVA": 44375, "Type": "HIGHLOW"}, {"RVA": 44393, "Type": "HIGHLOW"}, {"RVA": 44411, "Type": "HIGHLOW"}, {"RVA": 44429, "Type": "HIGHLOW"}, {"RVA": 44447, "Type": "HIGHLOW"}, {"RVA": 44485, "Type": "HIGHLOW"}, {"RVA": 44503, "Type": "HIGHLOW"}, {"RVA": 44521, "Type": "HIGHLOW"}, {"RVA": 44539, "Type": "HIGHLOW"}, {"RVA": 44557, "Type": "HIGHLOW"}, {"RVA": 44575, "Type": "HIGHLOW"}, {"RVA": 44593, "Type": "HIGHLOW"}, {"RVA": 44611, "Type": "HIGHLOW"}, {"RVA": 44629, "Type": "HIGHLOW"}, {"RVA": 44647, "Type": "HIGHLOW"}, {"RVA": 44665, "Type": "HIGHLOW"}, {"RVA": 44683, "Type": "HIGHLOW"}, {"RVA": 44701, "Type": "HIGHLOW"}, {"RVA": 44789, "Type": "HIGHLOW"}, {"RVA": 44795, "Type": "HIGHLOW"}, {"RVA": 44805, "Type": "HIGHLOW"}, {"RVA": 44915, "Type": "HIGHLOW"}, {"RVA": 44921, "Type": "HIGHLOW"}, {"RVA": 44933, "Type": "HIGHLOW"}, {"RVA": 44988, "Type": "HIGHLOW"}, {"RVA": 45012, "Type": "HIGHLOW"}, {"RVA": 40960, "Type": "ABSOLUTE"}], [{"SizeOfBlock": {"FileOffset": 422212, "Value": 168, "Offset": 4}, "VirtualAddress": {"FileOffset": 422208, "Value": 45056, "Offset": 0}, "Structure": "IMAGE_BASE_RELOCATION"}, {"RVA": 45219, "Type": "HIGHLOW"}, {"RVA": 45224, "Type": "HIGHLOW"}, {"RVA": 45338, "Type": "HIGHLOW"}, {"RVA": 45345, "Type": "HIGHLOW"}, {"RVA": 45469, "Type": "HIGHLOW"}, {"RVA": 45476, "Type": "HIGHLOW"}, {"RVA": 45567, "Type": "HIGHLOW"}, {"RVA": 45612, "Type": "HIGHLOW"}, {"RVA": 45733, "Type": "HIGHLOW"}, {"RVA": 45782, "Type": "HIGHLOW"}, {"RVA": 46171, "Type": "HIGHLOW"}, {"RVA": 46353, "Type": "HIGHLOW"}, {"RVA": 46363, "Type": "HIGHLOW"}, {"RVA": 46543, "Type": "HIGHLOW"}, {"RVA": 46558, "Type": "HIGHLOW"}, {"RVA": 46677, "Type": "HIGHLOW"}, {"RVA": 46690, "Type": "HIGHLOW"}, {"RVA": 46903, "Type": "HIGHLOW"}, {"RVA": 46913, "Type": "HIGHLOW"}, {"RVA": 47073, "Type": "HIGHLOW"}, {"RVA": 47181, "Type": "HIGHLOW"}, {"RVA": 47194, "Type": "HIGHLOW"}, {"RVA": 47226, "Type": "HIGHLOW"}, {"RVA": 47270, "Type": "HIGHLOW"}, {"RVA": 47471, "Type": "HIGHLOW"}, {"RVA": 47716, "Type": "HIGHLOW"}, {"RVA": 48106, "Type": "HIGHLOW"}, {"RVA": 48156, "Type": "HIGHLOW"}, {"RVA": 48180, "Type": "HIGHLOW"}, {"RVA": 48187, "Type": "HIGHLOW"}, {"RVA": 48195, "Type": "HIGHLOW"}, {"RVA": 48200, "Type": "HIGHLOW"}, {"RVA": 48204, "Type": "HIGHLOW"}, {"RVA": 48208, "Type": "HIGHLOW"}, {"RVA": 48249, "Type": "HIGHLOW"}, {"RVA": 48287, "Type": "HIGHLOW"}, {"RVA": 48317, "Type": "HIGHLOW"}, {"RVA": 48324, "Type": "HIGHLOW"}, {"RVA": 48328, "Type": "HIGHLOW"}, {"RVA": 48332, "Type": "HIGHLOW"}, {"RVA": 48336, "Type": "HIGHLOW"}, {"RVA": 48340, "Type": "HIGHLOW"}, {"RVA": 48344, "Type": "HIGHLOW"}, {"RVA": 48348, "Type": "HIGHLOW"}, {"RVA": 48352, "Type": "HIGHLOW"}, {"RVA": 48426, "Type": "HIGHLOW"}, {"RVA": 48432, "Type": "HIGHLOW"}, {"RVA": 48436, "Type": "HIGHLOW"}, {"RVA": 48440, "Type": "HIGHLOW"}, {"RVA": 48444, "Type": "HIGHLOW"}, {"RVA": 48546, "Type": "HIGHLOW"}, {"RVA": 48557, "Type": "HIGHLOW"}, {"RVA": 48584, "Type": "HIGHLOW"}, {"RVA": 48591, "Type": "HIGHLOW"}, {"RVA": 48596, "Type": "HIGHLOW"}, {"RVA": 48600, "Type": "HIGHLOW"}, {"RVA": 48604, "Type": "HIGHLOW"}, {"RVA": 48637, "Type": "HIGHLOW"}, {"RVA": 48679, "Type": "HIGHLOW"}, {"RVA": 48729, "Type": "HIGHLOW"}, {"RVA": 48736, "Type": "HIGHLOW"}, {"RVA": 48740, "Type": "HIGHLOW"}, {"RVA": 48744, "Type": "HIGHLOW"}, {"RVA": 48748, "Type": "HIGHLOW"}, {"RVA": 48752, "Type": "HIGHLOW"}, {"RVA": 48756, "Type": "HIGHLOW"}, {"RVA": 48760, "Type": "HIGHLOW"}, {"RVA": 48764, "Type": "HIGHLOW"}, {"RVA": 48838, "Type": "HIGHLOW"}, {"RVA": 48844, "Type": "HIGHLOW"}, {"RVA": 48848, "Type": "HIGHLOW"}, {"RVA": 48852, "Type": "HIGHLOW"}, {"RVA": 48856, "Type": "HIGHLOW"}, {"RVA": 49027, "Type": "HIGHLOW"}, {"RVA": 49074, "Type": "HIGHLOW"}, {"RVA": 49080, "Type": "HIGHLOW"}, {"RVA": 49085, "Type": "HIGHLOW"}, {"RVA": 49091, "Type": "HIGHLOW"}, {"RVA": 49108, "Type": "HIGHLOW"}, {"RVA": 45056, "Type": "ABSOLUTE"}], [{"SizeOfBlock": {"FileOffset": 422380, "Value": 16, "Offset": 4}, "VirtualAddress": {"FileOffset": 422376, "Value": 49152, "Offset": 0}, "Structure": "IMAGE_BASE_RELOCATION"}, {"RVA": 49814, "Type": "HIGHLOW"}, {"RVA": 49820, "Type": "HIGHLOW"}, {"RVA": 49824, "Type": "HIGHLOW"}, {"RVA": 49829, "Type": "HIGHLOW"}], [{"SizeOfBlock": {"FileOffset": 422396, "Value": 88, "Offset": 4}, "VirtualAddress": {"FileOffset": 422392, "Value": 53248, "Offset": 0}, "Structure": "IMAGE_BASE_RELOCATION"}, {"RVA": 53708, "Type": "HIGHLOW"}, {"RVA": 53712, "Type": "HIGHLOW"}, {"RVA": 53716, "Type": "HIGHLOW"}, {"RVA": 53720, "Type": "HIGHLOW"}, {"RVA": 53724, "Type": "HIGHLOW"}, {"RVA": 53736, "Type": "HIGHLOW"}, {"RVA": 53740, "Type": "HIGHLOW"}, {"RVA": 53788, "Type": "HIGHLOW"}, {"RVA": 53792, "Type": "HIGHLOW"}, {"RVA": 53796, "Type": "HIGHLOW"}, {"RVA": 53816, "Type": "HIGHLOW"}, {"RVA": 53820, "Type": "HIGHLOW"}, {"RVA": 53972, "Type": "HIGHLOW"}, {"RVA": 53976, "Type": "HIGHLOW"}, {"RVA": 53980, "Type": "HIGHLOW"}, {"RVA": 54004, "Type": "HIGHLOW"}, {"RVA": 54008, "Type": "HIGHLOW"}, {"RVA": 56268, "Type": "HIGHLOW"}, {"RVA": 56276, "Type": "HIGHLOW"}, {"RVA": 56284, "Type": "HIGHLOW"}, {"RVA": 56292, "Type": "HIGHLOW"}, {"RVA": 56300, "Type": "HIGHLOW"}, {"RVA": 56308, "Type": "HIGHLOW"}, {"RVA": 56316, "Type": "HIGHLOW"}, {"RVA": 56324, "Type": "HIGHLOW"}, {"RVA": 56332, "Type": "HIGHLOW"}, {"RVA": 56340, "Type": "HIGHLOW"}, {"RVA": 56348, "Type": "HIGHLOW"}, {"RVA": 56356, "Type": "HIGHLOW"}, {"RVA": 56364, "Type": "HIGHLOW"}, {"RVA": 56372, "Type": "HIGHLOW"}, {"RVA": 56380, "Type": "HIGHLOW"}, {"RVA": 56388, "Type": "HIGHLOW"}, {"RVA": 56396, "Type": "HIGHLOW"}, {"RVA": 56404, "Type": "HIGHLOW"}, {"RVA": 56412, "Type": "HIGHLOW"}, {"RVA": 56420, "Type": "HIGHLOW"}, {"RVA": 56428, "Type": "HIGHLOW"}, {"RVA": 56436, "Type": "HIGHLOW"}, {"RVA": 53248, "Type": "ABSOLUTE"}], [{"SizeOfBlock": {"FileOffset": 422484, "Value": 328, "Offset": 4}, "VirtualAddress": {"FileOffset": 422480, "Value": 61440, "Offset": 0}, "Structure": "IMAGE_BASE_RELOCATION"}, {"RVA": 61568, "Type": "HIGHLOW"}, {"RVA": 61572, "Type": "HIGHLOW"}, {"RVA": 61576, "Type": "HIGHLOW"}, {"RVA": 61580, "Type": "HIGHLOW"}, {"RVA": 61584, "Type": "HIGHLOW"}, {"RVA": 61588, "Type": "HIGHLOW"}, {"RVA": 61592, "Type": "HIGHLOW"}, {"RVA": 61596, "Type": "HIGHLOW"}, {"RVA": 61600, "Type": "HIGHLOW"}, {"RVA": 61604, "Type": "HIGHLOW"}, {"RVA": 61608, "Type": "HIGHLOW"}, {"RVA": 61612, "Type": "HIGHLOW"}, {"RVA": 61616, "Type": "HIGHLOW"}, {"RVA": 61620, "Type": "HIGHLOW"}, {"RVA": 61624, "Type": "HIGHLOW"}, {"RVA": 61628, "Type": "HIGHLOW"}, {"RVA": 61632, "Type": "HIGHLOW"}, {"RVA": 61636, "Type": "HIGHLOW"}, {"RVA": 61640, "Type": "HIGHLOW"}, {"RVA": 61644, "Type": "HIGHLOW"}, {"RVA": 61648, "Type": "HIGHLOW"}, {"RVA": 61652, "Type": "HIGHLOW"}, {"RVA": 61656, "Type": "HIGHLOW"}, {"RVA": 61660, "Type": "HIGHLOW"}, {"RVA": 61664, "Type": "HIGHLOW"}, {"RVA": 61668, "Type": "HIGHLOW"}, {"RVA": 61672, "Type": "HIGHLOW"}, {"RVA": 61676, "Type": "HIGHLOW"}, {"RVA": 61680, "Type": "HIGHLOW"}, {"RVA": 61684, "Type": "HIGHLOW"}, {"RVA": 61688, "Type": "HIGHLOW"}, {"RVA": 61692, "Type": "HIGHLOW"}, {"RVA": 61696, "Type": "HIGHLOW"}, {"RVA": 61700, "Type": "HIGHLOW"}, {"RVA": 61704, "Type": "HIGHLOW"}, {"RVA": 61708, "Type": "HIGHLOW"}, {"RVA": 61712, "Type": "HIGHLOW"}, {"RVA": 61716, "Type": "HIGHLOW"}, {"RVA": 61720, "Type": "HIGHLOW"}, {"RVA": 61724, "Type": "HIGHLOW"}, {"RVA": 61728, "Type": "HIGHLOW"}, {"RVA": 61732, "Type": "HIGHLOW"}, {"RVA": 61736, "Type": "HIGHLOW"}, {"RVA": 61740, "Type": "HIGHLOW"}, {"RVA": 61744, "Type": "HIGHLOW"}, {"RVA": 61748, "Type": "HIGHLOW"}, {"RVA": 61752, "Type": "HIGHLOW"}, {"RVA": 61756, "Type": "HIGHLOW"}, {"RVA": 61760, "Type": "HIGHLOW"}, {"RVA": 61764, "Type": "HIGHLOW"}, {"RVA": 61768, "Type": "HIGHLOW"}, {"RVA": 61772, "Type": "HIGHLOW"}, {"RVA": 61776, "Type": "HIGHLOW"}, {"RVA": 61780, "Type": "HIGHLOW"}, {"RVA": 61784, "Type": "HIGHLOW"}, {"RVA": 61788, "Type": "HIGHLOW"}, {"RVA": 61792, "Type": "HIGHLOW"}, {"RVA": 61796, "Type": "HIGHLOW"}, {"RVA": 61800, "Type": "HIGHLOW"}, {"RVA": 61804, "Type": "HIGHLOW"}, {"RVA": 61808, "Type": "HIGHLOW"}, {"RVA": 61812, "Type": "HIGHLOW"}, {"RVA": 61816, "Type": "HIGHLOW"}, {"RVA": 61820, "Type": "HIGHLOW"}, {"RVA": 61824, "Type": "HIGHLOW"}, {"RVA": 61828, "Type": "HIGHLOW"}, {"RVA": 61832, "Type": "HIGHLOW"}, {"RVA": 61836, "Type": "HIGHLOW"}, {"RVA": 61840, "Type": "HIGHLOW"}, {"RVA": 61844, "Type": "HIGHLOW"}, {"RVA": 61848, "Type": "HIGHLOW"}, {"RVA": 61852, "Type": "HIGHLOW"}, {"RVA": 61856, "Type": "HIGHLOW"}, {"RVA": 61860, "Type": "HIGHLOW"}, {"RVA": 61864, "Type": "HIGHLOW"}, {"RVA": 61868, "Type": "HIGHLOW"}, {"RVA": 61872, "Type": "HIGHLOW"}, {"RVA": 61876, "Type": "HIGHLOW"}, {"RVA": 61880, "Type": "HIGHLOW"}, {"RVA": 61884, "Type": "HIGHLOW"}, {"RVA": 61888, "Type": "HIGHLOW"}, {"RVA": 61892, "Type": "HIGHLOW"}, {"RVA": 61896, "Type": "HIGHLOW"}, {"RVA": 61900, "Type": "HIGHLOW"}, {"RVA": 61904, "Type": "HIGHLOW"}, {"RVA": 61908, "Type": "HIGHLOW"}, {"RVA": 61912, "Type": "HIGHLOW"}, {"RVA": 61916, "Type": "HIGHLOW"}, {"RVA": 61920, "Type": "HIGHLOW"}, {"RVA": 61924, "Type": "HIGHLOW"}, {"RVA": 61928, "Type": "HIGHLOW"}, {"RVA": 61932, "Type": "HIGHLOW"}, {"RVA": 61936, "Type": "HIGHLOW"}, {"RVA": 61940, "Type": "HIGHLOW"}, {"RVA": 61944, "Type": "HIGHLOW"}, {"RVA": 61948, "Type": "HIGHLOW"}, {"RVA": 61952, "Type": "HIGHLOW"}, {"RVA": 62756, "Type": "HIGHLOW"}, {"RVA": 62760, "Type": "HIGHLOW"}, {"RVA": 62884, "Type": "HIGHLOW"}, {"RVA": 62888, "Type": "HIGHLOW"}, {"RVA": 62904, "Type": "HIGHLOW"}, {"RVA": 62908, "Type": "HIGHLOW"}, {"RVA": 62912, "Type": "HIGHLOW"}, {"RVA": 62920, "Type": "HIGHLOW"}, {"RVA": 62944, "Type": "HIGHLOW"}, {"RVA": 62948, "Type": "HIGHLOW"}, {"RVA": 62972, "Type": "HIGHLOW"}, {"RVA": 62988, "Type": "HIGHLOW"}, {"RVA": 62992, "Type": "HIGHLOW"}, {"RVA": 63012, "Type": "HIGHLOW"}, {"RVA": 63016, "Type": "HIGHLOW"}, {"RVA": 63032, "Type": "HIGHLOW"}, {"RVA": 63036, "Type": "HIGHLOW"}, {"RVA": 63052, "Type": "HIGHLOW"}, {"RVA": 63056, "Type": "HIGHLOW"}, {"RVA": 63064, "Type": "HIGHLOW"}, {"RVA": 63088, "Type": "HIGHLOW"}, {"RVA": 63160, "Type": "HIGHLOW"}, {"RVA": 63192, "Type": "HIGHLOW"}, {"RVA": 63224, "Type": "HIGHLOW"}, {"RVA": 63256, "Type": "HIGHLOW"}, {"RVA": 63264, "Type": "HIGHLOW"}, {"RVA": 63272, "Type": "HIGHLOW"}, {"RVA": 63280, "Type": "HIGHLOW"}, {"RVA": 63284, "Type": "HIGHLOW"}, {"RVA": 63292, "Type": "HIGHLOW"}, {"RVA": 63312, "Type": "HIGHLOW"}, {"RVA": 63320, "Type": "HIGHLOW"}, {"RVA": 63340, "Type": "HIGHLOW"}, {"RVA": 63364, "Type": "HIGHLOW"}, {"RVA": 63368, "Type": "HIGHLOW"}, {"RVA": 63400, "Type": "HIGHLOW"}, {"RVA": 63432, "Type": "HIGHLOW"}, {"RVA": 63464, "Type": "HIGHLOW"}, {"RVA": 63476, "Type": "HIGHLOW"}, {"RVA": 63504, "Type": "HIGHLOW"}, {"RVA": 63536, "Type": "HIGHLOW"}, {"RVA": 63568, "Type": "HIGHLOW"}, {"RVA": 63580, "Type": "HIGHLOW"}, {"RVA": 63608, "Type": "HIGHLOW"}, {"RVA": 63620, "Type": "HIGHLOW"}, {"RVA": 63648, "Type": "HIGHLOW"}, {"RVA": 63680, "Type": "HIGHLOW"}, {"RVA": 63712, "Type": "HIGHLOW"}, {"RVA": 63744, "Type": "HIGHLOW"}, {"RVA": 63776, "Type": "HIGHLOW"}, {"RVA": 63808, "Type": "HIGHLOW"}, {"RVA": 63840, "Type": "HIGHLOW"}, {"RVA": 63868, "Type": "HIGHLOW"}, {"RVA": 63872, "Type": "HIGHLOW"}, {"RVA": 63904, "Type": "HIGHLOW"}, {"RVA": 63936, "Type": "HIGHLOW"}, {"RVA": 63968, "Type": "HIGHLOW"}, {"RVA": 63980, "Type": "HIGHLOW"}, {"RVA": 64008, "Type": "HIGHLOW"}, {"RVA": 64040, "Type": "HIGHLOW"}, {"RVA": 64068, "Type": "HIGHLOW"}, {"RVA": 64072, "Type": "HIGHLOW"}, {"RVA": 64104, "Type": "HIGHLOW"}], [{"SizeOfBlock": {"FileOffset": 422812, "Value": 332, "Offset": 4}, "VirtualAddress": {"FileOffset": 422808, "Value": 69632, "Offset": 0}, "Structure": "IMAGE_BASE_RELOCATION"}, {"RVA": 69632, "Type": "HIGHLOW"}, {"RVA": 69660, "Type": "HIGHLOW"}, {"RVA": 69700, "Type": "HIGHLOW"}, {"RVA": 69704, "Type": "HIGHLOW"}, {"RVA": 70080, "Type": "HIGHLOW"}, {"RVA": 70088, "Type": "HIGHLOW"}, {"RVA": 70720, "Type": "HIGHLOW"}, {"RVA": 71880, "Type": "HIGHLOW"}, {"RVA": 72136, "Type": "HIGHLOW"}, {"RVA": 72140, "Type": "HIGHLOW"}, {"RVA": 72144, "Type": "HIGHLOW"}, {"RVA": 72148, "Type": "HIGHLOW"}, {"RVA": 72152, "Type": "HIGHLOW"}, {"RVA": 72156, "Type": "HIGHLOW"}, {"RVA": 72160, "Type": "HIGHLOW"}, {"RVA": 72164, "Type": "HIGHLOW"}, {"RVA": 72168, "Type": "HIGHLOW"}, {"RVA": 72172, "Type": "HIGHLOW"}, {"RVA": 72176, "Type": "HIGHLOW"}, {"RVA": 72180, "Type": "HIGHLOW"}, {"RVA": 72184, "Type": "HIGHLOW"}, {"RVA": 72188, "Type": "HIGHLOW"}, {"RVA": 72192, "Type": "HIGHLOW"}, {"RVA": 72196, "Type": "HIGHLOW"}, {"RVA": 72200, "Type": "HIGHLOW"}, {"RVA": 72204, "Type": "HIGHLOW"}, {"RVA": 72208, "Type": "HIGHLOW"}, {"RVA": 72212, "Type": "HIGHLOW"}, {"RVA": 72216, "Type": "HIGHLOW"}, {"RVA": 72220, "Type": "HIGHLOW"}, {"RVA": 72224, "Type": "HIGHLOW"}, {"RVA": 72228, "Type": "HIGHLOW"}, {"RVA": 72232, "Type": "HIGHLOW"}, {"RVA": 72236, "Type": "HIGHLOW"}, {"RVA": 72240, "Type": "HIGHLOW"}, {"RVA": 72244, "Type": "HIGHLOW"}, {"RVA": 72248, "Type": "HIGHLOW"}, {"RVA": 72252, "Type": "HIGHLOW"}, {"RVA": 72256, "Type": "HIGHLOW"}, {"RVA": 72260, "Type": "HIGHLOW"}, {"RVA": 72264, "Type": "HIGHLOW"}, {"RVA": 72268, "Type": "HIGHLOW"}, {"RVA": 72272, "Type": "HIGHLOW"}, {"RVA": 72276, "Type": "HIGHLOW"}, {"RVA": 72280, "Type": "HIGHLOW"}, {"RVA": 72284, "Type": "HIGHLOW"}, {"RVA": 72288, "Type": "HIGHLOW"}, {"RVA": 72292, "Type": "HIGHLOW"}, {"RVA": 72296, "Type": "HIGHLOW"}, {"RVA": 72300, "Type": "HIGHLOW"}, {"RVA": 72304, "Type": "HIGHLOW"}, {"RVA": 72320, "Type": "HIGHLOW"}, {"RVA": 72324, "Type": "HIGHLOW"}, {"RVA": 72328, "Type": "HIGHLOW"}, {"RVA": 72332, "Type": "HIGHLOW"}, {"RVA": 72336, "Type": "HIGHLOW"}, {"RVA": 72340, "Type": "HIGHLOW"}, {"RVA": 72344, "Type": "HIGHLOW"}, {"RVA": 72348, "Type": "HIGHLOW"}, {"RVA": 72352, "Type": "HIGHLOW"}, {"RVA": 72356, "Type": "HIGHLOW"}, {"RVA": 72360, "Type": "HIGHLOW"}, {"RVA": 72364, "Type": "HIGHLOW"}, {"RVA": 72368, "Type": "HIGHLOW"}, {"RVA": 72372, "Type": "HIGHLOW"}, {"RVA": 72376, "Type": "HIGHLOW"}, {"RVA": 72380, "Type": "HIGHLOW"}, {"RVA": 72384, "Type": "HIGHLOW"}, {"RVA": 72388, "Type": "HIGHLOW"}, {"RVA": 72392, "Type": "HIGHLOW"}, {"RVA": 72396, "Type": "HIGHLOW"}, {"RVA": 72400, "Type": "HIGHLOW"}, {"RVA": 72404, "Type": "HIGHLOW"}, {"RVA": 72408, "Type": "HIGHLOW"}, {"RVA": 72412, "Type": "HIGHLOW"}, {"RVA": 72416, "Type": "HIGHLOW"}, {"RVA": 72420, "Type": "HIGHLOW"}, {"RVA": 72424, "Type": "HIGHLOW"}, {"RVA": 72428, "Type": "HIGHLOW"}, {"RVA": 72432, "Type": "HIGHLOW"}, {"RVA": 72436, "Type": "HIGHLOW"}, {"RVA": 72440, "Type": "HIGHLOW"}, {"RVA": 72444, "Type": "HIGHLOW"}, {"RVA": 72448, "Type": "HIGHLOW"}, {"RVA": 72452, "Type": "HIGHLOW"}, {"RVA": 72456, "Type": "HIGHLOW"}, {"RVA": 72460, "Type": "HIGHLOW"}, {"RVA": 72464, "Type": "HIGHLOW"}, {"RVA": 72468, "Type": "HIGHLOW"}, {"RVA": 72472, "Type": "HIGHLOW"}, {"RVA": 72476, "Type": "HIGHLOW"}, {"RVA": 72480, "Type": "HIGHLOW"}, {"RVA": 72484, "Type": "HIGHLOW"}, {"RVA": 72488, "Type": "HIGHLOW"}, {"RVA": 72584, "Type": "HIGHLOW"}, {"RVA": 72600, "Type": "HIGHLOW"}, {"RVA": 72616, "Type": "HIGHLOW"}, {"RVA": 72632, "Type": "HIGHLOW"}, {"RVA": 72648, "Type": "HIGHLOW"}, {"RVA": 72684, "Type": "HIGHLOW"}, {"RVA": 72696, "Type": "HIGHLOW"}, {"RVA": 72700, "Type": "HIGHLOW"}, {"RVA": 72704, "Type": "HIGHLOW"}, {"RVA": 72708, "Type": "HIGHLOW"}, {"RVA": 72712, "Type": "HIGHLOW"}, {"RVA": 72716, "Type": "HIGHLOW"}, {"RVA": 72720, "Type": "HIGHLOW"}, {"RVA": 72724, "Type": "HIGHLOW"}, {"RVA": 72728, "Type": "HIGHLOW"}, {"RVA": 72732, "Type": "HIGHLOW"}, {"RVA": 72736, "Type": "HIGHLOW"}, {"RVA": 72740, "Type": "HIGHLOW"}, {"RVA": 72744, "Type": "HIGHLOW"}, {"RVA": 72748, "Type": "HIGHLOW"}, {"RVA": 72752, "Type": "HIGHLOW"}, {"RVA": 72756, "Type": "HIGHLOW"}, {"RVA": 72760, "Type": "HIGHLOW"}, {"RVA": 73072, "Type": "HIGHLOW"}, {"RVA": 73096, "Type": "HIGHLOW"}, {"RVA": 73100, "Type": "HIGHLOW"}, {"RVA": 73104, "Type": "HIGHLOW"}, {"RVA": 73108, "Type": "HIGHLOW"}, {"RVA": 73112, "Type": "HIGHLOW"}, {"RVA": 73116, "Type": "HIGHLOW"}, {"RVA": 73120, "Type": "HIGHLOW"}, {"RVA": 73124, "Type": "HIGHLOW"}, {"RVA": 73128, "Type": "HIGHLOW"}, {"RVA": 73132, "Type": "HIGHLOW"}, {"RVA": 73144, "Type": "HIGHLOW"}, {"RVA": 73148, "Type": "HIGHLOW"}, {"RVA": 73152, "Type": "HIGHLOW"}, {"RVA": 73156, "Type": "HIGHLOW"}, {"RVA": 73160, "Type": "HIGHLOW"}, {"RVA": 73164, "Type": "HIGHLOW"}, {"RVA": 73168, "Type": "HIGHLOW"}, {"RVA": 73172, "Type": "HIGHLOW"}, {"RVA": 73176, "Type": "HIGHLOW"}, {"RVA": 73180, "Type": "HIGHLOW"}, {"RVA": 73184, "Type": "HIGHLOW"}, {"RVA": 73488, "Type": "HIGHLOW"}, {"RVA": 73492, "Type": "HIGHLOW"}, {"RVA": 73496, "Type": "HIGHLOW"}, {"RVA": 73500, "Type": "HIGHLOW"}, {"RVA": 73504, "Type": "HIGHLOW"}, {"RVA": 73508, "Type": "HIGHLOW"}, {"RVA": 73512, "Type": "HIGHLOW"}, {"RVA": 73516, "Type": "HIGHLOW"}, {"RVA": 73520, "Type": "HIGHLOW"}, {"RVA": 73528, "Type": "HIGHLOW"}, {"RVA": 73536, "Type": "HIGHLOW"}, {"RVA": 73544, "Type": "HIGHLOW"}, {"RVA": 73552, "Type": "HIGHLOW"}, {"RVA": 73560, "Type": "HIGHLOW"}, {"RVA": 73568, "Type": "HIGHLOW"}, {"RVA": 73576, "Type": "HIGHLOW"}, {"RVA": 73584, "Type": "HIGHLOW"}, {"RVA": 73592, "Type": "HIGHLOW"}, {"RVA": 73600, "Type": "HIGHLOW"}, {"RVA": 73608, "Type": "HIGHLOW"}, {"RVA": 73616, "Type": "HIGHLOW"}, {"RVA": 73620, "Type": "HIGHLOW"}, {"RVA": 73624, "Type": "HIGHLOW"}]], "NT_HEADERS": {"Structure": "IMAGE_NT_HEADERS", "Signature": {"FileOffset": 240, "Value": 17744, "Offset": 0}}, "LOAD_CONFIG": {"TimeDateStamp": {"FileOffset": 56556, "Value": "0x0        [Thu Jan  1 00:00:00 1970 UTC]", "Offset": 4}, "ProcessHeapFlags": {"FileOffset": 56596, "Value": 0, "Offset": 44}, "CSDVersion": {"FileOffset": 56604, "Value": 0, "Offset": 52}, "GuardCFFunctionCount": {"FileOffset": 56636, "Value": 584712891, "Offset": 84}, "SEHandlerCount": {"FileOffset": 56620, "Value": 3, "Offset": 68}, "GuardCFCheckFunctionPointer": {"FileOffset": 56624, "Value": 1396986706, "Offset": 72}, "GlobalFlagsClear": {"FileOffset": 56564, "Value": 0, "Offset": 12}, "ProcessAffinityMask": {"FileOffset": 56600, "Value": 0, "Offset": 48}, "VirtualMemoryThreshold": {"FileOffset": 56592, "Value": 0, "Offset": 40}, "LockPrefixTable": {"FileOffset": 56584, "Value": 0, "Offset": 32}, "MaximumAllocationSize": {"FileOffset": 56588, "Value": 0, "Offset": 36}, "Structure": "IMAGE_LOAD_CONFIG_DIRECTORY", "SEHandlerTable": {"FileOffset": 56616, "Value": 4257408, "Offset": 64}, "GuardCFFunctionTable": {"FileOffset": 56632, "Value": 1099433186, "Offset": 80}, "DeCommitFreeBlockThreshold": {"FileOffset": 56576, "Value": 0, "Offset": 24}, "MinorVersion": {"FileOffset": 56562, "Value": 0, "Offset": 10}, "MajorVersion": {"FileOffset": 56560, "Value": 0, "Offset": 8}, "Reserved1": {"FileOffset": 56606, "Value": 0, "Offset": 54}, "SecurityCookie": {"FileOffset": 56612, "Value": 4263996, "Offset": 60}, "GlobalFlagsSet": {"FileOffset": 56568, "Value": 0, "Offset": 16}, "CriticalSectionDefaultTimeout": {"FileOffset": 56572, "Value": 0, "Offset": 20}, "DeCommitTotalFreeThreshold": {"FileOffset": 56580, "Value": 0, "Offset": 28}, "Reserved2": {"FileOffset": 56628, "Value": 922339720, "Offset": 76}, "EditList": {"FileOffset": 56608, "Value": 0, "Offset": 56}, "GuardFlags": {"FileOffset": 56640, "Value": 3085245994, "Offset": 88}, "Size": {"FileOffset": 56552, "Value": 72, "Offset": 0}}, "Flags": ["IMAGE_FILE_32BIT_MACHINE", "IMAGE_FILE_EXECUTABLE_IMAGE"], "Version Information": [{"ValueLength": {"FileOffset": 418914, "Value": 52, "Offset": 2}, "Length": {"FileOffset": 418912, "Value": 752, "Offset": 0}, "Type": {"FileOffset": 418916, "Value": 0, "Offset": 4}, "Structure": "VS_VERSIONINFO"}, {"FileFlagsMask": {"FileOffset": 418976, "Value": 63, "Offset": 24}, "FileType": {"FileOffset": 418988, "Value": 1, "Offset": 36}, "FileVersionMS": {"FileOffset": 418960, "Value": 131080, "Offset": 8}, "FileVersionLS": {"FileOffset": 418964, "Value": 6, "Offset": 12}, "Signature": {"FileOffset": 418952, "Value": 4277077181, "Offset": 0}, "FileSubtype": {"FileOffset": 418992, "Value": 0, "Offset": 40}, "FileFlags": {"FileOffset": 418980, "Value": 0, "Offset": 28}, "FileDateLS": {"FileOffset": 419000, "Value": 0, "Offset": 48}, "ProductVersionLS": {"FileOffset": 418972, "Value": 1, "Offset": 20}, "FileOS": {"FileOffset": 418984, "Value": 262148, "Offset": 32}, "ProductVersionMS": {"FileOffset": 418968, "Value": 65540, "Offset": 16}, "FileDateMS": {"FileOffset": 418996, "Value": 0, "Offset": 44}, "Structure": "VS_FIXEDFILEINFO", "StrucVersion": {"FileOffset": 418956, "Value": 65536, "Offset": 4}}], "Debug information": [{"MajorVersion": {"FileOffset": 47624, "Value": 0, "Offset": 8}, "PointerToRawData": {"FileOffset": 47640, "Value": 56624, "Offset": 24}, "MinorVersion": {"FileOffset": 47626, "Value": 0, "Offset": 10}, "TimeDateStamp": {"FileOffset": 47620, "Value": "0x520A11D1 [Tue Aug 13 11:00:33 2013 UTC]", "Offset": 4}, "Characteristics": {"FileOffset": 47616, "Value": 0, "Offset": 0}, "Structure": "IMAGE_DEBUG_DIRECTORY", "Type": "IMAGE_DEBUG_TYPE_CODEVIEW", "SizeOfData": {"FileOffset": 47632, "Value": 103, "Offset": 16}, "AddressOfRawData": {"FileOffset": 47636, "Value": 62768, "Offset": 20}}], "Imported symbols": [[{"TimeDateStamp": {"FileOffset": 57968, "Value": "0x0        [Thu Jan  1 00:00:00 1970 UTC]", "Offset": 4}, "Name": {"FileOffset": 57976, "Value": 64984, "Offset": 12}, "ForwarderChain": {"FileOffset": 57972, "Value": 0, "Offset": 8}, "OriginalFirstThunk": {"FileOffset": 57964, "Value": 64216, "Offset": 0}, "FirstThunk": {"FileOffset": 57980, "Value": 53256, "Offset": 16}, "Characteristics": {"FileOffset": 57964, "Value": 64216, "Offset": 0}, "Structure": "IMAGE_IMPORT_DESCRIPTOR"}, {"Hint": 136, "Name": "CreateFileA", "DLL": "KERNEL32.dll"}, {"Hint": 496, "Name": "GetFileSize", "DLL": "KERNEL32.dll"}, {"Hint": 1126, "Name": "SetFilePointer", "DLL": "KERNEL32.dll"}, {"Hint": 354, "Name": "FreeLibrary", "DLL": "KERNEL32.dll"}, {"Hint": 702, "Name": "GlobalLock", "DLL": "KERNEL32.dll"}, {"Hint": 390, "Name": "GetCommandLineA", "DLL": "KERNEL32.dll"}, {"Hint": 1202, "Name": "Sleep", "DLL": "KERNEL32.dll"}, {"Hint": 485, "Name": "GetFileAttributesA", "DLL": "KERNEL32.dll"}, {"Hint": 960, "Name": "ReadFile", "DLL": "KERNEL32.dll"}, {"Hint": 709, "Name": "GlobalUnlock", "DLL": "KERNEL32.dll"}, {"Hint": 514, "Name": "GetLastError", "DLL": "KERNEL32.dll"}, {"Hint": 581, "Name": "GetProcAddress", "DLL": "KERNEL32.dll"}, {"Hint": 828, "Name": "LoadLibraryA", "DLL": "KERNEL32.dll"}, {"Hint": 862, "Name": "MoveFileA", "DLL": "KERNEL32.dll"}, {"Hint": 531, "Name": "GetModuleFileNameA", "DLL": "KERNEL32.dll"}, {"Hint": 155, "Name": "CreateMutexA", "DLL": "KERNEL32.dll"}, {"Hint": 82, "Name": "CloseHandle", "DLL": "KERNEL32.dll"}, {"Hint": 211, "Name": "DeleteFileA", "DLL": "KERNEL32.dll"}, {"Hint": 181, "Name": "CreateThread", "DLL": "KERNEL32.dll"}, {"Hint": 396, "Name": "GetComputerNameA", "DLL": "KERNEL32.dll"}, {"Hint": 586, "Name": "GetProcessHeap", "DLL": "KERNEL32.dll"}, {"Hint": 1107, "Name": "SetEndOfFile", "DLL": "KERNEL32.dll"}, {"Hint": 772, "Name": "IsProcessorFeaturePresent", "DLL": "KERNEL32.dll"}, {"Hint": 722, "Name": "HeapReAlloc", "DLL": "KERNEL32.dll"}, {"Hint": 617, "Name": "GetStringTypeW", "DLL": "KERNEL32.dll"}, {"Hint": 813, "Name": "LCMapStringW", "DLL": "KERNEL32.dll"}, {"Hint": 1316, "Name": "WriteConsoleW", "DLL": "KERNEL32.dll"}, {"Hint": 831, "Name": "LoadLibraryW", "DLL": "KERNEL32.dll"}, {"Hint": 724, "Name": "HeapSize", "DLL": "KERNEL32.dll"}, {"Hint": 343, "Name": "FlushFileBuffers", "DLL": "KERNEL32.dll"}, {"Hint": 1159, "Name": "SetStdHandle", "DLL": "KERNEL32.dll"}, {"Hint": 871, "Name": "MultiByteToWideChar", "DLL": "KERNEL32.dll"}, {"Hint": 778, "Name": "IsValidCodePage", "DLL": "KERNEL32.dll"}, {"Hint": 567, "Name": "GetOEMCP", "DLL": "KERNEL32.dll"}, {"Hint": 360, "Name": "GetACP", "DLL": "KERNEL32.dll"}, {"Hint": 370, "Name": "GetCPInfo", "DLL": "KERNEL32.dll"}, {"Hint": 428, "Name": "GetConsoleMode", "DLL": "KERNEL32.dll"}, {"Hint": 410, "Name": "GetConsoleCP", "DLL": "KERNEL32.dll"}, {"Hint": 633, "Name": "GetSystemTimeAsFileTime", "DLL": "KERNEL32.dll"}, {"Hint": 449, "Name": "GetCurrentProcessId", "DLL": "KERNEL32.dll"}, {"Hint": 281, "Name": "ExitProcess", "DLL": "KERNEL32.dll"}, {"Hint": 659, "Name": "GetTickCount", "DLL": "KERNEL32.dll"}, {"Hint": 935, "Name": "QueryPerformanceCounter", "DLL": "KERNEL32.dll"}, {"Hint": 723, "Name": "HeapSetInformation", "DLL": "KERNEL32.dll"}, {"Hint": 611, "Name": "GetStartupInfoW", "DLL": "KERNEL32.dll"}, {"Hint": 1216, "Name": "TerminateProcess", "DLL": "KERNEL32.dll"}, {"Hint": 448, "Name": "GetCurrentProcess", "DLL": "KERNEL32.dll"}, {"Hint": 1235, "Name": "UnhandledExceptionFilter", "DLL": "KERNEL32.dll"}, {"Hint": 1189, "Name": "SetUnhandledExceptionFilter", "DLL": "KERNEL32.dll"}, {"Hint": 768, "Name": "IsDebuggerPresent", "DLL": "KERNEL32.dll"}, {"Hint": 202, "Name": "DecodePointer", "DLL": "KERNEL32.dll"}, {"Hint": 234, "Name": "EncodePointer", "DLL": "KERNEL32.dll"}, {"Hint": 238, "Name": "EnterCriticalSection", "DLL": "KERNEL32.dll"}, {"Hint": 825, "Name": "LeaveCriticalSection", "DLL": "KERNEL32.dll"}, {"Hint": 739, "Name": "InitializeCriticalSectionAndSpinCount", "DLL": "KERNEL32.dll"}, {"Hint": 1048, "Name": "RtlUnwind", "DLL": "KERNEL32.dll"}, {"Hint": 719, "Name": "HeapFree", "DLL": "KERNEL32.dll"}, {"Hint": 715, "Name": "HeapAlloc", "DLL": "KERNEL32.dll"}, {"Hint": 945, "Name": "RaiseException", "DLL": "KERNEL32.dll"}, {"Hint": 536, "Name": "GetModuleHandleW", "DLL": "KERNEL32.dll"}, {"Hint": 1317, "Name": "WriteFile", "DLL": "KERNEL32.dll"}, {"Hint": 612, "Name": "GetStdHandle", "DLL": "KERNEL32.dll"}, {"Hint": 532, "Name": "GetModuleFileNameW", "DLL": "KERNEL32.dll"}, {"Hint": 353, "Name": "FreeEnvironmentStringsW", "DLL": "KERNEL32.dll"}, {"Hint": 1297, "Name": "WideCharToMultiByte", "DLL": "KERNEL32.dll"}, {"Hint": 474, "Name": "GetEnvironmentStringsW", "DLL": "KERNEL32.dll"}, {"Hint": 1135, "Name": "SetHandleCount", "DLL": "KERNEL32.dll"}, {"Hint": 499, "Name": "GetFileType", "DLL": "KERNEL32.dll"}, {"Hint": 209, "Name": "DeleteCriticalSection", "DLL": "KERNEL32.dll"}, {"Hint": 1221, "Name": "TlsAlloc", "DLL": "KERNEL32.dll"}, {"Hint": 1223, "Name": "TlsGetValue", "DLL": "KERNEL32.dll"}, {"Hint": 1224, "Name": "TlsSetValue", "DLL": "KERNEL32.dll"}, {"Hint": 1222, "Name": "TlsFree", "DLL": "KERNEL32.dll"}, {"Hint": 751, "Name": "InterlockedIncrement", "DLL": "KERNEL32.dll"}, {"Hint": 1139, "Name": "SetLastError", "DLL": "KERNEL32.dll"}, {"Hint": 453, "Name": "GetCurrentThreadId", "DLL": "KERNEL32.dll"}, {"Hint": 747, "Name": "InterlockedDecrement", "DLL": "KERNEL32.dll"}, {"Hint": 717, "Name": "HeapCreate", "DLL": "KERNEL32.dll"}, {"Hint": 143, "Name": "CreateFileW", "DLL": "KERNEL32.dll"}], [{"TimeDateStamp": {"FileOffset": 57988, "Value": "0x0        [Thu Jan  1 00:00:00 1970 UTC]", "Offset": 4}, "Name": {"FileOffset": 57996, "Value": 65522, "Offset": 12}, "ForwarderChain": {"FileOffset": 57992, "Value": 0, "Offset": 8}, "OriginalFirstThunk": {"FileOffset": 57984, "Value": 64544, "Offset": 0}, "FirstThunk": {"FileOffset": 58000, "Value": 53584, "Offset": 16}, "Characteristics": {"FileOffset": 57984, "Value": 64544, "Offset": 0}, "Structure": "IMAGE_IMPORT_DESCRIPTOR"}, {"Hint": 418, "Name": "GetWindowTextLengthW", "DLL": "USER32.dll"}, {"Hint": 345, "Name": "GetMessageA", "DLL": "USER32.dll"}, {"Hint": 73, "Name": "CloseClipboard", "DLL": "USER32.dll"}, {"Hint": 412, "Name": "GetWindowRect", "DLL": "USER32.dll"}, {"Hint": 98, "Name": "CreateDialogParamA", "DLL": "USER32.dll"}, {"Hint": 567, "Name": "PostQuitMessage", "DLL": "USER32.dll"}, {"Hint": 366, "Name": "GetRawInputData", "DLL": "USER32.dll"}, {"Hint": 317, "Name": "GetKeyState", "DLL": "USER32.dll"}, {"Hint": 458, "Name": "IsClipboardFormatAvailable", "DLL": "USER32.dll"}, {"Hint": 764, "Name": "TranslateMessage", "DLL": "USER32.dll"}, {"Hint": 322, "Name": "GetKeyboardState", "DLL": "USER32.dll"}, {"Hint": 301, "Name": "GetForegroundWindow", "DLL": "USER32.dll"}, {"Hint": 517, "Name": "MapVirtualKeyA", "DLL": "USER32.dll"}, {"Hint": 278, "Name": "GetClipboardData", "DLL": "USER32.dll"}, {"Hint": 419, "Name": "GetWindowTextW", "DLL": "USER32.dll"}, {"Hint": 155, "Name": "DefWindowProcA", "DLL": "USER32.dll"}, {"Hint": 291, "Name": "GetDesktopWindow", "DLL": "USER32.dll"}, {"Hint": 710, "Name": "SetWindowPos", "DLL": "USER32.dll"}, {"Hint": 735, "Name": "ShowWindow", "DLL": "USER32.dll"}, {"Hint": 602, "Name": "RegisterRawInputDevices", "DLL": "USER32.dll"}, {"Hint": 174, "Name": "DispatchMessageA", "DLL": "USER32.dll"}, {"Hint": 316, "Name": "GetKeyNameTextW", "DLL": "USER32.dll"}, {"Hint": 550, "Name": "OpenClipboard", "DLL": "USER32.dll"}, {"Hint": 647, "Name": "SetClipboardViewer", "DLL": "USER32.dll"}, {"Hint": 420, "Name": "GetWindowThreadProcessId", "DLL": "USER32.dll"}, {"Hint": 756, "Name": "ToUnicodeEx", "DLL": "USER32.dll"}, {"Hint": 318, "Name": "GetKeyboardLayout", "DLL": "USER32.dll"}], [{"TimeDateStamp": {"FileOffset": 58008, "Value": "0x0        [Thu Jan  1 00:00:00 1970 UTC]", "Offset": 4}, "Name": {"FileOffset": 58016, "Value": 65550, "Offset": 12}, "ForwarderChain": {"FileOffset": 58012, "Value": 0, "Offset": 8}, "OriginalFirstThunk": {"FileOffset": 58004, "Value": 64208, "Offset": 0}, "FirstThunk": {"FileOffset": 58020, "Value": 53248, "Offset": 16}, "Characteristics": {"FileOffset": 58004, "Value": 64208, "Offset": 0}, "Structure": "IMAGE_IMPORT_DESCRIPTOR"}, {"Hint": 356, "Name": "GetUserNameA", "DLL": "ADVAPI32.dll"}], [{"TimeDateStamp": {"FileOffset": 58028, "Value": "0x0        [Thu Jan  1 00:00:00 1970 UTC]", "Offset": 4}, "Name": {"FileOffset": 58036, "Value": 65584, "Offset": 12}, "ForwarderChain": {"FileOffset": 58032, "Value": 0, "Offset": 8}, "OriginalFirstThunk": {"FileOffset": 58024, "Value": 64536, "Offset": 0}, "FirstThunk": {"FileOffset": 58040, "Value": 53576, "Offset": 16}, "Characteristics": {"FileOffset": 58024, "Value": 64536, "Offset": 0}, "Structure": "IMAGE_IMPORT_DESCRIPTOR"}, {"Hint": 191, "Name": "SHGetFolderPathA", "DLL": "SHELL32.dll"}]], "PE Sections": [{"PointerToRawData": {"FileOffset": 508, "Value": 1024, "Offset": 20}, "SHA1": "dac325f7bf3c51f680c4cfba0eebdc37efe453d8", "SHA256": "3c34f5262335bfb2885718193e3fea053f60f3fc22e729ee77733aa99680e954", "Name": {"FileOffset": 488, "Value": ".text", "Offset": 0}, "NumberOfRelocations": {"FileOffset": 520, "Value": 0, "Offset": 32}, "Misc_VirtualSize": {"FileOffset": 496, "Value": 45742, "Offset": 8}, "Characteristics": {"FileOffset": 524, "Value": 1610612768, "Offset": 36}, "Misc": {"FileOffset": 496, "Value": 45742, "Offset": 8}, "PointerToLinenumbers": {"FileOffset": 516, "Value": 0, "Offset": 28}, "SizeOfRawData": {"FileOffset": 504, "Value": 46080, "Offset": 16}, "Misc_PhysicalAddress": {"FileOffset": 496, "Value": 45742, "Offset": 8}, "PointerToRelocations": {"FileOffset": 512, "Value": 0, "Offset": 24}, "Flags": ["IMAGE_SCN_MEM_EXECUTE", "IMAGE_SCN_CNT_CODE", "IMAGE_SCN_MEM_READ"], "SHA512": "b7138a72d10a611fc934dc504457667bac337a13e14457199767977e0e289ce6762d1050d625c5513032cfeafbe70ab99faecd8c5b19cfb0ad3b240f874604e8", "MD5": "671e8a38b996ed5f94ff5d1920c301f6", "Entropy": 6.525600661567455, "VirtualAddress": {"FileOffset": 500, "Value": 4096, "Offset": 12}, "Structure": "IMAGE_SECTION_HEADER", "NumberOfLinenumbers": {"FileOffset": 522, "Value": 0, "Offset": 34}}, {"PointerToRawData": {"FileOffset": 548, "Value": 47104, "Offset": 20}, "SHA1": "8831bd57801aaf96239b2eec23c15f7c3eb57afd", "SHA256": "aa880baf836fb75465eafaa3d6a3b8f0551079028eacdd7e17cf45435aa0003e", "Name": {"FileOffset": 528, "Value": ".rdata", "Offset": 0}, "NumberOfRelocations": {"FileOffset": 560, "Value": 0, "Offset": 32}, "Misc_VirtualSize": {"FileOffset": 536, "Value": 13432, "Offset": 8}, "Characteristics": {"FileOffset": 564, "Value": 1073741888, "Offset": 36}, "Misc": {"FileOffset": 536, "Value": 13432, "Offset": 8}, "PointerToLinenumbers": {"FileOffset": 556, "Value": 0, "Offset": 28}, "SizeOfRawData": {"FileOffset": 544, "Value": 13824, "Offset": 16}, "Misc_PhysicalAddress": {"FileOffset": 536, "Value": 13432, "Offset": 8}, "PointerToRelocations": {"FileOffset": 552, "Value": 0, "Offset": 24}, "Flags": ["IMAGE_SCN_CNT_INITIALIZED_DATA", "IMAGE_SCN_MEM_READ"], "SHA512": "750cb76a5e619a2ec258f82657df182aebf1bed9a69ed724349d41d529b820ef107152e6152c215554e2ee7c12529a92dffbbce0997c54c877ae7148a4dad5ad", "MD5": "e4962a178917540b79e11ce0a52a5943", "Entropy": 5.022012008713014, "VirtualAddress": {"FileOffset": 540, "Value": 53248, "Offset": 12}, "Structure": "IMAGE_SECTION_HEADER", "NumberOfLinenumbers": {"FileOffset": 562, "Value": 0, "Offset": 34}}, {"PointerToRawData": {"FileOffset": 588, "Value": 60928, "Offset": 20}, "SHA1": "36305f9093a063225e41326d7026164bb805a83d", "SHA256": "855fe1a40d8ca75cc874cf2c0ea50f52b3212b3cdd22d4545578ca488ea2f7e3", "Name": {"FileOffset": 568, "Value": ".data", "Offset": 0}, "NumberOfRelocations": {"FileOffset": 600, "Value": 0, "Offset": 32}, "Misc_VirtualSize": {"FileOffset": 576, "Value": 12812, "Offset": 8}, "Characteristics": {"FileOffset": 604, "Value": 3221225536, "Offset": 36}, "Misc": {"FileOffset": 576, "Value": 12812, "Offset": 8}, "PointerToLinenumbers": {"FileOffset": 596, "Value": 0, "Offset": 28}, "SizeOfRawData": {"FileOffset": 584, "Value": 4096, "Offset": 16}, "Misc_PhysicalAddress": {"FileOffset": 576, "Value": 12812, "Offset": 8}, "PointerToRelocations": {"FileOffset": 592, "Value": 0, "Offset": 24}, "Flags": ["IMAGE_SCN_CNT_INITIALIZED_DATA", "IMAGE_SCN_MEM_WRITE", "IMAGE_SCN_MEM_READ"], "SHA512": "35e79f2a36eed43d82f6e34df4a8d6fb344058839abb2f0d1fbf7dbe39d1ca06eb26b600d14046dc94dce68d58e66002db9bc96bca0ed6c295dee59eaeb9a047", "MD5": "a6f0b5997cdec9f6dd927491135ac7ca", "Entropy": 2.4300480853328543, "VirtualAddress": {"FileOffset": 580, "Value": 69632, "Offset": 12}, "Structure": "IMAGE_SECTION_HEADER", "NumberOfLinenumbers": {"FileOffset": 602, "Value": 0, "Offset": 34}}, {"PointerToRawData": {"FileOffset": 628, "Value": 65024, "Offset": 20}, "SHA1": "903a02151ebedb2b138cf6c586e7f9350579512e", "SHA256": "be254af1c5a8648212911af2514baa4d2271ed5eb891c4da5a64f2e2033e7a26", "Name": {"FileOffset": 608, "Value": ".rsrc", "Offset": 0}, "NumberOfRelocations": {"FileOffset": 640, "Value": 0, "Offset": 32}, "Misc_VirtualSize": {"FileOffset": 616, "Value": 354988, "Offset": 8}, "Characteristics": {"FileOffset": 644, "Value": 1073741888, "Offset": 36}, "Misc": {"FileOffset": 616, "Value": 354988, "Offset": 8}, "PointerToLinenumbers": {"FileOffset": 636, "Value": 0, "Offset": 28}, "SizeOfRawData": {"FileOffset": 624, "Value": 355328, "Offset": 16}, "Misc_PhysicalAddress": {"FileOffset": 616, "Value": 354988, "Offset": 8}, "PointerToRelocations": {"FileOffset": 632, "Value": 0, "Offset": 24}, "Flags": ["IMAGE_SCN_CNT_INITIALIZED_DATA", "IMAGE_SCN_MEM_READ"], "SHA512": "1e510afcab5add8fecbfaad749d86baa742480e35418cc8e21ebdb052655a11f7d4990b174083a0c820e61fe7cef1a79c6d6ef4189ef459a830bb1af439998d5", "MD5": "e6430ee6207e9f3b6ceb64de005b4c0a", "Entropy": 4.784562431176631, "VirtualAddress": {"FileOffset": 620, "Value": 86016, "Offset": 12}, "Structure": "IMAGE_SECTION_HEADER", "NumberOfLinenumbers": {"FileOffset": 642, "Value": 0, "Offset": 34}}, {"PointerToRawData": {"FileOffset": 668, "Value": 420352, "Offset": 20}, "SHA1": "7e6eccc0ef5bc83d50af8dc2463da5db2d84361e", "SHA256": "722ab78ba53a24289a6c83fdcaa2cab9abf59a7fb38c7b2227f304670442d832", "Name": {"FileOffset": 648, "Value": ".reloc", "Offset": 0}, "NumberOfRelocations": {"FileOffset": 680, "Value": 0, "Offset": 32}, "Misc_VirtualSize": {"FileOffset": 656, "Value": 6324, "Offset": 8}, "Characteristics": {"FileOffset": 684, "Value": 1107296320, "Offset": 36}, "Misc": {"FileOffset": 656, "Value": 6324, "Offset": 8}, "PointerToLinenumbers": {"FileOffset": 676, "Value": 0, "Offset": 28}, "SizeOfRawData": {"FileOffset": 664, "Value": 6656, "Offset": 16}, "Misc_PhysicalAddress": {"FileOffset": 656, "Value": 6324, "Offset": 8}, "PointerToRelocations": {"FileOffset": 672, "Value": 0, "Offset": 24}, "Flags": ["IMAGE_SCN_CNT_INITIALIZED_DATA", "IMAGE_SCN_MEM_DISCARDABLE", "IMAGE_SCN_MEM_READ"], "SHA512": "fd70646cff5d0c49a080ef4d46638634f80e1e5472e5bc33024cd1b5b23becd27ca7b733add6a85591afee829b912683efed6e27b480b13bbf830a17882c4f9a", "MD5": "01b749dd666aa3e68d5ea0b94be24398", "Entropy": 3.6603078504916726, "VirtualAddress": {"FileOffset": 660, "Value": 442368, "Offset": 12}, "Structure": "IMAGE_SECTION_HEADER", "NumberOfLinenumbers": {"FileOffset": 682, "Value": 0, "Offset": 34}}], "Resource directory": [{"MajorVersion": {"FileOffset": 65032, "Value": 4, "Offset": 8}, "NumberOfIdEntries": {"FileOffset": 65038, "Value": 5, "Offset": 14}, "MinorVersion": {"FileOffset": 65034, "Value": 0, "Offset": 10}, "TimeDateStamp": {"FileOffset": 65028, "Value": "0x0        [Thu Jan  1 00:00:00 1970 UTC]", "Offset": 4}, "Characteristics": {"FileOffset": 65024, "Value": 0, "Offset": 0}, "NumberOfNamedEntries": {"FileOffset": 65036, "Value": 0, "Offset": 12}, "Structure": "IMAGE_RESOURCE_DIRECTORY"}, {"Structure": "IMAGE_RESOURCE_DIRECTORY_ENTRY", "Id": [3, "RT_ICON"], "OffsetToData": {"FileOffset": 65044, "Value": 2147483704, "Offset": 4}, "Name": {"FileOffset": 65040, "Value": 3, "Offset": 0}}, [{"MajorVersion": {"FileOffset": 65088, "Value": 4, "Offset": 8}, "NumberOfIdEntries": {"FileOffset": 65094, "Value": 5, "Offset": 14}, "MinorVersion": {"FileOffset": 65090, "Value": 0, "Offset": 10}, "TimeDateStamp": {"FileOffset": 65084, "Value": "0x0        [Thu Jan  1 00:00:00 1970 UTC]", "Offset": 4}, "Characteristics": {"FileOffset": 65080, "Value": 0, "Offset": 0}, "NumberOfNamedEntries": {"FileOffset": 65092, "Value": 0, "Offset": 12}, "Structure": "IMAGE_RESOURCE_DIRECTORY"}, {"Structure": "IMAGE_RESOURCE_DIRECTORY_ENTRY", "Id": 1, "OffsetToData": {"FileOffset": 65100, "Value": 2147483856, "Offset": 4}, "Name": {"FileOffset": 65096, "Value": 1, "Offset": 0}}, [{"MajorVersion": {"FileOffset": 65240, "Value": 4, "Offset": 8}, "NumberOfIdEntries": {"FileOffset": 65246, "Value": 1, "Offset": 14}, "MinorVersion": {"FileOffset": 65242, "Value": 0, "Offset": 10}, "TimeDateStamp": {"FileOffset": 65236, "Value": "0x0        [Thu Jan  1 00:00:00 1970 UTC]", "Offset": 4}, "Characteristics": {"FileOffset": 65232, "Value": 0, "Offset": 0}, "NumberOfNamedEntries": {"FileOffset": 65244, "Value": 0, "Offset": 12}, "Structure": "IMAGE_RESOURCE_DIRECTORY"}, {"LANG": 9, "SUBLANG_NAME": "SUBLANG_ENGLISH_US", "Name": {"FileOffset": 65248, "Value": 1033, "Offset": 0}, "CodePage": {"FileOffset": 65456, "Value": 1252, "Offset": 8}, "LANG_NAME": "LANG_ENGLISH", "OffsetToData": {"FileOffset": 65448, "Value": 86584, "Offset": 0}, "Reserved": {"FileOffset": 65460, "Value": 0, "Offset": 12}, "SUBLANG": 1, "Structure": "IMAGE_RESOURCE_DATA_ENTRY", "Size": {"FileOffset": 65452, "Value": 270376, "Offset": 4}}], {"Structure": "IMAGE_RESOURCE_DIRECTORY_ENTRY", "Id": 2, "OffsetToData": {"FileOffset": 65108, "Value": 2147483880, "Offset": 4}, "Name": {"FileOffset": 65104, "Value": 2, "Offset": 0}}, [{"MajorVersion": {"FileOffset": 65264, "Value": 4, "Offset": 8}, "NumberOfIdEntries": {"FileOffset": 65270, "Value": 1, "Offset": 14}, "MinorVersion": {"FileOffset": 65266, "Value": 0, "Offset": 10}, "TimeDateStamp": {"FileOffset": 65260, "Value": "0x0        [Thu Jan  1 00:00:00 1970 UTC]", "Offset": 4}, "Characteristics": {"FileOffset": 65256, "Value": 0, "Offset": 0}, "NumberOfNamedEntries": {"FileOffset": 65268, "Value": 0, "Offset": 12}, "Structure": "IMAGE_RESOURCE_DIRECTORY"}, {"LANG": 9, "SUBLANG_NAME": "SUBLANG_ENGLISH_US", "Name": {"FileOffset": 65272, "Value": 1033, "Offset": 0}, "CodePage": {"FileOffset": 65472, "Value": 1252, "Offset": 8}, "LANG_NAME": "LANG_ENGLISH", "OffsetToData": {"FileOffset": 65464, "Value": 356960, "Offset": 0}, "Reserved": {"FileOffset": 65476, "Value": 0, "Offset": 12}, "SUBLANG": 1, "Structure": "IMAGE_RESOURCE_DATA_ENTRY", "Size": {"FileOffset": 65468, "Value": 67624, "Offset": 4}}], {"Structure": "IMAGE_RESOURCE_DIRECTORY_ENTRY", "Id": 3, "OffsetToData": {"FileOffset": 65116, "Value": 2147483904, "Offset": 4}, "Name": {"FileOffset": 65112, "Value": 3, "Offset": 0}}, [{"MajorVersion": {"FileOffset": 65288, "Value": 4, "Offset": 8}, "NumberOfIdEntries": {"FileOffset": 65294, "Value": 1, "Offset": 14}, "MinorVersion": {"FileOffset": 65290, "Value": 0, "Offset": 10}, "TimeDateStamp": {"FileOffset": 65284, "Value": "0x0        [Thu Jan  1 00:00:00 1970 UTC]", "Offset": 4}, "Characteristics": {"FileOffset": 65280, "Value": 0, "Offset": 0}, "NumberOfNamedEntries": {"FileOffset": 65292, "Value": 0, "Offset": 12}, "Structure": "IMAGE_RESOURCE_DIRECTORY"}, {"LANG": 9, "SUBLANG_NAME": "SUBLANG_ENGLISH_US", "Name": {"FileOffset": 65296, "Value": 1033, "Offset": 0}, "CodePage": {"FileOffset": 65488, "Value": 1252, "Offset": 8}, "LANG_NAME": "LANG_ENGLISH", "OffsetToData": {"FileOffset": 65480, "Value": 424584, "Offset": 0}, "Reserved": {"FileOffset": 65492, "Value": 0, "Offset": 12}, "SUBLANG": 1, "Structure": "IMAGE_RESOURCE_DATA_ENTRY", "Size": {"FileOffset": 65484, "Value": 9640, "Offset": 4}}], {"Structure": "IMAGE_RESOURCE_DIRECTORY_ENTRY", "Id": 4, "OffsetToData": {"FileOffset": 65124, "Value": 2147483928, "Offset": 4}, "Name": {"FileOffset": 65120, "Value": 4, "Offset": 0}}, [{"MajorVersion": {"FileOffset": 65312, "Value": 4, "Offset": 8}, "NumberOfIdEntries": {"FileOffset": 65318, "Value": 1, "Offset": 14}, "MinorVersion": {"FileOffset": 65314, "Value": 0, "Offset": 10}, "TimeDateStamp": {"FileOffset": 65308, "Value": "0x0        [Thu Jan  1 00:00:00 1970 UTC]", "Offset": 4}, "Characteristics": {"FileOffset": 65304, "Value": 0, "Offset": 0}, "NumberOfNamedEntries": {"FileOffset": 65316, "Value": 0, "Offset": 12}, "Structure": "IMAGE_RESOURCE_DIRECTORY"}, {"LANG": 9, "SUBLANG_NAME": "SUBLANG_ENGLISH_US", "Name": {"FileOffset": 65320, "Value": 1033, "Offset": 0}, "CodePage": {"FileOffset": 65504, "Value": 1252, "Offset": 8}, "LANG_NAME": "LANG_ENGLISH", "OffsetToData": {"FileOffset": 65496, "Value": 434224, "Offset": 0}, "Reserved": {"FileOffset": 65508, "Value": 0, "Offset": 12}, "SUBLANG": 1, "Structure": "IMAGE_RESOURCE_DATA_ENTRY", "Size": {"FileOffset": 65500, "Value": 4264, "Offset": 4}}], {"Structure": "IMAGE_RESOURCE_DIRECTORY_ENTRY", "Id": 5, "OffsetToData": {"FileOffset": 65132, "Value": 2147483952, "Offset": 4}, "Name": {"FileOffset": 65128, "Value": 5, "Offset": 0}}, [{"MajorVersion": {"FileOffset": 65336, "Value": 4, "Offset": 8}, "NumberOfIdEntries": {"FileOffset": 65342, "Value": 1, "Offset": 14}, "MinorVersion": {"FileOffset": 65338, "Value": 0, "Offset": 10}, "TimeDateStamp": {"FileOffset": 65332, "Value": "0x0        [Thu Jan  1 00:00:00 1970 UTC]", "Offset": 4}, "Characteristics": {"FileOffset": 65328, "Value": 0, "Offset": 0}, "NumberOfNamedEntries": {"FileOffset": 65340, "Value": 0, "Offset": 12}, "Structure": "IMAGE_RESOURCE_DIRECTORY"}, {"LANG": 9, "SUBLANG_NAME": "SUBLANG_ENGLISH_US", "Name": {"FileOffset": 65344, "Value": 1033, "Offset": 0}, "CodePage": {"FileOffset": 65520, "Value": 1252, "Offset": 8}, "LANG_NAME": "LANG_ENGLISH", "OffsetToData": {"FileOffset": 65512, "Value": 438488, "Offset": 0}, "Reserved": {"FileOffset": 65524, "Value": 0, "Offset": 12}, "SUBLANG": 1, "Structure": "IMAGE_RESOURCE_DATA_ENTRY", "Size": {"FileOffset": 65516, "Value": 1128, "Offset": 4}}]], {"Structure": "IMAGE_RESOURCE_DIRECTORY_ENTRY", "Id": [5, "RT_DIALOG"], "OffsetToData": {"FileOffset": 65052, "Value": 2147483760, "Offset": 4}, "Name": {"FileOffset": 65048, "Value": 5, "Offset": 0}}, [{"MajorVersion": {"FileOffset": 65144, "Value": 4, "Offset": 8}, "NumberOfIdEntries": {"FileOffset": 65150, "Value": 1, "Offset": 14}, "MinorVersion": {"FileOffset": 65146, "Value": 0, "Offset": 10}, "TimeDateStamp": {"FileOffset": 65140, "Value": "0x0        [Thu Jan  1 00:00:00 1970 UTC]", "Offset": 4}, "Characteristics": {"FileOffset": 65136, "Value": 0, "Offset": 0}, "NumberOfNamedEntries": {"FileOffset": 65148, "Value": 0, "Offset": 12}, "Structure": "IMAGE_RESOURCE_DIRECTORY"}, {"Structure": "IMAGE_RESOURCE_DIRECTORY_ENTRY", "Id": 101, "OffsetToData": {"FileOffset": 65156, "Value": 2147483976, "Offset": 4}, "Name": {"FileOffset": 65152, "Value": 101, "Offset": 0}}, [{"MajorVersion": {"FileOffset": 65360, "Value": 4, "Offset": 8}, "NumberOfIdEntries": {"FileOffset": 65366, "Value": 1, "Offset": 14}, "MinorVersion": {"FileOffset": 65362, "Value": 0, "Offset": 10}, "TimeDateStamp": {"FileOffset": 65356, "Value": "0x0        [Thu Jan  1 00:00:00 1970 UTC]", "Offset": 4}, "Characteristics": {"FileOffset": 65352, "Value": 0, "Offset": 0}, "NumberOfNamedEntries": {"FileOffset": 65364, "Value": 0, "Offset": 12}, "Structure": "IMAGE_RESOURCE_DIRECTORY"}, {"LANG": 9, "SUBLANG_NAME": "SUBLANG_ENGLISH_US", "Name": {"FileOffset": 65368, "Value": 1033, "Offset": 0}, "CodePage": {"FileOffset": 65536, "Value": 1252, "Offset": 8}, "LANG_NAME": "LANG_ENGLISH", "OffsetToData": {"FileOffset": 65528, "Value": 439616, "Offset": 0}, "Reserved": {"FileOffset": 65540, "Value": 0, "Offset": 12}, "SUBLANG": 1, "Structure": "IMAGE_RESOURCE_DATA_ENTRY", "Size": {"FileOffset": 65532, "Value": 212, "Offset": 4}}]], {"Structure": "IMAGE_RESOURCE_DIRECTORY_ENTRY", "Id": [14, "RT_GROUP_ICON"], "OffsetToData": {"FileOffset": 65060, "Value": 2147483784, "Offset": 4}, "Name": {"FileOffset": 65056, "Value": 14, "Offset": 0}}, [{"MajorVersion": {"FileOffset": 65168, "Value": 4, "Offset": 8}, "NumberOfIdEntries": {"FileOffset": 65174, "Value": 1, "Offset": 14}, "MinorVersion": {"FileOffset": 65170, "Value": 0, "Offset": 10}, "TimeDateStamp": {"FileOffset": 65164, "Value": "0x0        [Thu Jan  1 00:00:00 1970 UTC]", "Offset": 4}, "Characteristics": {"FileOffset": 65160, "Value": 0, "Offset": 0}, "NumberOfNamedEntries": {"FileOffset": 65172, "Value": 0, "Offset": 12}, "Structure": "IMAGE_RESOURCE_DIRECTORY"}, {"Structure": "IMAGE_RESOURCE_DIRECTORY_ENTRY", "Id": 102, "OffsetToData": {"FileOffset": 65180, "Value": 2147484000, "Offset": 4}, "Name": {"FileOffset": 65176, "Value": 102, "Offset": 0}}, [{"MajorVersion": {"FileOffset": 65384, "Value": 4, "Offset": 8}, "NumberOfIdEntries": {"FileOffset": 65390, "Value": 1, "Offset": 14}, "MinorVersion": {"FileOffset": 65386, "Value": 0, "Offset": 10}, "TimeDateStamp": {"FileOffset": 65380, "Value": "0x0        [Thu Jan  1 00:00:00 1970 UTC]", "Offset": 4}, "Characteristics": {"FileOffset": 65376, "Value": 0, "Offset": 0}, "NumberOfNamedEntries": {"FileOffset": 65388, "Value": 0, "Offset": 12}, "Structure": "IMAGE_RESOURCE_DIRECTORY"}, {"LANG": 9, "SUBLANG_NAME": "SUBLANG_ENGLISH_US", "Name": {"FileOffset": 65392, "Value": 1033, "Offset": 0}, "CodePage": {"FileOffset": 65552, "Value": 1252, "Offset": 8}, "LANG_NAME": "LANG_ENGLISH", "OffsetToData": {"FileOffset": 65544, "Value": 439828, "Offset": 0}, "Reserved": {"FileOffset": 65556, "Value": 0, "Offset": 12}, "SUBLANG": 1, "Structure": "IMAGE_RESOURCE_DATA_ENTRY", "Size": {"FileOffset": 65548, "Value": 76, "Offset": 4}}]], {"Structure": "IMAGE_RESOURCE_DIRECTORY_ENTRY", "Id": [16, "RT_VERSION"], "OffsetToData": {"FileOffset": 65068, "Value": 2147483808, "Offset": 4}, "Name": {"FileOffset": 65064, "Value": 16, "Offset": 0}}, [{"MajorVersion": {"FileOffset": 65192, "Value": 4, "Offset": 8}, "NumberOfIdEntries": {"FileOffset": 65198, "Value": 1, "Offset": 14}, "MinorVersion": {"FileOffset": 65194, "Value": 0, "Offset": 10}, "TimeDateStamp": {"FileOffset": 65188, "Value": "0x0        [Thu Jan  1 00:00:00 1970 UTC]", "Offset": 4}, "Characteristics": {"FileOffset": 65184, "Value": 0, "Offset": 0}, "NumberOfNamedEntries": {"FileOffset": 65196, "Value": 0, "Offset": 12}, "Structure": "IMAGE_RESOURCE_DIRECTORY"}, {"Structure": "IMAGE_RESOURCE_DIRECTORY_ENTRY", "Id": 1, "OffsetToData": {"FileOffset": 65204, "Value": 2147484024, "Offset": 4}, "Name": {"FileOffset": 65200, "Value": 1, "Offset": 0}}, [{"MajorVersion": {"FileOffset": 65408, "Value": 4, "Offset": 8}, "NumberOfIdEntries": {"FileOffset": 65414, "Value": 1, "Offset": 14}, "MinorVersion": {"FileOffset": 65410, "Value": 0, "Offset": 10}, "TimeDateStamp": {"FileOffset": 65404, "Value": "0x0        [Thu Jan  1 00:00:00 1970 UTC]", "Offset": 4}, "Characteristics": {"FileOffset": 65400, "Value": 0, "Offset": 0}, "NumberOfNamedEntries": {"FileOffset": 65412, "Value": 0, "Offset": 12}, "Structure": "IMAGE_RESOURCE_DIRECTORY"}, {"LANG": 9, "SUBLANG_NAME": "SUBLANG_ENGLISH_US", "Name": {"FileOffset": 65416, "Value": 1033, "Offset": 0}, "CodePage": {"FileOffset": 65568, "Value": 1252, "Offset": 8}, "LANG_NAME": "LANG_ENGLISH", "OffsetToData": {"FileOffset": 65560, "Value": 439904, "Offset": 0}, "Reserved": {"FileOffset": 65572, "Value": 0, "Offset": 12}, "SUBLANG": 1, "Structure": "IMAGE_RESOURCE_DATA_ENTRY", "Size": {"FileOffset": 65564, "Value": 752, "Offset": 4}}]], {"Structure": "IMAGE_RESOURCE_DIRECTORY_ENTRY", "Id": [24, "RT_MANIFEST"], "OffsetToData": {"FileOffset": 65076, "Value": 2147483832, "Offset": 4}, "Name": {"FileOffset": 65072, "Value": 24, "Offset": 0}}, [{"MajorVersion": {"FileOffset": 65216, "Value": 4, "Offset": 8}, "NumberOfIdEntries": {"FileOffset": 65222, "Value": 1, "Offset": 14}, "MinorVersion": {"FileOffset": 65218, "Value": 0, "Offset": 10}, "TimeDateStamp": {"FileOffset": 65212, "Value": "0x0        [Thu Jan  1 00:00:00 1970 UTC]", "Offset": 4}, "Characteristics": {"FileOffset": 65208, "Value": 0, "Offset": 0}, "NumberOfNamedEntries": {"FileOffset": 65220, "Value": 0, "Offset": 12}, "Structure": "IMAGE_RESOURCE_DIRECTORY"}, {"Structure": "IMAGE_RESOURCE_DIRECTORY_ENTRY", "Id": 1, "OffsetToData": {"FileOffset": 65228, "Value": 2147484048, "Offset": 4}, "Name": {"FileOffset": 65224, "Value": 1, "Offset": 0}}, [{"MajorVersion": {"FileOffset": 65432, "Value": 4, "Offset": 8}, "NumberOfIdEntries": {"FileOffset": 65438, "Value": 1, "Offset": 14}, "MinorVersion": {"FileOffset": 65434, "Value": 0, "Offset": 10}, "TimeDateStamp": {"FileOffset": 65428, "Value": "0x0        [Thu Jan  1 00:00:00 1970 UTC]", "Offset": 4}, "Characteristics": {"FileOffset": 65424, "Value": 0, "Offset": 0}, "NumberOfNamedEntries": {"FileOffset": 65436, "Value": 0, "Offset": 12}, "Structure": "IMAGE_RESOURCE_DIRECTORY"}, {"LANG": 9, "SUBLANG_NAME": "SUBLANG_ENGLISH_US", "Name": {"FileOffset": 65440, "Value": 1033, "Offset": 0}, "CodePage": {"FileOffset": 65584, "Value": 1252, "Offset": 8}, "LANG_NAME": "LANG_ENGLISH", "OffsetToData": {"FileOffset": 65576, "Value": 440656, "Offset": 0}, "Reserved": {"FileOffset": 65588, "Value": 0, "Offset": 12}, "SUBLANG": 1, "Structure": "IMAGE_RESOURCE_DATA_ENTRY", "Size": {"FileOffset": 65580, "Value": 346, "Offset": 4}}]]]}
