{"DllCharacteristics": ["IMAGE_DLLCHARACTERISTICS_TERMINAL_SERVER_AWARE", "IMAGE_DLLCHARACTERISTICS_DYNAMIC_BASE", "IMAGE_DLLCHARACTERISTICS_NX_COMPAT"], "FILE_HEADER": {"NumberOfSections": {"FileOffset": 230, "Value": 5, "Offset": 2}, "TimeDateStamp": {"FileOffset": 232, "Value": "0x50D85765 [Mon Dec 24 13:23:49 2012 UTC]", "Offset": 4}, "PointerToSymbolTable": {"FileOffset": 236, "Value": 0, "Offset": 8}, "NumberOfSymbols": {"FileOffset": 240, "Value": 0, "Offset": 12}, "Machine": {"FileOffset": 228, "Value": 332, "Offset": 0}, "Characteristics": {"FileOffset": 246, "Value": 258, "Offset": 18}, "SizeOfOptionalHeader": {"FileOffset": 244, "Value": 224, "Offset": 16}, "Structure": "IMAGE_FILE_HEADER"}, "Directories": [{"VirtualAddress": {"FileOffset": 344, "Value": 0, "Offset": 0}, "Structure": "IMAGE_DIRECTORY_ENTRY_EXPORT", "Size": {"FileOffset": 348, "Value": 0, "Offset": 4}}, {"VirtualAddress": {"FileOffset": 352, "Value": 59836, "Offset": 0}, "Structure": "IMAGE_DIRECTORY_ENTRY_IMPORT", "Size": {"FileOffset": 356, "Value": 100, "Offset": 4}}, {"VirtualAddress": {"FileOffset": 360, "Value": 77824, "Offset": 0}, "Structure": "IMAGE_DIRECTORY_ENTRY_RESOURCE", "Size": {"FileOffset": 364, "Value": 808, "Offset": 4}}, {"VirtualAddress": {"FileOffset": 368, "Value": 0, "Offset": 0}, "Structure": "IMAGE_DIRECTORY_ENTRY_EXCEPTION", "Size": {"FileOffset": 372, "Value": 0, "Offset": 4}}, {"VirtualAddress": {"FileOffset": 376, "Value": 0, "Offset": 0}, "Structure": "IMAGE_DIRECTORY_ENTRY_SECURITY", "Size": {"FileOffset": 380, "Value": 0, "Offset": 4}}, {"VirtualAddress": {"FileOffset": 384, "Value": 81920, "Offset": 0}, "Structure": "IMAGE_DIRECTORY_ENTRY_BASERELOC", "Size": {"FileOffset": 388, "Value": 2588, "Offset": 4}}, {"VirtualAddress": {"FileOffset": 392, "Value": 49568, "Offset": 0}, "Structure": "IMAGE_DIRECTORY_ENTRY_DEBUG", "Size": {"FileOffset": 396, "Value": 28, "Offset": 4}}, {"VirtualAddress": {"FileOffset": 400, "Value": 0, "Offset": 0}, "Structure": "IMAGE_DIRECTORY_ENTRY_COPYRIGHT", "Size": {"FileOffset": 404, "Value": 0, "Offset": 4}}, {"VirtualAddress": {"FileOffset": 408, "Value": 0, "Offset": 0}, "Structure": "IMAGE_DIRECTORY_ENTRY_GLOBALPTR", "Size": {"FileOffset": 412, "Value": 0, "Offset": 4}}, {"VirtualAddress": {"FileOffset": 416, "Value": 0, "Offset": 0}, "Structure": "IMAGE_DIRECTORY_ENTRY_TLS", "Size": {"FileOffset": 420, "Value": 0, "Offset": 4}}, {"VirtualAddress": {"FileOffset": 424, "Value": 58384, "Offset": 0}, "Structure": "IMAGE_DIRECTORY_ENTRY_LOAD_CONFIG", "Size": {"FileOffset": 428, "Value": 64, "Offset": 4}}, {"VirtualAddress": {"FileOffset": 432, "Value": 0, "Offset": 0}, "Structure": "IMAGE_DIRECTORY_ENTRY_BOUND_IMPORT", "Size": {"FileOffset": 436, "Value": 0, "Offset": 4}}, {"VirtualAddress": {"FileOffset": 440, "Value": 49152, "Offset": 0}, "Structure": "IMAGE_DIRECTORY_ENTRY_IAT", "Size": {"FileOffset": 444, "Value": 352, "Offset": 4}}, {"VirtualAddress": {"FileOffset": 448, "Value": 0, "Offset": 0}, "Structure": "IMAGE_DIRECTORY_ENTRY_DELAY_IMPORT", "Size": {"FileOffset": 452, "Value": 0, "Offset": 4}}, {"VirtualAddress": {"FileOffset": 456, "Value": 0, "Offset": 0}, "Structure": "IMAGE_DIRECTORY_ENTRY_COM_DESCRIPTOR", "Size": {"FileOffset": 460, "Value": 0, "Offset": 4}}, {"VirtualAddress": {"FileOffset": 464, "Value": 0, "Offset": 0}, "Structure": "IMAGE_DIRECTORY_ENTRY_RESERVED", "Size": {"FileOffset": 468, "Value": 0, "Offset": 4}}], "OPTIONAL_HEADER": {"DllCharacteristics": {"FileOffset": 318, "Value": 33088, "Offset": 70}, "BaseOfCode": {"FileOffset": 268, "Value": 4096, "Offset": 20}, "MajorLinkerVersion": {"FileOffset": 250, "Value": 10, "Offset": 2}, "MinorOperatingSystemVersion": {"FileOffset": 290, "Value": 1, "Offset": 42}, "MinorLinkerVersion": {"FileOffset": 251, "Value": 0, "Offset": 3}, "MajorSubsystemVersion": {"FileOffset": 296, "Value": 5, "Offset": 48}, "MajorOperatingSystemVersion": {"FileOffset": 288, "Value": 5, "Offset": 40}, "SizeOfStackCommit": {"FileOffset": 324, "Value": 4096, "Offset": 76}, "SizeOfUninitializedData": {"FileOffset": 260, "Value": 0, "Offset": 12}, "NumberOfRvaAndSizes": {"FileOffset": 340, "Value": 16, "Offset": 92}, "SizeOfHeapReserve": {"FileOffset": 328, "Value": 1048576, "Offset": 80}, "LoaderFlags": {"FileOffset": 336, "Value": 0, "Offset": 88}, "SizeOfHeapCommit": {"FileOffset": 332, "Value": 4096, "Offset": 84}, "SizeOfStackReserve": {"FileOffset": 320, "Value": 1048576, "Offset": 72}, "Structure": "IMAGE_OPTIONAL_HEADER", "SizeOfHeaders": {"FileOffset": 308, "Value": 1024, "Offset": 60}, "Subsystem": {"FileOffset": 316, "Value": 2, "Offset": 68}, "Magic": {"FileOffset": 248, "Value": 267, "Offset": 0}, "MinorImageVersion": {"FileOffset": 294, "Value": 0, "Offset": 46}, "MajorImageVersion": {"FileOffset": 292, "Value": 0, "Offset": 44}, "FileAlignment": {"FileOffset": 284, "Value": 512, "Offset": 36}, "BaseOfData": {"FileOffset": 272, "Value": 49152, "Offset": 24}, "AddressOfEntryPoint": {"FileOffset": 264, "Value": 9732, "Offset": 16}, "SectionAlignment": {"FileOffset": 280, "Value": 4096, "Offset": 32}, "SizeOfCode": {"FileOffset": 252, "Value": 42496, "Offset": 4}, "ImageBase": {"FileOffset": 276, "Value": 4194304, "Offset": 28}, "SizeOfInitializedData": {"FileOffset": 256, "Value": 30720, "Offset": 8}, "SizeOfImage": {"FileOffset": 304, "Value": 90112, "Offset": 56}, "MinorSubsystemVersion": {"FileOffset": 298, "Value": 1, "Offset": 50}, "CheckSum": {"FileOffset": 312, "Value": 0, "Offset": 64}, "Reserved1": {"FileOffset": 300, "Value": 0, "Offset": 52}}, "DOS_HEADER": {"e_cblp": {"FileOffset": 2, "Value": 144, "Offset": 2}, "e_crlc": {"FileOffset": 6, "Value": 0, "Offset": 6}, "e_ovno": {"FileOffset": 26, "Value": 0, "Offset": 26}, "e_minalloc": {"FileOffset": 10, "Value": 0, "Offset": 10}, "e_csum": {"FileOffset": 18, "Value": 0, "Offset": 18}, "e_cparhdr": {"FileOffset": 8, "Value": 4, "Offset": 8}, "e_cp": {"FileOffset": 4, "Value": 3, "Offset": 4}, "e_cs": {"FileOffset": 22, "Value": 0, "Offset": 22}, "e_maxalloc": {"FileOffset": 12, "Value": 65535, "Offset": 12}, "e_lfarlc": {"FileOffset": 24, "Value": 64, "Offset": 24}, "e_oemid": {"FileOffset": 36, "Value": 0, "Offset": 36}, "e_lfanew": {"FileOffset": 60, "Value": 224, "Offset": 60}, "e_ss": {"FileOffset": 14, "Value": 0, "Offset": 14}, "e_magic": {"FileOffset": 0, "Value": 23117, "Offset": 0}, "e_oeminfo": {"FileOffset": 38, "Value": 0, "Offset": 38}, "e_res2": {"FileOffset": 40, "Value": "", "Offset": 40}, "e_res": {"FileOffset": 28, "Value": "", "Offset": 28}, "e_sp": {"FileOffset": 16, "Value": 184, "Offset": 16}, "Structure": "IMAGE_DOS_HEADER", "e_ip": {"FileOffset": 20, "Value": 0, "Offset": 20}}, "Base relocations": [[{"SizeOfBlock": {"FileOffset": 61444, "Value": 264, "Offset": 4}, "VirtualAddress": {"FileOffset": 61440, "Value": 4096, "Offset": 0}, "Structure": "IMAGE_BASE_RELOCATION"}, {"RVA": 4136, "Type": "HIGHLOW"}, {"RVA": 4141, "Type": "HIGHLOW"}, {"RVA": 4252, "Type": "HIGHLOW"}, {"RVA": 4307, "Type": "HIGHLOW"}, {"RVA": 4316, "Type": "HIGHLOW"}, {"RVA": 4386, "Type": "HIGHLOW"}, {"RVA": 4391, "Type": "HIGHLOW"}, {"RVA": 4408, "Type": "HIGHLOW"}, {"RVA": 4469, "Type": "HIGHLOW"}, {"RVA": 4479, "Type": "HIGHLOW"}, {"RVA": 4490, "Type": "HIGHLOW"}, {"RVA": 4495, "Type": "HIGHLOW"}, {"RVA": 4506, "Type": "HIGHLOW"}, {"RVA": 4513, "Type": "HIGHLOW"}, {"RVA": 4565, "Type": "HIGHLOW"}, {"RVA": 4570, "Type": "HIGHLOW"}, {"RVA": 4627, "Type": "HIGHLOW"}, {"RVA": 4657, "Type": "HIGHLOW"}, {"RVA": 4673, "Type": "HIGHLOW"}, {"RVA": 4681, "Type": "HIGHLOW"}, {"RVA": 4740, "Type": "HIGHLOW"}, {"RVA": 4758, "Type": "HIGHLOW"}, {"RVA": 4777, "Type": "HIGHLOW"}, {"RVA": 4851, "Type": "HIGHLOW"}, {"RVA": 4891, "Type": "HIGHLOW"}, {"RVA": 4938, "Type": "HIGHLOW"}, {"RVA": 4944, "Type": "HIGHLOW"}, {"RVA": 4986, "Type": "HIGHLOW"}, {"RVA": 4992, "Type": "HIGHLOW"}, {"RVA": 5000, "Type": "HIGHLOW"}, {"RVA": 5036, "Type": "HIGHLOW"}, {"RVA": 5042, "Type": "HIGHLOW"}, {"RVA": 5050, "Type": "HIGHLOW"}, {"RVA": 5059, "Type": "HIGHLOW"}, {"RVA": 5098, "Type": "HIGHLOW"}, {"RVA": 5106, "Type": "HIGHLOW"}, {"RVA": 5116, "Type": "HIGHLOW"}, {"RVA": 5127, "Type": "HIGHLOW"}, {"RVA": 5136, "Type": "HIGHLOW"}, {"RVA": 5141, "Type": "HIGHLOW"}, {"RVA": 5149, "Type": "HIGHLOW"}, {"RVA": 5158, "Type": "HIGHLOW"}, {"RVA": 5167, "Type": "HIGHLOW"}, {"RVA": 5177, "Type": "HIGHLOW"}, {"RVA": 5188, "Type": "HIGHLOW"}, {"RVA": 5235, "Type": "HIGHLOW"}, {"RVA": 5290, "Type": "HIGHLOW"}, {"RVA": 5307, "Type": "HIGHLOW"}, {"RVA": 5338, "Type": "HIGHLOW"}, {"RVA": 5349, "Type": "HIGHLOW"}, {"RVA": 5373, "Type": "HIGHLOW"}, {"RVA": 5443, "Type": "HIGHLOW"}, {"RVA": 5454, "Type": "HIGHLOW"}, {"RVA": 5489, "Type": "HIGHLOW"}, {"RVA": 5496, "Type": "HIGHLOW"}, {"RVA": 5509, "Type": "HIGHLOW"}, {"RVA": 5515, "Type": "HIGHLOW"}, {"RVA": 5586, "Type": "HIGHLOW"}, {"RVA": 5625, "Type": "HIGHLOW"}, {"RVA": 5638, "Type": "HIGHLOW"}, {"RVA": 5647, "Type": "HIGHLOW"}, {"RVA": 5661, "Type": "HIGHLOW"}, {"RVA": 5673, "Type": "HIGHLOW"}, {"RVA": 5714, "Type": "HIGHLOW"}, {"RVA": 5849, "Type": "HIGHLOW"}, {"RVA": 5858, "Type": "HIGHLOW"}, {"RVA": 5869, "Type": "HIGHLOW"}, {"RVA": 5878, "Type": "HIGHLOW"}, {"RVA": 5892, "Type": "HIGHLOW"}, {"RVA": 5904, "Type": "HIGHLOW"}, {"RVA": 5945, "Type": "HIGHLOW"}, {"RVA": 6015, "Type": "HIGHLOW"}, {"RVA": 6024, "Type": "HIGHLOW"}, {"RVA": 6052, "Type": "HIGHLOW"}, {"RVA": 6059, "Type": "HIGHLOW"}, {"RVA": 6084, "Type": "HIGHLOW"}, {"RVA": 6093, "Type": "HIGHLOW"}, {"RVA": 6156, "Type": "HIGHLOW"}, {"RVA": 6169, "Type": "HIGHLOW"}, {"RVA": 6190, "Type": "HIGHLOW"}, {"RVA": 6216, "Type": "HIGHLOW"}, {"RVA": 6226, "Type": "HIGHLOW"}, {"RVA": 6257, "Type": "HIGHLOW"}, {"RVA": 6263, "Type": "HIGHLOW"}, {"RVA": 6275, "Type": "HIGHLOW"}, {"RVA": 6323, "Type": "HIGHLOW"}, {"RVA": 6366, "Type": "HIGHLOW"}, {"RVA": 6397, "Type": "HIGHLOW"}, {"RVA": 6407, "Type": "HIGHLOW"}, {"RVA": 6421, "Type": "HIGHLOW"}, {"RVA": 6495, "Type": "HIGHLOW"}, {"RVA": 6513, "Type": "HIGHLOW"}, {"RVA": 6531, "Type": "HIGHLOW"}, {"RVA": 6549, "Type": "HIGHLOW"}, {"RVA": 6562, "Type": "HIGHLOW"}, {"RVA": 6584, "Type": "HIGHLOW"}, {"RVA": 6618, "Type": "HIGHLOW"}, {"RVA": 6626, "Type": "HIGHLOW"}, {"RVA": 6635, "Type": "HIGHLOW"}, {"RVA": 6644, "Type": "HIGHLOW"}, {"RVA": 6653, "Type": "HIGHLOW"}, {"RVA": 6662, "Type": "HIGHLOW"}, {"RVA": 6682, "Type": "HIGHLOW"}, {"RVA": 6690, "Type": "HIGHLOW"}, {"RVA": 6762, "Type": "HIGHLOW"}, {"RVA": 6770, "Type": "HIGHLOW"}, {"RVA": 6780, "Type": "HIGHLOW"}, {"RVA": 6790, "Type": "HIGHLOW"}, {"RVA": 6964, "Type": "HIGHLOW"}, {"RVA": 7050, "Type": "HIGHLOW"}, {"RVA": 7070, "Type": "HIGHLOW"}, {"RVA": 7119, "Type": "HIGHLOW"}, {"RVA": 7139, "Type": "HIGHLOW"}, {"RVA": 7172, "Type": "HIGHLOW"}, {"RVA": 7179, "Type": "HIGHLOW"}, {"RVA": 7198, "Type": "HIGHLOW"}, {"RVA": 7271, "Type": "HIGHLOW"}, {"RVA": 7282, "Type": "HIGHLOW"}, {"RVA": 7411, "Type": "HIGHLOW"}, {"RVA": 7423, "Type": "HIGHLOW"}, {"RVA": 7449, "Type": "HIGHLOW"}, {"RVA": 7538, "Type": "HIGHLOW"}, {"RVA": 7557, "Type": "HIGHLOW"}, {"RVA": 7567, "Type": "HIGHLOW"}, {"RVA": 7715, "Type": "HIGHLOW"}, {"RVA": 7728, "Type": "HIGHLOW"}, {"RVA": 7783, "Type": "HIGHLOW"}, {"RVA": 4096, "Type": "ABSOLUTE"}], [{"SizeOfBlock": {"FileOffset": 61708, "Value": 176, "Offset": 4}, "VirtualAddress": {"FileOffset": 61704, "Value": 8192, "Offset": 0}, "Structure": "IMAGE_BASE_RELOCATION"}, {"RVA": 8322, "Type": "HIGHLOW"}, {"RVA": 8423, "Type": "HIGHLOW"}, {"RVA": 8430, "Type": "HIGHLOW"}, {"RVA": 8464, "Type": "HIGHLOW"}, {"RVA": 8471, "Type": "HIGHLOW"}, {"RVA": 8566, "Type": "HIGHLOW"}, {"RVA": 8689, "Type": "HIGHLOW"}, {"RVA": 8788, "Type": "HIGHLOW"}, {"RVA": 8904, "Type": "HIGHLOW"}, {"RVA": 8911, "Type": "HIGHLOW"}, {"RVA": 8945, "Type": "HIGHLOW"}, {"RVA": 8952, "Type": "HIGHLOW"}, {"RVA": 9213, "Type": "HIGHLOW"}, {"RVA": 9333, "Type": "HIGHLOW"}, {"RVA": 9370, "Type": "HIGHLOW"}, {"RVA": 9385, "Type": "HIGHLOW"}, {"RVA": 9393, "Type": "HIGHLOW"}, {"RVA": 9406, "Type": "HIGHLOW"}, {"RVA": 9418, "Type": "HIGHLOW"}, {"RVA": 9430, "Type": "HIGHLOW"}, {"RVA": 9436, "Type": "HIGHLOW"}, {"RVA": 9454, "Type": "HIGHLOW"}, {"RVA": 9462, "Type": "HIGHLOW"}, {"RVA": 9473, "Type": "HIGHLOW"}, {"RVA": 9544, "Type": "HIGHLOW"}, {"RVA": 9549, "Type": "HIGHLOW"}, {"RVA": 9559, "Type": "HIGHLOW"}, {"RVA": 9640, "Type": "HIGHLOW"}, {"RVA": 9744, "Type": "HIGHLOW"}, {"RVA": 9763, "Type": "HIGHLOW"}, {"RVA": 9810, "Type": "HIGHLOW"}, {"RVA": 9861, "Type": "HIGHLOW"}, {"RVA": 9867, "Type": "HIGHLOW"}, {"RVA": 9872, "Type": "HIGHLOW"}, {"RVA": 9880, "Type": "HIGHLOW"}, {"RVA": 9896, "Type": "HIGHLOW"}, {"RVA": 9906, "Type": "HIGHLOW"}, {"RVA": 9912, "Type": "HIGHLOW"}, {"RVA": 9932, "Type": "HIGHLOW"}, {"RVA": 9961, "Type": "HIGHLOW"}, {"RVA": 9967, "Type": "HIGHLOW"}, {"RVA": 9973, "Type": "HIGHLOW"}, {"RVA": 9979, "Type": "HIGHLOW"}, {"RVA": 9985, "Type": "HIGHLOW"}, {"RVA": 9991, "Type": "HIGHLOW"}, {"RVA": 9998, "Type": "HIGHLOW"}, {"RVA": 10005, "Type": "HIGHLOW"}, {"RVA": 10012, "Type": "HIGHLOW"}, {"RVA": 10019, "Type": "HIGHLOW"}, {"RVA": 10026, "Type": "HIGHLOW"}, {"RVA": 10033, "Type": "HIGHLOW"}, {"RVA": 10040, "Type": "HIGHLOW"}, {"RVA": 10048, "Type": "HIGHLOW"}, {"RVA": 10056, "Type": "HIGHLOW"}, {"RVA": 10064, "Type": "HIGHLOW"}, {"RVA": 10076, "Type": "HIGHLOW"}, {"RVA": 10085, "Type": "HIGHLOW"}, {"RVA": 10090, "Type": "HIGHLOW"}, {"RVA": 10096, "Type": "HIGHLOW"}, {"RVA": 10106, "Type": "HIGHLOW"}, {"RVA": 10115, "Type": "HIGHLOW"}, {"RVA": 10126, "Type": "HIGHLOW"}, {"RVA": 10138, "Type": "HIGHLOW"}, {"RVA": 10143, "Type": "HIGHLOW"}, {"RVA": 10159, "Type": "HIGHLOW"}, {"RVA": 10164, "Type": "HIGHLOW"}, {"RVA": 10170, "Type": "HIGHLOW"}, {"RVA": 10176, "Type": "HIGHLOW"}, {"RVA": 10198, "Type": "HIGHLOW"}, {"RVA": 10205, "Type": "HIGHLOW"}, {"RVA": 10471, "Type": "HIGHLOW"}, {"RVA": 10478, "Type": "HIGHLOW"}, {"RVA": 10609, "Type": "HIGHLOW"}, {"RVA": 10617, "Type": "HIGHLOW"}, {"RVA": 10638, "Type": "HIGHLOW"}, {"RVA": 10649, "Type": "HIGHLOW"}, {"RVA": 10881, "Type": "HIGHLOW"}, {"RVA": 11033, "Type": "HIGHLOW"}, {"RVA": 11063, "Type": "HIGHLOW"}, {"RVA": 11101, "Type": "HIGHLOW"}, {"RVA": 11197, "Type": "HIGHLOW"}, {"RVA": 11212, "Type": "HIGHLOW"}, {"RVA": 11239, "Type": "HIGHLOW"}, {"RVA": 12085, "Type": "HIGHLOW"}], [{"SizeOfBlock": {"FileOffset": 61884, "Value": 152, "Offset": 4}, "VirtualAddress": {"FileOffset": 61880, "Value": 12288, "Offset": 0}, "Structure": "IMAGE_BASE_RELOCATION"}, {"RVA": 12325, "Type": "HIGHLOW"}, {"RVA": 12656, "Type": "HIGHLOW"}, {"RVA": 12723, "Type": "HIGHLOW"}, {"RVA": 12767, "Type": "HIGHLOW"}, {"RVA": 12800, "Type": "HIGHLOW"}, {"RVA": 13280, "Type": "HIGHLOW"}, {"RVA": 13825, "Type": "HIGHLOW"}, {"RVA": 13829, "Type": "HIGHLOW"}, {"RVA": 13833, "Type": "HIGHLOW"}, {"RVA": 13837, "Type": "HIGHLOW"}, {"RVA": 13841, "Type": "HIGHLOW"}, {"RVA": 13845, "Type": "HIGHLOW"}, {"RVA": 13849, "Type": "HIGHLOW"}, {"RVA": 13853, "Type": "HIGHLOW"}, {"RVA": 13866, "Type": "HIGHLOW"}, {"RVA": 13884, "Type": "HIGHLOW"}, {"RVA": 14108, "Type": "HIGHLOW"}, {"RVA": 14118, "Type": "HIGHLOW"}, {"RVA": 14131, "Type": "HIGHLOW"}, {"RVA": 14193, "Type": "HIGHLOW"}, {"RVA": 14200, "Type": "HIGHLOW"}, {"RVA": 14213, "Type": "HIGHLOW"}, {"RVA": 14219, "Type": "HIGHLOW"}, {"RVA": 14280, "Type": "HIGHLOW"}, {"RVA": 14308, "Type": "HIGHLOW"}, {"RVA": 14343, "Type": "HIGHLOW"}, {"RVA": 14362, "Type": "HIGHLOW"}, {"RVA": 14980, "Type": "HIGHLOW"}, {"RVA": 14987, "Type": "HIGHLOW"}, {"RVA": 15005, "Type": "HIGHLOW"}, {"RVA": 15011, "Type": "HIGHLOW"}, {"RVA": 15037, "Type": "HIGHLOW"}, {"RVA": 15052, "Type": "HIGHLOW"}, {"RVA": 15065, "Type": "HIGHLOW"}, {"RVA": 15077, "Type": "HIGHLOW"}, {"RVA": 15093, "Type": "HIGHLOW"}, {"RVA": 15100, "Type": "HIGHLOW"}, {"RVA": 15115, "Type": "HIGHLOW"}, {"RVA": 15127, "Type": "HIGHLOW"}, {"RVA": 15140, "Type": "HIGHLOW"}, {"RVA": 15176, "Type": "HIGHLOW"}, {"RVA": 15194, "Type": "HIGHLOW"}, {"RVA": 15208, "Type": "HIGHLOW"}, {"RVA": 15229, "Type": "HIGHLOW"}, {"RVA": 15239, "Type": "HIGHLOW"}, {"RVA": 15277, "Type": "HIGHLOW"}, {"RVA": 15328, "Type": "HIGHLOW"}, {"RVA": 15343, "Type": "HIGHLOW"}, {"RVA": 15352, "Type": "HIGHLOW"}, {"RVA": 15388, "Type": "HIGHLOW"}, {"RVA": 15435, "Type": "HIGHLOW"}, {"RVA": 15622, "Type": "HIGHLOW"}, {"RVA": 15645, "Type": "HIGHLOW"}, {"RVA": 15746, "Type": "HIGHLOW"}, {"RVA": 15784, "Type": "HIGHLOW"}, {"RVA": 15790, "Type": "HIGHLOW"}, {"RVA": 15832, "Type": "HIGHLOW"}, {"RVA": 15901, "Type": "HIGHLOW"}, {"RVA": 15908, "Type": "HIGHLOW"}, {"RVA": 15929, "Type": "HIGHLOW"}, {"RVA": 16000, "Type": "HIGHLOW"}, {"RVA": 16010, "Type": "HIGHLOW"}, {"RVA": 16053, "Type": "HIGHLOW"}, {"RVA": 16077, "Type": "HIGHLOW"}, {"RVA": 16107, "Type": "HIGHLOW"}, {"RVA": 16143, "Type": "HIGHLOW"}, {"RVA": 16191, "Type": "HIGHLOW"}, {"RVA": 16209, "Type": "HIGHLOW"}, {"RVA": 16255, "Type": "HIGHLOW"}, {"RVA": 16290, "Type": "HIGHLOW"}, {"RVA": 16296, "Type": "HIGHLOW"}, {"RVA": 16369, "Type": "HIGHLOW"}], [{"SizeOfBlock": {"FileOffset": 62036, "Value": 192, "Offset": 4}, "VirtualAddress": {"FileOffset": 62032, "Value": 16384, "Offset": 0}, "Structure": "IMAGE_BASE_RELOCATION"}, {"RVA": 16398, "Type": "HIGHLOW"}, {"RVA": 16482, "Type": "HIGHLOW"}, {"RVA": 16700, "Type": "HIGHLOW"}, {"RVA": 16708, "Type": "HIGHLOW"}, {"RVA": 16732, "Type": "HIGHLOW"}, {"RVA": 16759, "Type": "HIGHLOW"}, {"RVA": 16846, "Type": "HIGHLOW"}, {"RVA": 16872, "Type": "HIGHLOW"}, {"RVA": 17295, "Type": "HIGHLOW"}, {"RVA": 17336, "Type": "HIGHLOW"}, {"RVA": 17367, "Type": "HIGHLOW"}, {"RVA": 17398, "Type": "HIGHLOW"}, {"RVA": 17489, "Type": "HIGHLOW"}, {"RVA": 17529, "Type": "HIGHLOW"}, {"RVA": 17563, "Type": "HIGHLOW"}, {"RVA": 17574, "Type": "HIGHLOW"}, {"RVA": 17628, "Type": "HIGHLOW"}, {"RVA": 17644, "Type": "HIGHLOW"}, {"RVA": 17686, "Type": "HIGHLOW"}, {"RVA": 17703, "Type": "HIGHLOW"}, {"RVA": 17716, "Type": "HIGHLOW"}, {"RVA": 17723, "Type": "HIGHLOW"}, {"RVA": 17739, "Type": "HIGHLOW"}, {"RVA": 17757, "Type": "HIGHLOW"}, {"RVA": 17762, "Type": "HIGHLOW"}, {"RVA": 17861, "Type": "HIGHLOW"}, {"RVA": 17873, "Type": "HIGHLOW"}, {"RVA": 18140, "Type": "HIGHLOW"}, {"RVA": 18249, "Type": "HIGHLOW"}, {"RVA": 18267, "Type": "HIGHLOW"}, {"RVA": 18415, "Type": "HIGHLOW"}, {"RVA": 18421, "Type": "HIGHLOW"}, {"RVA": 18439, "Type": "HIGHLOW"}, {"RVA": 18478, "Type": "HIGHLOW"}, {"RVA": 18539, "Type": "HIGHLOW"}, {"RVA": 18549, "Type": "HIGHLOW"}, {"RVA": 18573, "Type": "HIGHLOW"}, {"RVA": 18614, "Type": "HIGHLOW"}, {"RVA": 18664, "Type": "HIGHLOW"}, {"RVA": 18704, "Type": "HIGHLOW"}, {"RVA": 19035, "Type": "HIGHLOW"}, {"RVA": 19070, "Type": "HIGHLOW"}, {"RVA": 19081, "Type": "HIGHLOW"}, {"RVA": 19116, "Type": "HIGHLOW"}, {"RVA": 19195, "Type": "HIGHLOW"}, {"RVA": 19326, "Type": "HIGHLOW"}, {"RVA": 19332, "Type": "HIGHLOW"}, {"RVA": 19345, "Type": "HIGHLOW"}, {"RVA": 19351, "Type": "HIGHLOW"}, {"RVA": 19360, "Type": "HIGHLOW"}, {"RVA": 19367, "Type": "HIGHLOW"}, {"RVA": 19401, "Type": "HIGHLOW"}, {"RVA": 19518, "Type": "HIGHLOW"}, {"RVA": 19526, "Type": "HIGHLOW"}, {"RVA": 19545, "Type": "HIGHLOW"}, {"RVA": 19556, "Type": "HIGHLOW"}, {"RVA": 19561, "Type": "HIGHLOW"}, {"RVA": 19579, "Type": "HIGHLOW"}, {"RVA": 19589, "Type": "HIGHLOW"}, {"RVA": 19594, "Type": "HIGHLOW"}, {"RVA": 19622, "Type": "HIGHLOW"}, {"RVA": 19632, "Type": "HIGHLOW"}, {"RVA": 19654, "Type": "HIGHLOW"}, {"RVA": 19665, "Type": "HIGHLOW"}, {"RVA": 19691, "Type": "HIGHLOW"}, {"RVA": 19702, "Type": "HIGHLOW"}, {"RVA": 19710, "Type": "HIGHLOW"}, {"RVA": 19726, "Type": "HIGHLOW"}, {"RVA": 19732, "Type": "HIGHLOW"}, {"RVA": 19749, "Type": "HIGHLOW"}, {"RVA": 19806, "Type": "HIGHLOW"}, {"RVA": 19816, "Type": "HIGHLOW"}, {"RVA": 19854, "Type": "HIGHLOW"}, {"RVA": 19861, "Type": "HIGHLOW"}, {"RVA": 19887, "Type": "HIGHLOW"}, {"RVA": 19894, "Type": "HIGHLOW"}, {"RVA": 19937, "Type": "HIGHLOW"}, {"RVA": 20099, "Type": "HIGHLOW"}, {"RVA": 20118, "Type": "HIGHLOW"}, {"RVA": 20136, "Type": "HIGHLOW"}, {"RVA": 20207, "Type": "HIGHLOW"}, {"RVA": 20231, "Type": "HIGHLOW"}, {"RVA": 20241, "Type": "HIGHLOW"}, {"RVA": 20268, "Type": "HIGHLOW"}, {"RVA": 20276, "Type": "HIGHLOW"}, {"RVA": 20282, "Type": "HIGHLOW"}, {"RVA": 20296, "Type": "HIGHLOW"}, {"RVA": 20348, "Type": "HIGHLOW"}, {"RVA": 20361, "Type": "HIGHLOW"}, {"RVA": 20382, "Type": "HIGHLOW"}, {"RVA": 20431, "Type": "HIGHLOW"}, {"RVA": 20460, "Type": "HIGHLOW"}], [{"SizeOfBlock": {"FileOffset": 62228, "Value": 308, "Offset": 4}, "VirtualAddress": {"FileOffset": 62224, "Value": 20480, "Offset": 0}, "Structure": "IMAGE_BASE_RELOCATION"}, {"RVA": 20536, "Type": "HIGHLOW"}, {"RVA": 20582, "Type": "HIGHLOW"}, {"RVA": 20950, "Type": "HIGHLOW"}, {"RVA": 20963, "Type": "HIGHLOW"}, {"RVA": 20972, "Type": "HIGHLOW"}, {"RVA": 21039, "Type": "HIGHLOW"}, {"RVA": 21054, "Type": "HIGHLOW"}, {"RVA": 21110, "Type": "HIGHLOW"}, {"RVA": 21120, "Type": "HIGHLOW"}, {"RVA": 21185, "Type": "HIGHLOW"}, {"RVA": 21196, "Type": "HIGHLOW"}, {"RVA": 21206, "Type": "HIGHLOW"}, {"RVA": 21223, "Type": "HIGHLOW"}, {"RVA": 21234, "Type": "HIGHLOW"}, {"RVA": 21682, "Type": "HIGHLOW"}, {"RVA": 21699, "Type": "HIGHLOW"}, {"RVA": 21707, "Type": "HIGHLOW"}, {"RVA": 21713, "Type": "HIGHLOW"}, {"RVA": 21718, "Type": "HIGHLOW"}, {"RVA": 21724, "Type": "HIGHLOW"}, {"RVA": 21832, "Type": "HIGHLOW"}, {"RVA": 21838, "Type": "HIGHLOW"}, {"RVA": 21866, "Type": "HIGHLOW"}, {"RVA": 21906, "Type": "HIGHLOW"}, {"RVA": 21982, "Type": "HIGHLOW"}, {"RVA": 21994, "Type": "HIGHLOW"}, {"RVA": 22009, "Type": "HIGHLOW"}, {"RVA": 22014, "Type": "HIGHLOW"}, {"RVA": 22047, "Type": "HIGHLOW"}, {"RVA": 22052, "Type": "HIGHLOW"}, {"RVA": 22085, "Type": "HIGHLOW"}, {"RVA": 22092, "Type": "HIGHLOW"}, {"RVA": 22104, "Type": "HIGHLOW"}, {"RVA": 22110, "Type": "HIGHLOW"}, {"RVA": 22122, "Type": "HIGHLOW"}, {"RVA": 22128, "Type": "HIGHLOW"}, {"RVA": 22137, "Type": "HIGHLOW"}, {"RVA": 22143, "Type": "HIGHLOW"}, {"RVA": 22152, "Type": "HIGHLOW"}, {"RVA": 22164, "Type": "HIGHLOW"}, {"RVA": 22170, "Type": "HIGHLOW"}, {"RVA": 22178, "Type": "HIGHLOW"}, {"RVA": 22184, "Type": "HIGHLOW"}, {"RVA": 22196, "Type": "HIGHLOW"}, {"RVA": 22202, "Type": "HIGHLOW"}, {"RVA": 22215, "Type": "HIGHLOW"}, {"RVA": 22225, "Type": "HIGHLOW"}, {"RVA": 22231, "Type": "HIGHLOW"}, {"RVA": 22241, "Type": "HIGHLOW"}, {"RVA": 22275, "Type": "HIGHLOW"}, {"RVA": 22296, "Type": "HIGHLOW"}, {"RVA": 22334, "Type": "HIGHLOW"}, {"RVA": 22398, "Type": "HIGHLOW"}, {"RVA": 22404, "Type": "HIGHLOW"}, {"RVA": 22446, "Type": "HIGHLOW"}, {"RVA": 22452, "Type": "HIGHLOW"}, {"RVA": 22458, "Type": "HIGHLOW"}, {"RVA": 22480, "Type": "HIGHLOW"}, {"RVA": 22504, "Type": "HIGHLOW"}, {"RVA": 22542, "Type": "HIGHLOW"}, {"RVA": 22664, "Type": "HIGHLOW"}, {"RVA": 22699, "Type": "HIGHLOW"}, {"RVA": 22709, "Type": "HIGHLOW"}, {"RVA": 22765, "Type": "HIGHLOW"}, {"RVA": 22773, "Type": "HIGHLOW"}, {"RVA": 22846, "Type": "HIGHLOW"}, {"RVA": 22852, "Type": "HIGHLOW"}, {"RVA": 22874, "Type": "HIGHLOW"}, {"RVA": 22879, "Type": "HIGHLOW"}, {"RVA": 22887, "Type": "HIGHLOW"}, {"RVA": 22893, "Type": "HIGHLOW"}, {"RVA": 22900, "Type": "HIGHLOW"}, {"RVA": 22906, "Type": "HIGHLOW"}, {"RVA": 22913, "Type": "HIGHLOW"}, {"RVA": 22919, "Type": "HIGHLOW"}, {"RVA": 22927, "Type": "HIGHLOW"}, {"RVA": 22934, "Type": "HIGHLOW"}, {"RVA": 22939, "Type": "HIGHLOW"}, {"RVA": 22947, "Type": "HIGHLOW"}, {"RVA": 22956, "Type": "HIGHLOW"}, {"RVA": 22968, "Type": "HIGHLOW"}, {"RVA": 22973, "Type": "HIGHLOW"}, {"RVA": 22978, "Type": "HIGHLOW"}, {"RVA": 22984, "Type": "HIGHLOW"}, {"RVA": 22988, "Type": "HIGHLOW"}, {"RVA": 22994, "Type": "HIGHLOW"}, {"RVA": 22999, "Type": "HIGHLOW"}, {"RVA": 23005, "Type": "HIGHLOW"}, {"RVA": 23010, "Type": "HIGHLOW"}, {"RVA": 23025, "Type": "HIGHLOW"}, {"RVA": 23047, "Type": "HIGHLOW"}, {"RVA": 23053, "Type": "HIGHLOW"}, {"RVA": 23061, "Type": "HIGHLOW"}, {"RVA": 23066, "Type": "HIGHLOW"}, {"RVA": 23074, "Type": "HIGHLOW"}, {"RVA": 23079, "Type": "HIGHLOW"}, {"RVA": 23087, "Type": "HIGHLOW"}, {"RVA": 23092, "Type": "HIGHLOW"}, {"RVA": 23099, "Type": "HIGHLOW"}, {"RVA": 23114, "Type": "HIGHLOW"}, {"RVA": 23119, "Type": "HIGHLOW"}, {"RVA": 23125, "Type": "HIGHLOW"}, {"RVA": 23134, "Type": "HIGHLOW"}, {"RVA": 23166, "Type": "HIGHLOW"}, {"RVA": 23172, "Type": "HIGHLOW"}, {"RVA": 23196, "Type": "HIGHLOW"}, {"RVA": 23232, "Type": "HIGHLOW"}, {"RVA": 23244, "Type": "HIGHLOW"}, {"RVA": 23260, "Type": "HIGHLOW"}, {"RVA": 23295, "Type": "HIGHLOW"}, {"RVA": 23308, "Type": "HIGHLOW"}, {"RVA": 23320, "Type": "HIGHLOW"}, {"RVA": 23328, "Type": "HIGHLOW"}, {"RVA": 23336, "Type": "HIGHLOW"}, {"RVA": 23348, "Type": "HIGHLOW"}, {"RVA": 23389, "Type": "HIGHLOW"}, {"RVA": 23397, "Type": "HIGHLOW"}, {"RVA": 23418, "Type": "HIGHLOW"}, {"RVA": 23443, "Type": "HIGHLOW"}, {"RVA": 23597, "Type": "HIGHLOW"}, {"RVA": 23616, "Type": "HIGHLOW"}, {"RVA": 23662, "Type": "HIGHLOW"}, {"RVA": 23687, "Type": "HIGHLOW"}, {"RVA": 23741, "Type": "HIGHLOW"}, {"RVA": 23748, "Type": "HIGHLOW"}, {"RVA": 23756, "Type": "HIGHLOW"}, {"RVA": 23868, "Type": "HIGHLOW"}, {"RVA": 23873, "Type": "HIGHLOW"}, {"RVA": 23882, "Type": "HIGHLOW"}, {"RVA": 23897, "Type": "HIGHLOW"}, {"RVA": 23932, "Type": "HIGHLOW"}, {"RVA": 23937, "Type": "HIGHLOW"}, {"RVA": 23942, "Type": "HIGHLOW"}, {"RVA": 23965, "Type": "HIGHLOW"}, {"RVA": 24063, "Type": "HIGHLOW"}, {"RVA": 24110, "Type": "HIGHLOW"}, {"RVA": 24116, "Type": "HIGHLOW"}, {"RVA": 24131, "Type": "HIGHLOW"}, {"RVA": 24202, "Type": "HIGHLOW"}, {"RVA": 24215, "Type": "HIGHLOW"}, {"RVA": 24221, "Type": "HIGHLOW"}, {"RVA": 24265, "Type": "HIGHLOW"}, {"RVA": 24316, "Type": "HIGHLOW"}, {"RVA": 24326, "Type": "HIGHLOW"}, {"RVA": 24400, "Type": "HIGHLOW"}, {"RVA": 24413, "Type": "HIGHLOW"}, {"RVA": 24438, "Type": "HIGHLOW"}, {"RVA": 24468, "Type": "HIGHLOW"}, {"RVA": 24528, "Type": "HIGHLOW"}, {"RVA": 24568, "Type": "HIGHLOW"}], [{"SizeOfBlock": {"FileOffset": 62536, "Value": 140, "Offset": 4}, "VirtualAddress": {"FileOffset": 62532, "Value": 24576, "Offset": 0}, "Structure": "IMAGE_BASE_RELOCATION"}, {"RVA": 24715, "Type": "HIGHLOW"}, {"RVA": 24810, "Type": "HIGHLOW"}, {"RVA": 24973, "Type": "HIGHLOW"}, {"RVA": 25005, "Type": "HIGHLOW"}, {"RVA": 25245, "Type": "HIGHLOW"}, {"RVA": 25286, "Type": "HIGHLOW"}, {"RVA": 25375, "Type": "HIGHLOW"}, {"RVA": 25741, "Type": "HIGHLOW"}, {"RVA": 25959, "Type": "HIGHLOW"}, {"RVA": 26167, "Type": "HIGHLOW"}, {"RVA": 26216, "Type": "HIGHLOW"}, {"RVA": 26238, "Type": "HIGHLOW"}, {"RVA": 26303, "Type": "HIGHLOW"}, {"RVA": 26334, "Type": "HIGHLOW"}, {"RVA": 26491, "Type": "HIGHLOW"}, {"RVA": 26541, "Type": "HIGHLOW"}, {"RVA": 26581, "Type": "HIGHLOW"}, {"RVA": 26707, "Type": "HIGHLOW"}, {"RVA": 26807, "Type": "HIGHLOW"}, {"RVA": 26842, "Type": "HIGHLOW"}, {"RVA": 26957, "Type": "HIGHLOW"}, {"RVA": 27018, "Type": "HIGHLOW"}, {"RVA": 27041, "Type": "HIGHLOW"}, {"RVA": 27409, "Type": "HIGHLOW"}, {"RVA": 27426, "Type": "HIGHLOW"}, {"RVA": 27484, "Type": "HIGHLOW"}, {"RVA": 27497, "Type": "HIGHLOW"}, {"RVA": 27507, "Type": "HIGHLOW"}, {"RVA": 27521, "Type": "HIGHLOW"}, {"RVA": 27530, "Type": "HIGHLOW"}, {"RVA": 27540, "Type": "HIGHLOW"}, {"RVA": 27592, "Type": "HIGHLOW"}, {"RVA": 27603, "Type": "HIGHLOW"}, {"RVA": 27613, "Type": "HIGHLOW"}, {"RVA": 27638, "Type": "HIGHLOW"}, {"RVA": 27648, "Type": "HIGHLOW"}, {"RVA": 27667, "Type": "HIGHLOW"}, {"RVA": 27703, "Type": "HIGHLOW"}, {"RVA": 27758, "Type": "HIGHLOW"}, {"RVA": 27811, "Type": "HIGHLOW"}, {"RVA": 27830, "Type": "HIGHLOW"}, {"RVA": 27942, "Type": "HIGHLOW"}, {"RVA": 27971, "Type": "HIGHLOW"}, {"RVA": 28044, "Type": "HIGHLOW"}, {"RVA": 28155, "Type": "HIGHLOW"}, {"RVA": 28186, "Type": "HIGHLOW"}, {"RVA": 28303, "Type": "HIGHLOW"}, {"RVA": 28315, "Type": "HIGHLOW"}, {"RVA": 28334, "Type": "HIGHLOW"}, {"RVA": 28352, "Type": "HIGHLOW"}, {"RVA": 28379, "Type": "HIGHLOW"}, {"RVA": 28387, "Type": "HIGHLOW"}, {"RVA": 28395, "Type": "HIGHLOW"}, {"RVA": 28418, "Type": "HIGHLOW"}, {"RVA": 28443, "Type": "HIGHLOW"}, {"RVA": 28471, "Type": "HIGHLOW"}, {"RVA": 28480, "Type": "HIGHLOW"}, {"RVA": 28486, "Type": "HIGHLOW"}, {"RVA": 28495, "Type": "HIGHLOW"}, {"RVA": 28500, "Type": "HIGHLOW"}, {"RVA": 28515, "Type": "HIGHLOW"}, {"RVA": 28554, "Type": "HIGHLOW"}, {"RVA": 28595, "Type": "HIGHLOW"}, {"RVA": 28612, "Type": "HIGHLOW"}, {"RVA": 28632, "Type": "HIGHLOW"}, {"RVA": 24576, "Type": "ABSOLUTE"}], [{"SizeOfBlock": {"FileOffset": 62676, "Value": 136, "Offset": 4}, "VirtualAddress": {"FileOffset": 62672, "Value": 28672, "Offset": 0}, "Structure": "IMAGE_BASE_RELOCATION"}, {"RVA": 28708, "Type": "HIGHLOW"}, {"RVA": 28787, "Type": "HIGHLOW"}, {"RVA": 28859, "Type": "HIGHLOW"}, {"RVA": 28943, "Type": "HIGHLOW"}, {"RVA": 29138, "Type": "HIGHLOW"}, {"RVA": 29184, "Type": "HIGHLOW"}, {"RVA": 29304, "Type": "HIGHLOW"}, {"RVA": 29330, "Type": "HIGHLOW"}, {"RVA": 29347, "Type": "HIGHLOW"}, {"RVA": 29404, "Type": "HIGHLOW"}, {"RVA": 29456, "Type": "HIGHLOW"}, {"RVA": 29462, "Type": "HIGHLOW"}, {"RVA": 29468, "Type": "HIGHLOW"}, {"RVA": 29509, "Type": "HIGHLOW"}, {"RVA": 29518, "Type": "HIGHLOW"}, {"RVA": 29530, "Type": "HIGHLOW"}, {"RVA": 29585, "Type": "HIGHLOW"}, {"RVA": 29594, "Type": "HIGHLOW"}, {"RVA": 29606, "Type": "HIGHLOW"}, {"RVA": 29663, "Type": "HIGHLOW"}, {"RVA": 29672, "Type": "HIGHLOW"}, {"RVA": 29684, "Type": "HIGHLOW"}, {"RVA": 29707, "Type": "HIGHLOW"}, {"RVA": 29718, "Type": "HIGHLOW"}, {"RVA": 30133, "Type": "HIGHLOW"}, {"RVA": 30163, "Type": "HIGHLOW"}, {"RVA": 30512, "Type": "HIGHLOW"}, {"RVA": 30855, "Type": "HIGHLOW"}, {"RVA": 30888, "Type": "HIGHLOW"}, {"RVA": 30897, "Type": "HIGHLOW"}, {"RVA": 30936, "Type": "HIGHLOW"}, {"RVA": 30949, "Type": "HIGHLOW"}, {"RVA": 30954, "Type": "HIGHLOW"}, {"RVA": 30968, "Type": "HIGHLOW"}, {"RVA": 31015, "Type": "HIGHLOW"}, {"RVA": 31022, "Type": "HIGHLOW"}, {"RVA": 31032, "Type": "HIGHLOW"}, {"RVA": 31050, "Type": "HIGHLOW"}, {"RVA": 31073, "Type": "HIGHLOW"}, {"RVA": 31087, "Type": "HIGHLOW"}, {"RVA": 31093, "Type": "HIGHLOW"}, {"RVA": 31128, "Type": "HIGHLOW"}, {"RVA": 31135, "Type": "HIGHLOW"}, {"RVA": 31160, "Type": "HIGHLOW"}, {"RVA": 31180, "Type": "HIGHLOW"}, {"RVA": 31186, "Type": "HIGHLOW"}, {"RVA": 31195, "Type": "HIGHLOW"}, {"RVA": 31214, "Type": "HIGHLOW"}, {"RVA": 31250, "Type": "HIGHLOW"}, {"RVA": 31314, "Type": "HIGHLOW"}, {"RVA": 31398, "Type": "HIGHLOW"}, {"RVA": 31430, "Type": "HIGHLOW"}, {"RVA": 31501, "Type": "HIGHLOW"}, {"RVA": 31550, "Type": "HIGHLOW"}, {"RVA": 31939, "Type": "HIGHLOW"}, {"RVA": 32121, "Type": "HIGHLOW"}, {"RVA": 32131, "Type": "HIGHLOW"}, {"RVA": 32311, "Type": "HIGHLOW"}, {"RVA": 32326, "Type": "HIGHLOW"}, {"RVA": 32445, "Type": "HIGHLOW"}, {"RVA": 32458, "Type": "HIGHLOW"}, {"RVA": 32671, "Type": "HIGHLOW"}, {"RVA": 32681, "Type": "HIGHLOW"}, {"RVA": 28672, "Type": "ABSOLUTE"}], [{"SizeOfBlock": {"FileOffset": 62812, "Value": 88, "Offset": 4}, "VirtualAddress": {"FileOffset": 62808, "Value": 32768, "Offset": 0}, "Structure": "IMAGE_BASE_RELOCATION"}, {"RVA": 32841, "Type": "HIGHLOW"}, {"RVA": 32903, "Type": "HIGHLOW"}, {"RVA": 32953, "Type": "HIGHLOW"}, {"RVA": 32993, "Type": "HIGHLOW"}, {"RVA": 33304, "Type": "HIGHLOW"}, {"RVA": 33309, "Type": "HIGHLOW"}, {"RVA": 33327, "Type": "HIGHLOW"}, {"RVA": 33357, "Type": "HIGHLOW"}, {"RVA": 33377, "Type": "HIGHLOW"}, {"RVA": 33383, "Type": "HIGHLOW"}, {"RVA": 33904, "Type": "HIGHLOW"}, {"RVA": 34032, "Type": "HIGHLOW"}, {"RVA": 34139, "Type": "HIGHLOW"}, {"RVA": 34158, "Type": "HIGHLOW"}, {"RVA": 34189, "Type": "HIGHLOW"}, {"RVA": 34207, "Type": "HIGHLOW"}, {"RVA": 34226, "Type": "HIGHLOW"}, {"RVA": 34244, "Type": "HIGHLOW"}, {"RVA": 34308, "Type": "HIGHLOW"}, {"RVA": 34340, "Type": "HIGHLOW"}, {"RVA": 35064, "Type": "HIGHLOW"}, {"RVA": 35098, "Type": "HIGHLOW"}, {"RVA": 35155, "Type": "HIGHLOW"}, {"RVA": 35194, "Type": "HIGHLOW"}, {"RVA": 35226, "Type": "HIGHLOW"}, {"RVA": 35236, "Type": "HIGHLOW"}, {"RVA": 35259, "Type": "HIGHLOW"}, {"RVA": 35296, "Type": "HIGHLOW"}, {"RVA": 35331, "Type": "HIGHLOW"}, {"RVA": 35504, "Type": "HIGHLOW"}, {"RVA": 36476, "Type": "HIGHLOW"}, {"RVA": 36577, "Type": "HIGHLOW"}, {"RVA": 36589, "Type": "HIGHLOW"}, {"RVA": 36709, "Type": "HIGHLOW"}, {"RVA": 36735, "Type": "HIGHLOW"}, {"RVA": 36744, "Type": "HIGHLOW"}, {"RVA": 36791, "Type": "HIGHLOW"}, {"RVA": 36810, "Type": "HIGHLOW"}, {"RVA": 36827, "Type": "HIGHLOW"}, {"RVA": 32768, "Type": "ABSOLUTE"}], [{"SizeOfBlock": {"FileOffset": 62900, "Value": 200, "Offset": 4}, "VirtualAddress": {"FileOffset": 62896, "Value": 36864, "Offset": 0}, "Structure": "IMAGE_BASE_RELOCATION"}, {"RVA": 36864, "Type": "HIGHLOW"}, {"RVA": 36923, "Type": "HIGHLOW"}, {"RVA": 36942, "Type": "HIGHLOW"}, {"RVA": 36966, "Type": "HIGHLOW"}, {"RVA": 36998, "Type": "HIGHLOW"}, {"RVA": 37081, "Type": "HIGHLOW"}, {"RVA": 37121, "Type": "HIGHLOW"}, {"RVA": 37146, "Type": "HIGHLOW"}, {"RVA": 37174, "Type": "HIGHLOW"}, {"RVA": 37219, "Type": "HIGHLOW"}, {"RVA": 37264, "Type": "HIGHLOW"}, {"RVA": 37275, "Type": "HIGHLOW"}, {"RVA": 37321, "Type": "HIGHLOW"}, {"RVA": 37335, "Type": "HIGHLOW"}, {"RVA": 37344, "Type": "HIGHLOW"}, {"RVA": 37408, "Type": "HIGHLOW"}, {"RVA": 37426, "Type": "HIGHLOW"}, {"RVA": 37486, "Type": "HIGHLOW"}, {"RVA": 37523, "Type": "HIGHLOW"}, {"RVA": 37536, "Type": "HIGHLOW"}, {"RVA": 37576, "Type": "HIGHLOW"}, {"RVA": 37626, "Type": "HIGHLOW"}, {"RVA": 37634, "Type": "HIGHLOW"}, {"RVA": 37696, "Type": "HIGHLOW"}, {"RVA": 37753, "Type": "HIGHLOW"}, {"RVA": 37795, "Type": "HIGHLOW"}, {"RVA": 37827, "Type": "HIGHLOW"}, {"RVA": 37881, "Type": "HIGHLOW"}, {"RVA": 37891, "Type": "HIGHLOW"}, {"RVA": 37970, "Type": "HIGHLOW"}, {"RVA": 38025, "Type": "HIGHLOW"}, {"RVA": 38031, "Type": "HIGHLOW"}, {"RVA": 38036, "Type": "HIGHLOW"}, {"RVA": 38050, "Type": "HIGHLOW"}, {"RVA": 38055, "Type": "HIGHLOW"}, {"RVA": 38060, "Type": "HIGHLOW"}, {"RVA": 38065, "Type": "HIGHLOW"}, {"RVA": 38081, "Type": "HIGHLOW"}, {"RVA": 38128, "Type": "HIGHLOW"}, {"RVA": 38134, "Type": "HIGHLOW"}, {"RVA": 38142, "Type": "HIGHLOW"}, {"RVA": 38213, "Type": "HIGHLOW"}, {"RVA": 38218, "Type": "HIGHLOW"}, {"RVA": 38276, "Type": "HIGHLOW"}, {"RVA": 38281, "Type": "HIGHLOW"}, {"RVA": 38288, "Type": "HIGHLOW"}, {"RVA": 38293, "Type": "HIGHLOW"}, {"RVA": 38300, "Type": "HIGHLOW"}, {"RVA": 38305, "Type": "HIGHLOW"}, {"RVA": 38319, "Type": "HIGHLOW"}, {"RVA": 38416, "Type": "HIGHLOW"}, {"RVA": 38425, "Type": "HIGHLOW"}, {"RVA": 38431, "Type": "HIGHLOW"}, {"RVA": 38567, "Type": "HIGHLOW"}, {"RVA": 38582, "Type": "HIGHLOW"}, {"RVA": 38597, "Type": "HIGHLOW"}, {"RVA": 38632, "Type": "HIGHLOW"}, {"RVA": 38643, "Type": "HIGHLOW"}, {"RVA": 38649, "Type": "HIGHLOW"}, {"RVA": 38665, "Type": "HIGHLOW"}, {"RVA": 38670, "Type": "HIGHLOW"}, {"RVA": 38687, "Type": "HIGHLOW"}, {"RVA": 38695, "Type": "HIGHLOW"}, {"RVA": 38701, "Type": "HIGHLOW"}, {"RVA": 38711, "Type": "HIGHLOW"}, {"RVA": 38717, "Type": "HIGHLOW"}, {"RVA": 38727, "Type": "HIGHLOW"}, {"RVA": 38733, "Type": "HIGHLOW"}, {"RVA": 38743, "Type": "HIGHLOW"}, {"RVA": 38752, "Type": "HIGHLOW"}, {"RVA": 38763, "Type": "HIGHLOW"}, {"RVA": 38768, "Type": "HIGHLOW"}, {"RVA": 38777, "Type": "HIGHLOW"}, {"RVA": 38787, "Type": "HIGHLOW"}, {"RVA": 38798, "Type": "HIGHLOW"}, {"RVA": 38857, "Type": "HIGHLOW"}, {"RVA": 38883, "Type": "HIGHLOW"}, {"RVA": 38909, "Type": "HIGHLOW"}, {"RVA": 39423, "Type": "HIGHLOW"}, {"RVA": 39430, "Type": "HIGHLOW"}, {"RVA": 39436, "Type": "HIGHLOW"}, {"RVA": 39668, "Type": "HIGHLOW"}, {"RVA": 39700, "Type": "HIGHLOW"}, {"RVA": 39705, "Type": "HIGHLOW"}, {"RVA": 39967, "Type": "HIGHLOW"}, {"RVA": 39973, "Type": "HIGHLOW"}, {"RVA": 39987, "Type": "HIGHLOW"}, {"RVA": 40000, "Type": "HIGHLOW"}, {"RVA": 40031, "Type": "HIGHLOW"}, {"RVA": 40199, "Type": "HIGHLOW"}, {"RVA": 40309, "Type": "HIGHLOW"}, {"RVA": 40436, "Type": "HIGHLOW"}, {"RVA": 40509, "Type": "HIGHLOW"}, {"RVA": 40662, "Type": "HIGHLOW"}, {"RVA": 40870, "Type": "HIGHLOW"}, {"RVA": 36864, "Type": "ABSOLUTE"}], [{"SizeOfBlock": {"FileOffset": 63100, "Value": 188, "Offset": 4}, "VirtualAddress": {"FileOffset": 63096, "Value": 40960, "Offset": 0}, "Structure": "IMAGE_BASE_RELOCATION"}, {"RVA": 40992, "Type": "HIGHLOW"}, {"RVA": 41027, "Type": "HIGHLOW"}, {"RVA": 41180, "Type": "HIGHLOW"}, {"RVA": 42183, "Type": "HIGHLOW"}, {"RVA": 42201, "Type": "HIGHLOW"}, {"RVA": 42219, "Type": "HIGHLOW"}, {"RVA": 42237, "Type": "HIGHLOW"}, {"RVA": 42255, "Type": "HIGHLOW"}, {"RVA": 42293, "Type": "HIGHLOW"}, {"RVA": 42311, "Type": "HIGHLOW"}, {"RVA": 42329, "Type": "HIGHLOW"}, {"RVA": 42347, "Type": "HIGHLOW"}, {"RVA": 42365, "Type": "HIGHLOW"}, {"RVA": 42383, "Type": "HIGHLOW"}, {"RVA": 42401, "Type": "HIGHLOW"}, {"RVA": 42419, "Type": "HIGHLOW"}, {"RVA": 42437, "Type": "HIGHLOW"}, {"RVA": 42455, "Type": "HIGHLOW"}, {"RVA": 42473, "Type": "HIGHLOW"}, {"RVA": 42491, "Type": "HIGHLOW"}, {"RVA": 42509, "Type": "HIGHLOW"}, {"RVA": 42597, "Type": "HIGHLOW"}, {"RVA": 42603, "Type": "HIGHLOW"}, {"RVA": 42613, "Type": "HIGHLOW"}, {"RVA": 42723, "Type": "HIGHLOW"}, {"RVA": 42729, "Type": "HIGHLOW"}, {"RVA": 42741, "Type": "HIGHLOW"}, {"RVA": 42796, "Type": "HIGHLOW"}, {"RVA": 42820, "Type": "HIGHLOW"}, {"RVA": 43027, "Type": "HIGHLOW"}, {"RVA": 43032, "Type": "HIGHLOW"}, {"RVA": 43162, "Type": "HIGHLOW"}, {"RVA": 43212, "Type": "HIGHLOW"}, {"RVA": 43236, "Type": "HIGHLOW"}, {"RVA": 43243, "Type": "HIGHLOW"}, {"RVA": 43251, "Type": "HIGHLOW"}, {"RVA": 43256, "Type": "HIGHLOW"}, {"RVA": 43260, "Type": "HIGHLOW"}, {"RVA": 43264, "Type": "HIGHLOW"}, {"RVA": 43305, "Type": "HIGHLOW"}, {"RVA": 43343, "Type": "HIGHLOW"}, {"RVA": 43373, "Type": "HIGHLOW"}, {"RVA": 43380, "Type": "HIGHLOW"}, {"RVA": 43384, "Type": "HIGHLOW"}, {"RVA": 43388, "Type": "HIGHLOW"}, {"RVA": 43392, "Type": "HIGHLOW"}, {"RVA": 43396, "Type": "HIGHLOW"}, {"RVA": 43400, "Type": "HIGHLOW"}, {"RVA": 43404, "Type": "HIGHLOW"}, {"RVA": 43408, "Type": "HIGHLOW"}, {"RVA": 43482, "Type": "HIGHLOW"}, {"RVA": 43488, "Type": "HIGHLOW"}, {"RVA": 43492, "Type": "HIGHLOW"}, {"RVA": 43496, "Type": "HIGHLOW"}, {"RVA": 43500, "Type": "HIGHLOW"}, {"RVA": 43602, "Type": "HIGHLOW"}, {"RVA": 43613, "Type": "HIGHLOW"}, {"RVA": 43640, "Type": "HIGHLOW"}, {"RVA": 43647, "Type": "HIGHLOW"}, {"RVA": 43652, "Type": "HIGHLOW"}, {"RVA": 43656, "Type": "HIGHLOW"}, {"RVA": 43660, "Type": "HIGHLOW"}, {"RVA": 43693, "Type": "HIGHLOW"}, {"RVA": 43735, "Type": "HIGHLOW"}, {"RVA": 43785, "Type": "HIGHLOW"}, {"RVA": 43792, "Type": "HIGHLOW"}, {"RVA": 43796, "Type": "HIGHLOW"}, {"RVA": 43800, "Type": "HIGHLOW"}, {"RVA": 43804, "Type": "HIGHLOW"}, {"RVA": 43808, "Type": "HIGHLOW"}, {"RVA": 43812, "Type": "HIGHLOW"}, {"RVA": 43816, "Type": "HIGHLOW"}, {"RVA": 43820, "Type": "HIGHLOW"}, {"RVA": 43894, "Type": "HIGHLOW"}, {"RVA": 43900, "Type": "HIGHLOW"}, {"RVA": 43904, "Type": "HIGHLOW"}, {"RVA": 43908, "Type": "HIGHLOW"}, {"RVA": 43912, "Type": "HIGHLOW"}, {"RVA": 44363, "Type": "HIGHLOW"}, {"RVA": 44370, "Type": "HIGHLOW"}, {"RVA": 44494, "Type": "HIGHLOW"}, {"RVA": 44501, "Type": "HIGHLOW"}, {"RVA": 44592, "Type": "HIGHLOW"}, {"RVA": 44637, "Type": "HIGHLOW"}, {"RVA": 44743, "Type": "HIGHLOW"}, {"RVA": 44756, "Type": "HIGHLOW"}, {"RVA": 44788, "Type": "HIGHLOW"}, {"RVA": 44832, "Type": "HIGHLOW"}, {"RVA": 45033, "Type": "HIGHLOW"}, {"RVA": 40960, "Type": "ABSOLUTE"}], [{"SizeOfBlock": {"FileOffset": 63288, "Value": 32, "Offset": 4}, "VirtualAddress": {"FileOffset": 63284, "Value": 45056, "Offset": 0}, "Structure": "IMAGE_BASE_RELOCATION"}, {"RVA": 45278, "Type": "HIGHLOW"}, {"RVA": 45371, "Type": "HIGHLOW"}, {"RVA": 45418, "Type": "HIGHLOW"}, {"RVA": 45424, "Type": "HIGHLOW"}, {"RVA": 45429, "Type": "HIGHLOW"}, {"RVA": 45435, "Type": "HIGHLOW"}, {"RVA": 45452, "Type": "HIGHLOW"}, {"RVA": 46164, "Type": "HIGHLOW"}, {"RVA": 46170, "Type": "HIGHLOW"}, {"RVA": 46174, "Type": "HIGHLOW"}, {"RVA": 46179, "Type": "HIGHLOW"}, {"RVA": 45056, "Type": "ABSOLUTE"}], [{"SizeOfBlock": {"FileOffset": 63320, "Value": 88, "Offset": 4}, "VirtualAddress": {"FileOffset": 63316, "Value": 49152, "Offset": 0}, "Structure": "IMAGE_BASE_RELOCATION"}, {"RVA": 49516, "Type": "HIGHLOW"}, {"RVA": 49520, "Type": "HIGHLOW"}, {"RVA": 49524, "Type": "HIGHLOW"}, {"RVA": 49528, "Type": "HIGHLOW"}, {"RVA": 49532, "Type": "HIGHLOW"}, {"RVA": 49544, "Type": "HIGHLOW"}, {"RVA": 49548, "Type": "HIGHLOW"}, {"RVA": 49596, "Type": "HIGHLOW"}, {"RVA": 49600, "Type": "HIGHLOW"}, {"RVA": 49604, "Type": "HIGHLOW"}, {"RVA": 49624, "Type": "HIGHLOW"}, {"RVA": 49628, "Type": "HIGHLOW"}, {"RVA": 52004, "Type": "HIGHLOW"}, {"RVA": 52012, "Type": "HIGHLOW"}, {"RVA": 52020, "Type": "HIGHLOW"}, {"RVA": 52028, "Type": "HIGHLOW"}, {"RVA": 52036, "Type": "HIGHLOW"}, {"RVA": 52044, "Type": "HIGHLOW"}, {"RVA": 52052, "Type": "HIGHLOW"}, {"RVA": 52060, "Type": "HIGHLOW"}, {"RVA": 52068, "Type": "HIGHLOW"}, {"RVA": 52076, "Type": "HIGHLOW"}, {"RVA": 52084, "Type": "HIGHLOW"}, {"RVA": 52092, "Type": "HIGHLOW"}, {"RVA": 52100, "Type": "HIGHLOW"}, {"RVA": 52108, "Type": "HIGHLOW"}, {"RVA": 52116, "Type": "HIGHLOW"}, {"RVA": 52124, "Type": "HIGHLOW"}, {"RVA": 52132, "Type": "HIGHLOW"}, {"RVA": 52140, "Type": "HIGHLOW"}, {"RVA": 52148, "Type": "HIGHLOW"}, {"RVA": 52156, "Type": "HIGHLOW"}, {"RVA": 52164, "Type": "HIGHLOW"}, {"RVA": 52172, "Type": "HIGHLOW"}, {"RVA": 52604, "Type": "HIGHLOW"}, {"RVA": 52608, "Type": "HIGHLOW"}, {"RVA": 52612, "Type": "HIGHLOW"}, {"RVA": 52636, "Type": "HIGHLOW"}, {"RVA": 52640, "Type": "HIGHLOW"}, {"RVA": 49152, "Type": "ABSOLUTE"}], [{"SizeOfBlock": {"FileOffset": 63408, "Value": 332, "Offset": 4}, "VirtualAddress": {"FileOffset": 63404, "Value": 57344, "Offset": 0}, "Structure": "IMAGE_BASE_RELOCATION"}, {"RVA": 57376, "Type": "HIGHLOW"}, {"RVA": 57380, "Type": "HIGHLOW"}, {"RVA": 57384, "Type": "HIGHLOW"}, {"RVA": 57388, "Type": "HIGHLOW"}, {"RVA": 57392, "Type": "HIGHLOW"}, {"RVA": 57396, "Type": "HIGHLOW"}, {"RVA": 57400, "Type": "HIGHLOW"}, {"RVA": 57404, "Type": "HIGHLOW"}, {"RVA": 57408, "Type": "HIGHLOW"}, {"RVA": 57412, "Type": "HIGHLOW"}, {"RVA": 57416, "Type": "HIGHLOW"}, {"RVA": 57420, "Type": "HIGHLOW"}, {"RVA": 57424, "Type": "HIGHLOW"}, {"RVA": 57428, "Type": "HIGHLOW"}, {"RVA": 57432, "Type": "HIGHLOW"}, {"RVA": 57436, "Type": "HIGHLOW"}, {"RVA": 57440, "Type": "HIGHLOW"}, {"RVA": 57444, "Type": "HIGHLOW"}, {"RVA": 57448, "Type": "HIGHLOW"}, {"RVA": 57452, "Type": "HIGHLOW"}, {"RVA": 57456, "Type": "HIGHLOW"}, {"RVA": 57460, "Type": "HIGHLOW"}, {"RVA": 57464, "Type": "HIGHLOW"}, {"RVA": 57468, "Type": "HIGHLOW"}, {"RVA": 57472, "Type": "HIGHLOW"}, {"RVA": 57476, "Type": "HIGHLOW"}, {"RVA": 57480, "Type": "HIGHLOW"}, {"RVA": 57484, "Type": "HIGHLOW"}, {"RVA": 57488, "Type": "HIGHLOW"}, {"RVA": 57492, "Type": "HIGHLOW"}, {"RVA": 57496, "Type": "HIGHLOW"}, {"RVA": 57500, "Type": "HIGHLOW"}, {"RVA": 57504, "Type": "HIGHLOW"}, {"RVA": 57508, "Type": "HIGHLOW"}, {"RVA": 57512, "Type": "HIGHLOW"}, {"RVA": 57516, "Type": "HIGHLOW"}, {"RVA": 57520, "Type": "HIGHLOW"}, {"RVA": 57524, "Type": "HIGHLOW"}, {"RVA": 57528, "Type": "HIGHLOW"}, {"RVA": 57532, "Type": "HIGHLOW"}, {"RVA": 57536, "Type": "HIGHLOW"}, {"RVA": 57540, "Type": "HIGHLOW"}, {"RVA": 57544, "Type": "HIGHLOW"}, {"RVA": 57548, "Type": "HIGHLOW"}, {"RVA": 57552, "Type": "HIGHLOW"}, {"RVA": 57556, "Type": "HIGHLOW"}, {"RVA": 57560, "Type": "HIGHLOW"}, {"RVA": 57564, "Type": "HIGHLOW"}, {"RVA": 57568, "Type": "HIGHLOW"}, {"RVA": 57572, "Type": "HIGHLOW"}, {"RVA": 57576, "Type": "HIGHLOW"}, {"RVA": 57580, "Type": "HIGHLOW"}, {"RVA": 57584, "Type": "HIGHLOW"}, {"RVA": 57588, "Type": "HIGHLOW"}, {"RVA": 57592, "Type": "HIGHLOW"}, {"RVA": 57596, "Type": "HIGHLOW"}, {"RVA": 57600, "Type": "HIGHLOW"}, {"RVA": 57604, "Type": "HIGHLOW"}, {"RVA": 57608, "Type": "HIGHLOW"}, {"RVA": 57612, "Type": "HIGHLOW"}, {"RVA": 57616, "Type": "HIGHLOW"}, {"RVA": 57620, "Type": "HIGHLOW"}, {"RVA": 57624, "Type": "HIGHLOW"}, {"RVA": 57628, "Type": "HIGHLOW"}, {"RVA": 57632, "Type": "HIGHLOW"}, {"RVA": 57636, "Type": "HIGHLOW"}, {"RVA": 57640, "Type": "HIGHLOW"}, {"RVA": 57644, "Type": "HIGHLOW"}, {"RVA": 57648, "Type": "HIGHLOW"}, {"RVA": 57652, "Type": "HIGHLOW"}, {"RVA": 57656, "Type": "HIGHLOW"}, {"RVA": 57660, "Type": "HIGHLOW"}, {"RVA": 57664, "Type": "HIGHLOW"}, {"RVA": 57668, "Type": "HIGHLOW"}, {"RVA": 57672, "Type": "HIGHLOW"}, {"RVA": 57676, "Type": "HIGHLOW"}, {"RVA": 57680, "Type": "HIGHLOW"}, {"RVA": 57684, "Type": "HIGHLOW"}, {"RVA": 57688, "Type": "HIGHLOW"}, {"RVA": 57692, "Type": "HIGHLOW"}, {"RVA": 57696, "Type": "HIGHLOW"}, {"RVA": 57700, "Type": "HIGHLOW"}, {"RVA": 57704, "Type": "HIGHLOW"}, {"RVA": 57708, "Type": "HIGHLOW"}, {"RVA": 57712, "Type": "HIGHLOW"}, {"RVA": 57716, "Type": "HIGHLOW"}, {"RVA": 57720, "Type": "HIGHLOW"}, {"RVA": 57724, "Type": "HIGHLOW"}, {"RVA": 57728, "Type": "HIGHLOW"}, {"RVA": 57732, "Type": "HIGHLOW"}, {"RVA": 57736, "Type": "HIGHLOW"}, {"RVA": 57740, "Type": "HIGHLOW"}, {"RVA": 57744, "Type": "HIGHLOW"}, {"RVA": 57748, "Type": "HIGHLOW"}, {"RVA": 57752, "Type": "HIGHLOW"}, {"RVA": 57756, "Type": "HIGHLOW"}, {"RVA": 57760, "Type": "HIGHLOW"}, {"RVA": 58444, "Type": "HIGHLOW"}, {"RVA": 58448, "Type": "HIGHLOW"}, {"RVA": 58580, "Type": "HIGHLOW"}, {"RVA": 58584, "Type": "HIGHLOW"}, {"RVA": 58600, "Type": "HIGHLOW"}, {"RVA": 58604, "Type": "HIGHLOW"}, {"RVA": 58608, "Type": "HIGHLOW"}, {"RVA": 58616, "Type": "HIGHLOW"}, {"RVA": 58640, "Type": "HIGHLOW"}, {"RVA": 58644, "Type": "HIGHLOW"}, {"RVA": 58668, "Type": "HIGHLOW"}, {"RVA": 58684, "Type": "HIGHLOW"}, {"RVA": 58688, "Type": "HIGHLOW"}, {"RVA": 58708, "Type": "HIGHLOW"}, {"RVA": 58712, "Type": "HIGHLOW"}, {"RVA": 58728, "Type": "HIGHLOW"}, {"RVA": 58732, "Type": "HIGHLOW"}, {"RVA": 58748, "Type": "HIGHLOW"}, {"RVA": 58752, "Type": "HIGHLOW"}, {"RVA": 58760, "Type": "HIGHLOW"}, {"RVA": 58784, "Type": "HIGHLOW"}, {"RVA": 58856, "Type": "HIGHLOW"}, {"RVA": 58888, "Type": "HIGHLOW"}, {"RVA": 58920, "Type": "HIGHLOW"}, {"RVA": 58952, "Type": "HIGHLOW"}, {"RVA": 58980, "Type": "HIGHLOW"}, {"RVA": 58984, "Type": "HIGHLOW"}, {"RVA": 58992, "Type": "HIGHLOW"}, {"RVA": 59000, "Type": "HIGHLOW"}, {"RVA": 59008, "Type": "HIGHLOW"}, {"RVA": 59012, "Type": "HIGHLOW"}, {"RVA": 59020, "Type": "HIGHLOW"}, {"RVA": 59040, "Type": "HIGHLOW"}, {"RVA": 59048, "Type": "HIGHLOW"}, {"RVA": 59068, "Type": "HIGHLOW"}, {"RVA": 59096, "Type": "HIGHLOW"}, {"RVA": 59128, "Type": "HIGHLOW"}, {"RVA": 59160, "Type": "HIGHLOW"}, {"RVA": 59172, "Type": "HIGHLOW"}, {"RVA": 59200, "Type": "HIGHLOW"}, {"RVA": 59232, "Type": "HIGHLOW"}, {"RVA": 59244, "Type": "HIGHLOW"}, {"RVA": 59272, "Type": "HIGHLOW"}, {"RVA": 59284, "Type": "HIGHLOW"}, {"RVA": 59312, "Type": "HIGHLOW"}, {"RVA": 59344, "Type": "HIGHLOW"}, {"RVA": 59376, "Type": "HIGHLOW"}, {"RVA": 59408, "Type": "HIGHLOW"}, {"RVA": 59440, "Type": "HIGHLOW"}, {"RVA": 59472, "Type": "HIGHLOW"}, {"RVA": 59504, "Type": "HIGHLOW"}, {"RVA": 59536, "Type": "HIGHLOW"}, {"RVA": 59568, "Type": "HIGHLOW"}, {"RVA": 59596, "Type": "HIGHLOW"}, {"RVA": 59600, "Type": "HIGHLOW"}, {"RVA": 59632, "Type": "HIGHLOW"}, {"RVA": 59664, "Type": "HIGHLOW"}, {"RVA": 59696, "Type": "HIGHLOW"}, {"RVA": 59708, "Type": "HIGHLOW"}, {"RVA": 59736, "Type": "HIGHLOW"}, {"RVA": 59764, "Type": "HIGHLOW"}, {"RVA": 59768, "Type": "HIGHLOW"}, {"RVA": 59800, "Type": "HIGHLOW"}, {"RVA": 59832, "Type": "HIGHLOW"}, {"RVA": 57344, "Type": "ABSOLUTE"}], [{"SizeOfBlock": {"FileOffset": 63740, "Value": 292, "Offset": 4}, "VirtualAddress": {"FileOffset": 63736, "Value": 65536, "Offset": 0}, "Structure": "IMAGE_BASE_RELOCATION"}, {"RVA": 65540, "Type": "HIGHLOW"}, {"RVA": 65568, "Type": "HIGHLOW"}, {"RVA": 65604, "Type": "HIGHLOW"}, {"RVA": 65608, "Type": "HIGHLOW"}, {"RVA": 65984, "Type": "HIGHLOW"}, {"RVA": 65992, "Type": "HIGHLOW"}, {"RVA": 66696, "Type": "HIGHLOW"}, {"RVA": 67784, "Type": "HIGHLOW"}, {"RVA": 68040, "Type": "HIGHLOW"}, {"RVA": 68044, "Type": "HIGHLOW"}, {"RVA": 68048, "Type": "HIGHLOW"}, {"RVA": 68052, "Type": "HIGHLOW"}, {"RVA": 68056, "Type": "HIGHLOW"}, {"RVA": 68060, "Type": "HIGHLOW"}, {"RVA": 68064, "Type": "HIGHLOW"}, {"RVA": 68068, "Type": "HIGHLOW"}, {"RVA": 68072, "Type": "HIGHLOW"}, {"RVA": 68076, "Type": "HIGHLOW"}, {"RVA": 68080, "Type": "HIGHLOW"}, {"RVA": 68084, "Type": "HIGHLOW"}, {"RVA": 68088, "Type": "HIGHLOW"}, {"RVA": 68092, "Type": "HIGHLOW"}, {"RVA": 68096, "Type": "HIGHLOW"}, {"RVA": 68100, "Type": "HIGHLOW"}, {"RVA": 68104, "Type": "HIGHLOW"}, {"RVA": 68108, "Type": "HIGHLOW"}, {"RVA": 68112, "Type": "HIGHLOW"}, {"RVA": 68116, "Type": "HIGHLOW"}, {"RVA": 68120, "Type": "HIGHLOW"}, {"RVA": 68124, "Type": "HIGHLOW"}, {"RVA": 68128, "Type": "HIGHLOW"}, {"RVA": 68132, "Type": "HIGHLOW"}, {"RVA": 68136, "Type": "HIGHLOW"}, {"RVA": 68140, "Type": "HIGHLOW"}, {"RVA": 68144, "Type": "HIGHLOW"}, {"RVA": 68148, "Type": "HIGHLOW"}, {"RVA": 68152, "Type": "HIGHLOW"}, {"RVA": 68156, "Type": "HIGHLOW"}, {"RVA": 68160, "Type": "HIGHLOW"}, {"RVA": 68164, "Type": "HIGHLOW"}, {"RVA": 68168, "Type": "HIGHLOW"}, {"RVA": 68172, "Type": "HIGHLOW"}, {"RVA": 68176, "Type": "HIGHLOW"}, {"RVA": 68180, "Type": "HIGHLOW"}, {"RVA": 68184, "Type": "HIGHLOW"}, {"RVA": 68188, "Type": "HIGHLOW"}, {"RVA": 68192, "Type": "HIGHLOW"}, {"RVA": 68196, "Type": "HIGHLOW"}, {"RVA": 68200, "Type": "HIGHLOW"}, {"RVA": 68204, "Type": "HIGHLOW"}, {"RVA": 68208, "Type": "HIGHLOW"}, {"RVA": 68224, "Type": "HIGHLOW"}, {"RVA": 68228, "Type": "HIGHLOW"}, {"RVA": 68232, "Type": "HIGHLOW"}, {"RVA": 68236, "Type": "HIGHLOW"}, {"RVA": 68240, "Type": "HIGHLOW"}, {"RVA": 68244, "Type": "HIGHLOW"}, {"RVA": 68248, "Type": "HIGHLOW"}, {"RVA": 68252, "Type": "HIGHLOW"}, {"RVA": 68256, "Type": "HIGHLOW"}, {"RVA": 68260, "Type": "HIGHLOW"}, {"RVA": 68264, "Type": "HIGHLOW"}, {"RVA": 68268, "Type": "HIGHLOW"}, {"RVA": 68272, "Type": "HIGHLOW"}, {"RVA": 68276, "Type": "HIGHLOW"}, {"RVA": 68280, "Type": "HIGHLOW"}, {"RVA": 68284, "Type": "HIGHLOW"}, {"RVA": 68288, "Type": "HIGHLOW"}, {"RVA": 68292, "Type": "HIGHLOW"}, {"RVA": 68296, "Type": "HIGHLOW"}, {"RVA": 68300, "Type": "HIGHLOW"}, {"RVA": 68304, "Type": "HIGHLOW"}, {"RVA": 68308, "Type": "HIGHLOW"}, {"RVA": 68312, "Type": "HIGHLOW"}, {"RVA": 68316, "Type": "HIGHLOW"}, {"RVA": 68320, "Type": "HIGHLOW"}, {"RVA": 68324, "Type": "HIGHLOW"}, {"RVA": 68328, "Type": "HIGHLOW"}, {"RVA": 68332, "Type": "HIGHLOW"}, {"RVA": 68336, "Type": "HIGHLOW"}, {"RVA": 68340, "Type": "HIGHLOW"}, {"RVA": 68344, "Type": "HIGHLOW"}, {"RVA": 68348, "Type": "HIGHLOW"}, {"RVA": 68352, "Type": "HIGHLOW"}, {"RVA": 68356, "Type": "HIGHLOW"}, {"RVA": 68360, "Type": "HIGHLOW"}, {"RVA": 68364, "Type": "HIGHLOW"}, {"RVA": 68368, "Type": "HIGHLOW"}, {"RVA": 68372, "Type": "HIGHLOW"}, {"RVA": 68376, "Type": "HIGHLOW"}, {"RVA": 68380, "Type": "HIGHLOW"}, {"RVA": 68384, "Type": "HIGHLOW"}, {"RVA": 68388, "Type": "HIGHLOW"}, {"RVA": 68392, "Type": "HIGHLOW"}, {"RVA": 68488, "Type": "HIGHLOW"}, {"RVA": 68504, "Type": "HIGHLOW"}, {"RVA": 68520, "Type": "HIGHLOW"}, {"RVA": 68536, "Type": "HIGHLOW"}, {"RVA": 68552, "Type": "HIGHLOW"}, {"RVA": 68588, "Type": "HIGHLOW"}, {"RVA": 68600, "Type": "HIGHLOW"}, {"RVA": 68604, "Type": "HIGHLOW"}, {"RVA": 68608, "Type": "HIGHLOW"}, {"RVA": 68612, "Type": "HIGHLOW"}, {"RVA": 68616, "Type": "HIGHLOW"}, {"RVA": 68620, "Type": "HIGHLOW"}, {"RVA": 68624, "Type": "HIGHLOW"}, {"RVA": 68628, "Type": "HIGHLOW"}, {"RVA": 68632, "Type": "HIGHLOW"}, {"RVA": 68636, "Type": "HIGHLOW"}, {"RVA": 68640, "Type": "HIGHLOW"}, {"RVA": 68644, "Type": "HIGHLOW"}, {"RVA": 68648, "Type": "HIGHLOW"}, {"RVA": 68652, "Type": "HIGHLOW"}, {"RVA": 68656, "Type": "HIGHLOW"}, {"RVA": 68660, "Type": "HIGHLOW"}, {"RVA": 68664, "Type": "HIGHLOW"}, {"RVA": 68672, "Type": "HIGHLOW"}, {"RVA": 69256, "Type": "HIGHLOW"}, {"RVA": 69260, "Type": "HIGHLOW"}, {"RVA": 69264, "Type": "HIGHLOW"}, {"RVA": 69268, "Type": "HIGHLOW"}, {"RVA": 69272, "Type": "HIGHLOW"}, {"RVA": 69276, "Type": "HIGHLOW"}, {"RVA": 69280, "Type": "HIGHLOW"}, {"RVA": 69284, "Type": "HIGHLOW"}, {"RVA": 69288, "Type": "HIGHLOW"}, {"RVA": 69292, "Type": "HIGHLOW"}, {"RVA": 69304, "Type": "HIGHLOW"}, {"RVA": 69308, "Type": "HIGHLOW"}, {"RVA": 69312, "Type": "HIGHLOW"}, {"RVA": 69316, "Type": "HIGHLOW"}, {"RVA": 69320, "Type": "HIGHLOW"}, {"RVA": 69324, "Type": "HIGHLOW"}, {"RVA": 69328, "Type": "HIGHLOW"}, {"RVA": 69332, "Type": "HIGHLOW"}, {"RVA": 69336, "Type": "HIGHLOW"}, {"RVA": 69340, "Type": "HIGHLOW"}, {"RVA": 69344, "Type": "HIGHLOW"}, {"RVA": 69380, "Type": "HIGHLOW"}, {"RVA": 69384, "Type": "HIGHLOW"}, {"RVA": 65536, "Type": "ABSOLUTE"}]], "NT_HEADERS": {"Structure": "IMAGE_NT_HEADERS", "Signature": {"FileOffset": 224, "Value": 17744, "Offset": 0}}, "LOAD_CONFIG": {"TimeDateStamp": {"FileOffset": 52756, "Value": "0x0        [Thu Jan  1 00:00:00 1970 UTC]", "Offset": 4}, "ProcessHeapFlags": {"FileOffset": 52796, "Value": 0, "Offset": 44}, "CSDVersion": {"FileOffset": 52804, "Value": 0, "Offset": 52}, "GuardCFFunctionCount": {"FileOffset": 52836, "Value": 218380952, "Offset": 84}, "SEHandlerCount": {"FileOffset": 52820, "Value": 3, "Offset": 68}, "GuardCFCheckFunctionPointer": {"FileOffset": 52824, "Value": 1396986706, "Offset": 72}, "GlobalFlagsClear": {"FileOffset": 52764, "Value": 0, "Offset": 12}, "ProcessAffinityMask": {"FileOffset": 52800, "Value": 0, "Offset": 48}, "VirtualMemoryThreshold": {"FileOffset": 52792, "Value": 0, "Offset": 40}, "LockPrefixTable": {"FileOffset": 52784, "Value": 0, "Offset": 32}, "MaximumAllocationSize": {"FileOffset": 52788, "Value": 0, "Offset": 36}, "Structure": "IMAGE_LOAD_CONFIG_DIRECTORY", "SEHandlerTable": {"FileOffset": 52816, "Value": 4253104, "Offset": 64}, "GuardCFFunctionTable": {"FileOffset": 52832, "Value": 1173185030, "Offset": 80}, "DeCommitFreeBlockThreshold": {"FileOffset": 52776, "Value": 0, "Offset": 24}, "MinorVersion": {"FileOffset": 52762, "Value": 0, "Offset": 10}, "MajorVersion": {"FileOffset": 52760, "Value": 0, "Offset": 8}, "Reserved1": {"FileOffset": 52806, "Value": 0, "Offset": 54}, "SecurityCookie": {"FileOffset": 52812, "Value": 4259900, "Offset": 60}, "GlobalFlagsSet": {"FileOffset": 52768, "Value": 0, "Offset": 16}, "CriticalSectionDefaultTimeout": {"FileOffset": 52772, "Value": 0, "Offset": 20}, "DeCommitTotalFreeThreshold": {"FileOffset": 52780, "Value": 0, "Offset": 28}, "Reserved2": {"FileOffset": 52828, "Value": 2350972529, "Offset": 76}, "EditList": {"FileOffset": 52808, "Value": 0, "Offset": 56}, "GuardFlags": {"FileOffset": 52840, "Value": 3334956119, "Offset": 88}, "Size": {"FileOffset": 52752, "Value": 72, "Offset": 0}}, "Flags": ["IMAGE_FILE_32BIT_MACHINE", "IMAGE_FILE_EXECUTABLE_IMAGE"], "Version Information": [{"ValueLength": {"FileOffset": 60514, "Value": 52, "Offset": 2}, "Length": {"FileOffset": 60512, "Value": 712, "Offset": 0}, "Type": {"FileOffset": 60516, "Value": 0, "Offset": 4}, "Structure": "VS_VERSIONINFO"}, {"FileFlagsMask": {"FileOffset": 60576, "Value": 63, "Offset": 24}, "FileType": {"FileOffset": 60588, "Value": 1, "Offset": 36}, "FileVersionMS": {"FileOffset": 60560, "Value": 131072, "Offset": 8}, "FileVersionLS": {"FileOffset": 60564, "Value": 0, "Offset": 12}, "Signature": {"FileOffset": 60552, "Value": 4277077181, "Offset": 0}, "FileSubtype": {"FileOffset": 60592, "Value": 0, "Offset": 40}, "FileFlags": {"FileOffset": 60580, "Value": 0, "Offset": 28}, "FileDateLS": {"FileOffset": 60600, "Value": 0, "Offset": 48}, "ProductVersionLS": {"FileOffset": 60572, "Value": 0, "Offset": 20}, "FileOS": {"FileOffset": 60584, "Value": 262148, "Offset": 32}, "ProductVersionMS": {"FileOffset": 60568, "Value": 131072, "Offset": 16}, "FileDateMS": {"FileOffset": 60596, "Value": 0, "Offset": 44}, "Structure": "VS_FIXEDFILEINFO", "StrucVersion": {"FileOffset": 60556, "Value": 65536, "Offset": 4}}], "Debug information": [{"MajorVersion": {"FileOffset": 43944, "Value": 0, "Offset": 8}, "PointerToRawData": {"FileOffset": 43960, "Value": 52824, "Offset": 24}, "MinorVersion": {"FileOffset": 43946, "Value": 0, "Offset": 10}, "TimeDateStamp": {"FileOffset": 43940, "Value": "0x50D85765 [Mon Dec 24 13:23:49 2012 UTC]", "Offset": 4}, "Characteristics": {"FileOffset": 43936, "Value": 0, "Offset": 0}, "Structure": "IMAGE_DEBUG_DIRECTORY", "Type": "IMAGE_DEBUG_TYPE_CODEVIEW", "SizeOfData": {"FileOffset": 43952, "Value": 112, "Offset": 16}, "AddressOfRawData": {"FileOffset": 43956, "Value": 58456, "Offset": 20}}], "Imported symbols": [[{"TimeDateStamp": {"FileOffset": 54208, "Value": "0x0        [Thu Jan  1 00:00:00 1970 UTC]", "Offset": 4}, "Name": {"FileOffset": 54216, "Value": 60516, "Offset": 12}, "ForwarderChain": {"FileOffset": 54212, "Value": 0, "Offset": 8}, "OriginalFirstThunk": {"FileOffset": 54204, "Value": 59936, "Offset": 0}, "FirstThunk": {"FileOffset": 54220, "Value": 49152, "Offset": 16}, "Characteristics": {"FileOffset": 54204, "Value": 59936, "Offset": 0}, "Structure": "IMAGE_IMPORT_DESCRIPTOR"}, {"Hint": 917, "Name": "Process32First", "DLL": "KERNEL32.dll"}, {"Hint": 390, "Name": "GetCommandLineA", "DLL": "KERNEL32.dll"}, {"Hint": 896, "Name": "OpenProcess", "DLL": "KERNEL32.dll"}, {"Hint": 1202, "Name": "Sleep", "DLL": "KERNEL32.dll"}, {"Hint": 485, "Name": "GetFileAttributesA", "DLL": "KERNEL32.dll"}, {"Hint": 1216, "Name": "TerminateProcess", "DLL": "KERNEL32.dll"}, {"Hint": 514, "Name": "GetLastError", "DLL": "KERNEL32.dll"}, {"Hint": 1139, "Name": "SetLastError", "DLL": "KERNEL32.dll"}, {"Hint": 919, "Name": "Process32Next", "DLL": "KERNEL32.dll"}, {"Hint": 531, "Name": "GetModuleFileNameA", "DLL": "KERNEL32.dll"}, {"Hint": 155, "Name": "CreateMutexA", "DLL": "KERNEL32.dll"}, {"Hint": 190, "Name": "CreateToolhelp32Snapshot", "DLL": "KERNEL32.dll"}, {"Hint": 82, "Name": "CloseHandle", "DLL": "KERNEL32.dll"}, {"Hint": 586, "Name": "GetProcessHeap", "DLL": "KERNEL32.dll"}, {"Hint": 1107, "Name": "SetEndOfFile", "DLL": "KERNEL32.dll"}, {"Hint": 772, "Name": "IsProcessorFeaturePresent", "DLL": "KERNEL32.dll"}, {"Hint": 722, "Name": "HeapReAlloc", "DLL": "KERNEL32.dll"}, {"Hint": 617, "Name": "GetStringTypeW", "DLL": "KERNEL32.dll"}, {"Hint": 813, "Name": "LCMapStringW", "DLL": "KERNEL32.dll"}, {"Hint": 1316, "Name": "WriteConsoleW", "DLL": "KERNEL32.dll"}, {"Hint": 724, "Name": "HeapSize", "DLL": "KERNEL32.dll"}, {"Hint": 723, "Name": "HeapSetInformation", "DLL": "KERNEL32.dll"}, {"Hint": 611, "Name": "GetStartupInfoW", "DLL": "KERNEL32.dll"}, {"Hint": 448, "Name": "GetCurrentProcess", "DLL": "KERNEL32.dll"}, {"Hint": 1235, "Name": "UnhandledExceptionFilter", "DLL": "KERNEL32.dll"}, {"Hint": 1189, "Name": "SetUnhandledExceptionFilter", "DLL": "KERNEL32.dll"}, {"Hint": 768, "Name": "IsDebuggerPresent", "DLL": "KERNEL32.dll"}, {"Hint": 202, "Name": "DecodePointer", "DLL": "KERNEL32.dll"}, {"Hint": 234, "Name": "EncodePointer", "DLL": "KERNEL32.dll"}, {"Hint": 238, "Name": "EnterCriticalSection", "DLL": "KERNEL32.dll"}, {"Hint": 825, "Name": "LeaveCriticalSection", "DLL": "KERNEL32.dll"}, {"Hint": 1135, "Name": "SetHandleCount", "DLL": "KERNEL32.dll"}, {"Hint": 612, "Name": "GetStdHandle", "DLL": "KERNEL32.dll"}, {"Hint": 739, "Name": "InitializeCriticalSectionAndSpinCount", "DLL": "KERNEL32.dll"}, {"Hint": 499, "Name": "GetFileType", "DLL": "KERNEL32.dll"}, {"Hint": 209, "Name": "DeleteCriticalSection", "DLL": "KERNEL32.dll"}, {"Hint": 1048, "Name": "RtlUnwind", "DLL": "KERNEL32.dll"}, {"Hint": 719, "Name": "HeapFree", "DLL": "KERNEL32.dll"}, {"Hint": 581, "Name": "GetProcAddress", "DLL": "KERNEL32.dll"}, {"Hint": 536, "Name": "GetModuleHandleW", "DLL": "KERNEL32.dll"}, {"Hint": 281, "Name": "ExitProcess", "DLL": "KERNEL32.dll"}, {"Hint": 1317, "Name": "WriteFile", "DLL": "KERNEL32.dll"}, {"Hint": 532, "Name": "GetModuleFileNameW", "DLL": "KERNEL32.dll"}, {"Hint": 353, "Name": "FreeEnvironmentStringsW", "DLL": "KERNEL32.dll"}, {"Hint": 1297, "Name": "WideCharToMultiByte", "DLL": "KERNEL32.dll"}, {"Hint": 474, "Name": "GetEnvironmentStringsW", "DLL": "KERNEL32.dll"}, {"Hint": 1221, "Name": "TlsAlloc", "DLL": "KERNEL32.dll"}, {"Hint": 1223, "Name": "TlsGetValue", "DLL": "KERNEL32.dll"}, {"Hint": 1224, "Name": "TlsSetValue", "DLL": "KERNEL32.dll"}, {"Hint": 1222, "Name": "TlsFree", "DLL": "KERNEL32.dll"}, {"Hint": 751, "Name": "InterlockedIncrement", "DLL": "KERNEL32.dll"}, {"Hint": 453, "Name": "GetCurrentThreadId", "DLL": "KERNEL32.dll"}, {"Hint": 747, "Name": "InterlockedDecrement", "DLL": "KERNEL32.dll"}, {"Hint": 717, "Name": "HeapCreate", "DLL": "KERNEL32.dll"}, {"Hint": 935, "Name": "QueryPerformanceCounter", "DLL": "KERNEL32.dll"}, {"Hint": 659, "Name": "GetTickCount", "DLL": "KERNEL32.dll"}, {"Hint": 449, "Name": "GetCurrentProcessId", "DLL": "KERNEL32.dll"}, {"Hint": 633, "Name": "GetSystemTimeAsFileTime", "DLL": "KERNEL32.dll"}, {"Hint": 715, "Name": "HeapAlloc", "DLL": "KERNEL32.dll"}, {"Hint": 945, "Name": "RaiseException", "DLL": "KERNEL32.dll"}, {"Hint": 1126, "Name": "SetFilePointer", "DLL": "KERNEL32.dll"}, {"Hint": 410, "Name": "GetConsoleCP", "DLL": "KERNEL32.dll"}, {"Hint": 428, "Name": "GetConsoleMode", "DLL": "KERNEL32.dll"}, {"Hint": 370, "Name": "GetCPInfo", "DLL": "KERNEL32.dll"}, {"Hint": 360, "Name": "GetACP", "DLL": "KERNEL32.dll"}, {"Hint": 567, "Name": "GetOEMCP", "DLL": "KERNEL32.dll"}, {"Hint": 778, "Name": "IsValidCodePage", "DLL": "KERNEL32.dll"}, {"Hint": 871, "Name": "MultiByteToWideChar", "DLL": "KERNEL32.dll"}, {"Hint": 960, "Name": "ReadFile", "DLL": "KERNEL32.dll"}, {"Hint": 136, "Name": "CreateFileA", "DLL": "KERNEL32.dll"}, {"Hint": 1159, "Name": "SetStdHandle", "DLL": "KERNEL32.dll"}, {"Hint": 343, "Name": "FlushFileBuffers", "DLL": "KERNEL32.dll"}, {"Hint": 831, "Name": "LoadLibraryW", "DLL": "KERNEL32.dll"}, {"Hint": 143, "Name": "CreateFileW", "DLL": "KERNEL32.dll"}], [{"TimeDateStamp": {"FileOffset": 54228, "Value": "0x0        [Thu Jan  1 00:00:00 1970 UTC]", "Offset": 4}, "Name": {"FileOffset": 54236, "Value": 60546, "Offset": 12}, "ForwarderChain": {"FileOffset": 54232, "Value": 0, "Offset": 8}, "OriginalFirstThunk": {"FileOffset": 54224, "Value": 60236, "Offset": 0}, "FirstThunk": {"FileOffset": 54240, "Value": 49452, "Offset": 16}, "Characteristics": {"FileOffset": 54224, "Value": 60236, "Offset": 0}, "Structure": "IMAGE_IMPORT_DESCRIPTOR"}, {"Hint": 286, "Name": "ShellExecuteA", "DLL": "SHELL32.dll"}], [{"TimeDateStamp": {"FileOffset": 54248, "Value": "0x0        [Thu Jan  1 00:00:00 1970 UTC]", "Offset": 4}, "Name": {"FileOffset": 54256, "Value": 60724, "Offset": 12}, "ForwarderChain": {"FileOffset": 54252, "Value": 0, "Offset": 8}, "OriginalFirstThunk": {"FileOffset": 54244, "Value": 60244, "Offset": 0}, "FirstThunk": {"FileOffset": 54260, "Value": 49460, "Offset": 16}, "Characteristics": {"FileOffset": 54244, "Value": 60244, "Offset": 0}, "Structure": "IMAGE_IMPORT_DESCRIPTOR"}, {"Hint": 107, "Name": "InternetCloseHandle", "DLL": "WININET.dll"}, {"Hint": 151, "Name": "InternetOpenA", "DLL": "WININET.dll"}, {"Hint": 85, "Name": "HttpEndRequestA", "DLL": "WININET.dll"}, {"Hint": 155, "Name": "InternetQueryDataAvailable", "DLL": "WININET.dll"}, {"Hint": 113, "Name": "InternetConnectA", "DLL": "WININET.dll"}, {"Hint": 89, "Name": "HttpQueryInfoA", "DLL": "WININET.dll"}, {"Hint": 92, "Name": "HttpSendRequestExA", "DLL": "WININET.dll"}, {"Hint": 87, "Name": "HttpOpenRequestA", "DLL": "WININET.dll"}], [{"TimeDateStamp": {"FileOffset": 54268, "Value": "0x0        [Thu Jan  1 00:00:00 1970 UTC]", "Offset": 4}, "Name": {"FileOffset": 54276, "Value": 60758, "Offset": 12}, "ForwarderChain": {"FileOffset": 54272, "Value": 0, "Offset": 8}, "OriginalFirstThunk": {"FileOffset": 54264, "Value": 60280, "Offset": 0}, "FirstThunk": {"FileOffset": 54280, "Value": 49496, "Offset": 16}, "Characteristics": {"FileOffset": 54264, "Value": 60280, "Offset": 0}, "Structure": "IMAGE_IMPORT_DESCRIPTOR"}, {"Hint": 103, "Name": "URLDownloadToFileA", "DLL": "urlmon.dll"}]], "PE Sections": [{"PointerToRawData": {"FileOffset": 492, "Value": 1024, "Offset": 20}, "SHA1": "f8c24c45172f02e763a6d54945f94042a277b86f", "SHA256": "68dbdbf9300a08af1d9f00816fd2799c20009be894f8c96d67d5439a44aa8324", "Name": {"FileOffset": 472, "Value": ".text", "Offset": 0}, "NumberOfRelocations": {"FileOffset": 504, "Value": 0, "Offset": 32}, "Misc_VirtualSize": {"FileOffset": 480, "Value": 42092, "Offset": 8}, "Characteristics": {"FileOffset": 508, "Value": 1610612768, "Offset": 36}, "Misc": {"FileOffset": 480, "Value": 42092, "Offset": 8}, "PointerToLinenumbers": {"FileOffset": 500, "Value": 0, "Offset": 28}, "SizeOfRawData": {"FileOffset": 488, "Value": 42496, "Offset": 16}, "Misc_PhysicalAddress": {"FileOffset": 480, "Value": 42092, "Offset": 8}, "PointerToRelocations": {"FileOffset": 496, "Value": 0, "Offset": 24}, "Flags": ["IMAGE_SCN_MEM_EXECUTE", "IMAGE_SCN_CNT_CODE", "IMAGE_SCN_MEM_READ"], "SHA512": "5f70499d5942fd339aa815d288ccb78c34da7e2e6f6d43fa060939ba35d2d7f816d2fb8a78915078aeb196cc85c9caa892c3d8e7ec1d554e54740cfd0cf57afe", "MD5": "54c67243d581a40f2d6865f1735b3d1b", "Entropy": 6.504497915046722, "VirtualAddress": {"FileOffset": 484, "Value": 4096, "Offset": 12}, "Structure": "IMAGE_SECTION_HEADER", "NumberOfLinenumbers": {"FileOffset": 506, "Value": 0, "Offset": 34}}, {"PointerToRawData": {"FileOffset": 532, "Value": 43520, "Offset": 20}, "SHA1": "2a72d8d848ee0e0bc029d9aee0c407077b915e37", "SHA256": "88d31e7b28049f6cd871a1de360bc3e5c48791b7f076c8bb6132253049ab0db1", "Name": {"FileOffset": 512, "Value": ".rdata", "Offset": 0}, "NumberOfRelocations": {"FileOffset": 544, "Value": 0, "Offset": 32}, "Misc_VirtualSize": {"FileOffset": 520, "Value": 12742, "Offset": 8}, "Characteristics": {"FileOffset": 548, "Value": 1073741888, "Offset": 36}, "Misc": {"FileOffset": 520, "Value": 12742, "Offset": 8}, "PointerToLinenumbers": {"FileOffset": 540, "Value": 0, "Offset": 28}, "SizeOfRawData": {"FileOffset": 528, "Value": 12800, "Offset": 16}, "Misc_PhysicalAddress": {"FileOffset": 520, "Value": 12742, "Offset": 8}, "PointerToRelocations": {"FileOffset": 536, "Value": 0, "Offset": 24}, "Flags": ["IMAGE_SCN_CNT_INITIALIZED_DATA", "IMAGE_SCN_MEM_READ"], "SHA512": "4798dfb6b6d6db3302d8f8fbffbafa762866afe888f3b82845308767cf47a7a8d2166a26ec45f24a5740f78bef7671f82b9f99293d3b89d4a5dda99cbf6e6495", "MD5": "a23d8826ce8bff4e1e0e4bc621d1ae2a", "Entropy": 5.072747737627258, "VirtualAddress": {"FileOffset": 524, "Value": 49152, "Offset": 12}, "Structure": "IMAGE_SECTION_HEADER", "NumberOfLinenumbers": {"FileOffset": 546, "Value": 0, "Offset": 34}}, {"PointerToRawData": {"FileOffset": 572, "Value": 56320, "Offset": 20}, "SHA1": "ac0740c6f8024e6310f87523dbae294287fa7650", "SHA256": "2b2ea234534b915281b9936c1102122d4f004a1e9eb48283735f553c7bbb4c37", "Name": {"FileOffset": 552, "Value": ".data", "Offset": 0}, "NumberOfRelocations": {"FileOffset": 584, "Value": 0, "Offset": 32}, "Misc_VirtualSize": {"FileOffset": 560, "Value": 11628, "Offset": 8}, "Characteristics": {"FileOffset": 588, "Value": 3221225536, "Offset": 36}, "Misc": {"FileOffset": 560, "Value": 11628, "Offset": 8}, "PointerToLinenumbers": {"FileOffset": 580, "Value": 0, "Offset": 28}, "SizeOfRawData": {"FileOffset": 568, "Value": 4096, "Offset": 16}, "Misc_PhysicalAddress": {"FileOffset": 560, "Value": 11628, "Offset": 8}, "PointerToRelocations": {"FileOffset": 576, "Value": 0, "Offset": 24}, "Flags": ["IMAGE_SCN_CNT_INITIALIZED_DATA", "IMAGE_SCN_MEM_WRITE", "IMAGE_SCN_MEM_READ"], "SHA512": "bbb0917e72b4aab6b39828577f11a18b0e2d929a695f6973178d0ce91c4e702a1ad4b71ce6fd247220c9197c0f0f6b3b43bb85945cf391c112d514c1c8bc003f", "MD5": "0c3e30e317a88bc32bc787f127d874ee", "Entropy": 2.2911696344717356, "VirtualAddress": {"FileOffset": 564, "Value": 65536, "Offset": 12}, "Structure": "IMAGE_SECTION_HEADER", "NumberOfLinenumbers": {"FileOffset": 586, "Value": 0, "Offset": 34}}, {"PointerToRawData": {"FileOffset": 612, "Value": 60416, "Offset": 20}, "SHA1": "9e0ef60df20ca6ca7faef99f6122f77f061864a9", "SHA256": "0dff61ad7536bb143b72761a8682c2c8a8e75ed7be0f7e610ecfa75f15e07af3", "Name": {"FileOffset": 592, "Value": ".rsrc", "Offset": 0}, "NumberOfRelocations": {"FileOffset": 624, "Value": 0, "Offset": 32}, "Misc_VirtualSize": {"FileOffset": 600, "Value": 808, "Offset": 8}, "Characteristics": {"FileOffset": 628, "Value": 1073741888, "Offset": 36}, "Misc": {"FileOffset": 600, "Value": 808, "Offset": 8}, "PointerToLinenumbers": {"FileOffset": 620, "Value": 0, "Offset": 28}, "SizeOfRawData": {"FileOffset": 608, "Value": 1024, "Offset": 16}, "Misc_PhysicalAddress": {"FileOffset": 600, "Value": 808, "Offset": 8}, "PointerToRelocations": {"FileOffset": 616, "Value": 0, "Offset": 24}, "Flags": ["IMAGE_SCN_CNT_INITIALIZED_DATA", "IMAGE_SCN_MEM_READ"], "SHA512": "cbbe1b70d24b588ef92f39aaa061c8a490f1cc6f4f5a542d7d789a96761a2f9c629d25402928df4efc318614bfe5129b55166f6e4f57ff02a5b5f0b6d5677c1f", "MD5": "3b9fc545981a40e9486796cfe949116d", "Entropy": 2.6761037950612563, "VirtualAddress": {"FileOffset": 604, "Value": 77824, "Offset": 12}, "Structure": "IMAGE_SECTION_HEADER", "NumberOfLinenumbers": {"FileOffset": 626, "Value": 0, "Offset": 34}}, {"PointerToRawData": {"FileOffset": 652, "Value": 61440, "Offset": 20}, "SHA1": "0289bcadea5ba8f4744ec8130b797ab968a085d4", "SHA256": "f09b876b8f5a7e03f44134ea5541a39cbe1a7f20f07182eee93bbfd06daf3dc3", "Name": {"FileOffset": 632, "Value": ".reloc", "Offset": 0}, "NumberOfRelocations": {"FileOffset": 664, "Value": 0, "Offset": 32}, "Misc_VirtualSize": {"FileOffset": 640, "Value": 5110, "Offset": 8}, "Characteristics": {"FileOffset": 668, "Value": 1107296320, "Offset": 36}, "Misc": {"FileOffset": 640, "Value": 5110, "Offset": 8}, "PointerToLinenumbers": {"FileOffset": 660, "Value": 0, "Offset": 28}, "SizeOfRawData": {"FileOffset": 648, "Value": 5120, "Offset": 16}, "Misc_PhysicalAddress": {"FileOffset": 640, "Value": 5110, "Offset": 8}, "PointerToRelocations": {"FileOffset": 656, "Value": 0, "Offset": 24}, "Flags": ["IMAGE_SCN_CNT_INITIALIZED_DATA", "IMAGE_SCN_MEM_DISCARDABLE", "IMAGE_SCN_MEM_READ"], "SHA512": "4cd870c58bd50be27b3628053e75eabdb10155ed653e53aa39623299beb1564cec0b9b1644a9b48e7d8b41aaa823da731ecf68cc1cfed4cdd26599e26de7db2c", "MD5": "3560f71ea626a2ed93f7715cc51688ca", "Entropy": 4.228006151791048, "VirtualAddress": {"FileOffset": 644, "Value": 81920, "Offset": 12}, "Structure": "IMAGE_SECTION_HEADER", "NumberOfLinenumbers": {"FileOffset": 666, "Value": 0, "Offset": 34}}], "Resource directory": [{"MajorVersion": {"FileOffset": 60424, "Value": 0, "Offset": 8}, "NumberOfIdEntries": {"FileOffset": 60430, "Value": 1, "Offset": 14}, "MinorVersion": {"FileOffset": 60426, "Value": 0, "Offset": 10}, "TimeDateStamp": {"FileOffset": 60420, "Value": "0x0        [Thu Jan  1 00:00:00 1970 UTC]", "Offset": 4}, "Characteristics": {"FileOffset": 60416, "Value": 0, "Offset": 0}, "NumberOfNamedEntries": {"FileOffset": 60428, "Value": 0, "Offset": 12}, "Structure": "IMAGE_RESOURCE_DIRECTORY"}, {"Structure": "IMAGE_RESOURCE_DIRECTORY_ENTRY", "Id": [16, "RT_VERSION"], "OffsetToData": {"FileOffset": 60436, "Value": 2147483672, "Offset": 4}, "Name": {"FileOffset": 60432, "Value": 16, "Offset": 0}}, [{"MajorVersion": {"FileOffset": 60448, "Value": 0, "Offset": 8}, "NumberOfIdEntries": {"FileOffset": 60454, "Value": 1, "Offset": 14}, "MinorVersion": {"FileOffset": 60450, "Value": 0, "Offset": 10}, "TimeDateStamp": {"FileOffset": 60444, "Value": "0x0        [Thu Jan  1 00:00:00 1970 UTC]", "Offset": 4}, "Characteristics": {"FileOffset": 60440, "Value": 0, "Offset": 0}, "NumberOfNamedEntries": {"FileOffset": 60452, "Value": 0, "Offset": 12}, "Structure": "IMAGE_RESOURCE_DIRECTORY"}, {"Structure": "IMAGE_RESOURCE_DIRECTORY_ENTRY", "Id": 1, "OffsetToData": {"FileOffset": 60460, "Value": 2147483696, "Offset": 4}, "Name": {"FileOffset": 60456, "Value": 1, "Offset": 0}}, [{"MajorVersion": {"FileOffset": 60472, "Value": 0, "Offset": 8}, "NumberOfIdEntries": {"FileOffset": 60478, "Value": 1, "Offset": 14}, "MinorVersion": {"FileOffset": 60474, "Value": 0, "Offset": 10}, "TimeDateStamp": {"FileOffset": 60468, "Value": "0x0        [Thu Jan  1 00:00:00 1970 UTC]", "Offset": 4}, "Characteristics": {"FileOffset": 60464, "Value": 0, "Offset": 0}, "NumberOfNamedEntries": {"FileOffset": 60476, "Value": 0, "Offset": 12}, "Structure": "IMAGE_RESOURCE_DIRECTORY"}, {"LANG": 9, "SUBLANG_NAME": "SUBLANG_ENGLISH_US", "Name": {"FileOffset": 60480, "Value": 1033, "Offset": 0}, "CodePage": {"FileOffset": 60496, "Value": 0, "Offset": 8}, "LANG_NAME": "LANG_ENGLISH", "OffsetToData": {"FileOffset": 60488, "Value": 77920, "Offset": 0}, "Reserved": {"FileOffset": 60500, "Value": 0, "Offset": 12}, "SUBLANG": 1, "Structure": "IMAGE_RESOURCE_DATA_ENTRY", "Size": {"FileOffset": 60492, "Value": 712, "Offset": 4}}]]]}
