{"DllCharacteristics": ["IMAGE_DLLCHARACTERISTICS_NO_SEH", "IMAGE_DLLCHARACTERISTICS_TERMINAL_SERVER_AWARE", "IMAGE_DLLCHARACTERISTICS_DYNAMIC_BASE", "IMAGE_DLLCHARACTERISTICS_NX_COMPAT"], "FILE_HEADER": {"NumberOfSections": {"FileOffset": 134, "Value": 3, "Offset": 2}, "TimeDateStamp": {"FileOffset": 136, "Value": "0x5393254F [Sat Jun  7 14:44:31 2014 UTC]", "Offset": 4}, "PointerToSymbolTable": {"FileOffset": 140, "Value": 0, "Offset": 8}, "NumberOfSymbols": {"FileOffset": 144, "Value": 0, "Offset": 12}, "Machine": {"FileOffset": 132, "Value": 332, "Offset": 0}, "Characteristics": {"FileOffset": 150, "Value": 258, "Offset": 18}, "SizeOfOptionalHeader": {"FileOffset": 148, "Value": 224, "Offset": 16}, "Structure": "IMAGE_FILE_HEADER"}, "Directories": [{"VirtualAddress": {"FileOffset": 248, "Value": 0, "Offset": 0}, "Structure": "IMAGE_DIRECTORY_ENTRY_EXPORT", "Size": {"FileOffset": 252, "Value": 0, "Offset": 4}}, {"VirtualAddress": {"FileOffset": 256, "Value": 177328, "Offset": 0}, "Structure": "IMAGE_DIRECTORY_ENTRY_IMPORT", "Size": {"FileOffset": 260, "Value": 75, "Offset": 4}}, {"VirtualAddress": {"FileOffset": 264, "Value": 180224, "Offset": 0}, "Structure": "IMAGE_DIRECTORY_ENTRY_RESOURCE", "Size": {"FileOffset": 268, "Value": 1400, "Offset": 4}}, {"VirtualAddress": {"FileOffset": 272, "Value": 0, "Offset": 0}, "Structure": "IMAGE_DIRECTORY_ENTRY_EXCEPTION", "Size": {"FileOffset": 276, "Value": 0, "Offset": 4}}, {"VirtualAddress": {"FileOffset": 280, "Value": 0, "Offset": 0}, "Structure": "IMAGE_DIRECTORY_ENTRY_SECURITY", "Size": {"FileOffset": 284, "Value": 0, "Offset": 4}}, {"VirtualAddress": {"FileOffset": 288, "Value": 188416, "Offset": 0}, "Structure": "IMAGE_DIRECTORY_ENTRY_BASERELOC", "Size": {"FileOffset": 292, "Value": 12, "Offset": 4}}, {"VirtualAddress": {"FileOffset": 296, "Value": 0, "Offset": 0}, "Structure": "IMAGE_DIRECTORY_ENTRY_DEBUG", "Size": {"FileOffset": 300, "Value": 0, "Offset": 4}}, {"VirtualAddress": {"FileOffset": 304, "Value": 0, "Offset": 0}, "Structure": "IMAGE_DIRECTORY_ENTRY_COPYRIGHT", "Size": {"FileOffset": 308, "Value": 0, "Offset": 4}}, {"VirtualAddress": {"FileOffset": 312, "Value": 0, "Offset": 0}, "Structure": "IMAGE_DIRECTORY_ENTRY_GLOBALPTR", "Size": {"FileOffset": 316, "Value": 0, "Offset": 4}}, {"VirtualAddress": {"FileOffset": 320, "Value": 0, "Offset": 0}, "Structure": "IMAGE_DIRECTORY_ENTRY_TLS", "Size": {"FileOffset": 324, "Value": 0, "Offset": 4}}, {"VirtualAddress": {"FileOffset": 328, "Value": 0, "Offset": 0}, "Structure": "IMAGE_DIRECTORY_ENTRY_LOAD_CONFIG", "Size": {"FileOffset": 332, "Value": 0, "Offset": 4}}, {"VirtualAddress": {"FileOffset": 336, "Value": 0, "Offset": 0}, "Structure": "IMAGE_DIRECTORY_ENTRY_BOUND_IMPORT", "Size": {"FileOffset": 340, "Value": 0, "Offset": 4}}, {"VirtualAddress": {"FileOffset": 344, "Value": 8192, "Offset": 0}, "Structure": "IMAGE_DIRECTORY_ENTRY_IAT", "Size": {"FileOffset": 348, "Value": 8, "Offset": 4}}, {"VirtualAddress": {"FileOffset": 352, "Value": 0, "Offset": 0}, "Structure": "IMAGE_DIRECTORY_ENTRY_DELAY_IMPORT", "Size": {"FileOffset": 356, "Value": 0, "Offset": 4}}, {"VirtualAddress": {"FileOffset": 360, "Value": 8200, "Offset": 0}, "Structure": "IMAGE_DIRECTORY_ENTRY_COM_DESCRIPTOR", "Size": {"FileOffset": 364, "Value": 72, "Offset": 4}}, {"VirtualAddress": {"FileOffset": 368, "Value": 0, "Offset": 0}, "Structure": "IMAGE_DIRECTORY_ENTRY_RESERVED", "Size": {"FileOffset": 372, "Value": 0, "Offset": 4}}], "OPTIONAL_HEADER": {"DllCharacteristics": {"FileOffset": 222, "Value": 34112, "Offset": 70}, "BaseOfCode": {"FileOffset": 172, "Value": 8192, "Offset": 20}, "MajorLinkerVersion": {"FileOffset": 154, "Value": 8, "Offset": 2}, "MinorOperatingSystemVersion": {"FileOffset": 194, "Value": 0, "Offset": 42}, "MinorLinkerVersion": {"FileOffset": 155, "Value": 0, "Offset": 3}, "MajorSubsystemVersion": {"FileOffset": 200, "Value": 4, "Offset": 48}, "MajorOperatingSystemVersion": {"FileOffset": 192, "Value": 4, "Offset": 40}, "SizeOfStackCommit": {"FileOffset": 228, "Value": 4096, "Offset": 76}, "SizeOfUninitializedData": {"FileOffset": 164, "Value": 0, "Offset": 12}, "NumberOfRvaAndSizes": {"FileOffset": 244, "Value": 16, "Offset": 92}, "SizeOfHeapReserve": {"FileOffset": 232, "Value": 1048576, "Offset": 80}, "LoaderFlags": {"FileOffset": 240, "Value": 0, "Offset": 88}, "SizeOfHeapCommit": {"FileOffset": 236, "Value": 4096, "Offset": 84}, "SizeOfStackReserve": {"FileOffset": 224, "Value": 1048576, "Offset": 72}, "Structure": "IMAGE_OPTIONAL_HEADER", "SizeOfHeaders": {"FileOffset": 212, "Value": 512, "Offset": 60}, "Subsystem": {"FileOffset": 220, "Value": 2, "Offset": 68}, "Magic": {"FileOffset": 152, "Value": 267, "Offset": 0}, "MinorImageVersion": {"FileOffset": 198, "Value": 0, "Offset": 46}, "MajorImageVersion": {"FileOffset": 196, "Value": 0, "Offset": 44}, "FileAlignment": {"FileOffset": 188, "Value": 512, "Offset": 36}, "BaseOfData": {"FileOffset": 176, "Value": 180224, "Offset": 24}, "AddressOfEntryPoint": {"FileOffset": 168, "Value": 177406, "Offset": 16}, "SectionAlignment": {"FileOffset": 184, "Value": 8192, "Offset": 32}, "SizeOfCode": {"FileOffset": 156, "Value": 169472, "Offset": 4}, "ImageBase": {"FileOffset": 180, "Value": 4194304, "Offset": 28}, "SizeOfInitializedData": {"FileOffset": 160, "Value": 2048, "Offset": 8}, "SizeOfImage": {"FileOffset": 208, "Value": 196608, "Offset": 56}, "MinorSubsystemVersion": {"FileOffset": 202, "Value": 0, "Offset": 50}, "CheckSum": {"FileOffset": 216, "Value": 0, "Offset": 64}, "Reserved1": {"FileOffset": 204, "Value": 0, "Offset": 52}}, "DOS_HEADER": {"e_cblp": {"FileOffset": 2, "Value": 144, "Offset": 2}, "e_crlc": {"FileOffset": 6, "Value": 0, "Offset": 6}, "e_ovno": {"FileOffset": 26, "Value": 0, "Offset": 26}, "e_minalloc": {"FileOffset": 10, "Value": 0, "Offset": 10}, "e_csum": {"FileOffset": 18, "Value": 0, "Offset": 18}, "e_cparhdr": {"FileOffset": 8, "Value": 4, "Offset": 8}, "e_cp": {"FileOffset": 4, "Value": 3, "Offset": 4}, "e_cs": {"FileOffset": 22, "Value": 0, "Offset": 22}, "e_maxalloc": {"FileOffset": 12, "Value": 65535, "Offset": 12}, "e_lfarlc": {"FileOffset": 24, "Value": 64, "Offset": 24}, "e_oemid": {"FileOffset": 36, "Value": 0, "Offset": 36}, "e_lfanew": {"FileOffset": 60, "Value": 128, "Offset": 60}, "e_ss": {"FileOffset": 14, "Value": 0, "Offset": 14}, "e_magic": {"FileOffset": 0, "Value": 23117, "Offset": 0}, "e_oeminfo": {"FileOffset": 38, "Value": 0, "Offset": 38}, "e_res2": {"FileOffset": 40, "Value": "", "Offset": 40}, "e_res": {"FileOffset": 28, "Value": "", "Offset": 28}, "e_sp": {"FileOffset": 16, "Value": 184, "Offset": 16}, "Structure": "IMAGE_DOS_HEADER", "e_ip": {"FileOffset": 20, "Value": 0, "Offset": 20}}, "Base relocations": [[{"SizeOfBlock": {"FileOffset": 171524, "Value": 12, "Offset": 4}, "VirtualAddress": {"FileOffset": 171520, "Value": 176128, "Offset": 0}, "Structure": "IMAGE_BASE_RELOCATION"}, {"RVA": 177408, "Type": "HIGHLOW"}, {"RVA": 176128, "Type": "ABSOLUTE"}]], "NT_HEADERS": {"Structure": "IMAGE_NT_HEADERS", "Signature": {"FileOffset": 128, "Value": 17744, "Offset": 0}}, "Flags": ["IMAGE_FILE_32BIT_MACHINE", "IMAGE_FILE_EXECUTABLE_IMAGE"], "Version Information": [{"ValueLength": {"FileOffset": 170598, "Value": 52, "Offset": 2}, "Length": {"FileOffset": 170596, "Value": 788, "Offset": 0}, "Type": {"FileOffset": 170600, "Value": 0, "Offset": 4}, "Structure": "VS_VERSIONINFO"}, {"FileFlagsMask": {"FileOffset": 170660, "Value": 63, "Offset": 24}, "FileType": {"FileOffset": 170672, "Value": 1, "Offset": 36}, "FileVersionMS": {"FileOffset": 170644, "Value": 65536, "Offset": 8}, "FileVersionLS": {"FileOffset": 170648, "Value": 0, "Offset": 12}, "Signature": {"FileOffset": 170636, "Value": 4277077181, "Offset": 0}, "FileSubtype": {"FileOffset": 170676, "Value": 0, "Offset": 40}, "FileFlags": {"FileOffset": 170664, "Value": 0, "Offset": 28}, "FileDateLS": {"FileOffset": 170684, "Value": 0, "Offset": 48}, "ProductVersionLS": {"FileOffset": 170656, "Value": 0, "Offset": 20}, "FileOS": {"FileOffset": 170668, "Value": 4, "Offset": 32}, "ProductVersionMS": {"FileOffset": 170652, "Value": 65536, "Offset": 16}, "FileDateMS": {"FileOffset": 170680, "Value": 0, "Offset": 44}, "Structure": "VS_FIXEDFILEINFO", "StrucVersion": {"FileOffset": 170640, "Value": 65536, "Offset": 4}}], "Imported symbols": [[{"TimeDateStamp": {"FileOffset": 169652, "Value": "0x0        [Thu Jan  1 00:00:00 1970 UTC]", "Offset": 4}, "Name": {"FileOffset": 169660, "Value": 177390, "Offset": 12}, "ForwarderChain": {"FileOffset": 169656, "Value": 0, "Offset": 8}, "OriginalFirstThunk": {"FileOffset": 169648, "Value": 177368, "Offset": 0}, "FirstThunk": {"FileOffset": 169664, "Value": 8192, "Offset": 16}, "Characteristics": {"FileOffset": 169648, "Value": 177368, "Offset": 0}, "Structure": "IMAGE_IMPORT_DESCRIPTOR"}, {"Hint": 0, "Name": "_CorExeMain", "DLL": "mscoree.dll"}]], "PE Sections": [{"PointerToRawData": {"FileOffset": 396, "Value": 512, "Offset": 20}, "SHA1": "6321c7cd8bbc8090c6047c675d404843f829b278", "SHA256": "f297b0bf8c71c40bafb19ef6f14665df0777b62dbebc20f4bdc224288920b507", "Name": {"FileOffset": 376, "Value": ".text", "Offset": 0}, "NumberOfRelocations": {"FileOffset": 408, "Value": 0, "Offset": 32}, "Misc_VirtualSize": {"FileOffset": 384, "Value": 169220, "Offset": 8}, "Characteristics": {"FileOffset": 412, "Value": 1610612768, "Offset": 36}, "Misc": {"FileOffset": 384, "Value": 169220, "Offset": 8}, "PointerToLinenumbers": {"FileOffset": 404, "Value": 0, "Offset": 28}, "SizeOfRawData": {"FileOffset": 392, "Value": 169472, "Offset": 16}, "Misc_PhysicalAddress": {"FileOffset": 384, "Value": 169220, "Offset": 8}, "PointerToRelocations": {"FileOffset": 400, "Value": 0, "Offset": 24}, "Flags": ["IMAGE_SCN_MEM_EXECUTE", "IMAGE_SCN_CNT_CODE", "IMAGE_SCN_MEM_READ"], "SHA512": "ab55344335c3f2b8bf126e9404578fb23c16aec8bf09e17b37ed6474b113c79ee28d0687ad8a5fc5c628b86df5b0d69ed2779fcd5fbc4855012bd2ca980c255b", "MD5": "ad11790aa5255fab6f31d8cd63d96f9b", "Entropy": 6.717485010527726, "VirtualAddress": {"FileOffset": 388, "Value": 8192, "Offset": 12}, "Structure": "IMAGE_SECTION_HEADER", "NumberOfLinenumbers": {"FileOffset": 410, "Value": 0, "Offset": 34}}, {"PointerToRawData": {"FileOffset": 436, "Value": 169984, "Offset": 20}, "SHA1": "3c43647112f18ac06a71b1c366e499a60755e34c", "SHA256": "abfd7111ef5bcdcedf8efb029aa37bc372857db89fe815d832ce34317bbe3489", "Name": {"FileOffset": 416, "Value": ".rsrc", "Offset": 0}, "NumberOfRelocations": {"FileOffset": 448, "Value": 0, "Offset": 32}, "Misc_VirtualSize": {"FileOffset": 424, "Value": 1400, "Offset": 8}, "Characteristics": {"FileOffset": 452, "Value": 1073741888, "Offset": 36}, "Misc": {"FileOffset": 424, "Value": 1400, "Offset": 8}, "PointerToLinenumbers": {"FileOffset": 444, "Value": 0, "Offset": 28}, "SizeOfRawData": {"FileOffset": 432, "Value": 1536, "Offset": 16}, "Misc_PhysicalAddress": {"FileOffset": 424, "Value": 1400, "Offset": 8}, "PointerToRelocations": {"FileOffset": 440, "Value": 0, "Offset": 24}, "Flags": ["IMAGE_SCN_CNT_INITIALIZED_DATA", "IMAGE_SCN_MEM_READ"], "SHA512": "b5c8bcb75e44b40386951b12a0f21936f9634bddf4c17a00c1ca95ce0ff5d2b3300946f645c6b0de0ce94c192378e72f0af5216635836d5755da36a0d9c13ca8", "MD5": "710de19234d9b6b253103fe5746a2a15", "Entropy": 3.2635570302333337, "VirtualAddress": {"FileOffset": 428, "Value": 180224, "Offset": 12}, "Structure": "IMAGE_SECTION_HEADER", "NumberOfLinenumbers": {"FileOffset": 450, "Value": 0, "Offset": 34}}, {"PointerToRawData": {"FileOffset": 476, "Value": 171520, "Offset": 20}, "SHA1": "ab6b3d18edb21a893d27ee1a88d989c302220449", "SHA256": "91f631b50c8c13ceb0f45aeae69bcc0326b0f8ba221cea0e6967ed576ac062e6", "Name": {"FileOffset": 456, "Value": ".reloc", "Offset": 0}, "NumberOfRelocations": {"FileOffset": 488, "Value": 0, "Offset": 32}, "Misc_VirtualSize": {"FileOffset": 464, "Value": 12, "Offset": 8}, "Characteristics": {"FileOffset": 492, "Value": 1107296320, "Offset": 36}, "Misc": {"FileOffset": 464, "Value": 12, "Offset": 8}, "PointerToLinenumbers": {"FileOffset": 484, "Value": 0, "Offset": 28}, "SizeOfRawData": {"FileOffset": 472, "Value": 512, "Offset": 16}, "Misc_PhysicalAddress": {"FileOffset": 464, "Value": 12, "Offset": 8}, "PointerToRelocations": {"FileOffset": 480, "Value": 0, "Offset": 24}, "Flags": ["IMAGE_SCN_CNT_INITIALIZED_DATA", "IMAGE_SCN_MEM_DISCARDABLE", "IMAGE_SCN_MEM_READ"], "SHA512": "78c4c3f023ba5e44028cd7dc54246f170413bc56bc8319d03264bfb139cbf334e38e18d98d5168dd73a99de9582e6f141ad3ebe8a5f11b3a9bc01e149c8b1dda", "MD5": "17f69342637be76daf4c1f2d7ad75f22", "Entropy": 0.08153941234324169, "VirtualAddress": {"FileOffset": 468, "Value": 188416, "Offset": 12}, "Structure": "IMAGE_SECTION_HEADER", "NumberOfLinenumbers": {"FileOffset": 490, "Value": 0, "Offset": 34}}], "Resource directory": [{"MajorVersion": {"FileOffset": 169992, "Value": 4, "Offset": 8}, "NumberOfIdEntries": {"FileOffset": 169998, "Value": 1, "Offset": 14}, "MinorVersion": {"FileOffset": 169994, "Value": 0, "Offset": 10}, "TimeDateStamp": {"FileOffset": 169988, "Value": "0x0        [Thu Jan  1 00:00:00 1970 UTC]", "Offset": 4}, "Characteristics": {"FileOffset": 169984, "Value": 0, "Offset": 0}, "NumberOfNamedEntries": {"FileOffset": 169996, "Value": 1, "Offset": 12}, "Structure": "IMAGE_RESOURCE_DIRECTORY"}, {"Name": {"FileOffset": 170000, "Value": 2147483952, "Offset": 0}, "OffsetToData": {"FileOffset": 170004, "Value": 2147483680, "Offset": 4}, "Structure": "IMAGE_RESOURCE_DIRECTORY_ENTRY"}, [{"MajorVersion": {"FileOffset": 170024, "Value": 4, "Offset": 8}, "NumberOfIdEntries": {"FileOffset": 170030, "Value": 0, "Offset": 14}, "MinorVersion": {"FileOffset": 170026, "Value": 0, "Offset": 10}, "TimeDateStamp": {"FileOffset": 170020, "Value": "0x0        [Thu Jan  1 00:00:00 1970 UTC]", "Offset": 4}, "Characteristics": {"FileOffset": 170016, "Value": 0, "Offset": 0}, "NumberOfNamedEntries": {"FileOffset": 170028, "Value": 4, "Offset": 12}, "Structure": "IMAGE_RESOURCE_DIRECTORY"}, {"Name": {"FileOffset": 170032, "Value": 2147483966, "Offset": 0}, "OffsetToData": {"FileOffset": 170036, "Value": 2147483728, "Offset": 4}, "Structure": "IMAGE_RESOURCE_DIRECTORY_ENTRY"}, [{"MajorVersion": {"FileOffset": 170072, "Value": 4, "Offset": 8}, "NumberOfIdEntries": {"FileOffset": 170078, "Value": 1, "Offset": 14}, "MinorVersion": {"FileOffset": 170074, "Value": 0, "Offset": 10}, "TimeDateStamp": {"FileOffset": 170068, "Value": "0x0        [Thu Jan  1 00:00:00 1970 UTC]", "Offset": 4}, "Characteristics": {"FileOffset": 170064, "Value": 0, "Offset": 0}, "NumberOfNamedEntries": {"FileOffset": 170076, "Value": 0, "Offset": 12}, "Structure": "IMAGE_RESOURCE_DIRECTORY"}, {"LANG": 9, "SUBLANG_NAME": "SUBLANG_ENGLISH_US", "Name": {"FileOffset": 170080, "Value": 1033, "Offset": 0}, "CodePage": {"FileOffset": 170216, "Value": 1252, "Offset": 8}, "LANG_NAME": "LANG_ENGLISH", "OffsetToData": {"FileOffset": 170208, "Value": 180692, "Offset": 0}, "Reserved": {"FileOffset": 170220, "Value": 0, "Offset": 12}, "SUBLANG": 1, "Structure": "IMAGE_RESOURCE_DATA_ENTRY", "Size": {"FileOffset": 170212, "Value": 24, "Offset": 4}}], {"Name": {"FileOffset": 170040, "Value": 2147483988, "Offset": 0}, "OffsetToData": {"FileOffset": 170044, "Value": 2147483752, "Offset": 4}, "Structure": "IMAGE_RESOURCE_DIRECTORY_ENTRY"}, [{"MajorVersion": {"FileOffset": 170096, "Value": 4, "Offset": 8}, "NumberOfIdEntries": {"FileOffset": 170102, "Value": 1, "Offset": 14}, "MinorVersion": {"FileOffset": 170098, "Value": 0, "Offset": 10}, "TimeDateStamp": {"FileOffset": 170092, "Value": "0x0        [Thu Jan  1 00:00:00 1970 UTC]", "Offset": 4}, "Characteristics": {"FileOffset": 170088, "Value": 0, "Offset": 0}, "NumberOfNamedEntries": {"FileOffset": 170100, "Value": 0, "Offset": 12}, "Structure": "IMAGE_RESOURCE_DIRECTORY"}, {"LANG": 9, "SUBLANG_NAME": "SUBLANG_ENGLISH_US", "Name": {"FileOffset": 170104, "Value": 1033, "Offset": 0}, "CodePage": {"FileOffset": 170232, "Value": 1252, "Offset": 8}, "LANG_NAME": "LANG_ENGLISH", "OffsetToData": {"FileOffset": 170224, "Value": 180716, "Offset": 0}, "Reserved": {"FileOffset": 170236, "Value": 0, "Offset": 12}, "SUBLANG": 1, "Structure": "IMAGE_RESOURCE_DATA_ENTRY", "Size": {"FileOffset": 170228, "Value": 8, "Offset": 4}}], {"Name": {"FileOffset": 170048, "Value": 2147484038, "Offset": 0}, "OffsetToData": {"FileOffset": 170052, "Value": 2147483776, "Offset": 4}, "Structure": "IMAGE_RESOURCE_DIRECTORY_ENTRY"}, [{"MajorVersion": {"FileOffset": 170120, "Value": 4, "Offset": 8}, "NumberOfIdEntries": {"FileOffset": 170126, "Value": 1, "Offset": 14}, "MinorVersion": {"FileOffset": 170122, "Value": 0, "Offset": 10}, "TimeDateStamp": {"FileOffset": 170116, "Value": "0x0        [Thu Jan  1 00:00:00 1970 UTC]", "Offset": 4}, "Characteristics": {"FileOffset": 170112, "Value": 0, "Offset": 0}, "NumberOfNamedEntries": {"FileOffset": 170124, "Value": 0, "Offset": 12}, "Structure": "IMAGE_RESOURCE_DIRECTORY"}, {"LANG": 9, "SUBLANG_NAME": "SUBLANG_ENGLISH_US", "Name": {"FileOffset": 170128, "Value": 1033, "Offset": 0}, "CodePage": {"FileOffset": 170248, "Value": 1252, "Offset": 8}, "LANG_NAME": "LANG_ENGLISH", "OffsetToData": {"FileOffset": 170240, "Value": 180724, "Offset": 0}, "Reserved": {"FileOffset": 170252, "Value": 0, "Offset": 12}, "SUBLANG": 1, "Structure": "IMAGE_RESOURCE_DATA_ENTRY", "Size": {"FileOffset": 170244, "Value": 8, "Offset": 4}}], {"Name": {"FileOffset": 170056, "Value": 2147484088, "Offset": 0}, "OffsetToData": {"FileOffset": 170060, "Value": 2147483800, "Offset": 4}, "Structure": "IMAGE_RESOURCE_DIRECTORY_ENTRY"}, [{"MajorVersion": {"FileOffset": 170144, "Value": 4, "Offset": 8}, "NumberOfIdEntries": {"FileOffset": 170150, "Value": 1, "Offset": 14}, "MinorVersion": {"FileOffset": 170146, "Value": 0, "Offset": 10}, "TimeDateStamp": {"FileOffset": 170140, "Value": "0x0        [Thu Jan  1 00:00:00 1970 UTC]", "Offset": 4}, "Characteristics": {"FileOffset": 170136, "Value": 0, "Offset": 0}, "NumberOfNamedEntries": {"FileOffset": 170148, "Value": 0, "Offset": 12}, "Structure": "IMAGE_RESOURCE_DIRECTORY"}, {"LANG": 9, "SUBLANG_NAME": "SUBLANG_ENGLISH_US", "Name": {"FileOffset": 170152, "Value": 1033, "Offset": 0}, "CodePage": {"FileOffset": 170264, "Value": 1252, "Offset": 8}, "LANG_NAME": "LANG_ENGLISH", "OffsetToData": {"FileOffset": 170256, "Value": 180732, "Offset": 0}, "Reserved": {"FileOffset": 170268, "Value": 0, "Offset": 12}, "SUBLANG": 1, "Structure": "IMAGE_RESOURCE_DATA_ENTRY", "Size": {"FileOffset": 170260, "Value": 104, "Offset": 4}}]], {"Structure": "IMAGE_RESOURCE_DIRECTORY_ENTRY", "Id": [16, "RT_VERSION"], "OffsetToData": {"FileOffset": 170012, "Value": 2147483824, "Offset": 4}, "Name": {"FileOffset": 170008, "Value": 16, "Offset": 0}}, [{"MajorVersion": {"FileOffset": 170168, "Value": 4, "Offset": 8}, "NumberOfIdEntries": {"FileOffset": 170174, "Value": 1, "Offset": 14}, "MinorVersion": {"FileOffset": 170170, "Value": 0, "Offset": 10}, "TimeDateStamp": {"FileOffset": 170164, "Value": "0x0        [Thu Jan  1 00:00:00 1970 UTC]", "Offset": 4}, "Characteristics": {"FileOffset": 170160, "Value": 0, "Offset": 0}, "NumberOfNamedEntries": {"FileOffset": 170172, "Value": 0, "Offset": 12}, "Structure": "IMAGE_RESOURCE_DIRECTORY"}, {"Structure": "IMAGE_RESOURCE_DIRECTORY_ENTRY", "Id": 1, "OffsetToData": {"FileOffset": 170180, "Value": 2147483848, "Offset": 4}, "Name": {"FileOffset": 170176, "Value": 1, "Offset": 0}}, [{"MajorVersion": {"FileOffset": 170192, "Value": 4, "Offset": 8}, "NumberOfIdEntries": {"FileOffset": 170198, "Value": 1, "Offset": 14}, "MinorVersion": {"FileOffset": 170194, "Value": 0, "Offset": 10}, "TimeDateStamp": {"FileOffset": 170188, "Value": "0x0        [Thu Jan  1 00:00:00 1970 UTC]", "Offset": 4}, "Characteristics": {"FileOffset": 170184, "Value": 0, "Offset": 0}, "NumberOfNamedEntries": {"FileOffset": 170196, "Value": 0, "Offset": 12}, "Structure": "IMAGE_RESOURCE_DIRECTORY"}, {"LANG": 0, "SUBLANG_NAME": "SUBLANG_NEUTRAL", "Name": {"FileOffset": 170200, "Value": 0, "Offset": 0}, "CodePage": {"FileOffset": 170280, "Value": 1252, "Offset": 8}, "LANG_NAME": "LANG_NEUTRAL", "OffsetToData": {"FileOffset": 170272, "Value": 180836, "Offset": 0}, "Reserved": {"FileOffset": 170284, "Value": 0, "Offset": 12}, "SUBLANG": 0, "Structure": "IMAGE_RESOURCE_DATA_ENTRY", "Size": {"FileOffset": 170276, "Value": 788, "Offset": 4}}]]]}
