{"DllCharacteristics": ["IMAGE_DLLCHARACTERISTICS_NO_SEH", "IMAGE_DLLCHARACTERISTICS_TERMINAL_SERVER_AWARE", "IMAGE_DLLCHARACTERISTICS_DYNAMIC_BASE", "IMAGE_DLLCHARACTERISTICS_NX_COMPAT"], "FILE_HEADER": {"NumberOfSections": {"FileOffset": 134, "Value": 3, "Offset": 2}, "TimeDateStamp": {"FileOffset": 136, "Value": "0x51FB9431 [Fri Aug  2 11:12:49 2013 UTC]", "Offset": 4}, "PointerToSymbolTable": {"FileOffset": 140, "Value": 0, "Offset": 8}, "NumberOfSymbols": {"FileOffset": 144, "Value": 0, "Offset": 12}, "Machine": {"FileOffset": 132, "Value": 332, "Offset": 0}, "Characteristics": {"FileOffset": 150, "Value": 258, "Offset": 18}, "SizeOfOptionalHeader": {"FileOffset": 148, "Value": 224, "Offset": 16}, "Structure": "IMAGE_FILE_HEADER"}, "Directories": [{"VirtualAddress": {"FileOffset": 248, "Value": 0, "Offset": 0}, "Structure": "IMAGE_DIRECTORY_ENTRY_EXPORT", "Size": {"FileOffset": 252, "Value": 0, "Offset": 4}}, {"VirtualAddress": {"FileOffset": 256, "Value": 17904, "Offset": 0}, "Structure": "IMAGE_DIRECTORY_ENTRY_IMPORT", "Size": {"FileOffset": 260, "Value": 75, "Offset": 4}}, {"VirtualAddress": {"FileOffset": 264, "Value": 24576, "Offset": 0}, "Structure": "IMAGE_DIRECTORY_ENTRY_RESOURCE", "Size": {"FileOffset": 268, "Value": 1464, "Offset": 4}}, {"VirtualAddress": {"FileOffset": 272, "Value": 0, "Offset": 0}, "Structure": "IMAGE_DIRECTORY_ENTRY_EXCEPTION", "Size": {"FileOffset": 276, "Value": 0, "Offset": 4}}, {"VirtualAddress": {"FileOffset": 280, "Value": 0, "Offset": 0}, "Structure": "IMAGE_DIRECTORY_ENTRY_SECURITY", "Size": {"FileOffset": 284, "Value": 0, "Offset": 4}}, {"VirtualAddress": {"FileOffset": 288, "Value": 32768, "Offset": 0}, "Structure": "IMAGE_DIRECTORY_ENTRY_BASERELOC", "Size": {"FileOffset": 292, "Value": 12, "Offset": 4}}, {"VirtualAddress": {"FileOffset": 296, "Value": 17592, "Offset": 0}, "Structure": "IMAGE_DIRECTORY_ENTRY_DEBUG", "Size": {"FileOffset": 300, "Value": 28, "Offset": 4}}, {"VirtualAddress": {"FileOffset": 304, "Value": 0, "Offset": 0}, "Structure": "IMAGE_DIRECTORY_ENTRY_COPYRIGHT", "Size": {"FileOffset": 308, "Value": 0, "Offset": 4}}, {"VirtualAddress": {"FileOffset": 312, "Value": 0, "Offset": 0}, "Structure": "IMAGE_DIRECTORY_ENTRY_GLOBALPTR", "Size": {"FileOffset": 316, "Value": 0, "Offset": 4}}, {"VirtualAddress": {"FileOffset": 320, "Value": 0, "Offset": 0}, "Structure": "IMAGE_DIRECTORY_ENTRY_TLS", "Size": {"FileOffset": 324, "Value": 0, "Offset": 4}}, {"VirtualAddress": {"FileOffset": 328, "Value": 0, "Offset": 0}, "Structure": "IMAGE_DIRECTORY_ENTRY_LOAD_CONFIG", "Size": {"FileOffset": 332, "Value": 0, "Offset": 4}}, {"VirtualAddress": {"FileOffset": 336, "Value": 0, "Offset": 0}, "Structure": "IMAGE_DIRECTORY_ENTRY_BOUND_IMPORT", "Size": {"FileOffset": 340, "Value": 0, "Offset": 4}}, {"VirtualAddress": {"FileOffset": 344, "Value": 8192, "Offset": 0}, "Structure": "IMAGE_DIRECTORY_ENTRY_IAT", "Size": {"FileOffset": 348, "Value": 8, "Offset": 4}}, {"VirtualAddress": {"FileOffset": 352, "Value": 0, "Offset": 0}, "Structure": "IMAGE_DIRECTORY_ENTRY_DELAY_IMPORT", "Size": {"FileOffset": 356, "Value": 0, "Offset": 4}}, {"VirtualAddress": {"FileOffset": 360, "Value": 8200, "Offset": 0}, "Structure": "IMAGE_DIRECTORY_ENTRY_COM_DESCRIPTOR", "Size": {"FileOffset": 364, "Value": 72, "Offset": 4}}, {"VirtualAddress": {"FileOffset": 368, "Value": 0, "Offset": 0}, "Structure": "IMAGE_DIRECTORY_ENTRY_RESERVED", "Size": {"FileOffset": 372, "Value": 0, "Offset": 4}}], "OPTIONAL_HEADER": {"DllCharacteristics": {"FileOffset": 222, "Value": 34112, "Offset": 70}, "BaseOfCode": {"FileOffset": 172, "Value": 8192, "Offset": 20}, "MajorLinkerVersion": {"FileOffset": 154, "Value": 11, "Offset": 2}, "MinorOperatingSystemVersion": {"FileOffset": 194, "Value": 0, "Offset": 42}, "MinorLinkerVersion": {"FileOffset": 155, "Value": 0, "Offset": 3}, "MajorSubsystemVersion": {"FileOffset": 200, "Value": 4, "Offset": 48}, "MajorOperatingSystemVersion": {"FileOffset": 192, "Value": 4, "Offset": 40}, "SizeOfStackCommit": {"FileOffset": 228, "Value": 4096, "Offset": 76}, "SizeOfUninitializedData": {"FileOffset": 164, "Value": 0, "Offset": 12}, "NumberOfRvaAndSizes": {"FileOffset": 244, "Value": 16, "Offset": 92}, "SizeOfHeapReserve": {"FileOffset": 232, "Value": 1048576, "Offset": 80}, "LoaderFlags": {"FileOffset": 240, "Value": 0, "Offset": 88}, "SizeOfHeapCommit": {"FileOffset": 236, "Value": 4096, "Offset": 84}, "SizeOfStackReserve": {"FileOffset": 224, "Value": 1048576, "Offset": 72}, "Structure": "IMAGE_OPTIONAL_HEADER", "SizeOfHeaders": {"FileOffset": 212, "Value": 512, "Offset": 60}, "Subsystem": {"FileOffset": 220, "Value": 3, "Offset": 68}, "Magic": {"FileOffset": 152, "Value": 267, "Offset": 0}, "MinorImageVersion": {"FileOffset": 198, "Value": 0, "Offset": 46}, "MajorImageVersion": {"FileOffset": 196, "Value": 0, "Offset": 44}, "FileAlignment": {"FileOffset": 188, "Value": 512, "Offset": 36}, "BaseOfData": {"FileOffset": 176, "Value": 24576, "Offset": 24}, "AddressOfEntryPoint": {"FileOffset": 168, "Value": 17982, "Offset": 16}, "SectionAlignment": {"FileOffset": 184, "Value": 8192, "Offset": 32}, "SizeOfCode": {"FileOffset": 156, "Value": 10240, "Offset": 4}, "ImageBase": {"FileOffset": 180, "Value": 4194304, "Offset": 28}, "SizeOfInitializedData": {"FileOffset": 160, "Value": 2048, "Offset": 8}, "SizeOfImage": {"FileOffset": 208, "Value": 40960, "Offset": 56}, "MinorSubsystemVersion": {"FileOffset": 202, "Value": 0, "Offset": 50}, "CheckSum": {"FileOffset": 216, "Value": 0, "Offset": 64}, "Reserved1": {"FileOffset": 204, "Value": 0, "Offset": 52}}, "DOS_HEADER": {"e_cblp": {"FileOffset": 2, "Value": 144, "Offset": 2}, "e_crlc": {"FileOffset": 6, "Value": 0, "Offset": 6}, "e_ovno": {"FileOffset": 26, "Value": 0, "Offset": 26}, "e_minalloc": {"FileOffset": 10, "Value": 0, "Offset": 10}, "e_csum": {"FileOffset": 18, "Value": 0, "Offset": 18}, "e_cparhdr": {"FileOffset": 8, "Value": 4, "Offset": 8}, "e_cp": {"FileOffset": 4, "Value": 3, "Offset": 4}, "e_cs": {"FileOffset": 22, "Value": 0, "Offset": 22}, "e_maxalloc": {"FileOffset": 12, "Value": 65535, "Offset": 12}, "e_lfarlc": {"FileOffset": 24, "Value": 64, "Offset": 24}, "e_oemid": {"FileOffset": 36, "Value": 0, "Offset": 36}, "e_lfanew": {"FileOffset": 60, "Value": 128, "Offset": 60}, "e_ss": {"FileOffset": 14, "Value": 0, "Offset": 14}, "e_magic": {"FileOffset": 0, "Value": 23117, "Offset": 0}, "e_oeminfo": {"FileOffset": 38, "Value": 0, "Offset": 38}, "e_res2": {"FileOffset": 40, "Value": "", "Offset": 40}, "e_res": {"FileOffset": 28, "Value": "", "Offset": 28}, "e_sp": {"FileOffset": 16, "Value": 184, "Offset": 16}, "Structure": "IMAGE_DOS_HEADER", "e_ip": {"FileOffset": 20, "Value": 0, "Offset": 20}}, "Base relocations": [[{"SizeOfBlock": {"FileOffset": 12292, "Value": 12, "Offset": 4}, "VirtualAddress": {"FileOffset": 12288, "Value": 16384, "Offset": 0}, "Structure": "IMAGE_BASE_RELOCATION"}, {"RVA": 17984, "Type": "HIGHLOW"}, {"RVA": 16384, "Type": "ABSOLUTE"}]], "NT_HEADERS": {"Structure": "IMAGE_NT_HEADERS", "Signature": {"FileOffset": 128, "Value": 17744, "Offset": 0}}, "Flags": ["IMAGE_FILE_32BIT_MACHINE", "IMAGE_FILE_EXECUTABLE_IMAGE"], "Version Information": [{"ValueLength": {"FileOffset": 10914, "Value": 52, "Offset": 2}, "Length": {"FileOffset": 10912, "Value": 808, "Offset": 0}, "Type": {"FileOffset": 10916, "Value": 0, "Offset": 4}, "Structure": "VS_VERSIONINFO"}, {"FileFlagsMask": {"FileOffset": 10976, "Value": 63, "Offset": 24}, "FileType": {"FileOffset": 10988, "Value": 1, "Offset": 36}, "FileVersionMS": {"FileOffset": 10960, "Value": 65536, "Offset": 8}, "FileVersionLS": {"FileOffset": 10964, "Value": 0, "Offset": 12}, "Signature": {"FileOffset": 10952, "Value": 4277077181, "Offset": 0}, "FileSubtype": {"FileOffset": 10992, "Value": 0, "Offset": 40}, "FileFlags": {"FileOffset": 10980, "Value": 0, "Offset": 28}, "FileDateLS": {"FileOffset": 11000, "Value": 0, "Offset": 48}, "ProductVersionLS": {"FileOffset": 10972, "Value": 0, "Offset": 20}, "FileOS": {"FileOffset": 10984, "Value": 4, "Offset": 32}, "ProductVersionMS": {"FileOffset": 10968, "Value": 65536, "Offset": 16}, "FileDateMS": {"FileOffset": 10996, "Value": 0, "Offset": 44}, "Structure": "VS_FIXEDFILEINFO", "StrucVersion": {"FileOffset": 10956, "Value": 65536, "Offset": 4}}], "Debug information": [{"MajorVersion": {"FileOffset": 9920, "Value": 0, "Offset": 8}, "PointerToRawData": {"FileOffset": 9936, "Value": 9940, "Offset": 24}, "MinorVersion": {"FileOffset": 9922, "Value": 0, "Offset": 10}, "TimeDateStamp": {"FileOffset": 9916, "Value": "0x51FB9431 [Fri Aug  2 11:12:49 2013 UTC]", "Offset": 4}, "Characteristics": {"FileOffset": 9912, "Value": 0, "Offset": 0}, "Structure": "IMAGE_DEBUG_DIRECTORY", "Type": "IMAGE_DEBUG_TYPE_CODEVIEW", "SizeOfData": {"FileOffset": 9928, "Value": 284, "Offset": 16}, "AddressOfRawData": {"FileOffset": 9932, "Value": 17620, "Offset": 20}}], "Imported symbols": [[{"TimeDateStamp": {"FileOffset": 10228, "Value": "0x0        [Thu Jan  1 00:00:00 1970 UTC]", "Offset": 4}, "Name": {"FileOffset": 10236, "Value": 17966, "Offset": 12}, "ForwarderChain": {"FileOffset": 10232, "Value": 0, "Offset": 8}, "OriginalFirstThunk": {"FileOffset": 10224, "Value": 17944, "Offset": 0}, "FirstThunk": {"FileOffset": 10240, "Value": 8192, "Offset": 16}, "Characteristics": {"FileOffset": 10224, "Value": 17944, "Offset": 0}, "Structure": "IMAGE_IMPORT_DESCRIPTOR"}, {"Hint": 0, "Name": "_CorExeMain", "DLL": "mscoree.dll"}]], "PE Sections": [{"PointerToRawData": {"FileOffset": 396, "Value": 512, "Offset": 20}, "SHA1": "1f0ff6b946e794036b059d96b991be66f57858cd", "SHA256": "82491877d7a576a0c78bc80edecba8caaaaf4fc9ba277fcd1797799e5159c2bf", "Name": {"FileOffset": 376, "Value": ".text", "Offset": 0}, "NumberOfRelocations": {"FileOffset": 408, "Value": 0, "Offset": 32}, "Misc_VirtualSize": {"FileOffset": 384, "Value": 9796, "Offset": 8}, "Characteristics": {"FileOffset": 412, "Value": 1610612768, "Offset": 36}, "Misc": {"FileOffset": 384, "Value": 9796, "Offset": 8}, "PointerToLinenumbers": {"FileOffset": 404, "Value": 0, "Offset": 28}, "SizeOfRawData": {"FileOffset": 392, "Value": 10240, "Offset": 16}, "Misc_PhysicalAddress": {"FileOffset": 384, "Value": 9796, "Offset": 8}, "PointerToRelocations": {"FileOffset": 400, "Value": 0, "Offset": 24}, "Flags": ["IMAGE_SCN_MEM_EXECUTE", "IMAGE_SCN_CNT_CODE", "IMAGE_SCN_MEM_READ"], "SHA512": "dc2ac751b81f785735294c13c7edb76ef272aa0d9723d845690302653faa481cfb44a1d5f0c92fd063546e189483bd54e9d142e01d72eb924f1e63413ce717b1", "MD5": "a1e92146d11b00b5aa6f3b7ac723d2c9", "Entropy": 5.214501629618317, "VirtualAddress": {"FileOffset": 388, "Value": 8192, "Offset": 12}, "Structure": "IMAGE_SECTION_HEADER", "NumberOfLinenumbers": {"FileOffset": 410, "Value": 0, "Offset": 34}}, {"PointerToRawData": {"FileOffset": 436, "Value": 10752, "Offset": 20}, "SHA1": "2abb6b95ff3d886614718ef79b5c79a9b383bd5a", "SHA256": "5996d9f9d57cc031ea168faf15728148596ddceb07a83a8524321a1789af9ab6", "Name": {"FileOffset": 416, "Value": ".rsrc", "Offset": 0}, "NumberOfRelocations": {"FileOffset": 448, "Value": 0, "Offset": 32}, "Misc_VirtualSize": {"FileOffset": 424, "Value": 1464, "Offset": 8}, "Characteristics": {"FileOffset": 452, "Value": 1073741888, "Offset": 36}, "Misc": {"FileOffset": 424, "Value": 1464, "Offset": 8}, "PointerToLinenumbers": {"FileOffset": 444, "Value": 0, "Offset": 28}, "SizeOfRawData": {"FileOffset": 432, "Value": 1536, "Offset": 16}, "Misc_PhysicalAddress": {"FileOffset": 424, "Value": 1464, "Offset": 8}, "PointerToRelocations": {"FileOffset": 440, "Value": 0, "Offset": 24}, "Flags": ["IMAGE_SCN_CNT_INITIALIZED_DATA", "IMAGE_SCN_MEM_READ"], "SHA512": "640690b0cc40004e125e36c1c1b1252c418f8ffc10bc6f41231f873a1f0cef433559b52b4263757e958fef399d98b753d32759fff0e58e9698bc312a45110507", "MD5": "34eb444b8bb96fc5e3caeb249a32a08d", "Entropy": 4.109612306735439, "VirtualAddress": {"FileOffset": 428, "Value": 24576, "Offset": 12}, "Structure": "IMAGE_SECTION_HEADER", "NumberOfLinenumbers": {"FileOffset": 450, "Value": 0, "Offset": 34}}, {"PointerToRawData": {"FileOffset": 476, "Value": 12288, "Offset": 20}, "SHA1": "aa7387c0186944dd6b1692be0461297fb87efe34", "SHA256": "17762ea977a2ecd1b744595a89a983b83663526d9ebfc1d0b6b5a437bd8a69f7", "Name": {"FileOffset": 456, "Value": ".reloc", "Offset": 0}, "NumberOfRelocations": {"FileOffset": 488, "Value": 0, "Offset": 32}, "Misc_VirtualSize": {"FileOffset": 464, "Value": 12, "Offset": 8}, "Characteristics": {"FileOffset": 492, "Value": 1107296320, "Offset": 36}, "Misc": {"FileOffset": 464, "Value": 12, "Offset": 8}, "PointerToLinenumbers": {"FileOffset": 484, "Value": 0, "Offset": 28}, "SizeOfRawData": {"FileOffset": 472, "Value": 512, "Offset": 16}, "Misc_PhysicalAddress": {"FileOffset": 464, "Value": 12, "Offset": 8}, "PointerToRelocations": {"FileOffset": 480, "Value": 0, "Offset": 24}, "Flags": ["IMAGE_SCN_CNT_INITIALIZED_DATA", "IMAGE_SCN_MEM_DISCARDABLE", "IMAGE_SCN_MEM_READ"], "SHA512": "657bed189aaa498eeb5b1ad27eb750b696ee770eef08c7d7e339b744d81f256a182144f0a2f0624b83cabb657886c92ccea1e3b9e1da92ec255956ac2a66b29f", "MD5": "d46524dcbe8eed55db456d39b2d1137a", "Entropy": 0.07763316234324169, "VirtualAddress": {"FileOffset": 468, "Value": 32768, "Offset": 12}, "Structure": "IMAGE_SECTION_HEADER", "NumberOfLinenumbers": {"FileOffset": 490, "Value": 0, "Offset": 34}}], "Resource directory": [{"MajorVersion": {"FileOffset": 10760, "Value": 0, "Offset": 8}, "NumberOfIdEntries": {"FileOffset": 10766, "Value": 2, "Offset": 14}, "MinorVersion": {"FileOffset": 10762, "Value": 0, "Offset": 10}, "TimeDateStamp": {"FileOffset": 10756, "Value": "0x0        [Thu Jan  1 00:00:00 1970 UTC]", "Offset": 4}, "Characteristics": {"FileOffset": 10752, "Value": 0, "Offset": 0}, "NumberOfNamedEntries": {"FileOffset": 10764, "Value": 0, "Offset": 12}, "Structure": "IMAGE_RESOURCE_DIRECTORY"}, {"Structure": "IMAGE_RESOURCE_DIRECTORY_ENTRY", "Id": [16, "RT_VERSION"], "OffsetToData": {"FileOffset": 10772, "Value": 2147483680, "Offset": 4}, "Name": {"FileOffset": 10768, "Value": 16, "Offset": 0}}, [{"MajorVersion": {"FileOffset": 10792, "Value": 0, "Offset": 8}, "NumberOfIdEntries": {"FileOffset": 10798, "Value": 1, "Offset": 14}, "MinorVersion": {"FileOffset": 10794, "Value": 0, "Offset": 10}, "TimeDateStamp": {"FileOffset": 10788, "Value": "0x0        [Thu Jan  1 00:00:00 1970 UTC]", "Offset": 4}, "Characteristics": {"FileOffset": 10784, "Value": 0, "Offset": 0}, "NumberOfNamedEntries": {"FileOffset": 10796, "Value": 0, "Offset": 12}, "Structure": "IMAGE_RESOURCE_DIRECTORY"}, {"Structure": "IMAGE_RESOURCE_DIRECTORY_ENTRY", "Id": 1, "OffsetToData": {"FileOffset": 10804, "Value": 2147483728, "Offset": 4}, "Name": {"FileOffset": 10800, "Value": 1, "Offset": 0}}, [{"MajorVersion": {"FileOffset": 10840, "Value": 0, "Offset": 8}, "NumberOfIdEntries": {"FileOffset": 10846, "Value": 1, "Offset": 14}, "MinorVersion": {"FileOffset": 10842, "Value": 0, "Offset": 10}, "TimeDateStamp": {"FileOffset": 10836, "Value": "0x0        [Thu Jan  1 00:00:00 1970 UTC]", "Offset": 4}, "Characteristics": {"FileOffset": 10832, "Value": 0, "Offset": 0}, "NumberOfNamedEntries": {"FileOffset": 10844, "Value": 0, "Offset": 12}, "Structure": "IMAGE_RESOURCE_DIRECTORY"}, {"LANG": 0, "SUBLANG_NAME": "SUBLANG_NEUTRAL", "Name": {"FileOffset": 10848, "Value": 0, "Offset": 0}, "CodePage": {"FileOffset": 10888, "Value": 0, "Offset": 8}, "LANG_NAME": "LANG_NEUTRAL", "OffsetToData": {"FileOffset": 10880, "Value": 24736, "Offset": 0}, "Reserved": {"FileOffset": 10892, "Value": 0, "Offset": 12}, "SUBLANG": 0, "Structure": "IMAGE_RESOURCE_DATA_ENTRY", "Size": {"FileOffset": 10884, "Value": 808, "Offset": 4}}]], {"Structure": "IMAGE_RESOURCE_DIRECTORY_ENTRY", "Id": [24, "RT_MANIFEST"], "OffsetToData": {"FileOffset": 10780, "Value": 2147483704, "Offset": 4}, "Name": {"FileOffset": 10776, "Value": 24, "Offset": 0}}, [{"MajorVersion": {"FileOffset": 10816, "Value": 0, "Offset": 8}, "NumberOfIdEntries": {"FileOffset": 10822, "Value": 1, "Offset": 14}, "MinorVersion": {"FileOffset": 10818, "Value": 0, "Offset": 10}, "TimeDateStamp": {"FileOffset": 10812, "Value": "0x0        [Thu Jan  1 00:00:00 1970 UTC]", "Offset": 4}, "Characteristics": {"FileOffset": 10808, "Value": 0, "Offset": 0}, "NumberOfNamedEntries": {"FileOffset": 10820, "Value": 0, "Offset": 12}, "Structure": "IMAGE_RESOURCE_DIRECTORY"}, {"Structure": "IMAGE_RESOURCE_DIRECTORY_ENTRY", "Id": 1, "OffsetToData": {"FileOffset": 10828, "Value": 2147483752, "Offset": 4}, "Name": {"FileOffset": 10824, "Value": 1, "Offset": 0}}, [{"MajorVersion": {"FileOffset": 10864, "Value": 0, "Offset": 8}, "NumberOfIdEntries": {"FileOffset": 10870, "Value": 1, "Offset": 14}, "MinorVersion": {"FileOffset": 10866, "Value": 0, "Offset": 10}, "TimeDateStamp": {"FileOffset": 10860, "Value": "0x0        [Thu Jan  1 00:00:00 1970 UTC]", "Offset": 4}, "Characteristics": {"FileOffset": 10856, "Value": 0, "Offset": 0}, "NumberOfNamedEntries": {"FileOffset": 10868, "Value": 0, "Offset": 12}, "Structure": "IMAGE_RESOURCE_DIRECTORY"}, {"LANG": 0, "SUBLANG_NAME": "SUBLANG_NEUTRAL", "Name": {"FileOffset": 10872, "Value": 0, "Offset": 0}, "CodePage": {"FileOffset": 10904, "Value": 0, "Offset": 8}, "LANG_NAME": "LANG_NEUTRAL", "OffsetToData": {"FileOffset": 10896, "Value": 25544, "Offset": 0}, "Reserved": {"FileOffset": 10908, "Value": 0, "Offset": 12}, "SUBLANG": 0, "Structure": "IMAGE_RESOURCE_DATA_ENTRY", "Size": {"FileOffset": 10900, "Value": 490, "Offset": 4}}]]]}
