{"DllCharacteristics": ["IMAGE_DLLCHARACTERISTICS_NO_SEH", "IMAGE_DLLCHARACTERISTICS_TERMINAL_SERVER_AWARE", "IMAGE_DLLCHARACTERISTICS_DYNAMIC_BASE", "IMAGE_DLLCHARACTERISTICS_NX_COMPAT"], "FILE_HEADER": {"NumberOfSections": {"FileOffset": 134, "Value": 3, "Offset": 2}, "TimeDateStamp": {"FileOffset": 136, "Value": "0x53FCD5CC [Tue Aug 26 18:45:32 2014 UTC]", "Offset": 4}, "PointerToSymbolTable": {"FileOffset": 140, "Value": 0, "Offset": 8}, "NumberOfSymbols": {"FileOffset": 144, "Value": 0, "Offset": 12}, "Machine": {"FileOffset": 132, "Value": 332, "Offset": 0}, "Characteristics": {"FileOffset": 150, "Value": 258, "Offset": 18}, "SizeOfOptionalHeader": {"FileOffset": 148, "Value": 224, "Offset": 16}, "Structure": "IMAGE_FILE_HEADER"}, "Directories": [{"VirtualAddress": {"FileOffset": 248, "Value": 0, "Offset": 0}, "Structure": "IMAGE_DIRECTORY_ENTRY_EXPORT", "Size": {"FileOffset": 252, "Value": 0, "Offset": 4}}, {"VirtualAddress": {"FileOffset": 256, "Value": 29828, "Offset": 0}, "Structure": "IMAGE_DIRECTORY_ENTRY_IMPORT", "Size": {"FileOffset": 260, "Value": 87, "Offset": 4}}, {"VirtualAddress": {"FileOffset": 264, "Value": 32768, "Offset": 0}, "Structure": "IMAGE_DIRECTORY_ENTRY_RESOURCE", "Size": {"FileOffset": 268, "Value": 1432, "Offset": 4}}, {"VirtualAddress": {"FileOffset": 272, "Value": 0, "Offset": 0}, "Structure": "IMAGE_DIRECTORY_ENTRY_EXCEPTION", "Size": {"FileOffset": 276, "Value": 0, "Offset": 4}}, {"VirtualAddress": {"FileOffset": 280, "Value": 0, "Offset": 0}, "Structure": "IMAGE_DIRECTORY_ENTRY_SECURITY", "Size": {"FileOffset": 284, "Value": 0, "Offset": 4}}, {"VirtualAddress": {"FileOffset": 288, "Value": 40960, "Offset": 0}, "Structure": "IMAGE_DIRECTORY_ENTRY_BASERELOC", "Size": {"FileOffset": 292, "Value": 12, "Offset": 4}}, {"VirtualAddress": {"FileOffset": 296, "Value": 29516, "Offset": 0}, "Structure": "IMAGE_DIRECTORY_ENTRY_DEBUG", "Size": {"FileOffset": 300, "Value": 28, "Offset": 4}}, {"VirtualAddress": {"FileOffset": 304, "Value": 0, "Offset": 0}, "Structure": "IMAGE_DIRECTORY_ENTRY_COPYRIGHT", "Size": {"FileOffset": 308, "Value": 0, "Offset": 4}}, {"VirtualAddress": {"FileOffset": 312, "Value": 0, "Offset": 0}, "Structure": "IMAGE_DIRECTORY_ENTRY_GLOBALPTR", "Size": {"FileOffset": 316, "Value": 0, "Offset": 4}}, {"VirtualAddress": {"FileOffset": 320, "Value": 0, "Offset": 0}, "Structure": "IMAGE_DIRECTORY_ENTRY_TLS", "Size": {"FileOffset": 324, "Value": 0, "Offset": 4}}, {"VirtualAddress": {"FileOffset": 328, "Value": 0, "Offset": 0}, "Structure": "IMAGE_DIRECTORY_ENTRY_LOAD_CONFIG", "Size": {"FileOffset": 332, "Value": 0, "Offset": 4}}, {"VirtualAddress": {"FileOffset": 336, "Value": 0, "Offset": 0}, "Structure": "IMAGE_DIRECTORY_ENTRY_BOUND_IMPORT", "Size": {"FileOffset": 340, "Value": 0, "Offset": 4}}, {"VirtualAddress": {"FileOffset": 344, "Value": 8192, "Offset": 0}, "Structure": "IMAGE_DIRECTORY_ENTRY_IAT", "Size": {"FileOffset": 348, "Value": 8, "Offset": 4}}, {"VirtualAddress": {"FileOffset": 352, "Value": 0, "Offset": 0}, "Structure": "IMAGE_DIRECTORY_ENTRY_DELAY_IMPORT", "Size": {"FileOffset": 356, "Value": 0, "Offset": 4}}, {"VirtualAddress": {"FileOffset": 360, "Value": 8200, "Offset": 0}, "Structure": "IMAGE_DIRECTORY_ENTRY_COM_DESCRIPTOR", "Size": {"FileOffset": 364, "Value": 72, "Offset": 4}}, {"VirtualAddress": {"FileOffset": 368, "Value": 0, "Offset": 0}, "Structure": "IMAGE_DIRECTORY_ENTRY_RESERVED", "Size": {"FileOffset": 372, "Value": 0, "Offset": 4}}], "OPTIONAL_HEADER": {"DllCharacteristics": {"FileOffset": 222, "Value": 34112, "Offset": 70}, "BaseOfCode": {"FileOffset": 172, "Value": 8192, "Offset": 20}, "MajorLinkerVersion": {"FileOffset": 154, "Value": 11, "Offset": 2}, "MinorOperatingSystemVersion": {"FileOffset": 194, "Value": 0, "Offset": 42}, "MinorLinkerVersion": {"FileOffset": 155, "Value": 0, "Offset": 3}, "MajorSubsystemVersion": {"FileOffset": 200, "Value": 4, "Offset": 48}, "MajorOperatingSystemVersion": {"FileOffset": 192, "Value": 4, "Offset": 40}, "SizeOfStackCommit": {"FileOffset": 228, "Value": 4096, "Offset": 76}, "SizeOfUninitializedData": {"FileOffset": 164, "Value": 0, "Offset": 12}, "NumberOfRvaAndSizes": {"FileOffset": 244, "Value": 16, "Offset": 92}, "SizeOfHeapReserve": {"FileOffset": 232, "Value": 1048576, "Offset": 80}, "LoaderFlags": {"FileOffset": 240, "Value": 0, "Offset": 88}, "SizeOfHeapCommit": {"FileOffset": 236, "Value": 4096, "Offset": 84}, "SizeOfStackReserve": {"FileOffset": 224, "Value": 1048576, "Offset": 72}, "Structure": "IMAGE_OPTIONAL_HEADER", "SizeOfHeaders": {"FileOffset": 212, "Value": 512, "Offset": 60}, "Subsystem": {"FileOffset": 220, "Value": 2, "Offset": 68}, "Magic": {"FileOffset": 152, "Value": 267, "Offset": 0}, "MinorImageVersion": {"FileOffset": 198, "Value": 0, "Offset": 46}, "MajorImageVersion": {"FileOffset": 196, "Value": 0, "Offset": 44}, "FileAlignment": {"FileOffset": 188, "Value": 512, "Offset": 36}, "BaseOfData": {"FileOffset": 176, "Value": 32768, "Offset": 24}, "AddressOfEntryPoint": {"FileOffset": 168, "Value": 29918, "Offset": 16}, "SectionAlignment": {"FileOffset": 184, "Value": 8192, "Offset": 32}, "SizeOfCode": {"FileOffset": 156, "Value": 22016, "Offset": 4}, "ImageBase": {"FileOffset": 180, "Value": 4194304, "Offset": 28}, "SizeOfInitializedData": {"FileOffset": 160, "Value": 2048, "Offset": 8}, "SizeOfImage": {"FileOffset": 208, "Value": 49152, "Offset": 56}, "MinorSubsystemVersion": {"FileOffset": 202, "Value": 0, "Offset": 50}, "CheckSum": {"FileOffset": 216, "Value": 0, "Offset": 64}, "Reserved1": {"FileOffset": 204, "Value": 0, "Offset": 52}}, "DOS_HEADER": {"e_cblp": {"FileOffset": 2, "Value": 144, "Offset": 2}, "e_crlc": {"FileOffset": 6, "Value": 0, "Offset": 6}, "e_ovno": {"FileOffset": 26, "Value": 0, "Offset": 26}, "e_minalloc": {"FileOffset": 10, "Value": 0, "Offset": 10}, "e_csum": {"FileOffset": 18, "Value": 0, "Offset": 18}, "e_cparhdr": {"FileOffset": 8, "Value": 4, "Offset": 8}, "e_cp": {"FileOffset": 4, "Value": 3, "Offset": 4}, "e_cs": {"FileOffset": 22, "Value": 0, "Offset": 22}, "e_maxalloc": {"FileOffset": 12, "Value": 65535, "Offset": 12}, "e_lfarlc": {"FileOffset": 24, "Value": 64, "Offset": 24}, "e_oemid": {"FileOffset": 36, "Value": 0, "Offset": 36}, "e_lfanew": {"FileOffset": 60, "Value": 128, "Offset": 60}, "e_ss": {"FileOffset": 14, "Value": 0, "Offset": 14}, "e_magic": {"FileOffset": 0, "Value": 23117, "Offset": 0}, "e_oeminfo": {"FileOffset": 38, "Value": 0, "Offset": 38}, "e_res2": {"FileOffset": 40, "Value": "", "Offset": 40}, "e_res": {"FileOffset": 28, "Value": "", "Offset": 28}, "e_sp": {"FileOffset": 16, "Value": 184, "Offset": 16}, "Structure": "IMAGE_DOS_HEADER", "e_ip": {"FileOffset": 20, "Value": 0, "Offset": 20}}, "Base relocations": [[{"SizeOfBlock": {"FileOffset": 24068, "Value": 12, "Offset": 4}, "VirtualAddress": {"FileOffset": 24064, "Value": 28672, "Offset": 0}, "Structure": "IMAGE_BASE_RELOCATION"}, {"RVA": 29920, "Type": "HIGHLOW"}, {"RVA": 28672, "Type": "ABSOLUTE"}]], "NT_HEADERS": {"Structure": "IMAGE_NT_HEADERS", "Signature": {"FileOffset": 128, "Value": 17744, "Offset": 0}}, "Flags": ["IMAGE_FILE_32BIT_MACHINE", "IMAGE_FILE_EXECUTABLE_IMAGE"], "Version Information": [{"ValueLength": {"FileOffset": 22690, "Value": 52, "Offset": 2}, "Length": {"FileOffset": 22688, "Value": 772, "Offset": 0}, "Type": {"FileOffset": 22692, "Value": 0, "Offset": 4}, "Structure": "VS_VERSIONINFO"}, {"FileFlagsMask": {"FileOffset": 22752, "Value": 63, "Offset": 24}, "FileType": {"FileOffset": 22764, "Value": 1, "Offset": 36}, "FileVersionMS": {"FileOffset": 22736, "Value": 65537, "Offset": 8}, "FileVersionLS": {"FileOffset": 22740, "Value": 121, "Offset": 12}, "Signature": {"FileOffset": 22728, "Value": 4277077181, "Offset": 0}, "FileSubtype": {"FileOffset": 22768, "Value": 0, "Offset": 40}, "FileFlags": {"FileOffset": 22756, "Value": 0, "Offset": 28}, "FileDateLS": {"FileOffset": 22776, "Value": 0, "Offset": 48}, "ProductVersionLS": {"FileOffset": 22748, "Value": 121, "Offset": 20}, "FileOS": {"FileOffset": 22760, "Value": 4, "Offset": 32}, "ProductVersionMS": {"FileOffset": 22744, "Value": 65537, "Offset": 16}, "FileDateMS": {"FileOffset": 22772, "Value": 0, "Offset": 44}, "Structure": "VS_FIXEDFILEINFO", "StrucVersion": {"FileOffset": 22732, "Value": 65536, "Offset": 4}}], "Debug information": [{"MajorVersion": {"FileOffset": 21844, "Value": 0, "Offset": 8}, "PointerToRawData": {"FileOffset": 21860, "Value": 21864, "Offset": 24}, "MinorVersion": {"FileOffset": 21846, "Value": 0, "Offset": 10}, "TimeDateStamp": {"FileOffset": 21840, "Value": "0x53FCD5CC [Tue Aug 26 18:45:32 2014 UTC]", "Offset": 4}, "Characteristics": {"FileOffset": 21836, "Value": 0, "Offset": 0}, "Structure": "IMAGE_DEBUG_DIRECTORY", "Type": "IMAGE_DEBUG_TYPE_CODEVIEW", "SizeOfData": {"FileOffset": 21852, "Value": 284, "Offset": 16}, "AddressOfRawData": {"FileOffset": 21856, "Value": 29544, "Offset": 20}}], "Imported symbols": [[{"TimeDateStamp": {"FileOffset": 22152, "Value": "0x0        [Thu Jan  1 00:00:00 1970 UTC]", "Offset": 4}, "Name": {"FileOffset": 22160, "Value": 29902, "Offset": 12}, "ForwarderChain": {"FileOffset": 22156, "Value": 0, "Offset": 8}, "OriginalFirstThunk": {"FileOffset": 22148, "Value": 29868, "Offset": 0}, "FirstThunk": {"FileOffset": 22164, "Value": 8192, "Offset": 16}, "Characteristics": {"FileOffset": 22148, "Value": 29868, "Offset": 0}, "Structure": "IMAGE_IMPORT_DESCRIPTOR"}, {"Hint": 0, "Name": "_CorExeMain", "DLL": "mscoree.dll"}]], "PE Sections": [{"PointerToRawData": {"FileOffset": 396, "Value": 512, "Offset": 20}, "SHA1": "a832e25509d1887d16222e8e35d0a588a60c208b", "SHA256": "bf235a582900216de278d50113744f3a141b5faa841a04882a10686eeeacc355", "Name": {"FileOffset": 376, "Value": ".text", "Offset": 0}, "NumberOfRelocations": {"FileOffset": 408, "Value": 0, "Offset": 32}, "Misc_VirtualSize": {"FileOffset": 384, "Value": 21732, "Offset": 8}, "Characteristics": {"FileOffset": 412, "Value": 1610612768, "Offset": 36}, "Misc": {"FileOffset": 384, "Value": 21732, "Offset": 8}, "PointerToLinenumbers": {"FileOffset": 404, "Value": 0, "Offset": 28}, "SizeOfRawData": {"FileOffset": 392, "Value": 22016, "Offset": 16}, "Misc_PhysicalAddress": {"FileOffset": 384, "Value": 21732, "Offset": 8}, "PointerToRelocations": {"FileOffset": 400, "Value": 0, "Offset": 24}, "Flags": ["IMAGE_SCN_MEM_EXECUTE", "IMAGE_SCN_CNT_CODE", "IMAGE_SCN_MEM_READ"], "SHA512": "e39e3ace0e116786cb28de28666ca5b0380d94447f3839dff02d4ca4e743bf4e4c623d8247a3a4abf354b5b9d1f73266feb44e6c285940ac69941ab93cedfd98", "MD5": "1cb6a97dde41d4d5253cb9e6903ac284", "Entropy": 5.558445489187022, "VirtualAddress": {"FileOffset": 388, "Value": 8192, "Offset": 12}, "Structure": "IMAGE_SECTION_HEADER", "NumberOfLinenumbers": {"FileOffset": 410, "Value": 0, "Offset": 34}}, {"PointerToRawData": {"FileOffset": 436, "Value": 22528, "Offset": 20}, "SHA1": "7fed704b7bf65e06571490b0bd850b373c88e6ac", "SHA256": "bcce29e2270790d220af1ded34557e2a6bcfd85376d889fe8283666a7c2d645f", "Name": {"FileOffset": 416, "Value": ".rsrc", "Offset": 0}, "NumberOfRelocations": {"FileOffset": 448, "Value": 0, "Offset": 32}, "Misc_VirtualSize": {"FileOffset": 424, "Value": 1432, "Offset": 8}, "Characteristics": {"FileOffset": 452, "Value": 1073741888, "Offset": 36}, "Misc": {"FileOffset": 424, "Value": 1432, "Offset": 8}, "PointerToLinenumbers": {"FileOffset": 444, "Value": 0, "Offset": 28}, "SizeOfRawData": {"FileOffset": 432, "Value": 1536, "Offset": 16}, "Misc_PhysicalAddress": {"FileOffset": 424, "Value": 1432, "Offset": 8}, "PointerToRelocations": {"FileOffset": 440, "Value": 0, "Offset": 24}, "Flags": ["IMAGE_SCN_CNT_INITIALIZED_DATA", "IMAGE_SCN_MEM_READ"], "SHA512": "c0e331146db0796c8d62d821d60632fdb7dcce7b38511ba0e2e018bf8fa03e3a29d5dbb6473db8b2553ceb8d5d376ef86707bbc136f8d651d4cd57fd51ae735a", "MD5": "58bb48795ae8b42806f95ebd07d92f54", "Entropy": 4.057544085628662, "VirtualAddress": {"FileOffset": 428, "Value": 32768, "Offset": 12}, "Structure": "IMAGE_SECTION_HEADER", "NumberOfLinenumbers": {"FileOffset": 450, "Value": 0, "Offset": 34}}, {"PointerToRawData": {"FileOffset": 476, "Value": 24064, "Offset": 20}, "SHA1": "00f11818300e7fb6e8cd0a7f066c5d6bea5a510b", "SHA256": "5da7e9ee00df3ebe8827ae393c438221d1cb6237f4c27463382249fea9ae909c", "Name": {"FileOffset": 456, "Value": ".reloc", "Offset": 0}, "NumberOfRelocations": {"FileOffset": 488, "Value": 0, "Offset": 32}, "Misc_VirtualSize": {"FileOffset": 464, "Value": 12, "Offset": 8}, "Characteristics": {"FileOffset": 492, "Value": 1107296320, "Offset": 36}, "Misc": {"FileOffset": 464, "Value": 12, "Offset": 8}, "PointerToLinenumbers": {"FileOffset": 484, "Value": 0, "Offset": 28}, "SizeOfRawData": {"FileOffset": 472, "Value": 512, "Offset": 16}, "Misc_PhysicalAddress": {"FileOffset": 464, "Value": 12, "Offset": 8}, "PointerToRelocations": {"FileOffset": 480, "Value": 0, "Offset": 24}, "Flags": ["IMAGE_SCN_CNT_INITIALIZED_DATA", "IMAGE_SCN_MEM_DISCARDABLE", "IMAGE_SCN_MEM_READ"], "SHA512": "9003d71d26e76aa13e07b66578307a3d89d2f2adc2f5285f5b3eb441ea29cc3d16547fceab24082f5d024d924400566de0659b042941ac48f075038292ffc837", "MD5": "4f3b604fe01bcf5f90daa2bb84881945", "Entropy": 0.08153941234324169, "VirtualAddress": {"FileOffset": 468, "Value": 40960, "Offset": 12}, "Structure": "IMAGE_SECTION_HEADER", "NumberOfLinenumbers": {"FileOffset": 490, "Value": 0, "Offset": 34}}], "Resource directory": [{"MajorVersion": {"FileOffset": 22536, "Value": 0, "Offset": 8}, "NumberOfIdEntries": {"FileOffset": 22542, "Value": 2, "Offset": 14}, "MinorVersion": {"FileOffset": 22538, "Value": 0, "Offset": 10}, "TimeDateStamp": {"FileOffset": 22532, "Value": "0x0        [Thu Jan  1 00:00:00 1970 UTC]", "Offset": 4}, "Characteristics": {"FileOffset": 22528, "Value": 0, "Offset": 0}, "NumberOfNamedEntries": {"FileOffset": 22540, "Value": 0, "Offset": 12}, "Structure": "IMAGE_RESOURCE_DIRECTORY"}, {"Structure": "IMAGE_RESOURCE_DIRECTORY_ENTRY", "Id": [16, "RT_VERSION"], "OffsetToData": {"FileOffset": 22548, "Value": 2147483680, "Offset": 4}, "Name": {"FileOffset": 22544, "Value": 16, "Offset": 0}}, [{"MajorVersion": {"FileOffset": 22568, "Value": 0, "Offset": 8}, "NumberOfIdEntries": {"FileOffset": 22574, "Value": 1, "Offset": 14}, "MinorVersion": {"FileOffset": 22570, "Value": 0, "Offset": 10}, "TimeDateStamp": {"FileOffset": 22564, "Value": "0x0        [Thu Jan  1 00:00:00 1970 UTC]", "Offset": 4}, "Characteristics": {"FileOffset": 22560, "Value": 0, "Offset": 0}, "NumberOfNamedEntries": {"FileOffset": 22572, "Value": 0, "Offset": 12}, "Structure": "IMAGE_RESOURCE_DIRECTORY"}, {"Structure": "IMAGE_RESOURCE_DIRECTORY_ENTRY", "Id": 1, "OffsetToData": {"FileOffset": 22580, "Value": 2147483728, "Offset": 4}, "Name": {"FileOffset": 22576, "Value": 1, "Offset": 0}}, [{"MajorVersion": {"FileOffset": 22616, "Value": 0, "Offset": 8}, "NumberOfIdEntries": {"FileOffset": 22622, "Value": 1, "Offset": 14}, "MinorVersion": {"FileOffset": 22618, "Value": 0, "Offset": 10}, "TimeDateStamp": {"FileOffset": 22612, "Value": "0x0        [Thu Jan  1 00:00:00 1970 UTC]", "Offset": 4}, "Characteristics": {"FileOffset": 22608, "Value": 0, "Offset": 0}, "NumberOfNamedEntries": {"FileOffset": 22620, "Value": 0, "Offset": 12}, "Structure": "IMAGE_RESOURCE_DIRECTORY"}, {"LANG": 0, "SUBLANG_NAME": "SUBLANG_NEUTRAL", "Name": {"FileOffset": 22624, "Value": 0, "Offset": 0}, "CodePage": {"FileOffset": 22664, "Value": 0, "Offset": 8}, "LANG_NAME": "LANG_NEUTRAL", "OffsetToData": {"FileOffset": 22656, "Value": 32928, "Offset": 0}, "Reserved": {"FileOffset": 22668, "Value": 0, "Offset": 12}, "SUBLANG": 0, "Structure": "IMAGE_RESOURCE_DATA_ENTRY", "Size": {"FileOffset": 22660, "Value": 772, "Offset": 4}}]], {"Structure": "IMAGE_RESOURCE_DIRECTORY_ENTRY", "Id": [24, "RT_MANIFEST"], "OffsetToData": {"FileOffset": 22556, "Value": 2147483704, "Offset": 4}, "Name": {"FileOffset": 22552, "Value": 24, "Offset": 0}}, [{"MajorVersion": {"FileOffset": 22592, "Value": 0, "Offset": 8}, "NumberOfIdEntries": {"FileOffset": 22598, "Value": 1, "Offset": 14}, "MinorVersion": {"FileOffset": 22594, "Value": 0, "Offset": 10}, "TimeDateStamp": {"FileOffset": 22588, "Value": "0x0        [Thu Jan  1 00:00:00 1970 UTC]", "Offset": 4}, "Characteristics": {"FileOffset": 22584, "Value": 0, "Offset": 0}, "NumberOfNamedEntries": {"FileOffset": 22596, "Value": 0, "Offset": 12}, "Structure": "IMAGE_RESOURCE_DIRECTORY"}, {"Structure": "IMAGE_RESOURCE_DIRECTORY_ENTRY", "Id": 1, "OffsetToData": {"FileOffset": 22604, "Value": 2147483752, "Offset": 4}, "Name": {"FileOffset": 22600, "Value": 1, "Offset": 0}}, [{"MajorVersion": {"FileOffset": 22640, "Value": 0, "Offset": 8}, "NumberOfIdEntries": {"FileOffset": 22646, "Value": 1, "Offset": 14}, "MinorVersion": {"FileOffset": 22642, "Value": 0, "Offset": 10}, "TimeDateStamp": {"FileOffset": 22636, "Value": "0x0        [Thu Jan  1 00:00:00 1970 UTC]", "Offset": 4}, "Characteristics": {"FileOffset": 22632, "Value": 0, "Offset": 0}, "NumberOfNamedEntries": {"FileOffset": 22644, "Value": 0, "Offset": 12}, "Structure": "IMAGE_RESOURCE_DIRECTORY"}, {"LANG": 0, "SUBLANG_NAME": "SUBLANG_NEUTRAL", "Name": {"FileOffset": 22648, "Value": 0, "Offset": 0}, "CodePage": {"FileOffset": 22680, "Value": 0, "Offset": 8}, "LANG_NAME": "LANG_NEUTRAL", "OffsetToData": {"FileOffset": 22672, "Value": 33704, "Offset": 0}, "Reserved": {"FileOffset": 22684, "Value": 0, "Offset": 12}, "SUBLANG": 0, "Structure": "IMAGE_RESOURCE_DATA_ENTRY", "Size": {"FileOffset": 22676, "Value": 490, "Offset": 4}}]]]}
