{"DllCharacteristics": ["IMAGE_DLLCHARACTERISTICS_NO_SEH", "IMAGE_DLLCHARACTERISTICS_TERMINAL_SERVER_AWARE", "IMAGE_DLLCHARACTERISTICS_DYNAMIC_BASE", "IMAGE_DLLCHARACTERISTICS_NX_COMPAT"], "FILE_HEADER": {"NumberOfSections": {"FileOffset": 134, "Value": 3, "Offset": 2}, "TimeDateStamp": {"FileOffset": 136, "Value": "0x53F2844B [Mon Aug 18 22:55:07 2014 UTC]", "Offset": 4}, "PointerToSymbolTable": {"FileOffset": 140, "Value": 0, "Offset": 8}, "NumberOfSymbols": {"FileOffset": 144, "Value": 0, "Offset": 12}, "Machine": {"FileOffset": 132, "Value": 332, "Offset": 0}, "Characteristics": {"FileOffset": 150, "Value": 258, "Offset": 18}, "SizeOfOptionalHeader": {"FileOffset": 148, "Value": 224, "Offset": 16}, "Structure": "IMAGE_FILE_HEADER"}, "Directories": [{"VirtualAddress": {"FileOffset": 248, "Value": 0, "Offset": 0}, "Structure": "IMAGE_DIRECTORY_ENTRY_EXPORT", "Size": {"FileOffset": 252, "Value": 0, "Offset": 4}}, {"VirtualAddress": {"FileOffset": 256, "Value": 17765608, "Offset": 0}, "Structure": "IMAGE_DIRECTORY_ENTRY_IMPORT", "Size": {"FileOffset": 260, "Value": 83, "Offset": 4}}, {"VirtualAddress": {"FileOffset": 264, "Value": 17768448, "Offset": 0}, "Structure": "IMAGE_DIRECTORY_ENTRY_RESOURCE", "Size": {"FileOffset": 268, "Value": 26616, "Offset": 4}}, {"VirtualAddress": {"FileOffset": 272, "Value": 0, "Offset": 0}, "Structure": "IMAGE_DIRECTORY_ENTRY_EXCEPTION", "Size": {"FileOffset": 276, "Value": 0, "Offset": 4}}, {"VirtualAddress": {"FileOffset": 280, "Value": 0, "Offset": 0}, "Structure": "IMAGE_DIRECTORY_ENTRY_SECURITY", "Size": {"FileOffset": 284, "Value": 0, "Offset": 4}}, {"VirtualAddress": {"FileOffset": 288, "Value": 17801216, "Offset": 0}, "Structure": "IMAGE_DIRECTORY_ENTRY_BASERELOC", "Size": {"FileOffset": 292, "Value": 12, "Offset": 4}}, {"VirtualAddress": {"FileOffset": 296, "Value": 17765296, "Offset": 0}, "Structure": "IMAGE_DIRECTORY_ENTRY_DEBUG", "Size": {"FileOffset": 300, "Value": 28, "Offset": 4}}, {"VirtualAddress": {"FileOffset": 304, "Value": 0, "Offset": 0}, "Structure": "IMAGE_DIRECTORY_ENTRY_COPYRIGHT", "Size": {"FileOffset": 308, "Value": 0, "Offset": 4}}, {"VirtualAddress": {"FileOffset": 312, "Value": 0, "Offset": 0}, "Structure": "IMAGE_DIRECTORY_ENTRY_GLOBALPTR", "Size": {"FileOffset": 316, "Value": 0, "Offset": 4}}, {"VirtualAddress": {"FileOffset": 320, "Value": 0, "Offset": 0}, "Structure": "IMAGE_DIRECTORY_ENTRY_TLS", "Size": {"FileOffset": 324, "Value": 0, "Offset": 4}}, {"VirtualAddress": {"FileOffset": 328, "Value": 0, "Offset": 0}, "Structure": "IMAGE_DIRECTORY_ENTRY_LOAD_CONFIG", "Size": {"FileOffset": 332, "Value": 0, "Offset": 4}}, {"VirtualAddress": {"FileOffset": 336, "Value": 0, "Offset": 0}, "Structure": "IMAGE_DIRECTORY_ENTRY_BOUND_IMPORT", "Size": {"FileOffset": 340, "Value": 0, "Offset": 4}}, {"VirtualAddress": {"FileOffset": 344, "Value": 8192, "Offset": 0}, "Structure": "IMAGE_DIRECTORY_ENTRY_IAT", "Size": {"FileOffset": 348, "Value": 8, "Offset": 4}}, {"VirtualAddress": {"FileOffset": 352, "Value": 0, "Offset": 0}, "Structure": "IMAGE_DIRECTORY_ENTRY_DELAY_IMPORT", "Size": {"FileOffset": 356, "Value": 0, "Offset": 4}}, {"VirtualAddress": {"FileOffset": 360, "Value": 8200, "Offset": 0}, "Structure": "IMAGE_DIRECTORY_ENTRY_COM_DESCRIPTOR", "Size": {"FileOffset": 364, "Value": 72, "Offset": 4}}, {"VirtualAddress": {"FileOffset": 368, "Value": 0, "Offset": 0}, "Structure": "IMAGE_DIRECTORY_ENTRY_RESERVED", "Size": {"FileOffset": 372, "Value": 0, "Offset": 4}}], "OPTIONAL_HEADER": {"DllCharacteristics": {"FileOffset": 222, "Value": 34112, "Offset": 70}, "BaseOfCode": {"FileOffset": 172, "Value": 8192, "Offset": 20}, "MajorLinkerVersion": {"FileOffset": 154, "Value": 11, "Offset": 2}, "MinorOperatingSystemVersion": {"FileOffset": 194, "Value": 0, "Offset": 42}, "MinorLinkerVersion": {"FileOffset": 155, "Value": 0, "Offset": 3}, "MajorSubsystemVersion": {"FileOffset": 200, "Value": 4, "Offset": 48}, "MajorOperatingSystemVersion": {"FileOffset": 192, "Value": 4, "Offset": 40}, "SizeOfStackCommit": {"FileOffset": 228, "Value": 4096, "Offset": 76}, "SizeOfUninitializedData": {"FileOffset": 164, "Value": 0, "Offset": 12}, "NumberOfRvaAndSizes": {"FileOffset": 244, "Value": 16, "Offset": 92}, "SizeOfHeapReserve": {"FileOffset": 232, "Value": 1048576, "Offset": 80}, "LoaderFlags": {"FileOffset": 240, "Value": 0, "Offset": 88}, "SizeOfHeapCommit": {"FileOffset": 236, "Value": 4096, "Offset": 84}, "SizeOfStackReserve": {"FileOffset": 224, "Value": 1048576, "Offset": 72}, "Structure": "IMAGE_OPTIONAL_HEADER", "SizeOfHeaders": {"FileOffset": 212, "Value": 512, "Offset": 60}, "Subsystem": {"FileOffset": 220, "Value": 2, "Offset": 68}, "Magic": {"FileOffset": 152, "Value": 267, "Offset": 0}, "MinorImageVersion": {"FileOffset": 198, "Value": 0, "Offset": 46}, "MajorImageVersion": {"FileOffset": 196, "Value": 0, "Offset": 44}, "FileAlignment": {"FileOffset": 188, "Value": 512, "Offset": 36}, "BaseOfData": {"FileOffset": 176, "Value": 17768448, "Offset": 24}, "AddressOfEntryPoint": {"FileOffset": 168, "Value": 17765694, "Offset": 16}, "SectionAlignment": {"FileOffset": 184, "Value": 8192, "Offset": 32}, "SizeOfCode": {"FileOffset": 156, "Value": 17757696, "Offset": 4}, "ImageBase": {"FileOffset": 180, "Value": 4194304, "Offset": 28}, "SizeOfInitializedData": {"FileOffset": 160, "Value": 27136, "Offset": 8}, "SizeOfImage": {"FileOffset": 208, "Value": 17809408, "Offset": 56}, "MinorSubsystemVersion": {"FileOffset": 202, "Value": 0, "Offset": 50}, "CheckSum": {"FileOffset": 216, "Value": 0, "Offset": 64}, "Reserved1": {"FileOffset": 204, "Value": 0, "Offset": 52}}, "DOS_HEADER": {"e_cblp": {"FileOffset": 2, "Value": 144, "Offset": 2}, "e_crlc": {"FileOffset": 6, "Value": 0, "Offset": 6}, "e_ovno": {"FileOffset": 26, "Value": 0, "Offset": 26}, "e_minalloc": {"FileOffset": 10, "Value": 0, "Offset": 10}, "e_csum": {"FileOffset": 18, "Value": 0, "Offset": 18}, "e_cparhdr": {"FileOffset": 8, "Value": 4, "Offset": 8}, "e_cp": {"FileOffset": 4, "Value": 3, "Offset": 4}, "e_cs": {"FileOffset": 22, "Value": 0, "Offset": 22}, "e_maxalloc": {"FileOffset": 12, "Value": 65535, "Offset": 12}, "e_lfarlc": {"FileOffset": 24, "Value": 64, "Offset": 24}, "e_oemid": {"FileOffset": 36, "Value": 0, "Offset": 36}, "e_lfanew": {"FileOffset": 60, "Value": 128, "Offset": 60}, "e_ss": {"FileOffset": 14, "Value": 0, "Offset": 14}, "e_magic": {"FileOffset": 0, "Value": 23117, "Offset": 0}, "e_oeminfo": {"FileOffset": 38, "Value": 0, "Offset": 38}, "e_res2": {"FileOffset": 40, "Value": "", "Offset": 40}, "e_res": {"FileOffset": 28, "Value": "", "Offset": 28}, "e_sp": {"FileOffset": 16, "Value": 184, "Offset": 16}, "Structure": "IMAGE_DOS_HEADER", "e_ip": {"FileOffset": 20, "Value": 0, "Offset": 20}}, "Base relocations": [[{"SizeOfBlock": {"FileOffset": 17784836, "Value": 12, "Offset": 4}, "VirtualAddress": {"FileOffset": 17784832, "Value": 17764352, "Offset": 0}, "Structure": "IMAGE_BASE_RELOCATION"}, {"RVA": 17765696, "Type": "HIGHLOW"}, {"RVA": 17764352, "Type": "ABSOLUTE"}]], "NT_HEADERS": {"Structure": "IMAGE_NT_HEADERS", "Signature": {"FileOffset": 128, "Value": 17744, "Offset": 0}}, "Flags": ["IMAGE_FILE_32BIT_MACHINE", "IMAGE_FILE_EXECUTABLE_IMAGE"], "Version Information": [{"ValueLength": {"FileOffset": 17758826, "Value": 52, "Offset": 2}, "Length": {"FileOffset": 17758824, "Value": 796, "Offset": 0}, "Type": {"FileOffset": 17758828, "Value": 0, "Offset": 4}, "Structure": "VS_VERSIONINFO"}, {"FileFlagsMask": {"FileOffset": 17758888, "Value": 63, "Offset": 24}, "FileType": {"FileOffset": 17758900, "Value": 1, "Offset": 36}, "FileVersionMS": {"FileOffset": 17758872, "Value": 458752, "Offset": 8}, "FileVersionLS": {"FileOffset": 17758876, "Value": 16384017, "Offset": 12}, "Signature": {"FileOffset": 17758864, "Value": 4277077181, "Offset": 0}, "FileSubtype": {"FileOffset": 17758904, "Value": 0, "Offset": 40}, "FileFlags": {"FileOffset": 17758892, "Value": 0, "Offset": 28}, "FileDateLS": {"FileOffset": 17758912, "Value": 0, "Offset": 48}, "ProductVersionLS": {"FileOffset": 17758884, "Value": 16384017, "Offset": 20}, "FileOS": {"FileOffset": 17758896, "Value": 4, "Offset": 32}, "ProductVersionMS": {"FileOffset": 17758880, "Value": 458752, "Offset": 16}, "FileDateMS": {"FileOffset": 17758908, "Value": 0, "Offset": 44}, "Structure": "VS_FIXEDFILEINFO", "StrucVersion": {"FileOffset": 17758868, "Value": 65536, "Offset": 4}}], "Debug information": [{"MajorVersion": {"FileOffset": 17757624, "Value": 0, "Offset": 8}, "PointerToRawData": {"FileOffset": 17757640, "Value": 17757644, "Offset": 24}, "MinorVersion": {"FileOffset": 17757626, "Value": 0, "Offset": 10}, "TimeDateStamp": {"FileOffset": 17757620, "Value": "0x53F2844B [Mon Aug 18 22:55:07 2014 UTC]", "Offset": 4}, "Characteristics": {"FileOffset": 17757616, "Value": 0, "Offset": 0}, "Structure": "IMAGE_DEBUG_DIRECTORY", "Type": "IMAGE_DEBUG_TYPE_CODEVIEW", "SizeOfData": {"FileOffset": 17757632, "Value": 284, "Offset": 16}, "AddressOfRawData": {"FileOffset": 17757636, "Value": 17765324, "Offset": 20}}], "Imported symbols": [[{"TimeDateStamp": {"FileOffset": 17757932, "Value": "0x0        [Thu Jan  1 00:00:00 1970 UTC]", "Offset": 4}, "Name": {"FileOffset": 17757940, "Value": 17765678, "Offset": 12}, "ForwarderChain": {"FileOffset": 17757936, "Value": 0, "Offset": 8}, "OriginalFirstThunk": {"FileOffset": 17757928, "Value": 17765648, "Offset": 0}, "FirstThunk": {"FileOffset": 17757944, "Value": 8192, "Offset": 16}, "Characteristics": {"FileOffset": 17757928, "Value": 17765648, "Offset": 0}, "Structure": "IMAGE_IMPORT_DESCRIPTOR"}, {"Hint": 0, "Name": "_CorExeMain", "DLL": "mscoree.dll"}]], "PE Sections": [{"PointerToRawData": {"FileOffset": 396, "Value": 512, "Offset": 20}, "SHA1": "a7b178210c053ef91eec5882617a157a4195abc6", "SHA256": "794bb77f266c12a5e92fc67b500990885db05056b313d5960055eaee873c32e8", "Name": {"FileOffset": 376, "Value": ".text", "Offset": 0}, "NumberOfRelocations": {"FileOffset": 408, "Value": 0, "Offset": 32}, "Misc_VirtualSize": {"FileOffset": 384, "Value": 17757508, "Offset": 8}, "Characteristics": {"FileOffset": 412, "Value": 1610612768, "Offset": 36}, "Misc": {"FileOffset": 384, "Value": 17757508, "Offset": 8}, "PointerToLinenumbers": {"FileOffset": 404, "Value": 0, "Offset": 28}, "SizeOfRawData": {"FileOffset": 392, "Value": 17757696, "Offset": 16}, "Misc_PhysicalAddress": {"FileOffset": 384, "Value": 17757508, "Offset": 8}, "PointerToRelocations": {"FileOffset": 400, "Value": 0, "Offset": 24}, "Flags": ["IMAGE_SCN_MEM_EXECUTE", "IMAGE_SCN_CNT_CODE", "IMAGE_SCN_MEM_READ"], "SHA512": "a9e3c709055f9fecddf1f49ab39e0530241e454c9f04d3420dd3729ee6cde4f3e4f68deed6a35418f2b6c17d294bbe61f41bf1f6f4ba593009c439bc30301e46", "MD5": "465e37e8c3c76f2112994cb85141f5b7", "Entropy": 7.980600919122495, "VirtualAddress": {"FileOffset": 388, "Value": 8192, "Offset": 12}, "Structure": "IMAGE_SECTION_HEADER", "NumberOfLinenumbers": {"FileOffset": 410, "Value": 0, "Offset": 34}}, {"PointerToRawData": {"FileOffset": 436, "Value": 17758208, "Offset": 20}, "SHA1": "2df406dc9b74fb62b0dd27589346f5fe9ff304a1", "SHA256": "0f01f30648120d0de3fd4261ee7dea62e18a20955cb66eb3cb611ad41a97e766", "Name": {"FileOffset": 416, "Value": ".rsrc", "Offset": 0}, "NumberOfRelocations": {"FileOffset": 448, "Value": 0, "Offset": 32}, "Misc_VirtualSize": {"FileOffset": 424, "Value": 26616, "Offset": 8}, "Characteristics": {"FileOffset": 452, "Value": 1073741888, "Offset": 36}, "Misc": {"FileOffset": 424, "Value": 26616, "Offset": 8}, "PointerToLinenumbers": {"FileOffset": 444, "Value": 0, "Offset": 28}, "SizeOfRawData": {"FileOffset": 432, "Value": 26624, "Offset": 16}, "Misc_PhysicalAddress": {"FileOffset": 424, "Value": 26616, "Offset": 8}, "PointerToRelocations": {"FileOffset": 440, "Value": 0, "Offset": 24}, "Flags": ["IMAGE_SCN_CNT_INITIALIZED_DATA", "IMAGE_SCN_MEM_READ"], "SHA512": "78bbf1c396118e82b9029ef25de3f732feb9a9d1b311fe82c623e9a690fb156ee15c39c8caf2fc4a91d387f8723e8bc2f99448ab3ced6b3d32948dfc568a603c", "MD5": "8384272d8bd7fcbfd1ffdedd543e7c8f", "Entropy": 5.788158968393105, "VirtualAddress": {"FileOffset": 428, "Value": 17768448, "Offset": 12}, "Structure": "IMAGE_SECTION_HEADER", "NumberOfLinenumbers": {"FileOffset": 450, "Value": 0, "Offset": 34}}, {"PointerToRawData": {"FileOffset": 476, "Value": 17784832, "Offset": 20}, "SHA1": "b3bcad0529c16946a5eef4daa68ca2363ba8336d", "SHA256": "eecd9f206900f1eeffc31ece8715f8311b8613b89b378c746208adde098fbba2", "Name": {"FileOffset": 456, "Value": ".reloc", "Offset": 0}, "NumberOfRelocations": {"FileOffset": 488, "Value": 0, "Offset": 32}, "Misc_VirtualSize": {"FileOffset": 464, "Value": 12, "Offset": 8}, "Characteristics": {"FileOffset": 492, "Value": 1107296320, "Offset": 36}, "Misc": {"FileOffset": 464, "Value": 12, "Offset": 8}, "PointerToLinenumbers": {"FileOffset": 484, "Value": 0, "Offset": 28}, "SizeOfRawData": {"FileOffset": 472, "Value": 512, "Offset": 16}, "Misc_PhysicalAddress": {"FileOffset": 464, "Value": 12, "Offset": 8}, "PointerToRelocations": {"FileOffset": 480, "Value": 0, "Offset": 24}, "Flags": ["IMAGE_SCN_CNT_INITIALIZED_DATA", "IMAGE_SCN_MEM_DISCARDABLE", "IMAGE_SCN_MEM_READ"], "SHA512": "68da9de40599fb7350789af384f459d0cc9efd2ab96106a406beb75dcb784029c29e51e24d8056560b530d1cf0781d5caf159b8201fb81566b0a423f01e91530", "MD5": "adc0fe8dc2c28da0aaeb7e08695b70d8", "Entropy": 0.12227588125913882, "VirtualAddress": {"FileOffset": 468, "Value": 17801216, "Offset": 12}, "Structure": "IMAGE_SECTION_HEADER", "NumberOfLinenumbers": {"FileOffset": 490, "Value": 0, "Offset": 34}}], "Resource directory": [{"MajorVersion": {"FileOffset": 17758216, "Value": 0, "Offset": 8}, "NumberOfIdEntries": {"FileOffset": 17758222, "Value": 3, "Offset": 14}, "MinorVersion": {"FileOffset": 17758218, "Value": 0, "Offset": 10}, "TimeDateStamp": {"FileOffset": 17758212, "Value": "0x0        [Thu Jan  1 00:00:00 1970 UTC]", "Offset": 4}, "Characteristics": {"FileOffset": 17758208, "Value": 0, "Offset": 0}, "NumberOfNamedEntries": {"FileOffset": 17758220, "Value": 0, "Offset": 12}, "Structure": "IMAGE_RESOURCE_DIRECTORY"}, {"Structure": "IMAGE_RESOURCE_DIRECTORY_ENTRY", "Id": [3, "RT_ICON"], "OffsetToData": {"FileOffset": 17758228, "Value": 2147483688, "Offset": 4}, "Name": {"FileOffset": 17758224, "Value": 3, "Offset": 0}}, [{"MajorVersion": {"FileOffset": 17758256, "Value": 0, "Offset": 8}, "NumberOfIdEntries": {"FileOffset": 17758262, "Value": 9, "Offset": 14}, "MinorVersion": {"FileOffset": 17758258, "Value": 0, "Offset": 10}, "TimeDateStamp": {"FileOffset": 17758252, "Value": "0x0        [Thu Jan  1 00:00:00 1970 UTC]", "Offset": 4}, "Characteristics": {"FileOffset": 17758248, "Value": 0, "Offset": 0}, "NumberOfNamedEntries": {"FileOffset": 17758260, "Value": 0, "Offset": 12}, "Structure": "IMAGE_RESOURCE_DIRECTORY"}, {"Structure": "IMAGE_RESOURCE_DIRECTORY_ENTRY", "Id": 2, "OffsetToData": {"FileOffset": 17758268, "Value": 2147483824, "Offset": 4}, "Name": {"FileOffset": 17758264, "Value": 2, "Offset": 0}}, [{"MajorVersion": {"FileOffset": 17758392, "Value": 0, "Offset": 8}, "NumberOfIdEntries": {"FileOffset": 17758398, "Value": 1, "Offset": 14}, "MinorVersion": {"FileOffset": 17758394, "Value": 0, "Offset": 10}, "TimeDateStamp": {"FileOffset": 17758388, "Value": "0x0        [Thu Jan  1 00:00:00 1970 UTC]", "Offset": 4}, "Characteristics": {"FileOffset": 17758384, "Value": 0, "Offset": 0}, "NumberOfNamedEntries": {"FileOffset": 17758396, "Value": 0, "Offset": 12}, "Structure": "IMAGE_RESOURCE_DIRECTORY"}, {"LANG": 0, "SUBLANG_NAME": "SUBLANG_NEUTRAL", "Name": {"FileOffset": 17758400, "Value": 0, "Offset": 0}, "CodePage": {"FileOffset": 17758656, "Value": 0, "Offset": 8}, "LANG_NAME": "LANG_NEUTRAL", "OffsetToData": {"FileOffset": 17758648, "Value": 17769864, "Offset": 0}, "Reserved": {"FileOffset": 17758660, "Value": 0, "Offset": 12}, "SUBLANG": 0, "Structure": "IMAGE_RESOURCE_DATA_ENTRY", "Size": {"FileOffset": 17758652, "Value": 1640, "Offset": 4}}], {"Structure": "IMAGE_RESOURCE_DIRECTORY_ENTRY", "Id": 3, "OffsetToData": {"FileOffset": 17758276, "Value": 2147483848, "Offset": 4}, "Name": {"FileOffset": 17758272, "Value": 3, "Offset": 0}}, [{"MajorVersion": {"FileOffset": 17758416, "Value": 0, "Offset": 8}, "NumberOfIdEntries": {"FileOffset": 17758422, "Value": 1, "Offset": 14}, "MinorVersion": {"FileOffset": 17758418, "Value": 0, "Offset": 10}, "TimeDateStamp": {"FileOffset": 17758412, "Value": "0x0        [Thu Jan  1 00:00:00 1970 UTC]", "Offset": 4}, "Characteristics": {"FileOffset": 17758408, "Value": 0, "Offset": 0}, "NumberOfNamedEntries": {"FileOffset": 17758420, "Value": 0, "Offset": 12}, "Structure": "IMAGE_RESOURCE_DIRECTORY"}, {"LANG": 0, "SUBLANG_NAME": "SUBLANG_NEUTRAL", "Name": {"FileOffset": 17758424, "Value": 0, "Offset": 0}, "CodePage": {"FileOffset": 17758672, "Value": 0, "Offset": 8}, "LANG_NAME": "LANG_NEUTRAL", "OffsetToData": {"FileOffset": 17758664, "Value": 17771504, "Offset": 0}, "Reserved": {"FileOffset": 17758676, "Value": 0, "Offset": 12}, "SUBLANG": 0, "Structure": "IMAGE_RESOURCE_DATA_ENTRY", "Size": {"FileOffset": 17758668, "Value": 744, "Offset": 4}}], {"Structure": "IMAGE_RESOURCE_DIRECTORY_ENTRY", "Id": 4, "OffsetToData": {"FileOffset": 17758284, "Value": 2147483872, "Offset": 4}, "Name": {"FileOffset": 17758280, "Value": 4, "Offset": 0}}, [{"MajorVersion": {"FileOffset": 17758440, "Value": 0, "Offset": 8}, "NumberOfIdEntries": {"FileOffset": 17758446, "Value": 1, "Offset": 14}, "MinorVersion": {"FileOffset": 17758442, "Value": 0, "Offset": 10}, "TimeDateStamp": {"FileOffset": 17758436, "Value": "0x0        [Thu Jan  1 00:00:00 1970 UTC]", "Offset": 4}, "Characteristics": {"FileOffset": 17758432, "Value": 0, "Offset": 0}, "NumberOfNamedEntries": {"FileOffset": 17758444, "Value": 0, "Offset": 12}, "Structure": "IMAGE_RESOURCE_DIRECTORY"}, {"LANG": 0, "SUBLANG_NAME": "SUBLANG_NEUTRAL", "Name": {"FileOffset": 17758448, "Value": 0, "Offset": 0}, "CodePage": {"FileOffset": 17758688, "Value": 0, "Offset": 8}, "LANG_NAME": "LANG_NEUTRAL", "OffsetToData": {"FileOffset": 17758680, "Value": 17772248, "Offset": 0}, "Reserved": {"FileOffset": 17758692, "Value": 0, "Offset": 12}, "SUBLANG": 0, "Structure": "IMAGE_RESOURCE_DATA_ENTRY", "Size": {"FileOffset": 17758684, "Value": 296, "Offset": 4}}], {"Structure": "IMAGE_RESOURCE_DIRECTORY_ENTRY", "Id": 5, "OffsetToData": {"FileOffset": 17758292, "Value": 2147483896, "Offset": 4}, "Name": {"FileOffset": 17758288, "Value": 5, "Offset": 0}}, [{"MajorVersion": {"FileOffset": 17758464, "Value": 0, "Offset": 8}, "NumberOfIdEntries": {"FileOffset": 17758470, "Value": 1, "Offset": 14}, "MinorVersion": {"FileOffset": 17758466, "Value": 0, "Offset": 10}, "TimeDateStamp": {"FileOffset": 17758460, "Value": "0x0        [Thu Jan  1 00:00:00 1970 UTC]", "Offset": 4}, "Characteristics": {"FileOffset": 17758456, "Value": 0, "Offset": 0}, "NumberOfNamedEntries": {"FileOffset": 17758468, "Value": 0, "Offset": 12}, "Structure": "IMAGE_RESOURCE_DIRECTORY"}, {"LANG": 0, "SUBLANG_NAME": "SUBLANG_NEUTRAL", "Name": {"FileOffset": 17758472, "Value": 0, "Offset": 0}, "CodePage": {"FileOffset": 17758704, "Value": 0, "Offset": 8}, "LANG_NAME": "LANG_NEUTRAL", "OffsetToData": {"FileOffset": 17758696, "Value": 17772544, "Offset": 0}, "Reserved": {"FileOffset": 17758708, "Value": 0, "Offset": 12}, "SUBLANG": 0, "Structure": "IMAGE_RESOURCE_DATA_ENTRY", "Size": {"FileOffset": 17758700, "Value": 3752, "Offset": 4}}], {"Structure": "IMAGE_RESOURCE_DIRECTORY_ENTRY", "Id": 6, "OffsetToData": {"FileOffset": 17758300, "Value": 2147483920, "Offset": 4}, "Name": {"FileOffset": 17758296, "Value": 6, "Offset": 0}}, [{"MajorVersion": {"FileOffset": 17758488, "Value": 0, "Offset": 8}, "NumberOfIdEntries": {"FileOffset": 17758494, "Value": 1, "Offset": 14}, "MinorVersion": {"FileOffset": 17758490, "Value": 0, "Offset": 10}, "TimeDateStamp": {"FileOffset": 17758484, "Value": "0x0        [Thu Jan  1 00:00:00 1970 UTC]", "Offset": 4}, "Characteristics": {"FileOffset": 17758480, "Value": 0, "Offset": 0}, "NumberOfNamedEntries": {"FileOffset": 17758492, "Value": 0, "Offset": 12}, "Structure": "IMAGE_RESOURCE_DIRECTORY"}, {"LANG": 0, "SUBLANG_NAME": "SUBLANG_NEUTRAL", "Name": {"FileOffset": 17758496, "Value": 0, "Offset": 0}, "CodePage": {"FileOffset": 17758720, "Value": 0, "Offset": 8}, "LANG_NAME": "LANG_NEUTRAL", "OffsetToData": {"FileOffset": 17758712, "Value": 17776296, "Offset": 0}, "Reserved": {"FileOffset": 17758724, "Value": 0, "Offset": 12}, "SUBLANG": 0, "Structure": "IMAGE_RESOURCE_DATA_ENTRY", "Size": {"FileOffset": 17758716, "Value": 2216, "Offset": 4}}], {"Structure": "IMAGE_RESOURCE_DIRECTORY_ENTRY", "Id": 7, "OffsetToData": {"FileOffset": 17758308, "Value": 2147483944, "Offset": 4}, "Name": {"FileOffset": 17758304, "Value": 7, "Offset": 0}}, [{"MajorVersion": {"FileOffset": 17758512, "Value": 0, "Offset": 8}, "NumberOfIdEntries": {"FileOffset": 17758518, "Value": 1, "Offset": 14}, "MinorVersion": {"FileOffset": 17758514, "Value": 0, "Offset": 10}, "TimeDateStamp": {"FileOffset": 17758508, "Value": "0x0        [Thu Jan  1 00:00:00 1970 UTC]", "Offset": 4}, "Characteristics": {"FileOffset": 17758504, "Value": 0, "Offset": 0}, "NumberOfNamedEntries": {"FileOffset": 17758516, "Value": 0, "Offset": 12}, "Structure": "IMAGE_RESOURCE_DIRECTORY"}, {"LANG": 0, "SUBLANG_NAME": "SUBLANG_NEUTRAL", "Name": {"FileOffset": 17758520, "Value": 0, "Offset": 0}, "CodePage": {"FileOffset": 17758736, "Value": 0, "Offset": 8}, "LANG_NAME": "LANG_NEUTRAL", "OffsetToData": {"FileOffset": 17758728, "Value": 17778512, "Offset": 0}, "Reserved": {"FileOffset": 17758740, "Value": 0, "Offset": 12}, "SUBLANG": 0, "Structure": "IMAGE_RESOURCE_DATA_ENTRY", "Size": {"FileOffset": 17758732, "Value": 1384, "Offset": 4}}], {"Structure": "IMAGE_RESOURCE_DIRECTORY_ENTRY", "Id": 8, "OffsetToData": {"FileOffset": 17758316, "Value": 2147483968, "Offset": 4}, "Name": {"FileOffset": 17758312, "Value": 8, "Offset": 0}}, [{"MajorVersion": {"FileOffset": 17758536, "Value": 0, "Offset": 8}, "NumberOfIdEntries": {"FileOffset": 17758542, "Value": 1, "Offset": 14}, "MinorVersion": {"FileOffset": 17758538, "Value": 0, "Offset": 10}, "TimeDateStamp": {"FileOffset": 17758532, "Value": "0x0        [Thu Jan  1 00:00:00 1970 UTC]", "Offset": 4}, "Characteristics": {"FileOffset": 17758528, "Value": 0, "Offset": 0}, "NumberOfNamedEntries": {"FileOffset": 17758540, "Value": 0, "Offset": 12}, "Structure": "IMAGE_RESOURCE_DIRECTORY"}, {"LANG": 0, "SUBLANG_NAME": "SUBLANG_NEUTRAL", "Name": {"FileOffset": 17758544, "Value": 0, "Offset": 0}, "CodePage": {"FileOffset": 17758752, "Value": 0, "Offset": 8}, "LANG_NAME": "LANG_NEUTRAL", "OffsetToData": {"FileOffset": 17758744, "Value": 17779896, "Offset": 0}, "Reserved": {"FileOffset": 17758756, "Value": 0, "Offset": 12}, "SUBLANG": 0, "Structure": "IMAGE_RESOURCE_DATA_ENTRY", "Size": {"FileOffset": 17758748, "Value": 9640, "Offset": 4}}], {"Structure": "IMAGE_RESOURCE_DIRECTORY_ENTRY", "Id": 9, "OffsetToData": {"FileOffset": 17758324, "Value": 2147483992, "Offset": 4}, "Name": {"FileOffset": 17758320, "Value": 9, "Offset": 0}}, [{"MajorVersion": {"FileOffset": 17758560, "Value": 0, "Offset": 8}, "NumberOfIdEntries": {"FileOffset": 17758566, "Value": 1, "Offset": 14}, "MinorVersion": {"FileOffset": 17758562, "Value": 0, "Offset": 10}, "TimeDateStamp": {"FileOffset": 17758556, "Value": "0x0        [Thu Jan  1 00:00:00 1970 UTC]", "Offset": 4}, "Characteristics": {"FileOffset": 17758552, "Value": 0, "Offset": 0}, "NumberOfNamedEntries": {"FileOffset": 17758564, "Value": 0, "Offset": 12}, "Structure": "IMAGE_RESOURCE_DIRECTORY"}, {"LANG": 0, "SUBLANG_NAME": "SUBLANG_NEUTRAL", "Name": {"FileOffset": 17758568, "Value": 0, "Offset": 0}, "CodePage": {"FileOffset": 17758768, "Value": 0, "Offset": 8}, "LANG_NAME": "LANG_NEUTRAL", "OffsetToData": {"FileOffset": 17758760, "Value": 17789536, "Offset": 0}, "Reserved": {"FileOffset": 17758772, "Value": 0, "Offset": 12}, "SUBLANG": 0, "Structure": "IMAGE_RESOURCE_DATA_ENTRY", "Size": {"FileOffset": 17758764, "Value": 4264, "Offset": 4}}], {"Structure": "IMAGE_RESOURCE_DIRECTORY_ENTRY", "Id": 10, "OffsetToData": {"FileOffset": 17758332, "Value": 2147484016, "Offset": 4}, "Name": {"FileOffset": 17758328, "Value": 10, "Offset": 0}}, [{"MajorVersion": {"FileOffset": 17758584, "Value": 0, "Offset": 8}, "NumberOfIdEntries": {"FileOffset": 17758590, "Value": 1, "Offset": 14}, "MinorVersion": {"FileOffset": 17758586, "Value": 0, "Offset": 10}, "TimeDateStamp": {"FileOffset": 17758580, "Value": "0x0        [Thu Jan  1 00:00:00 1970 UTC]", "Offset": 4}, "Characteristics": {"FileOffset": 17758576, "Value": 0, "Offset": 0}, "NumberOfNamedEntries": {"FileOffset": 17758588, "Value": 0, "Offset": 12}, "Structure": "IMAGE_RESOURCE_DIRECTORY"}, {"LANG": 0, "SUBLANG_NAME": "SUBLANG_NEUTRAL", "Name": {"FileOffset": 17758592, "Value": 0, "Offset": 0}, "CodePage": {"FileOffset": 17758784, "Value": 0, "Offset": 8}, "LANG_NAME": "LANG_NEUTRAL", "OffsetToData": {"FileOffset": 17758776, "Value": 17793800, "Offset": 0}, "Reserved": {"FileOffset": 17758788, "Value": 0, "Offset": 12}, "SUBLANG": 0, "Structure": "IMAGE_RESOURCE_DATA_ENTRY", "Size": {"FileOffset": 17758780, "Value": 1128, "Offset": 4}}]], {"Structure": "IMAGE_RESOURCE_DIRECTORY_ENTRY", "Id": [14, "RT_GROUP_ICON"], "OffsetToData": {"FileOffset": 17758236, "Value": 2147483776, "Offset": 4}, "Name": {"FileOffset": 17758232, "Value": 14, "Offset": 0}}, [{"MajorVersion": {"FileOffset": 17758344, "Value": 0, "Offset": 8}, "NumberOfIdEntries": {"FileOffset": 17758350, "Value": 1, "Offset": 14}, "MinorVersion": {"FileOffset": 17758346, "Value": 0, "Offset": 10}, "TimeDateStamp": {"FileOffset": 17758340, "Value": "0x0        [Thu Jan  1 00:00:00 1970 UTC]", "Offset": 4}, "Characteristics": {"FileOffset": 17758336, "Value": 0, "Offset": 0}, "NumberOfNamedEntries": {"FileOffset": 17758348, "Value": 0, "Offset": 12}, "Structure": "IMAGE_RESOURCE_DIRECTORY"}, {"Structure": "IMAGE_RESOURCE_DIRECTORY_ENTRY", "Id": 32512, "OffsetToData": {"FileOffset": 17758356, "Value": 2147484040, "Offset": 4}, "Name": {"FileOffset": 17758352, "Value": 32512, "Offset": 0}}, [{"MajorVersion": {"FileOffset": 17758608, "Value": 0, "Offset": 8}, "NumberOfIdEntries": {"FileOffset": 17758614, "Value": 1, "Offset": 14}, "MinorVersion": {"FileOffset": 17758610, "Value": 0, "Offset": 10}, "TimeDateStamp": {"FileOffset": 17758604, "Value": "0x0        [Thu Jan  1 00:00:00 1970 UTC]", "Offset": 4}, "Characteristics": {"FileOffset": 17758600, "Value": 0, "Offset": 0}, "NumberOfNamedEntries": {"FileOffset": 17758612, "Value": 0, "Offset": 12}, "Structure": "IMAGE_RESOURCE_DIRECTORY"}, {"LANG": 0, "SUBLANG_NAME": "SUBLANG_NEUTRAL", "Name": {"FileOffset": 17758616, "Value": 0, "Offset": 0}, "CodePage": {"FileOffset": 17758800, "Value": 0, "Offset": 8}, "LANG_NAME": "LANG_NEUTRAL", "OffsetToData": {"FileOffset": 17758792, "Value": 17794928, "Offset": 0}, "Reserved": {"FileOffset": 17758804, "Value": 0, "Offset": 12}, "SUBLANG": 0, "Structure": "IMAGE_RESOURCE_DATA_ENTRY", "Size": {"FileOffset": 17758796, "Value": 132, "Offset": 4}}]], {"Structure": "IMAGE_RESOURCE_DIRECTORY_ENTRY", "Id": [16, "RT_VERSION"], "OffsetToData": {"FileOffset": 17758244, "Value": 2147483800, "Offset": 4}, "Name": {"FileOffset": 17758240, "Value": 16, "Offset": 0}}, [{"MajorVersion": {"FileOffset": 17758368, "Value": 0, "Offset": 8}, "NumberOfIdEntries": {"FileOffset": 17758374, "Value": 1, "Offset": 14}, "MinorVersion": {"FileOffset": 17758370, "Value": 0, "Offset": 10}, "TimeDateStamp": {"FileOffset": 17758364, "Value": "0x0        [Thu Jan  1 00:00:00 1970 UTC]", "Offset": 4}, "Characteristics": {"FileOffset": 17758360, "Value": 0, "Offset": 0}, "NumberOfNamedEntries": {"FileOffset": 17758372, "Value": 0, "Offset": 12}, "Structure": "IMAGE_RESOURCE_DIRECTORY"}, {"Structure": "IMAGE_RESOURCE_DIRECTORY_ENTRY", "Id": 1, "OffsetToData": {"FileOffset": 17758380, "Value": 2147484064, "Offset": 4}, "Name": {"FileOffset": 17758376, "Value": 1, "Offset": 0}}, [{"MajorVersion": {"FileOffset": 17758632, "Value": 0, "Offset": 8}, "NumberOfIdEntries": {"FileOffset": 17758638, "Value": 1, "Offset": 14}, "MinorVersion": {"FileOffset": 17758634, "Value": 0, "Offset": 10}, "TimeDateStamp": {"FileOffset": 17758628, "Value": "0x0        [Thu Jan  1 00:00:00 1970 UTC]", "Offset": 4}, "Characteristics": {"FileOffset": 17758624, "Value": 0, "Offset": 0}, "NumberOfNamedEntries": {"FileOffset": 17758636, "Value": 0, "Offset": 12}, "Structure": "IMAGE_RESOURCE_DIRECTORY"}, {"LANG": 0, "SUBLANG_NAME": "SUBLANG_NEUTRAL", "Name": {"FileOffset": 17758640, "Value": 0, "Offset": 0}, "CodePage": {"FileOffset": 17758816, "Value": 0, "Offset": 8}, "LANG_NAME": "LANG_NEUTRAL", "OffsetToData": {"FileOffset": 17758808, "Value": 17769064, "Offset": 0}, "Reserved": {"FileOffset": 17758820, "Value": 0, "Offset": 12}, "SUBLANG": 0, "Structure": "IMAGE_RESOURCE_DATA_ENTRY", "Size": {"FileOffset": 17758812, "Value": 796, "Offset": 4}}]]]}
