{"DllCharacteristics": ["IMAGE_DLLCHARACTERISTICS_TERMINAL_SERVER_AWARE"], "FILE_HEADER": {"NumberOfSections": {"FileOffset": 246, "Value": 4, "Offset": 2}, "TimeDateStamp": {"FileOffset": 248, "Value": "0x521E4250 [Wed Aug 28 18:32:48 2013 UTC]", "Offset": 4}, "PointerToSymbolTable": {"FileOffset": 252, "Value": 0, "Offset": 8}, "NumberOfSymbols": {"FileOffset": 256, "Value": 0, "Offset": 12}, "Machine": {"FileOffset": 244, "Value": 332, "Offset": 0}, "Characteristics": {"FileOffset": 262, "Value": 259, "Offset": 18}, "SizeOfOptionalHeader": {"FileOffset": 260, "Value": 224, "Offset": 16}, "Structure": "IMAGE_FILE_HEADER"}, "Directories": [{"VirtualAddress": {"FileOffset": 360, "Value": 0, "Offset": 0}, "Structure": "IMAGE_DIRECTORY_ENTRY_EXPORT", "Size": {"FileOffset": 364, "Value": 0, "Offset": 4}}, {"VirtualAddress": {"FileOffset": 368, "Value": 75940, "Offset": 0}, "Structure": "IMAGE_DIRECTORY_ENTRY_IMPORT", "Size": {"FileOffset": 372, "Value": 60, "Offset": 4}}, {"VirtualAddress": {"FileOffset": 376, "Value": 98304, "Offset": 0}, "Structure": "IMAGE_DIRECTORY_ENTRY_RESOURCE", "Size": {"FileOffset": 380, "Value": 87544, "Offset": 4}}, {"VirtualAddress": {"FileOffset": 384, "Value": 0, "Offset": 0}, "Structure": "IMAGE_DIRECTORY_ENTRY_EXCEPTION", "Size": {"FileOffset": 388, "Value": 0, "Offset": 4}}, {"VirtualAddress": {"FileOffset": 392, "Value": 0, "Offset": 0}, "Structure": "IMAGE_DIRECTORY_ENTRY_SECURITY", "Size": {"FileOffset": 396, "Value": 0, "Offset": 4}}, {"VirtualAddress": {"FileOffset": 400, "Value": 0, "Offset": 0}, "Structure": "IMAGE_DIRECTORY_ENTRY_BASERELOC", "Size": {"FileOffset": 404, "Value": 0, "Offset": 4}}, {"VirtualAddress": {"FileOffset": 408, "Value": 0, "Offset": 0}, "Structure": "IMAGE_DIRECTORY_ENTRY_DEBUG", "Size": {"FileOffset": 412, "Value": 0, "Offset": 4}}, {"VirtualAddress": {"FileOffset": 416, "Value": 0, "Offset": 0}, "Structure": "IMAGE_DIRECTORY_ENTRY_COPYRIGHT", "Size": {"FileOffset": 420, "Value": 0, "Offset": 4}}, {"VirtualAddress": {"FileOffset": 424, "Value": 0, "Offset": 0}, "Structure": "IMAGE_DIRECTORY_ENTRY_GLOBALPTR", "Size": {"FileOffset": 428, "Value": 0, "Offset": 4}}, {"VirtualAddress": {"FileOffset": 432, "Value": 0, "Offset": 0}, "Structure": "IMAGE_DIRECTORY_ENTRY_TLS", "Size": {"FileOffset": 436, "Value": 0, "Offset": 4}}, {"VirtualAddress": {"FileOffset": 440, "Value": 74440, "Offset": 0}, "Structure": "IMAGE_DIRECTORY_ENTRY_LOAD_CONFIG", "Size": {"FileOffset": 444, "Value": 64, "Offset": 4}}, {"VirtualAddress": {"FileOffset": 448, "Value": 0, "Offset": 0}, "Structure": "IMAGE_DIRECTORY_ENTRY_BOUND_IMPORT", "Size": {"FileOffset": 452, "Value": 0, "Offset": 4}}, {"VirtualAddress": {"FileOffset": 456, "Value": 61440, "Offset": 0}, "Structure": "IMAGE_DIRECTORY_ENTRY_IAT", "Size": {"FileOffset": 460, "Value": 380, "Offset": 4}}, {"VirtualAddress": {"FileOffset": 464, "Value": 0, "Offset": 0}, "Structure": "IMAGE_DIRECTORY_ENTRY_DELAY_IMPORT", "Size": {"FileOffset": 468, "Value": 0, "Offset": 4}}, {"VirtualAddress": {"FileOffset": 472, "Value": 0, "Offset": 0}, "Structure": "IMAGE_DIRECTORY_ENTRY_COM_DESCRIPTOR", "Size": {"FileOffset": 476, "Value": 0, "Offset": 4}}, {"VirtualAddress": {"FileOffset": 480, "Value": 0, "Offset": 0}, "Structure": "IMAGE_DIRECTORY_ENTRY_RESERVED", "Size": {"FileOffset": 484, "Value": 0, "Offset": 4}}], "OPTIONAL_HEADER": {"DllCharacteristics": {"FileOffset": 334, "Value": 32768, "Offset": 70}, "BaseOfCode": {"FileOffset": 284, "Value": 4096, "Offset": 20}, "MajorLinkerVersion": {"FileOffset": 266, "Value": 10, "Offset": 2}, "MinorOperatingSystemVersion": {"FileOffset": 306, "Value": 1, "Offset": 42}, "MinorLinkerVersion": {"FileOffset": 267, "Value": 0, "Offset": 3}, "MajorSubsystemVersion": {"FileOffset": 312, "Value": 5, "Offset": 48}, "MajorOperatingSystemVersion": {"FileOffset": 304, "Value": 5, "Offset": 40}, "SizeOfStackCommit": {"FileOffset": 340, "Value": 4096, "Offset": 76}, "SizeOfUninitializedData": {"FileOffset": 276, "Value": 0, "Offset": 12}, "NumberOfRvaAndSizes": {"FileOffset": 356, "Value": 16, "Offset": 92}, "SizeOfHeapReserve": {"FileOffset": 344, "Value": 1048576, "Offset": 80}, "LoaderFlags": {"FileOffset": 352, "Value": 0, "Offset": 88}, "SizeOfHeapCommit": {"FileOffset": 348, "Value": 4096, "Offset": 84}, "SizeOfStackReserve": {"FileOffset": 336, "Value": 1048576, "Offset": 72}, "Structure": "IMAGE_OPTIONAL_HEADER", "SizeOfHeaders": {"FileOffset": 324, "Value": 1024, "Offset": 60}, "Subsystem": {"FileOffset": 332, "Value": 3, "Offset": 68}, "Magic": {"FileOffset": 264, "Value": 267, "Offset": 0}, "MinorImageVersion": {"FileOffset": 310, "Value": 0, "Offset": 46}, "MajorImageVersion": {"FileOffset": 308, "Value": 0, "Offset": 44}, "FileAlignment": {"FileOffset": 300, "Value": 512, "Offset": 36}, "BaseOfData": {"FileOffset": 288, "Value": 61440, "Offset": 24}, "AddressOfEntryPoint": {"FileOffset": 280, "Value": 17026, "Offset": 16}, "SectionAlignment": {"FileOffset": 296, "Value": 4096, "Offset": 32}, "SizeOfCode": {"FileOffset": 268, "Value": 54272, "Offset": 4}, "ImageBase": {"FileOffset": 292, "Value": 4194304, "Offset": 28}, "SizeOfInitializedData": {"FileOffset": 272, "Value": 117248, "Offset": 8}, "SizeOfImage": {"FileOffset": 320, "Value": 188416, "Offset": 56}, "MinorSubsystemVersion": {"FileOffset": 314, "Value": 1, "Offset": 50}, "CheckSum": {"FileOffset": 328, "Value": 0, "Offset": 64}, "Reserved1": {"FileOffset": 316, "Value": 0, "Offset": 52}}, "DOS_HEADER": {"e_cblp": {"FileOffset": 2, "Value": 144, "Offset": 2}, "e_crlc": {"FileOffset": 6, "Value": 0, "Offset": 6}, "e_ovno": {"FileOffset": 26, "Value": 0, "Offset": 26}, "e_minalloc": {"FileOffset": 10, "Value": 0, "Offset": 10}, "e_csum": {"FileOffset": 18, "Value": 0, "Offset": 18}, "e_cparhdr": {"FileOffset": 8, "Value": 4, "Offset": 8}, "e_cp": {"FileOffset": 4, "Value": 3, "Offset": 4}, "e_cs": {"FileOffset": 22, "Value": 0, "Offset": 22}, "e_maxalloc": {"FileOffset": 12, "Value": 65535, "Offset": 12}, "e_lfarlc": {"FileOffset": 24, "Value": 64, "Offset": 24}, "e_oemid": {"FileOffset": 36, "Value": 0, "Offset": 36}, "e_lfanew": {"FileOffset": 60, "Value": 240, "Offset": 60}, "e_ss": {"FileOffset": 14, "Value": 0, "Offset": 14}, "e_magic": {"FileOffset": 0, "Value": 23117, "Offset": 0}, "e_oeminfo": {"FileOffset": 38, "Value": 0, "Offset": 38}, "e_res2": {"FileOffset": 40, "Value": "", "Offset": 40}, "e_res": {"FileOffset": 28, "Value": "", "Offset": 28}, "e_sp": {"FileOffset": 16, "Value": 184, "Offset": 16}, "Structure": "IMAGE_DOS_HEADER", "e_ip": {"FileOffset": 20, "Value": 0, "Offset": 20}}, "NT_HEADERS": {"Structure": "IMAGE_NT_HEADERS", "Signature": {"FileOffset": 240, "Value": 17744, "Offset": 0}}, "LOAD_CONFIG": {"TimeDateStamp": {"FileOffset": 68300, "Value": "0x0        [Thu Jan  1 00:00:00 1970 UTC]", "Offset": 4}, "ProcessHeapFlags": {"FileOffset": 68340, "Value": 0, "Offset": 44}, "CSDVersion": {"FileOffset": 68348, "Value": 0, "Offset": 52}, "GuardCFFunctionCount": {"FileOffset": 68380, "Value": 4276224, "Offset": 84}, "SEHandlerCount": {"FileOffset": 68364, "Value": 3, "Offset": 68}, "GuardCFCheckFunctionPointer": {"FileOffset": 68368, "Value": 0, "Offset": 72}, "GlobalFlagsClear": {"FileOffset": 68308, "Value": 0, "Offset": 12}, "ProcessAffinityMask": {"FileOffset": 68344, "Value": 0, "Offset": 48}, "VirtualMemoryThreshold": {"FileOffset": 68336, "Value": 0, "Offset": 40}, "LockPrefixTable": {"FileOffset": 68328, "Value": 0, "Offset": 32}, "MaximumAllocationSize": {"FileOffset": 68332, "Value": 0, "Offset": 36}, "Structure": "IMAGE_LOAD_CONFIG_DIRECTORY", "SEHandlerTable": {"FileOffset": 68360, "Value": 4269040, "Offset": 64}, "GuardCFFunctionTable": {"FileOffset": 68376, "Value": 0, "Offset": 80}, "DeCommitFreeBlockThreshold": {"FileOffset": 68320, "Value": 0, "Offset": 24}, "MinorVersion": {"FileOffset": 68306, "Value": 0, "Offset": 10}, "MajorVersion": {"FileOffset": 68304, "Value": 0, "Offset": 8}, "Reserved1": {"FileOffset": 68350, "Value": 0, "Offset": 54}, "SecurityCookie": {"FileOffset": 68356, "Value": 4277680, "Offset": 60}, "GlobalFlagsSet": {"FileOffset": 68312, "Value": 0, "Offset": 16}, "CriticalSectionDefaultTimeout": {"FileOffset": 68316, "Value": 0, "Offset": 20}, "DeCommitTotalFreeThreshold": {"FileOffset": 68324, "Value": 0, "Offset": 28}, "Reserved2": {"FileOffset": 68372, "Value": 0, "Offset": 76}, "EditList": {"FileOffset": 68352, "Value": 0, "Offset": 56}, "GuardFlags": {"FileOffset": 68384, "Value": 4268836, "Offset": 88}, "Size": {"FileOffset": 68296, "Value": 72, "Offset": 0}}, "Flags": ["IMAGE_FILE_32BIT_MACHINE", "IMAGE_FILE_EXECUTABLE_IMAGE", "IMAGE_FILE_RELOCS_STRIPPED"], "Version Information": [{"ValueLength": {"FileOffset": 163634, "Value": 52, "Offset": 2}, "Length": {"FileOffset": 163632, "Value": 712, "Offset": 0}, "Type": {"FileOffset": 163636, "Value": 0, "Offset": 4}, "Structure": "VS_VERSIONINFO"}, {"FileFlagsMask": {"FileOffset": 163696, "Value": 63, "Offset": 24}, "FileType": {"FileOffset": 163708, "Value": 1, "Offset": 36}, "FileVersionMS": {"FileOffset": 163680, "Value": 10, "Offset": 8}, "FileVersionLS": {"FileOffset": 163684, "Value": 92, "Offset": 12}, "Signature": {"FileOffset": 163672, "Value": 4277077181, "Offset": 0}, "FileSubtype": {"FileOffset": 163712, "Value": 0, "Offset": 40}, "FileFlags": {"FileOffset": 163700, "Value": 0, "Offset": 28}, "FileDateLS": {"FileOffset": 163720, "Value": 0, "Offset": 48}, "ProductVersionLS": {"FileOffset": 163692, "Value": 0, "Offset": 20}, "FileOS": {"FileOffset": 163704, "Value": 262148, "Offset": 32}, "ProductVersionMS": {"FileOffset": 163688, "Value": 196608, "Offset": 16}, "FileDateMS": {"FileOffset": 163716, "Value": 0, "Offset": 44}, "Structure": "VS_FIXEDFILEINFO", "StrucVersion": {"FileOffset": 163676, "Value": 65536, "Offset": 4}}], "Imported symbols": [[{"TimeDateStamp": {"FileOffset": 69800, "Value": "0x0        [Thu Jan  1 00:00:00 1970 UTC]", "Offset": 4}, "Name": {"FileOffset": 69808, "Value": 76648, "Offset": 12}, "ForwarderChain": {"FileOffset": 69804, "Value": 0, "Offset": 8}, "OriginalFirstThunk": {"FileOffset": 69796, "Value": 76000, "Offset": 0}, "FirstThunk": {"FileOffset": 69812, "Value": 61440, "Offset": 16}, "Characteristics": {"FileOffset": 69796, "Value": 76000, "Offset": 0}, "Structure": "IMAGE_IMPORT_DESCRIPTOR"}, {"Hint": 1136, "Name": "SetHandleInformation", "DLL": "KERNEL32.dll"}, {"Hint": 1273, "Name": "WaitForSingleObject", "DLL": "KERNEL32.dll"}, {"Hint": 1317, "Name": "WriteFile", "DLL": "KERNEL32.dll"}, {"Hint": 1217, "Name": "TerminateThread", "DLL": "KERNEL32.dll"}, {"Hint": 164, "Name": "CreateProcessA", "DLL": "KERNEL32.dll"}, {"Hint": 1216, "Name": "TerminateProcess", "DLL": "KERNEL32.dll"}, {"Hint": 960, "Name": "ReadFile", "DLL": "KERNEL32.dll"}, {"Hint": 612, "Name": "GetStdHandle", "DLL": "KERNEL32.dll"}, {"Hint": 514, "Name": "GetLastError", "DLL": "KERNEL32.dll"}, {"Hint": 1271, "Name": "WaitForMultipleObjects", "DLL": "KERNEL32.dll"}, {"Hint": 161, "Name": "CreatePipe", "DLL": "KERNEL32.dll"}, {"Hint": 82, "Name": "CloseHandle", "DLL": "KERNEL32.dll"}, {"Hint": 181, "Name": "CreateThread", "DLL": "KERNEL32.dll"}, {"Hint": 1202, "Name": "Sleep", "DLL": "KERNEL32.dll"}, {"Hint": 281, "Name": "ExitProcess", "DLL": "KERNEL32.dll"}, {"Hint": 390, "Name": "GetCommandLineA", "DLL": "KERNEL32.dll"}, {"Hint": 100, "Name": "CompareStringW", "DLL": "KERNEL32.dll"}, {"Hint": 586, "Name": "GetProcessHeap", "DLL": "KERNEL32.dll"}, {"Hint": 1107, "Name": "SetEndOfFile", "DLL": "KERNEL32.dll"}, {"Hint": 143, "Name": "CreateFileW", "DLL": "KERNEL32.dll"}, {"Hint": 617, "Name": "GetStringTypeW", "DLL": "KERNEL32.dll"}, {"Hint": 813, "Name": "LCMapStringW", "DLL": "KERNEL32.dll"}, {"Hint": 772, "Name": "IsProcessorFeaturePresent", "DLL": "KERNEL32.dll"}, {"Hint": 136, "Name": "CreateFileA", "DLL": "KERNEL32.dll"}, {"Hint": 1159, "Name": "SetStdHandle", "DLL": "KERNEL32.dll"}, {"Hint": 871, "Name": "MultiByteToWideChar", "DLL": "KERNEL32.dll"}, {"Hint": 238, "Name": "EnterCriticalSection", "DLL": "KERNEL32.dll"}, {"Hint": 825, "Name": "LeaveCriticalSection", "DLL": "KERNEL32.dll"}, {"Hint": 661, "Name": "GetTimeFormatA", "DLL": "KERNEL32.dll"}, {"Hint": 454, "Name": "GetDateFormatA", "DLL": "KERNEL32.dll"}, {"Hint": 633, "Name": "GetSystemTimeAsFileTime", "DLL": "KERNEL32.dll"}, {"Hint": 723, "Name": "HeapSetInformation", "DLL": "KERNEL32.dll"}, {"Hint": 719, "Name": "HeapFree", "DLL": "KERNEL32.dll"}, {"Hint": 234, "Name": "EncodePointer", "DLL": "KERNEL32.dll"}, {"Hint": 202, "Name": "DecodePointer", "DLL": "KERNEL32.dll"}, {"Hint": 715, "Name": "HeapAlloc", "DLL": "KERNEL32.dll"}, {"Hint": 945, "Name": "RaiseException", "DLL": "KERNEL32.dll"}, {"Hint": 1135, "Name": "SetHandleCount", "DLL": "KERNEL32.dll"}, {"Hint": 739, "Name": "InitializeCriticalSectionAndSpinCount", "DLL": "KERNEL32.dll"}, {"Hint": 499, "Name": "GetFileType", "DLL": "KERNEL32.dll"}, {"Hint": 611, "Name": "GetStartupInfoW", "DLL": "KERNEL32.dll"}, {"Hint": 209, "Name": "DeleteCriticalSection", "DLL": "KERNEL32.dll"}, {"Hint": 1235, "Name": "UnhandledExceptionFilter", "DLL": "KERNEL32.dll"}, {"Hint": 1189, "Name": "SetUnhandledExceptionFilter", "DLL": "KERNEL32.dll"}, {"Hint": 768, "Name": "IsDebuggerPresent", "DLL": "KERNEL32.dll"}, {"Hint": 448, "Name": "GetCurrentProcess", "DLL": "KERNEL32.dll"}, {"Hint": 581, "Name": "GetProcAddress", "DLL": "KERNEL32.dll"}, {"Hint": 536, "Name": "GetModuleHandleW", "DLL": "KERNEL32.dll"}, {"Hint": 1297, "Name": "WideCharToMultiByte", "DLL": "KERNEL32.dll"}, {"Hint": 410, "Name": "GetConsoleCP", "DLL": "KERNEL32.dll"}, {"Hint": 428, "Name": "GetConsoleMode", "DLL": "KERNEL32.dll"}, {"Hint": 343, "Name": "FlushFileBuffers", "DLL": "KERNEL32.dll"}, {"Hint": 1048, "Name": "RtlUnwind", "DLL": "KERNEL32.dll"}, {"Hint": 1221, "Name": "TlsAlloc", "DLL": "KERNEL32.dll"}, {"Hint": 1223, "Name": "TlsGetValue", "DLL": "KERNEL32.dll"}, {"Hint": 1224, "Name": "TlsSetValue", "DLL": "KERNEL32.dll"}, {"Hint": 1222, "Name": "TlsFree", "DLL": "KERNEL32.dll"}, {"Hint": 751, "Name": "InterlockedIncrement", "DLL": "KERNEL32.dll"}, {"Hint": 1139, "Name": "SetLastError", "DLL": "KERNEL32.dll"}, {"Hint": 453, "Name": "GetCurrentThreadId", "DLL": "KERNEL32.dll"}, {"Hint": 747, "Name": "InterlockedDecrement", "DLL": "KERNEL32.dll"}, {"Hint": 370, "Name": "GetCPInfo", "DLL": "KERNEL32.dll"}, {"Hint": 360, "Name": "GetACP", "DLL": "KERNEL32.dll"}, {"Hint": 567, "Name": "GetOEMCP", "DLL": "KERNEL32.dll"}, {"Hint": 778, "Name": "IsValidCodePage", "DLL": "KERNEL32.dll"}, {"Hint": 664, "Name": "GetTimeZoneInformation", "DLL": "KERNEL32.dll"}, {"Hint": 532, "Name": "GetModuleFileNameW", "DLL": "KERNEL32.dll"}, {"Hint": 531, "Name": "GetModuleFileNameA", "DLL": "KERNEL32.dll"}, {"Hint": 353, "Name": "FreeEnvironmentStringsW", "DLL": "KERNEL32.dll"}, {"Hint": 474, "Name": "GetEnvironmentStringsW", "DLL": "KERNEL32.dll"}, {"Hint": 717, "Name": "HeapCreate", "DLL": "KERNEL32.dll"}, {"Hint": 935, "Name": "QueryPerformanceCounter", "DLL": "KERNEL32.dll"}, {"Hint": 659, "Name": "GetTickCount", "DLL": "KERNEL32.dll"}, {"Hint": 449, "Name": "GetCurrentProcessId", "DLL": "KERNEL32.dll"}, {"Hint": 724, "Name": "HeapSize", "DLL": "KERNEL32.dll"}, {"Hint": 1126, "Name": "SetFilePointer", "DLL": "KERNEL32.dll"}, {"Hint": 722, "Name": "HeapReAlloc", "DLL": "KERNEL32.dll"}, {"Hint": 831, "Name": "LoadLibraryW", "DLL": "KERNEL32.dll"}, {"Hint": 1316, "Name": "WriteConsoleW", "DLL": "KERNEL32.dll"}, {"Hint": 1110, "Name": "SetEnvironmentVariableA", "DLL": "KERNEL32.dll"}], [{"TimeDateStamp": {"FileOffset": 69820, "Value": "0x0        [Thu Jan  1 00:00:00 1970 UTC]", "Offset": 4}, "Name": {"FileOffset": 69828, "Value": 76662, "Offset": 12}, "ForwarderChain": {"FileOffset": 69824, "Value": 0, "Offset": 8}, "OriginalFirstThunk": {"FileOffset": 69816, "Value": 76324, "Offset": 0}, "FirstThunk": {"FileOffset": 69832, "Value": 61764, "Offset": 16}, "Characteristics": {"FileOffset": 69816, "Value": 76324, "Offset": 0}, "Structure": "IMAGE_IMPORT_DESCRIPTOR"}, {"Ordinal": 115, "DLL": "WS2_32.dll"}, {"Ordinal": 116, "DLL": "WS2_32.dll"}, {"Ordinal": 16, "DLL": "WS2_32.dll"}, {"Ordinal": 19, "DLL": "WS2_32.dll"}, {"Ordinal": 4, "DLL": "WS2_32.dll"}, {"Ordinal": 11, "DLL": "WS2_32.dll"}, {"Ordinal": 8, "DLL": "WS2_32.dll"}, {"Ordinal": 9, "DLL": "WS2_32.dll"}, {"Ordinal": 2, "DLL": "WS2_32.dll"}, {"Ordinal": 23, "DLL": "WS2_32.dll"}, {"Ordinal": 3, "DLL": "WS2_32.dll"}, {"Ordinal": 13, "DLL": "WS2_32.dll"}, {"Ordinal": 1, "DLL": "WS2_32.dll"}]], "PE Sections": [{"PointerToRawData": {"FileOffset": 508, "Value": 1024, "Offset": 20}, "SHA1": "09f13f0946d0a4878976fb795e58659169840173", "SHA256": "e9cf04114fc413d1099dd19858d9d2de68cf7daa712f6385e02d2dfc3eadee5e", "Name": {"FileOffset": 488, "Value": ".text", "Offset": 0}, "NumberOfRelocations": {"FileOffset": 520, "Value": 0, "Offset": 32}, "Misc_VirtualSize": {"FileOffset": 496, "Value": 54098, "Offset": 8}, "Characteristics": {"FileOffset": 524, "Value": 1610612768, "Offset": 36}, "Misc": {"FileOffset": 496, "Value": 54098, "Offset": 8}, "PointerToLinenumbers": {"FileOffset": 516, "Value": 0, "Offset": 28}, "SizeOfRawData": {"FileOffset": 504, "Value": 54272, "Offset": 16}, "Misc_PhysicalAddress": {"FileOffset": 496, "Value": 54098, "Offset": 8}, "PointerToRelocations": {"FileOffset": 512, "Value": 0, "Offset": 24}, "Flags": ["IMAGE_SCN_MEM_EXECUTE", "IMAGE_SCN_CNT_CODE", "IMAGE_SCN_MEM_READ"], "SHA512": "f9eac23ccf096427643c978dd875eda757cddb5ccc98464d68549744b3d357d7eeec5a41ef304852840d51e6ceaaccfbb03495febc64385c3b623f29652b2dfd", "MD5": "c0150a83c385279e1c653713a3056c0b", "Entropy": 6.580490438667867, "VirtualAddress": {"FileOffset": 500, "Value": 4096, "Offset": 12}, "Structure": "IMAGE_SECTION_HEADER", "NumberOfLinenumbers": {"FileOffset": 522, "Value": 0, "Offset": 34}}, {"PointerToRawData": {"FileOffset": 548, "Value": 55296, "Offset": 20}, "SHA1": "d5e260eed5153c44abfeb5cefe1f1d2320e5db4c", "SHA256": "465834b0eaf6b12d4052968737f5fb52165ee353b8ac10eabb64dd0056a5a64b", "Name": {"FileOffset": 528, "Value": ".rdata", "Offset": 0}, "NumberOfRelocations": {"FileOffset": 560, "Value": 0, "Offset": 32}, "Misc_VirtualSize": {"FileOffset": 536, "Value": 16448, "Offset": 8}, "Characteristics": {"FileOffset": 564, "Value": 1073741888, "Offset": 36}, "Misc": {"FileOffset": 536, "Value": 16448, "Offset": 8}, "PointerToLinenumbers": {"FileOffset": 556, "Value": 0, "Offset": 28}, "SizeOfRawData": {"FileOffset": 544, "Value": 16896, "Offset": 16}, "Misc_PhysicalAddress": {"FileOffset": 536, "Value": 16448, "Offset": 8}, "PointerToRelocations": {"FileOffset": 552, "Value": 0, "Offset": 24}, "Flags": ["IMAGE_SCN_CNT_INITIALIZED_DATA", "IMAGE_SCN_MEM_READ"], "SHA512": "075733c808022fd0e6f60af0b3ee2b55e1398a68dc9161ea75d08024bb9be14c6f0aa75a0c2c8a9838c9d1a981aae83118e852a62d571b8c67d218d6629c47fa", "MD5": "dca0fb950e961811098f220ff3890321", "Entropy": 5.144335606523421, "VirtualAddress": {"FileOffset": 540, "Value": 61440, "Offset": 12}, "Structure": "IMAGE_SECTION_HEADER", "NumberOfLinenumbers": {"FileOffset": 562, "Value": 0, "Offset": 34}}, {"PointerToRawData": {"FileOffset": 588, "Value": 72192, "Offset": 20}, "SHA1": "098673a69c765a3f769cb885a591d95c17b31858", "SHA256": "a840c1e7030e35038be8b9b566a5d72a65bb10f82b9105de6ccc49d712e76d2c", "Name": {"FileOffset": 568, "Value": ".data", "Offset": 0}, "NumberOfRelocations": {"FileOffset": 600, "Value": 0, "Offset": 32}, "Misc_VirtualSize": {"FileOffset": 576, "Value": 12644, "Offset": 8}, "Characteristics": {"FileOffset": 604, "Value": 3221225536, "Offset": 36}, "Misc": {"FileOffset": 576, "Value": 12644, "Offset": 8}, "PointerToLinenumbers": {"FileOffset": 596, "Value": 0, "Offset": 28}, "SizeOfRawData": {"FileOffset": 584, "Value": 4608, "Offset": 16}, "Misc_PhysicalAddress": {"FileOffset": 576, "Value": 12644, "Offset": 8}, "PointerToRelocations": {"FileOffset": 592, "Value": 0, "Offset": 24}, "Flags": ["IMAGE_SCN_CNT_INITIALIZED_DATA", "IMAGE_SCN_MEM_WRITE", "IMAGE_SCN_MEM_READ"], "SHA512": "39396b27e5fa9c82354d91f5f0dc0b8e3ceabb028bf4defe96b65298063a5fb1e74a4d6d516728615139ab5ade4f9e183332b7a6d2df7a9279ea69a1d594fb0a", "MD5": "b85f3bec62c82754aa7dbb372220ffa5", "Entropy": 2.360644827116933, "VirtualAddress": {"FileOffset": 580, "Value": 81920, "Offset": 12}, "Structure": "IMAGE_SECTION_HEADER", "NumberOfLinenumbers": {"FileOffset": 602, "Value": 0, "Offset": 34}}, {"PointerToRawData": {"FileOffset": 628, "Value": 76800, "Offset": 20}, "SHA1": "2ebbb6b023661b4efd2873ff4d8be8fec5b99af6", "SHA256": "70c4dd50f802cf0d9b06ede2838b80e3a1d8f9504d6a9da524957703bdf8c8ea", "Name": {"FileOffset": 608, "Value": ".rsrc", "Offset": 0}, "NumberOfRelocations": {"FileOffset": 640, "Value": 0, "Offset": 32}, "Misc_VirtualSize": {"FileOffset": 616, "Value": 87544, "Offset": 8}, "Characteristics": {"FileOffset": 644, "Value": 1073741888, "Offset": 36}, "Misc": {"FileOffset": 616, "Value": 87544, "Offset": 8}, "PointerToLinenumbers": {"FileOffset": 636, "Value": 0, "Offset": 28}, "SizeOfRawData": {"FileOffset": 624, "Value": 87552, "Offset": 16}, "Misc_PhysicalAddress": {"FileOffset": 616, "Value": 87544, "Offset": 8}, "PointerToRelocations": {"FileOffset": 632, "Value": 0, "Offset": 24}, "Flags": ["IMAGE_SCN_CNT_INITIALIZED_DATA", "IMAGE_SCN_MEM_READ"], "SHA512": "637a72a5ebbc6a8cd15d15a50aca70ba43fd11713e605646c63b30f2879c5cf529c2bf7e3cfe2c0ab33dccbce514013e7b77275b195450b728098fafcc00bb13", "MD5": "2e41de58027bd4ce692a50ef87008af1", "Entropy": 2.742836813366216, "VirtualAddress": {"FileOffset": 620, "Value": 98304, "Offset": 12}, "Structure": "IMAGE_SECTION_HEADER", "NumberOfLinenumbers": {"FileOffset": 642, "Value": 0, "Offset": 34}}], "Resource directory": [{"MajorVersion": {"FileOffset": 76808, "Value": 0, "Offset": 8}, "NumberOfIdEntries": {"FileOffset": 76814, "Value": 3, "Offset": 14}, "MinorVersion": {"FileOffset": 76810, "Value": 0, "Offset": 10}, "TimeDateStamp": {"FileOffset": 76804, "Value": "0x0        [Thu Jan  1 00:00:00 1970 UTC]", "Offset": 4}, "Characteristics": {"FileOffset": 76800, "Value": 0, "Offset": 0}, "NumberOfNamedEntries": {"FileOffset": 76812, "Value": 0, "Offset": 12}, "Structure": "IMAGE_RESOURCE_DIRECTORY"}, {"Structure": "IMAGE_RESOURCE_DIRECTORY_ENTRY", "Id": [3, "RT_ICON"], "OffsetToData": {"FileOffset": 76820, "Value": 2147483688, "Offset": 4}, "Name": {"FileOffset": 76816, "Value": 3, "Offset": 0}}, [{"MajorVersion": {"FileOffset": 76848, "Value": 0, "Offset": 8}, "NumberOfIdEntries": {"FileOffset": 76854, "Value": 6, "Offset": 14}, "MinorVersion": {"FileOffset": 76850, "Value": 0, "Offset": 10}, "TimeDateStamp": {"FileOffset": 76844, "Value": "0x0        [Thu Jan  1 00:00:00 1970 UTC]", "Offset": 4}, "Characteristics": {"FileOffset": 76840, "Value": 0, "Offset": 0}, "NumberOfNamedEntries": {"FileOffset": 76852, "Value": 0, "Offset": 12}, "Structure": "IMAGE_RESOURCE_DIRECTORY"}, {"Structure": "IMAGE_RESOURCE_DIRECTORY_ENTRY", "Id": 1, "OffsetToData": {"FileOffset": 76860, "Value": 2147483800, "Offset": 4}, "Name": {"FileOffset": 76856, "Value": 1, "Offset": 0}}, [{"MajorVersion": {"FileOffset": 76960, "Value": 0, "Offset": 8}, "NumberOfIdEntries": {"FileOffset": 76966, "Value": 1, "Offset": 14}, "MinorVersion": {"FileOffset": 76962, "Value": 0, "Offset": 10}, "TimeDateStamp": {"FileOffset": 76956, "Value": "0x0        [Thu Jan  1 00:00:00 1970 UTC]", "Offset": 4}, "Characteristics": {"FileOffset": 76952, "Value": 0, "Offset": 0}, "NumberOfNamedEntries": {"FileOffset": 76964, "Value": 0, "Offset": 12}, "Structure": "IMAGE_RESOURCE_DIRECTORY"}, {"LANG": 9, "SUBLANG_NAME": "SUBLANG_ENGLISH_US", "Name": {"FileOffset": 76968, "Value": 1033, "Offset": 0}, "CodePage": {"FileOffset": 77152, "Value": 0, "Offset": 8}, "LANG_NAME": "LANG_ENGLISH", "OffsetToData": {"FileOffset": 77144, "Value": 98784, "Offset": 0}, "Reserved": {"FileOffset": 77156, "Value": 0, "Offset": 12}, "SUBLANG": 1, "Structure": "IMAGE_RESOURCE_DATA_ENTRY", "Size": {"FileOffset": 77148, "Value": 2216, "Offset": 4}}], {"Structure": "IMAGE_RESOURCE_DIRECTORY_ENTRY", "Id": 2, "OffsetToData": {"FileOffset": 76868, "Value": 2147483824, "Offset": 4}, "Name": {"FileOffset": 76864, "Value": 2, "Offset": 0}}, [{"MajorVersion": {"FileOffset": 76984, "Value": 0, "Offset": 8}, "NumberOfIdEntries": {"FileOffset": 76990, "Value": 1, "Offset": 14}, "MinorVersion": {"FileOffset": 76986, "Value": 0, "Offset": 10}, "TimeDateStamp": {"FileOffset": 76980, "Value": "0x0        [Thu Jan  1 00:00:00 1970 UTC]", "Offset": 4}, "Characteristics": {"FileOffset": 76976, "Value": 0, "Offset": 0}, "NumberOfNamedEntries": {"FileOffset": 76988, "Value": 0, "Offset": 12}, "Structure": "IMAGE_RESOURCE_DIRECTORY"}, {"LANG": 9, "SUBLANG_NAME": "SUBLANG_ENGLISH_US", "Name": {"FileOffset": 76992, "Value": 1033, "Offset": 0}, "CodePage": {"FileOffset": 77168, "Value": 0, "Offset": 8}, "LANG_NAME": "LANG_ENGLISH", "OffsetToData": {"FileOffset": 77160, "Value": 101000, "Offset": 0}, "Reserved": {"FileOffset": 77172, "Value": 0, "Offset": 12}, "SUBLANG": 1, "Structure": "IMAGE_RESOURCE_DATA_ENTRY", "Size": {"FileOffset": 77164, "Value": 1384, "Offset": 4}}], {"Structure": "IMAGE_RESOURCE_DIRECTORY_ENTRY", "Id": 3, "OffsetToData": {"FileOffset": 76876, "Value": 2147483848, "Offset": 4}, "Name": {"FileOffset": 76872, "Value": 3, "Offset": 0}}, [{"MajorVersion": {"FileOffset": 77008, "Value": 0, "Offset": 8}, "NumberOfIdEntries": {"FileOffset": 77014, "Value": 1, "Offset": 14}, "MinorVersion": {"FileOffset": 77010, "Value": 0, "Offset": 10}, "TimeDateStamp": {"FileOffset": 77004, "Value": "0x0        [Thu Jan  1 00:00:00 1970 UTC]", "Offset": 4}, "Characteristics": {"FileOffset": 77000, "Value": 0, "Offset": 0}, "NumberOfNamedEntries": {"FileOffset": 77012, "Value": 0, "Offset": 12}, "Structure": "IMAGE_RESOURCE_DIRECTORY"}, {"LANG": 9, "SUBLANG_NAME": "SUBLANG_ENGLISH_US", "Name": {"FileOffset": 77016, "Value": 1033, "Offset": 0}, "CodePage": {"FileOffset": 77184, "Value": 0, "Offset": 8}, "LANG_NAME": "LANG_ENGLISH", "OffsetToData": {"FileOffset": 77176, "Value": 102384, "Offset": 0}, "Reserved": {"FileOffset": 77188, "Value": 0, "Offset": 12}, "SUBLANG": 1, "Structure": "IMAGE_RESOURCE_DATA_ENTRY", "Size": {"FileOffset": 77180, "Value": 67624, "Offset": 4}}], {"Structure": "IMAGE_RESOURCE_DIRECTORY_ENTRY", "Id": 4, "OffsetToData": {"FileOffset": 76884, "Value": 2147483872, "Offset": 4}, "Name": {"FileOffset": 76880, "Value": 4, "Offset": 0}}, [{"MajorVersion": {"FileOffset": 77032, "Value": 0, "Offset": 8}, "NumberOfIdEntries": {"FileOffset": 77038, "Value": 1, "Offset": 14}, "MinorVersion": {"FileOffset": 77034, "Value": 0, "Offset": 10}, "TimeDateStamp": {"FileOffset": 77028, "Value": "0x0        [Thu Jan  1 00:00:00 1970 UTC]", "Offset": 4}, "Characteristics": {"FileOffset": 77024, "Value": 0, "Offset": 0}, "NumberOfNamedEntries": {"FileOffset": 77036, "Value": 0, "Offset": 12}, "Structure": "IMAGE_RESOURCE_DIRECTORY"}, {"LANG": 9, "SUBLANG_NAME": "SUBLANG_ENGLISH_US", "Name": {"FileOffset": 77040, "Value": 1033, "Offset": 0}, "CodePage": {"FileOffset": 77200, "Value": 0, "Offset": 8}, "LANG_NAME": "LANG_ENGLISH", "OffsetToData": {"FileOffset": 77192, "Value": 170008, "Offset": 0}, "Reserved": {"FileOffset": 77204, "Value": 0, "Offset": 12}, "SUBLANG": 1, "Structure": "IMAGE_RESOURCE_DATA_ENTRY", "Size": {"FileOffset": 77196, "Value": 9640, "Offset": 4}}], {"Structure": "IMAGE_RESOURCE_DIRECTORY_ENTRY", "Id": 5, "OffsetToData": {"FileOffset": 76892, "Value": 2147483896, "Offset": 4}, "Name": {"FileOffset": 76888, "Value": 5, "Offset": 0}}, [{"MajorVersion": {"FileOffset": 77056, "Value": 0, "Offset": 8}, "NumberOfIdEntries": {"FileOffset": 77062, "Value": 1, "Offset": 14}, "MinorVersion": {"FileOffset": 77058, "Value": 0, "Offset": 10}, "TimeDateStamp": {"FileOffset": 77052, "Value": "0x0        [Thu Jan  1 00:00:00 1970 UTC]", "Offset": 4}, "Characteristics": {"FileOffset": 77048, "Value": 0, "Offset": 0}, "NumberOfNamedEntries": {"FileOffset": 77060, "Value": 0, "Offset": 12}, "Structure": "IMAGE_RESOURCE_DIRECTORY"}, {"LANG": 9, "SUBLANG_NAME": "SUBLANG_ENGLISH_US", "Name": {"FileOffset": 77064, "Value": 1033, "Offset": 0}, "CodePage": {"FileOffset": 77216, "Value": 0, "Offset": 8}, "LANG_NAME": "LANG_ENGLISH", "OffsetToData": {"FileOffset": 77208, "Value": 179648, "Offset": 0}, "Reserved": {"FileOffset": 77220, "Value": 0, "Offset": 12}, "SUBLANG": 1, "Structure": "IMAGE_RESOURCE_DATA_ENTRY", "Size": {"FileOffset": 77212, "Value": 4264, "Offset": 4}}], {"Structure": "IMAGE_RESOURCE_DIRECTORY_ENTRY", "Id": 6, "OffsetToData": {"FileOffset": 76900, "Value": 2147483920, "Offset": 4}, "Name": {"FileOffset": 76896, "Value": 6, "Offset": 0}}, [{"MajorVersion": {"FileOffset": 77080, "Value": 0, "Offset": 8}, "NumberOfIdEntries": {"FileOffset": 77086, "Value": 1, "Offset": 14}, "MinorVersion": {"FileOffset": 77082, "Value": 0, "Offset": 10}, "TimeDateStamp": {"FileOffset": 77076, "Value": "0x0        [Thu Jan  1 00:00:00 1970 UTC]", "Offset": 4}, "Characteristics": {"FileOffset": 77072, "Value": 0, "Offset": 0}, "NumberOfNamedEntries": {"FileOffset": 77084, "Value": 0, "Offset": 12}, "Structure": "IMAGE_RESOURCE_DIRECTORY"}, {"LANG": 9, "SUBLANG_NAME": "SUBLANG_ENGLISH_US", "Name": {"FileOffset": 77088, "Value": 1033, "Offset": 0}, "CodePage": {"FileOffset": 77232, "Value": 0, "Offset": 8}, "LANG_NAME": "LANG_ENGLISH", "OffsetToData": {"FileOffset": 77224, "Value": 183912, "Offset": 0}, "Reserved": {"FileOffset": 77236, "Value": 0, "Offset": 12}, "SUBLANG": 1, "Structure": "IMAGE_RESOURCE_DATA_ENTRY", "Size": {"FileOffset": 77228, "Value": 1128, "Offset": 4}}]], {"Structure": "IMAGE_RESOURCE_DIRECTORY_ENTRY", "Id": [14, "RT_GROUP_ICON"], "OffsetToData": {"FileOffset": 76828, "Value": 2147483752, "Offset": 4}, "Name": {"FileOffset": 76824, "Value": 14, "Offset": 0}}, [{"MajorVersion": {"FileOffset": 76912, "Value": 0, "Offset": 8}, "NumberOfIdEntries": {"FileOffset": 76918, "Value": 1, "Offset": 14}, "MinorVersion": {"FileOffset": 76914, "Value": 0, "Offset": 10}, "TimeDateStamp": {"FileOffset": 76908, "Value": "0x0        [Thu Jan  1 00:00:00 1970 UTC]", "Offset": 4}, "Characteristics": {"FileOffset": 76904, "Value": 0, "Offset": 0}, "NumberOfNamedEntries": {"FileOffset": 76916, "Value": 0, "Offset": 12}, "Structure": "IMAGE_RESOURCE_DIRECTORY"}, {"Structure": "IMAGE_RESOURCE_DIRECTORY_ENTRY", "Id": 101, "OffsetToData": {"FileOffset": 76924, "Value": 2147483944, "Offset": 4}, "Name": {"FileOffset": 76920, "Value": 101, "Offset": 0}}, [{"MajorVersion": {"FileOffset": 77104, "Value": 0, "Offset": 8}, "NumberOfIdEntries": {"FileOffset": 77110, "Value": 1, "Offset": 14}, "MinorVersion": {"FileOffset": 77106, "Value": 0, "Offset": 10}, "TimeDateStamp": {"FileOffset": 77100, "Value": "0x0        [Thu Jan  1 00:00:00 1970 UTC]", "Offset": 4}, "Characteristics": {"FileOffset": 77096, "Value": 0, "Offset": 0}, "NumberOfNamedEntries": {"FileOffset": 77108, "Value": 0, "Offset": 12}, "Structure": "IMAGE_RESOURCE_DIRECTORY"}, {"LANG": 9, "SUBLANG_NAME": "SUBLANG_ENGLISH_US", "Name": {"FileOffset": 77112, "Value": 1033, "Offset": 0}, "CodePage": {"FileOffset": 77248, "Value": 0, "Offset": 8}, "LANG_NAME": "LANG_ENGLISH", "OffsetToData": {"FileOffset": 77240, "Value": 185040, "Offset": 0}, "Reserved": {"FileOffset": 77252, "Value": 0, "Offset": 12}, "SUBLANG": 1, "Structure": "IMAGE_RESOURCE_DATA_ENTRY", "Size": {"FileOffset": 77244, "Value": 90, "Offset": 4}}]], {"Structure": "IMAGE_RESOURCE_DIRECTORY_ENTRY", "Id": [16, "RT_VERSION"], "OffsetToData": {"FileOffset": 76836, "Value": 2147483776, "Offset": 4}, "Name": {"FileOffset": 76832, "Value": 16, "Offset": 0}}, [{"MajorVersion": {"FileOffset": 76936, "Value": 0, "Offset": 8}, "NumberOfIdEntries": {"FileOffset": 76942, "Value": 1, "Offset": 14}, "MinorVersion": {"FileOffset": 76938, "Value": 0, "Offset": 10}, "TimeDateStamp": {"FileOffset": 76932, "Value": "0x0        [Thu Jan  1 00:00:00 1970 UTC]", "Offset": 4}, "Characteristics": {"FileOffset": 76928, "Value": 0, "Offset": 0}, "NumberOfNamedEntries": {"FileOffset": 76940, "Value": 0, "Offset": 12}, "Structure": "IMAGE_RESOURCE_DIRECTORY"}, {"Structure": "IMAGE_RESOURCE_DIRECTORY_ENTRY", "Id": 1, "OffsetToData": {"FileOffset": 76948, "Value": 2147483968, "Offset": 4}, "Name": {"FileOffset": 76944, "Value": 1, "Offset": 0}}, [{"MajorVersion": {"FileOffset": 77128, "Value": 0, "Offset": 8}, "NumberOfIdEntries": {"FileOffset": 77134, "Value": 1, "Offset": 14}, "MinorVersion": {"FileOffset": 77130, "Value": 0, "Offset": 10}, "TimeDateStamp": {"FileOffset": 77124, "Value": "0x0        [Thu Jan  1 00:00:00 1970 UTC]", "Offset": 4}, "Characteristics": {"FileOffset": 77120, "Value": 0, "Offset": 0}, "NumberOfNamedEntries": {"FileOffset": 77132, "Value": 0, "Offset": 12}, "Structure": "IMAGE_RESOURCE_DIRECTORY"}, {"LANG": 9, "SUBLANG_NAME": "SUBLANG_ENGLISH_US", "Name": {"FileOffset": 77136, "Value": 1033, "Offset": 0}, "CodePage": {"FileOffset": 77264, "Value": 0, "Offset": 8}, "LANG_NAME": "LANG_ENGLISH", "OffsetToData": {"FileOffset": 77256, "Value": 185136, "Offset": 0}, "Reserved": {"FileOffset": 77268, "Value": 0, "Offset": 12}, "SUBLANG": 1, "Structure": "IMAGE_RESOURCE_DATA_ENTRY", "Size": {"FileOffset": 77260, "Value": 712, "Offset": 4}}]]]}
