{"DllCharacteristics": ["IMAGE_DLLCHARACTERISTICS_TERMINAL_SERVER_AWARE", "IMAGE_DLLCHARACTERISTICS_DYNAMIC_BASE", "IMAGE_DLLCHARACTERISTICS_NX_COMPAT"], "FILE_HEADER": {"NumberOfSections": {"FileOffset": 238, "Value": 5, "Offset": 2}, "TimeDateStamp": {"FileOffset": 240, "Value": "0x5071B94E [Sun Oct  7 17:18:06 2012 UTC]", "Offset": 4}, "PointerToSymbolTable": {"FileOffset": 244, "Value": 0, "Offset": 8}, "NumberOfSymbols": {"FileOffset": 248, "Value": 0, "Offset": 12}, "Machine": {"FileOffset": 236, "Value": 332, "Offset": 0}, "Characteristics": {"FileOffset": 254, "Value": 258, "Offset": 18}, "SizeOfOptionalHeader": {"FileOffset": 252, "Value": 224, "Offset": 16}, "Structure": "IMAGE_FILE_HEADER"}, "Directories": [{"VirtualAddress": {"FileOffset": 352, "Value": 0, "Offset": 0}, "Structure": "IMAGE_DIRECTORY_ENTRY_EXPORT", "Size": {"FileOffset": 356, "Value": 0, "Offset": 4}}, {"VirtualAddress": {"FileOffset": 360, "Value": 50532, "Offset": 0}, "Structure": "IMAGE_DIRECTORY_ENTRY_IMPORT", "Size": {"FileOffset": 364, "Value": 60, "Offset": 4}}, {"VirtualAddress": {"FileOffset": 368, "Value": 65536, "Offset": 0}, "Structure": "IMAGE_DIRECTORY_ENTRY_RESOURCE", "Size": {"FileOffset": 372, "Value": 436, "Offset": 4}}, {"VirtualAddress": {"FileOffset": 376, "Value": 0, "Offset": 0}, "Structure": "IMAGE_DIRECTORY_ENTRY_EXCEPTION", "Size": {"FileOffset": 380, "Value": 0, "Offset": 4}}, {"VirtualAddress": {"FileOffset": 384, "Value": 0, "Offset": 0}, "Structure": "IMAGE_DIRECTORY_ENTRY_SECURITY", "Size": {"FileOffset": 388, "Value": 0, "Offset": 4}}, {"VirtualAddress": {"FileOffset": 392, "Value": 69632, "Offset": 0}, "Structure": "IMAGE_DIRECTORY_ENTRY_BASERELOC", "Size": {"FileOffset": 396, "Value": 2228, "Offset": 4}}, {"VirtualAddress": {"FileOffset": 400, "Value": 0, "Offset": 0}, "Structure": "IMAGE_DIRECTORY_ENTRY_DEBUG", "Size": {"FileOffset": 404, "Value": 0, "Offset": 4}}, {"VirtualAddress": {"FileOffset": 408, "Value": 0, "Offset": 0}, "Structure": "IMAGE_DIRECTORY_ENTRY_COPYRIGHT", "Size": {"FileOffset": 412, "Value": 0, "Offset": 4}}, {"VirtualAddress": {"FileOffset": 416, "Value": 0, "Offset": 0}, "Structure": "IMAGE_DIRECTORY_ENTRY_GLOBALPTR", "Size": {"FileOffset": 420, "Value": 0, "Offset": 4}}, {"VirtualAddress": {"FileOffset": 424, "Value": 0, "Offset": 0}, "Structure": "IMAGE_DIRECTORY_ENTRY_TLS", "Size": {"FileOffset": 428, "Value": 0, "Offset": 4}}, {"VirtualAddress": {"FileOffset": 432, "Value": 49696, "Offset": 0}, "Structure": "IMAGE_DIRECTORY_ENTRY_LOAD_CONFIG", "Size": {"FileOffset": 436, "Value": 64, "Offset": 4}}, {"VirtualAddress": {"FileOffset": 440, "Value": 0, "Offset": 0}, "Structure": "IMAGE_DIRECTORY_ENTRY_BOUND_IMPORT", "Size": {"FileOffset": 444, "Value": 0, "Offset": 4}}, {"VirtualAddress": {"FileOffset": 448, "Value": 40960, "Offset": 0}, "Structure": "IMAGE_DIRECTORY_ENTRY_IAT", "Size": {"FileOffset": 452, "Value": 300, "Offset": 4}}, {"VirtualAddress": {"FileOffset": 456, "Value": 0, "Offset": 0}, "Structure": "IMAGE_DIRECTORY_ENTRY_DELAY_IMPORT", "Size": {"FileOffset": 460, "Value": 0, "Offset": 4}}, {"VirtualAddress": {"FileOffset": 464, "Value": 0, "Offset": 0}, "Structure": "IMAGE_DIRECTORY_ENTRY_COM_DESCRIPTOR", "Size": {"FileOffset": 468, "Value": 0, "Offset": 4}}, {"VirtualAddress": {"FileOffset": 472, "Value": 0, "Offset": 0}, "Structure": "IMAGE_DIRECTORY_ENTRY_RESERVED", "Size": {"FileOffset": 476, "Value": 0, "Offset": 4}}], "OPTIONAL_HEADER": {"DllCharacteristics": {"FileOffset": 326, "Value": 33088, "Offset": 70}, "BaseOfCode": {"FileOffset": 276, "Value": 4096, "Offset": 20}, "MajorLinkerVersion": {"FileOffset": 258, "Value": 10, "Offset": 2}, "MinorOperatingSystemVersion": {"FileOffset": 298, "Value": 1, "Offset": 42}, "MinorLinkerVersion": {"FileOffset": 259, "Value": 0, "Offset": 3}, "MajorSubsystemVersion": {"FileOffset": 304, "Value": 5, "Offset": 48}, "MajorOperatingSystemVersion": {"FileOffset": 296, "Value": 5, "Offset": 40}, "SizeOfStackCommit": {"FileOffset": 332, "Value": 4096, "Offset": 76}, "SizeOfUninitializedData": {"FileOffset": 268, "Value": 0, "Offset": 12}, "NumberOfRvaAndSizes": {"FileOffset": 348, "Value": 16, "Offset": 92}, "SizeOfHeapReserve": {"FileOffset": 336, "Value": 1048576, "Offset": 80}, "LoaderFlags": {"FileOffset": 344, "Value": 0, "Offset": 88}, "SizeOfHeapCommit": {"FileOffset": 340, "Value": 4096, "Offset": 84}, "SizeOfStackReserve": {"FileOffset": 328, "Value": 1048576, "Offset": 72}, "Structure": "IMAGE_OPTIONAL_HEADER", "SizeOfHeaders": {"FileOffset": 316, "Value": 1024, "Offset": 60}, "Subsystem": {"FileOffset": 324, "Value": 3, "Offset": 68}, "Magic": {"FileOffset": 256, "Value": 267, "Offset": 0}, "MinorImageVersion": {"FileOffset": 302, "Value": 0, "Offset": 46}, "MajorImageVersion": {"FileOffset": 300, "Value": 0, "Offset": 44}, "FileAlignment": {"FileOffset": 292, "Value": 512, "Offset": 36}, "BaseOfData": {"FileOffset": 280, "Value": 40960, "Offset": 24}, "AddressOfEntryPoint": {"FileOffset": 272, "Value": 7641, "Offset": 16}, "SectionAlignment": {"FileOffset": 288, "Value": 4096, "Offset": 32}, "SizeOfCode": {"FileOffset": 260, "Value": 34304, "Offset": 4}, "ImageBase": {"FileOffset": 284, "Value": 4194304, "Offset": 28}, "SizeOfInitializedData": {"FileOffset": 264, "Value": 21504, "Offset": 8}, "SizeOfImage": {"FileOffset": 312, "Value": 77824, "Offset": 56}, "MinorSubsystemVersion": {"FileOffset": 306, "Value": 1, "Offset": 50}, "CheckSum": {"FileOffset": 320, "Value": 93569, "Offset": 64}, "Reserved1": {"FileOffset": 308, "Value": 0, "Offset": 52}}, "DOS_HEADER": {"e_cblp": {"FileOffset": 2, "Value": 144, "Offset": 2}, "e_crlc": {"FileOffset": 6, "Value": 0, "Offset": 6}, "e_ovno": {"FileOffset": 26, "Value": 0, "Offset": 26}, "e_minalloc": {"FileOffset": 10, "Value": 0, "Offset": 10}, "e_csum": {"FileOffset": 18, "Value": 0, "Offset": 18}, "e_cparhdr": {"FileOffset": 8, "Value": 4, "Offset": 8}, "e_cp": {"FileOffset": 4, "Value": 3, "Offset": 4}, "e_cs": {"FileOffset": 22, "Value": 0, "Offset": 22}, "e_maxalloc": {"FileOffset": 12, "Value": 65535, "Offset": 12}, "e_lfarlc": {"FileOffset": 24, "Value": 64, "Offset": 24}, "e_oemid": {"FileOffset": 36, "Value": 0, "Offset": 36}, "e_lfanew": {"FileOffset": 60, "Value": 232, "Offset": 60}, "e_ss": {"FileOffset": 14, "Value": 0, "Offset": 14}, "e_magic": {"FileOffset": 0, "Value": 23117, "Offset": 0}, "e_oeminfo": {"FileOffset": 38, "Value": 0, "Offset": 38}, "e_res2": {"FileOffset": 40, "Value": "", "Offset": 40}, "e_res": {"FileOffset": 28, "Value": "", "Offset": 28}, "e_sp": {"FileOffset": 16, "Value": 184, "Offset": 16}, "Structure": "IMAGE_DOS_HEADER", "e_ip": {"FileOffset": 20, "Value": 0, "Offset": 20}}, "Base relocations": [[{"SizeOfBlock": {"FileOffset": 51204, "Value": 332, "Offset": 4}, "VirtualAddress": {"FileOffset": 51200, "Value": 4096, "Offset": 0}, "Structure": "IMAGE_BASE_RELOCATION"}, {"RVA": 4103, "Type": "HIGHLOW"}, {"RVA": 4123, "Type": "HIGHLOW"}, {"RVA": 4130, "Type": "HIGHLOW"}, {"RVA": 4143, "Type": "HIGHLOW"}, {"RVA": 4150, "Type": "HIGHLOW"}, {"RVA": 4202, "Type": "HIGHLOW"}, {"RVA": 4221, "Type": "HIGHLOW"}, {"RVA": 4526, "Type": "HIGHLOW"}, {"RVA": 4533, "Type": "HIGHLOW"}, {"RVA": 4735, "Type": "HIGHLOW"}, {"RVA": 4742, "Type": "HIGHLOW"}, {"RVA": 4851, "Type": "HIGHLOW"}, {"RVA": 4868, "Type": "HIGHLOW"}, {"RVA": 4875, "Type": "HIGHLOW"}, {"RVA": 4917, "Type": "HIGHLOW"}, {"RVA": 4934, "Type": "HIGHLOW"}, {"RVA": 4941, "Type": "HIGHLOW"}, {"RVA": 5010, "Type": "HIGHLOW"}, {"RVA": 5027, "Type": "HIGHLOW"}, {"RVA": 5049, "Type": "HIGHLOW"}, {"RVA": 5056, "Type": "HIGHLOW"}, {"RVA": 5114, "Type": "HIGHLOW"}, {"RVA": 5132, "Type": "HIGHLOW"}, {"RVA": 5169, "Type": "HIGHLOW"}, {"RVA": 5209, "Type": "HIGHLOW"}, {"RVA": 5242, "Type": "HIGHLOW"}, {"RVA": 5277, "Type": "HIGHLOW"}, {"RVA": 5305, "Type": "HIGHLOW"}, {"RVA": 5354, "Type": "HIGHLOW"}, {"RVA": 5370, "Type": "HIGHLOW"}, {"RVA": 5389, "Type": "HIGHLOW"}, {"RVA": 5395, "Type": "HIGHLOW"}, {"RVA": 5400, "Type": "HIGHLOW"}, {"RVA": 5405, "Type": "HIGHLOW"}, {"RVA": 5452, "Type": "HIGHLOW"}, {"RVA": 5463, "Type": "HIGHLOW"}, {"RVA": 5485, "Type": "HIGHLOW"}, {"RVA": 5492, "Type": "HIGHLOW"}, {"RVA": 5498, "Type": "HIGHLOW"}, {"RVA": 5521, "Type": "HIGHLOW"}, {"RVA": 5573, "Type": "HIGHLOW"}, {"RVA": 5583, "Type": "HIGHLOW"}, {"RVA": 5588, "Type": "HIGHLOW"}, {"RVA": 5593, "Type": "HIGHLOW"}, {"RVA": 5621, "Type": "HIGHLOW"}, {"RVA": 5636, "Type": "HIGHLOW"}, {"RVA": 5679, "Type": "HIGHLOW"}, {"RVA": 5754, "Type": "HIGHLOW"}, {"RVA": 5804, "Type": "HIGHLOW"}, {"RVA": 5828, "Type": "HIGHLOW"}, {"RVA": 5835, "Type": "HIGHLOW"}, {"RVA": 5843, "Type": "HIGHLOW"}, {"RVA": 5848, "Type": "HIGHLOW"}, {"RVA": 5852, "Type": "HIGHLOW"}, {"RVA": 5856, "Type": "HIGHLOW"}, {"RVA": 5897, "Type": "HIGHLOW"}, {"RVA": 5935, "Type": "HIGHLOW"}, {"RVA": 5965, "Type": "HIGHLOW"}, {"RVA": 5972, "Type": "HIGHLOW"}, {"RVA": 5976, "Type": "HIGHLOW"}, {"RVA": 5980, "Type": "HIGHLOW"}, {"RVA": 5984, "Type": "HIGHLOW"}, {"RVA": 5988, "Type": "HIGHLOW"}, {"RVA": 5992, "Type": "HIGHLOW"}, {"RVA": 5996, "Type": "HIGHLOW"}, {"RVA": 6000, "Type": "HIGHLOW"}, {"RVA": 6074, "Type": "HIGHLOW"}, {"RVA": 6080, "Type": "HIGHLOW"}, {"RVA": 6084, "Type": "HIGHLOW"}, {"RVA": 6088, "Type": "HIGHLOW"}, {"RVA": 6092, "Type": "HIGHLOW"}, {"RVA": 6194, "Type": "HIGHLOW"}, {"RVA": 6205, "Type": "HIGHLOW"}, {"RVA": 6232, "Type": "HIGHLOW"}, {"RVA": 6239, "Type": "HIGHLOW"}, {"RVA": 6244, "Type": "HIGHLOW"}, {"RVA": 6248, "Type": "HIGHLOW"}, {"RVA": 6252, "Type": "HIGHLOW"}, {"RVA": 6285, "Type": "HIGHLOW"}, {"RVA": 6327, "Type": "HIGHLOW"}, {"RVA": 6377, "Type": "HIGHLOW"}, {"RVA": 6384, "Type": "HIGHLOW"}, {"RVA": 6388, "Type": "HIGHLOW"}, {"RVA": 6392, "Type": "HIGHLOW"}, {"RVA": 6396, "Type": "HIGHLOW"}, {"RVA": 6400, "Type": "HIGHLOW"}, {"RVA": 6404, "Type": "HIGHLOW"}, {"RVA": 6408, "Type": "HIGHLOW"}, {"RVA": 6412, "Type": "HIGHLOW"}, {"RVA": 6486, "Type": "HIGHLOW"}, {"RVA": 6492, "Type": "HIGHLOW"}, {"RVA": 6496, "Type": "HIGHLOW"}, {"RVA": 6500, "Type": "HIGHLOW"}, {"RVA": 6504, "Type": "HIGHLOW"}, {"RVA": 6587, "Type": "HIGHLOW"}, {"RVA": 6594, "Type": "HIGHLOW"}, {"RVA": 6602, "Type": "HIGHLOW"}, {"RVA": 6714, "Type": "HIGHLOW"}, {"RVA": 6719, "Type": "HIGHLOW"}, {"RVA": 6728, "Type": "HIGHLOW"}, {"RVA": 6743, "Type": "HIGHLOW"}, {"RVA": 6778, "Type": "HIGHLOW"}, {"RVA": 6783, "Type": "HIGHLOW"}, {"RVA": 6788, "Type": "HIGHLOW"}, {"RVA": 6811, "Type": "HIGHLOW"}, {"RVA": 6894, "Type": "HIGHLOW"}, {"RVA": 7059, "Type": "HIGHLOW"}, {"RVA": 7070, "Type": "HIGHLOW"}, {"RVA": 7083, "Type": "HIGHLOW"}, {"RVA": 7254, "Type": "HIGHLOW"}, {"RVA": 7291, "Type": "HIGHLOW"}, {"RVA": 7304, "Type": "HIGHLOW"}, {"RVA": 7317, "Type": "HIGHLOW"}, {"RVA": 7329, "Type": "HIGHLOW"}, {"RVA": 7341, "Type": "HIGHLOW"}, {"RVA": 7347, "Type": "HIGHLOW"}, {"RVA": 7365, "Type": "HIGHLOW"}, {"RVA": 7373, "Type": "HIGHLOW"}, {"RVA": 7384, "Type": "HIGHLOW"}, {"RVA": 7455, "Type": "HIGHLOW"}, {"RVA": 7460, "Type": "HIGHLOW"}, {"RVA": 7470, "Type": "HIGHLOW"}, {"RVA": 7528, "Type": "HIGHLOW"}, {"RVA": 7533, "Type": "HIGHLOW"}, {"RVA": 7540, "Type": "HIGHLOW"}, {"RVA": 7546, "Type": "HIGHLOW"}, {"RVA": 7663, "Type": "HIGHLOW"}, {"RVA": 7669, "Type": "HIGHLOW"}, {"RVA": 7675, "Type": "HIGHLOW"}, {"RVA": 7681, "Type": "HIGHLOW"}, {"RVA": 7687, "Type": "HIGHLOW"}, {"RVA": 7693, "Type": "HIGHLOW"}, {"RVA": 7700, "Type": "HIGHLOW"}, {"RVA": 7707, "Type": "HIGHLOW"}, {"RVA": 7714, "Type": "HIGHLOW"}, {"RVA": 7721, "Type": "HIGHLOW"}, {"RVA": 7728, "Type": "HIGHLOW"}, {"RVA": 7735, "Type": "HIGHLOW"}, {"RVA": 7742, "Type": "HIGHLOW"}, {"RVA": 7750, "Type": "HIGHLOW"}, {"RVA": 7758, "Type": "HIGHLOW"}, {"RVA": 7766, "Type": "HIGHLOW"}, {"RVA": 7778, "Type": "HIGHLOW"}, {"RVA": 7787, "Type": "HIGHLOW"}, {"RVA": 7792, "Type": "HIGHLOW"}, {"RVA": 7798, "Type": "HIGHLOW"}, {"RVA": 7808, "Type": "HIGHLOW"}, {"RVA": 7817, "Type": "HIGHLOW"}, {"RVA": 7828, "Type": "HIGHLOW"}, {"RVA": 7840, "Type": "HIGHLOW"}, {"RVA": 7845, "Type": "HIGHLOW"}, {"RVA": 7861, "Type": "HIGHLOW"}, {"RVA": 7866, "Type": "HIGHLOW"}, {"RVA": 7872, "Type": "HIGHLOW"}, {"RVA": 7878, "Type": "HIGHLOW"}, {"RVA": 7900, "Type": "HIGHLOW"}, {"RVA": 7907, "Type": "HIGHLOW"}, {"RVA": 7931, "Type": "HIGHLOW"}, {"RVA": 7978, "Type": "HIGHLOW"}, {"RVA": 7984, "Type": "HIGHLOW"}, {"RVA": 7999, "Type": "HIGHLOW"}, {"RVA": 4096, "Type": "ABSOLUTE"}], [{"SizeOfBlock": {"FileOffset": 51536, "Value": 188, "Offset": 4}, "VirtualAddress": {"FileOffset": 51532, "Value": 8192, "Offset": 0}, "Structure": "IMAGE_BASE_RELOCATION"}, {"RVA": 8221, "Type": "HIGHLOW"}, {"RVA": 8227, "Type": "HIGHLOW"}, {"RVA": 8245, "Type": "HIGHLOW"}, {"RVA": 8524, "Type": "HIGHLOW"}, {"RVA": 8529, "Type": "HIGHLOW"}, {"RVA": 8562, "Type": "HIGHLOW"}, {"RVA": 8571, "Type": "HIGHLOW"}, {"RVA": 8583, "Type": "HIGHLOW"}, {"RVA": 8638, "Type": "HIGHLOW"}, {"RVA": 8647, "Type": "HIGHLOW"}, {"RVA": 8659, "Type": "HIGHLOW"}, {"RVA": 8716, "Type": "HIGHLOW"}, {"RVA": 8725, "Type": "HIGHLOW"}, {"RVA": 8737, "Type": "HIGHLOW"}, {"RVA": 8798, "Type": "HIGHLOW"}, {"RVA": 8804, "Type": "HIGHLOW"}, {"RVA": 8816, "Type": "HIGHLOW"}, {"RVA": 8822, "Type": "HIGHLOW"}, {"RVA": 8831, "Type": "HIGHLOW"}, {"RVA": 8838, "Type": "HIGHLOW"}, {"RVA": 8872, "Type": "HIGHLOW"}, {"RVA": 8989, "Type": "HIGHLOW"}, {"RVA": 8997, "Type": "HIGHLOW"}, {"RVA": 9016, "Type": "HIGHLOW"}, {"RVA": 9027, "Type": "HIGHLOW"}, {"RVA": 9032, "Type": "HIGHLOW"}, {"RVA": 9050, "Type": "HIGHLOW"}, {"RVA": 9060, "Type": "HIGHLOW"}, {"RVA": 9065, "Type": "HIGHLOW"}, {"RVA": 9093, "Type": "HIGHLOW"}, {"RVA": 9103, "Type": "HIGHLOW"}, {"RVA": 9125, "Type": "HIGHLOW"}, {"RVA": 9136, "Type": "HIGHLOW"}, {"RVA": 9162, "Type": "HIGHLOW"}, {"RVA": 9173, "Type": "HIGHLOW"}, {"RVA": 9181, "Type": "HIGHLOW"}, {"RVA": 9197, "Type": "HIGHLOW"}, {"RVA": 9203, "Type": "HIGHLOW"}, {"RVA": 9220, "Type": "HIGHLOW"}, {"RVA": 9277, "Type": "HIGHLOW"}, {"RVA": 9287, "Type": "HIGHLOW"}, {"RVA": 9325, "Type": "HIGHLOW"}, {"RVA": 9332, "Type": "HIGHLOW"}, {"RVA": 9358, "Type": "HIGHLOW"}, {"RVA": 9365, "Type": "HIGHLOW"}, {"RVA": 9408, "Type": "HIGHLOW"}, {"RVA": 9569, "Type": "HIGHLOW"}, {"RVA": 9598, "Type": "HIGHLOW"}, {"RVA": 9682, "Type": "HIGHLOW"}, {"RVA": 9900, "Type": "HIGHLOW"}, {"RVA": 9908, "Type": "HIGHLOW"}, {"RVA": 9932, "Type": "HIGHLOW"}, {"RVA": 9959, "Type": "HIGHLOW"}, {"RVA": 10046, "Type": "HIGHLOW"}, {"RVA": 10064, "Type": "HIGHLOW"}, {"RVA": 10070, "Type": "HIGHLOW"}, {"RVA": 10096, "Type": "HIGHLOW"}, {"RVA": 10111, "Type": "HIGHLOW"}, {"RVA": 10124, "Type": "HIGHLOW"}, {"RVA": 10136, "Type": "HIGHLOW"}, {"RVA": 10152, "Type": "HIGHLOW"}, {"RVA": 10159, "Type": "HIGHLOW"}, {"RVA": 10174, "Type": "HIGHLOW"}, {"RVA": 10186, "Type": "HIGHLOW"}, {"RVA": 10199, "Type": "HIGHLOW"}, {"RVA": 10235, "Type": "HIGHLOW"}, {"RVA": 10253, "Type": "HIGHLOW"}, {"RVA": 10267, "Type": "HIGHLOW"}, {"RVA": 10288, "Type": "HIGHLOW"}, {"RVA": 10298, "Type": "HIGHLOW"}, {"RVA": 10336, "Type": "HIGHLOW"}, {"RVA": 10387, "Type": "HIGHLOW"}, {"RVA": 10402, "Type": "HIGHLOW"}, {"RVA": 10411, "Type": "HIGHLOW"}, {"RVA": 10447, "Type": "HIGHLOW"}, {"RVA": 10494, "Type": "HIGHLOW"}, {"RVA": 10560, "Type": "HIGHLOW"}, {"RVA": 10578, "Type": "HIGHLOW"}, {"RVA": 10750, "Type": "HIGHLOW"}, {"RVA": 10758, "Type": "HIGHLOW"}, {"RVA": 10779, "Type": "HIGHLOW"}, {"RVA": 10790, "Type": "HIGHLOW"}, {"RVA": 11022, "Type": "HIGHLOW"}, {"RVA": 11174, "Type": "HIGHLOW"}, {"RVA": 11204, "Type": "HIGHLOW"}, {"RVA": 11242, "Type": "HIGHLOW"}, {"RVA": 11338, "Type": "HIGHLOW"}, {"RVA": 11353, "Type": "HIGHLOW"}, {"RVA": 11380, "Type": "HIGHLOW"}, {"RVA": 12226, "Type": "HIGHLOW"}], [{"SizeOfBlock": {"FileOffset": 51724, "Value": 76, "Offset": 4}, "VirtualAddress": {"FileOffset": 51720, "Value": 12288, "Offset": 0}, "Structure": "IMAGE_BASE_RELOCATION"}, {"RVA": 12466, "Type": "HIGHLOW"}, {"RVA": 12797, "Type": "HIGHLOW"}, {"RVA": 12864, "Type": "HIGHLOW"}, {"RVA": 12908, "Type": "HIGHLOW"}, {"RVA": 12941, "Type": "HIGHLOW"}, {"RVA": 13421, "Type": "HIGHLOW"}, {"RVA": 13966, "Type": "HIGHLOW"}, {"RVA": 13970, "Type": "HIGHLOW"}, {"RVA": 13974, "Type": "HIGHLOW"}, {"RVA": 13978, "Type": "HIGHLOW"}, {"RVA": 13982, "Type": "HIGHLOW"}, {"RVA": 13986, "Type": "HIGHLOW"}, {"RVA": 13990, "Type": "HIGHLOW"}, {"RVA": 13994, "Type": "HIGHLOW"}, {"RVA": 14007, "Type": "HIGHLOW"}, {"RVA": 14025, "Type": "HIGHLOW"}, {"RVA": 14249, "Type": "HIGHLOW"}, {"RVA": 14259, "Type": "HIGHLOW"}, {"RVA": 14272, "Type": "HIGHLOW"}, {"RVA": 14334, "Type": "HIGHLOW"}, {"RVA": 14341, "Type": "HIGHLOW"}, {"RVA": 14354, "Type": "HIGHLOW"}, {"RVA": 14360, "Type": "HIGHLOW"}, {"RVA": 14421, "Type": "HIGHLOW"}, {"RVA": 14449, "Type": "HIGHLOW"}, {"RVA": 14484, "Type": "HIGHLOW"}, {"RVA": 14503, "Type": "HIGHLOW"}, {"RVA": 14727, "Type": "HIGHLOW"}, {"RVA": 14949, "Type": "HIGHLOW"}, {"RVA": 14964, "Type": "HIGHLOW"}, {"RVA": 14991, "Type": "HIGHLOW"}, {"RVA": 15788, "Type": "HIGHLOW"}, {"RVA": 16111, "Type": "HIGHLOW"}, {"RVA": 12288, "Type": "ABSOLUTE"}], [{"SizeOfBlock": {"FileOffset": 51800, "Value": 188, "Offset": 4}, "VirtualAddress": {"FileOffset": 51796, "Value": 16384, "Offset": 0}, "Structure": "IMAGE_BASE_RELOCATION"}, {"RVA": 16457, "Type": "HIGHLOW"}, {"RVA": 16521, "Type": "HIGHLOW"}, {"RVA": 16565, "Type": "HIGHLOW"}, {"RVA": 16599, "Type": "HIGHLOW"}, {"RVA": 17063, "Type": "HIGHLOW"}, {"RVA": 17695, "Type": "HIGHLOW"}, {"RVA": 17699, "Type": "HIGHLOW"}, {"RVA": 17703, "Type": "HIGHLOW"}, {"RVA": 17707, "Type": "HIGHLOW"}, {"RVA": 17711, "Type": "HIGHLOW"}, {"RVA": 17715, "Type": "HIGHLOW"}, {"RVA": 17719, "Type": "HIGHLOW"}, {"RVA": 17723, "Type": "HIGHLOW"}, {"RVA": 17736, "Type": "HIGHLOW"}, {"RVA": 17749, "Type": "HIGHLOW"}, {"RVA": 17755, "Type": "HIGHLOW"}, {"RVA": 17995, "Type": "HIGHLOW"}, {"RVA": 18001, "Type": "HIGHLOW"}, {"RVA": 18021, "Type": "HIGHLOW"}, {"RVA": 18040, "Type": "HIGHLOW"}, {"RVA": 18058, "Type": "HIGHLOW"}, {"RVA": 18129, "Type": "HIGHLOW"}, {"RVA": 18153, "Type": "HIGHLOW"}, {"RVA": 18163, "Type": "HIGHLOW"}, {"RVA": 18190, "Type": "HIGHLOW"}, {"RVA": 18198, "Type": "HIGHLOW"}, {"RVA": 18204, "Type": "HIGHLOW"}, {"RVA": 18218, "Type": "HIGHLOW"}, {"RVA": 18270, "Type": "HIGHLOW"}, {"RVA": 18283, "Type": "HIGHLOW"}, {"RVA": 18304, "Type": "HIGHLOW"}, {"RVA": 18353, "Type": "HIGHLOW"}, {"RVA": 18382, "Type": "HIGHLOW"}, {"RVA": 18458, "Type": "HIGHLOW"}, {"RVA": 18504, "Type": "HIGHLOW"}, {"RVA": 18869, "Type": "HIGHLOW"}, {"RVA": 18930, "Type": "HIGHLOW"}, {"RVA": 18945, "Type": "HIGHLOW"}, {"RVA": 19012, "Type": "HIGHLOW"}, {"RVA": 19023, "Type": "HIGHLOW"}, {"RVA": 19033, "Type": "HIGHLOW"}, {"RVA": 19050, "Type": "HIGHLOW"}, {"RVA": 19061, "Type": "HIGHLOW"}, {"RVA": 19442, "Type": "HIGHLOW"}, {"RVA": 19454, "Type": "HIGHLOW"}, {"RVA": 19460, "Type": "HIGHLOW"}, {"RVA": 19465, "Type": "HIGHLOW"}, {"RVA": 19471, "Type": "HIGHLOW"}, {"RVA": 19577, "Type": "HIGHLOW"}, {"RVA": 19584, "Type": "HIGHLOW"}, {"RVA": 19605, "Type": "HIGHLOW"}, {"RVA": 19665, "Type": "HIGHLOW"}, {"RVA": 19703, "Type": "HIGHLOW"}, {"RVA": 19741, "Type": "HIGHLOW"}, {"RVA": 19747, "Type": "HIGHLOW"}, {"RVA": 19789, "Type": "HIGHLOW"}, {"RVA": 19858, "Type": "HIGHLOW"}, {"RVA": 19865, "Type": "HIGHLOW"}, {"RVA": 19886, "Type": "HIGHLOW"}, {"RVA": 19957, "Type": "HIGHLOW"}, {"RVA": 19967, "Type": "HIGHLOW"}, {"RVA": 20010, "Type": "HIGHLOW"}, {"RVA": 20034, "Type": "HIGHLOW"}, {"RVA": 20064, "Type": "HIGHLOW"}, {"RVA": 20100, "Type": "HIGHLOW"}, {"RVA": 20148, "Type": "HIGHLOW"}, {"RVA": 20166, "Type": "HIGHLOW"}, {"RVA": 20212, "Type": "HIGHLOW"}, {"RVA": 20247, "Type": "HIGHLOW"}, {"RVA": 20253, "Type": "HIGHLOW"}, {"RVA": 20273, "Type": "HIGHLOW"}, {"RVA": 20278, "Type": "HIGHLOW"}, {"RVA": 20311, "Type": "HIGHLOW"}, {"RVA": 20316, "Type": "HIGHLOW"}, {"RVA": 20349, "Type": "HIGHLOW"}, {"RVA": 20356, "Type": "HIGHLOW"}, {"RVA": 20368, "Type": "HIGHLOW"}, {"RVA": 20374, "Type": "HIGHLOW"}, {"RVA": 20386, "Type": "HIGHLOW"}, {"RVA": 20392, "Type": "HIGHLOW"}, {"RVA": 20401, "Type": "HIGHLOW"}, {"RVA": 20407, "Type": "HIGHLOW"}, {"RVA": 20416, "Type": "HIGHLOW"}, {"RVA": 20428, "Type": "HIGHLOW"}, {"RVA": 20434, "Type": "HIGHLOW"}, {"RVA": 20442, "Type": "HIGHLOW"}, {"RVA": 20448, "Type": "HIGHLOW"}, {"RVA": 20460, "Type": "HIGHLOW"}, {"RVA": 20466, "Type": "HIGHLOW"}, {"RVA": 16384, "Type": "ABSOLUTE"}], [{"SizeOfBlock": {"FileOffset": 51988, "Value": 312, "Offset": 4}, "VirtualAddress": {"FileOffset": 51984, "Value": 20480, "Offset": 0}, "Structure": "IMAGE_BASE_RELOCATION"}, {"RVA": 20480, "Type": "HIGHLOW"}, {"RVA": 20490, "Type": "HIGHLOW"}, {"RVA": 20496, "Type": "HIGHLOW"}, {"RVA": 20506, "Type": "HIGHLOW"}, {"RVA": 20540, "Type": "HIGHLOW"}, {"RVA": 20561, "Type": "HIGHLOW"}, {"RVA": 20599, "Type": "HIGHLOW"}, {"RVA": 20663, "Type": "HIGHLOW"}, {"RVA": 20669, "Type": "HIGHLOW"}, {"RVA": 20711, "Type": "HIGHLOW"}, {"RVA": 20717, "Type": "HIGHLOW"}, {"RVA": 20723, "Type": "HIGHLOW"}, {"RVA": 20745, "Type": "HIGHLOW"}, {"RVA": 20769, "Type": "HIGHLOW"}, {"RVA": 20807, "Type": "HIGHLOW"}, {"RVA": 20929, "Type": "HIGHLOW"}, {"RVA": 20964, "Type": "HIGHLOW"}, {"RVA": 20974, "Type": "HIGHLOW"}, {"RVA": 21030, "Type": "HIGHLOW"}, {"RVA": 21038, "Type": "HIGHLOW"}, {"RVA": 21111, "Type": "HIGHLOW"}, {"RVA": 21117, "Type": "HIGHLOW"}, {"RVA": 21139, "Type": "HIGHLOW"}, {"RVA": 21144, "Type": "HIGHLOW"}, {"RVA": 21152, "Type": "HIGHLOW"}, {"RVA": 21158, "Type": "HIGHLOW"}, {"RVA": 21165, "Type": "HIGHLOW"}, {"RVA": 21171, "Type": "HIGHLOW"}, {"RVA": 21178, "Type": "HIGHLOW"}, {"RVA": 21184, "Type": "HIGHLOW"}, {"RVA": 21192, "Type": "HIGHLOW"}, {"RVA": 21199, "Type": "HIGHLOW"}, {"RVA": 21204, "Type": "HIGHLOW"}, {"RVA": 21212, "Type": "HIGHLOW"}, {"RVA": 21221, "Type": "HIGHLOW"}, {"RVA": 21233, "Type": "HIGHLOW"}, {"RVA": 21238, "Type": "HIGHLOW"}, {"RVA": 21243, "Type": "HIGHLOW"}, {"RVA": 21249, "Type": "HIGHLOW"}, {"RVA": 21253, "Type": "HIGHLOW"}, {"RVA": 21259, "Type": "HIGHLOW"}, {"RVA": 21264, "Type": "HIGHLOW"}, {"RVA": 21270, "Type": "HIGHLOW"}, {"RVA": 21275, "Type": "HIGHLOW"}, {"RVA": 21290, "Type": "HIGHLOW"}, {"RVA": 21312, "Type": "HIGHLOW"}, {"RVA": 21318, "Type": "HIGHLOW"}, {"RVA": 21326, "Type": "HIGHLOW"}, {"RVA": 21331, "Type": "HIGHLOW"}, {"RVA": 21339, "Type": "HIGHLOW"}, {"RVA": 21344, "Type": "HIGHLOW"}, {"RVA": 21352, "Type": "HIGHLOW"}, {"RVA": 21357, "Type": "HIGHLOW"}, {"RVA": 21364, "Type": "HIGHLOW"}, {"RVA": 21379, "Type": "HIGHLOW"}, {"RVA": 21384, "Type": "HIGHLOW"}, {"RVA": 21390, "Type": "HIGHLOW"}, {"RVA": 21399, "Type": "HIGHLOW"}, {"RVA": 21431, "Type": "HIGHLOW"}, {"RVA": 21437, "Type": "HIGHLOW"}, {"RVA": 21461, "Type": "HIGHLOW"}, {"RVA": 21497, "Type": "HIGHLOW"}, {"RVA": 21509, "Type": "HIGHLOW"}, {"RVA": 21525, "Type": "HIGHLOW"}, {"RVA": 21560, "Type": "HIGHLOW"}, {"RVA": 21573, "Type": "HIGHLOW"}, {"RVA": 21585, "Type": "HIGHLOW"}, {"RVA": 21593, "Type": "HIGHLOW"}, {"RVA": 21601, "Type": "HIGHLOW"}, {"RVA": 21613, "Type": "HIGHLOW"}, {"RVA": 21654, "Type": "HIGHLOW"}, {"RVA": 21662, "Type": "HIGHLOW"}, {"RVA": 21673, "Type": "HIGHLOW"}, {"RVA": 21742, "Type": "HIGHLOW"}, {"RVA": 21748, "Type": "HIGHLOW"}, {"RVA": 21758, "Type": "HIGHLOW"}, {"RVA": 21868, "Type": "HIGHLOW"}, {"RVA": 21874, "Type": "HIGHLOW"}, {"RVA": 21886, "Type": "HIGHLOW"}, {"RVA": 21941, "Type": "HIGHLOW"}, {"RVA": 21965, "Type": "HIGHLOW"}, {"RVA": 21989, "Type": "HIGHLOW"}, {"RVA": 21996, "Type": "HIGHLOW"}, {"RVA": 22006, "Type": "HIGHLOW"}, {"RVA": 22024, "Type": "HIGHLOW"}, {"RVA": 22047, "Type": "HIGHLOW"}, {"RVA": 22061, "Type": "HIGHLOW"}, {"RVA": 22067, "Type": "HIGHLOW"}, {"RVA": 22102, "Type": "HIGHLOW"}, {"RVA": 22109, "Type": "HIGHLOW"}, {"RVA": 22134, "Type": "HIGHLOW"}, {"RVA": 22154, "Type": "HIGHLOW"}, {"RVA": 22160, "Type": "HIGHLOW"}, {"RVA": 22169, "Type": "HIGHLOW"}, {"RVA": 22188, "Type": "HIGHLOW"}, {"RVA": 22224, "Type": "HIGHLOW"}, {"RVA": 22288, "Type": "HIGHLOW"}, {"RVA": 22372, "Type": "HIGHLOW"}, {"RVA": 22404, "Type": "HIGHLOW"}, {"RVA": 22414, "Type": "HIGHLOW"}, {"RVA": 22469, "Type": "HIGHLOW"}, {"RVA": 22475, "Type": "HIGHLOW"}, {"RVA": 22480, "Type": "HIGHLOW"}, {"RVA": 22494, "Type": "HIGHLOW"}, {"RVA": 22499, "Type": "HIGHLOW"}, {"RVA": 22504, "Type": "HIGHLOW"}, {"RVA": 22509, "Type": "HIGHLOW"}, {"RVA": 22525, "Type": "HIGHLOW"}, {"RVA": 22572, "Type": "HIGHLOW"}, {"RVA": 22578, "Type": "HIGHLOW"}, {"RVA": 22586, "Type": "HIGHLOW"}, {"RVA": 22657, "Type": "HIGHLOW"}, {"RVA": 22662, "Type": "HIGHLOW"}, {"RVA": 22720, "Type": "HIGHLOW"}, {"RVA": 22725, "Type": "HIGHLOW"}, {"RVA": 22732, "Type": "HIGHLOW"}, {"RVA": 22737, "Type": "HIGHLOW"}, {"RVA": 22744, "Type": "HIGHLOW"}, {"RVA": 22749, "Type": "HIGHLOW"}, {"RVA": 22763, "Type": "HIGHLOW"}, {"RVA": 22860, "Type": "HIGHLOW"}, {"RVA": 22869, "Type": "HIGHLOW"}, {"RVA": 22875, "Type": "HIGHLOW"}, {"RVA": 23011, "Type": "HIGHLOW"}, {"RVA": 23026, "Type": "HIGHLOW"}, {"RVA": 23040, "Type": "HIGHLOW"}, {"RVA": 23046, "Type": "HIGHLOW"}, {"RVA": 23052, "Type": "HIGHLOW"}, {"RVA": 23224, "Type": "HIGHLOW"}, {"RVA": 23229, "Type": "HIGHLOW"}, {"RVA": 23247, "Type": "HIGHLOW"}, {"RVA": 23277, "Type": "HIGHLOW"}, {"RVA": 23297, "Type": "HIGHLOW"}, {"RVA": 23303, "Type": "HIGHLOW"}, {"RVA": 23429, "Type": "HIGHLOW"}, {"RVA": 23441, "Type": "HIGHLOW"}, {"RVA": 23708, "Type": "HIGHLOW"}, {"RVA": 23749, "Type": "HIGHLOW"}, {"RVA": 23782, "Type": "HIGHLOW"}, {"RVA": 23791, "Type": "HIGHLOW"}, {"RVA": 23830, "Type": "HIGHLOW"}, {"RVA": 23843, "Type": "HIGHLOW"}, {"RVA": 23848, "Type": "HIGHLOW"}, {"RVA": 23862, "Type": "HIGHLOW"}, {"RVA": 24081, "Type": "HIGHLOW"}, {"RVA": 24116, "Type": "HIGHLOW"}, {"RVA": 24127, "Type": "HIGHLOW"}, {"RVA": 24162, "Type": "HIGHLOW"}, {"RVA": 24241, "Type": "HIGHLOW"}, {"RVA": 24339, "Type": "HIGHLOW"}, {"RVA": 24374, "Type": "HIGHLOW"}, {"RVA": 24527, "Type": "HIGHLOW"}], [{"SizeOfBlock": {"FileOffset": 52300, "Value": 140, "Offset": 4}, "VirtualAddress": {"FileOffset": 52296, "Value": 24576, "Offset": 0}, "Structure": "IMAGE_BASE_RELOCATION"}, {"RVA": 24588, "Type": "HIGHLOW"}, {"RVA": 24611, "Type": "HIGHLOW"}, {"RVA": 24979, "Type": "HIGHLOW"}, {"RVA": 24996, "Type": "HIGHLOW"}, {"RVA": 25054, "Type": "HIGHLOW"}, {"RVA": 25067, "Type": "HIGHLOW"}, {"RVA": 25077, "Type": "HIGHLOW"}, {"RVA": 25091, "Type": "HIGHLOW"}, {"RVA": 25100, "Type": "HIGHLOW"}, {"RVA": 25110, "Type": "HIGHLOW"}, {"RVA": 25162, "Type": "HIGHLOW"}, {"RVA": 25173, "Type": "HIGHLOW"}, {"RVA": 25183, "Type": "HIGHLOW"}, {"RVA": 25208, "Type": "HIGHLOW"}, {"RVA": 25218, "Type": "HIGHLOW"}, {"RVA": 25237, "Type": "HIGHLOW"}, {"RVA": 25273, "Type": "HIGHLOW"}, {"RVA": 25328, "Type": "HIGHLOW"}, {"RVA": 25381, "Type": "HIGHLOW"}, {"RVA": 25400, "Type": "HIGHLOW"}, {"RVA": 25512, "Type": "HIGHLOW"}, {"RVA": 25541, "Type": "HIGHLOW"}, {"RVA": 25614, "Type": "HIGHLOW"}, {"RVA": 25725, "Type": "HIGHLOW"}, {"RVA": 25756, "Type": "HIGHLOW"}, {"RVA": 25873, "Type": "HIGHLOW"}, {"RVA": 25885, "Type": "HIGHLOW"}, {"RVA": 25904, "Type": "HIGHLOW"}, {"RVA": 25922, "Type": "HIGHLOW"}, {"RVA": 25949, "Type": "HIGHLOW"}, {"RVA": 25957, "Type": "HIGHLOW"}, {"RVA": 25965, "Type": "HIGHLOW"}, {"RVA": 25988, "Type": "HIGHLOW"}, {"RVA": 26013, "Type": "HIGHLOW"}, {"RVA": 26041, "Type": "HIGHLOW"}, {"RVA": 26050, "Type": "HIGHLOW"}, {"RVA": 26056, "Type": "HIGHLOW"}, {"RVA": 26065, "Type": "HIGHLOW"}, {"RVA": 26070, "Type": "HIGHLOW"}, {"RVA": 26085, "Type": "HIGHLOW"}, {"RVA": 26124, "Type": "HIGHLOW"}, {"RVA": 26165, "Type": "HIGHLOW"}, {"RVA": 26182, "Type": "HIGHLOW"}, {"RVA": 26202, "Type": "HIGHLOW"}, {"RVA": 26278, "Type": "HIGHLOW"}, {"RVA": 26357, "Type": "HIGHLOW"}, {"RVA": 26429, "Type": "HIGHLOW"}, {"RVA": 26513, "Type": "HIGHLOW"}, {"RVA": 26708, "Type": "HIGHLOW"}, {"RVA": 26754, "Type": "HIGHLOW"}, {"RVA": 26874, "Type": "HIGHLOW"}, {"RVA": 26900, "Type": "HIGHLOW"}, {"RVA": 26917, "Type": "HIGHLOW"}, {"RVA": 26974, "Type": "HIGHLOW"}, {"RVA": 27278, "Type": "HIGHLOW"}, {"RVA": 27285, "Type": "HIGHLOW"}, {"RVA": 27640, "Type": "HIGHLOW"}, {"RVA": 27670, "Type": "HIGHLOW"}, {"RVA": 28016, "Type": "HIGHLOW"}, {"RVA": 28115, "Type": "HIGHLOW"}, {"RVA": 28148, "Type": "HIGHLOW"}, {"RVA": 28182, "Type": "HIGHLOW"}, {"RVA": 28255, "Type": "HIGHLOW"}, {"RVA": 28328, "Type": "HIGHLOW"}, {"RVA": 28651, "Type": "HIGHLOW"}, {"RVA": 24576, "Type": "ABSOLUTE"}], [{"SizeOfBlock": {"FileOffset": 52440, "Value": 196, "Offset": 4}, "VirtualAddress": {"FileOffset": 52436, "Value": 28672, "Offset": 0}, "Structure": "IMAGE_BASE_RELOCATION"}, {"RVA": 28761, "Type": "HIGHLOW"}, {"RVA": 28810, "Type": "HIGHLOW"}, {"RVA": 28845, "Type": "HIGHLOW"}, {"RVA": 28856, "Type": "HIGHLOW"}, {"RVA": 28862, "Type": "HIGHLOW"}, {"RVA": 28878, "Type": "HIGHLOW"}, {"RVA": 28883, "Type": "HIGHLOW"}, {"RVA": 28900, "Type": "HIGHLOW"}, {"RVA": 28908, "Type": "HIGHLOW"}, {"RVA": 28914, "Type": "HIGHLOW"}, {"RVA": 28924, "Type": "HIGHLOW"}, {"RVA": 28930, "Type": "HIGHLOW"}, {"RVA": 28940, "Type": "HIGHLOW"}, {"RVA": 28946, "Type": "HIGHLOW"}, {"RVA": 28956, "Type": "HIGHLOW"}, {"RVA": 28965, "Type": "HIGHLOW"}, {"RVA": 28976, "Type": "HIGHLOW"}, {"RVA": 28981, "Type": "HIGHLOW"}, {"RVA": 28990, "Type": "HIGHLOW"}, {"RVA": 29000, "Type": "HIGHLOW"}, {"RVA": 29011, "Type": "HIGHLOW"}, {"RVA": 29070, "Type": "HIGHLOW"}, {"RVA": 29096, "Type": "HIGHLOW"}, {"RVA": 29122, "Type": "HIGHLOW"}, {"RVA": 29636, "Type": "HIGHLOW"}, {"RVA": 29643, "Type": "HIGHLOW"}, {"RVA": 29649, "Type": "HIGHLOW"}, {"RVA": 29722, "Type": "HIGHLOW"}, {"RVA": 29772, "Type": "HIGHLOW"}, {"RVA": 29796, "Type": "HIGHLOW"}, {"RVA": 29803, "Type": "HIGHLOW"}, {"RVA": 29811, "Type": "HIGHLOW"}, {"RVA": 29816, "Type": "HIGHLOW"}, {"RVA": 29820, "Type": "HIGHLOW"}, {"RVA": 29824, "Type": "HIGHLOW"}, {"RVA": 29865, "Type": "HIGHLOW"}, {"RVA": 29903, "Type": "HIGHLOW"}, {"RVA": 29933, "Type": "HIGHLOW"}, {"RVA": 29940, "Type": "HIGHLOW"}, {"RVA": 29944, "Type": "HIGHLOW"}, {"RVA": 29948, "Type": "HIGHLOW"}, {"RVA": 29952, "Type": "HIGHLOW"}, {"RVA": 29956, "Type": "HIGHLOW"}, {"RVA": 29960, "Type": "HIGHLOW"}, {"RVA": 29964, "Type": "HIGHLOW"}, {"RVA": 29968, "Type": "HIGHLOW"}, {"RVA": 30042, "Type": "HIGHLOW"}, {"RVA": 30048, "Type": "HIGHLOW"}, {"RVA": 30052, "Type": "HIGHLOW"}, {"RVA": 30056, "Type": "HIGHLOW"}, {"RVA": 30060, "Type": "HIGHLOW"}, {"RVA": 30162, "Type": "HIGHLOW"}, {"RVA": 30173, "Type": "HIGHLOW"}, {"RVA": 30200, "Type": "HIGHLOW"}, {"RVA": 30207, "Type": "HIGHLOW"}, {"RVA": 30212, "Type": "HIGHLOW"}, {"RVA": 30216, "Type": "HIGHLOW"}, {"RVA": 30220, "Type": "HIGHLOW"}, {"RVA": 30253, "Type": "HIGHLOW"}, {"RVA": 30295, "Type": "HIGHLOW"}, {"RVA": 30345, "Type": "HIGHLOW"}, {"RVA": 30352, "Type": "HIGHLOW"}, {"RVA": 30356, "Type": "HIGHLOW"}, {"RVA": 30360, "Type": "HIGHLOW"}, {"RVA": 30364, "Type": "HIGHLOW"}, {"RVA": 30368, "Type": "HIGHLOW"}, {"RVA": 30372, "Type": "HIGHLOW"}, {"RVA": 30376, "Type": "HIGHLOW"}, {"RVA": 30380, "Type": "HIGHLOW"}, {"RVA": 30454, "Type": "HIGHLOW"}, {"RVA": 30460, "Type": "HIGHLOW"}, {"RVA": 30464, "Type": "HIGHLOW"}, {"RVA": 30468, "Type": "HIGHLOW"}, {"RVA": 30472, "Type": "HIGHLOW"}, {"RVA": 30564, "Type": "HIGHLOW"}, {"RVA": 30652, "Type": "HIGHLOW"}, {"RVA": 30753, "Type": "HIGHLOW"}, {"RVA": 30765, "Type": "HIGHLOW"}, {"RVA": 30885, "Type": "HIGHLOW"}, {"RVA": 30911, "Type": "HIGHLOW"}, {"RVA": 30920, "Type": "HIGHLOW"}, {"RVA": 31063, "Type": "HIGHLOW"}, {"RVA": 31192, "Type": "HIGHLOW"}, {"RVA": 31287, "Type": "HIGHLOW"}, {"RVA": 31450, "Type": "HIGHLOW"}, {"RVA": 31482, "Type": "HIGHLOW"}, {"RVA": 31722, "Type": "HIGHLOW"}, {"RVA": 31763, "Type": "HIGHLOW"}, {"RVA": 31852, "Type": "HIGHLOW"}, {"RVA": 32218, "Type": "HIGHLOW"}, {"RVA": 32436, "Type": "HIGHLOW"}, {"RVA": 32644, "Type": "HIGHLOW"}, {"RVA": 32693, "Type": "HIGHLOW"}, {"RVA": 32715, "Type": "HIGHLOW"}], [{"SizeOfBlock": {"FileOffset": 52636, "Value": 112, "Offset": 4}, "VirtualAddress": {"FileOffset": 52632, "Value": 32768, "Offset": 0}, "Structure": "IMAGE_BASE_RELOCATION"}, {"RVA": 32780, "Type": "HIGHLOW"}, {"RVA": 32811, "Type": "HIGHLOW"}, {"RVA": 32968, "Type": "HIGHLOW"}, {"RVA": 33018, "Type": "HIGHLOW"}, {"RVA": 33058, "Type": "HIGHLOW"}, {"RVA": 33180, "Type": "HIGHLOW"}, {"RVA": 33222, "Type": "HIGHLOW"}, {"RVA": 33254, "Type": "HIGHLOW"}, {"RVA": 33308, "Type": "HIGHLOW"}, {"RVA": 33318, "Type": "HIGHLOW"}, {"RVA": 33403, "Type": "HIGHLOW"}, {"RVA": 33476, "Type": "HIGHLOW"}, {"RVA": 33629, "Type": "HIGHLOW"}, {"RVA": 33837, "Type": "HIGHLOW"}, {"RVA": 33959, "Type": "HIGHLOW"}, {"RVA": 33994, "Type": "HIGHLOW"}, {"RVA": 34147, "Type": "HIGHLOW"}, {"RVA": 35150, "Type": "HIGHLOW"}, {"RVA": 35168, "Type": "HIGHLOW"}, {"RVA": 35186, "Type": "HIGHLOW"}, {"RVA": 35204, "Type": "HIGHLOW"}, {"RVA": 35222, "Type": "HIGHLOW"}, {"RVA": 35260, "Type": "HIGHLOW"}, {"RVA": 35278, "Type": "HIGHLOW"}, {"RVA": 35296, "Type": "HIGHLOW"}, {"RVA": 35314, "Type": "HIGHLOW"}, {"RVA": 35332, "Type": "HIGHLOW"}, {"RVA": 35350, "Type": "HIGHLOW"}, {"RVA": 35368, "Type": "HIGHLOW"}, {"RVA": 35386, "Type": "HIGHLOW"}, {"RVA": 35404, "Type": "HIGHLOW"}, {"RVA": 35422, "Type": "HIGHLOW"}, {"RVA": 35440, "Type": "HIGHLOW"}, {"RVA": 35458, "Type": "HIGHLOW"}, {"RVA": 35476, "Type": "HIGHLOW"}, {"RVA": 35560, "Type": "HIGHLOW"}, {"RVA": 35573, "Type": "HIGHLOW"}, {"RVA": 35598, "Type": "HIGHLOW"}, {"RVA": 35628, "Type": "HIGHLOW"}, {"RVA": 35688, "Type": "HIGHLOW"}, {"RVA": 35728, "Type": "HIGHLOW"}, {"RVA": 35866, "Type": "HIGHLOW"}, {"RVA": 36384, "Type": "HIGHLOW"}, {"RVA": 36391, "Type": "HIGHLOW"}, {"RVA": 36563, "Type": "HIGHLOW"}, {"RVA": 36624, "Type": "HIGHLOW"}, {"RVA": 36634, "Type": "HIGHLOW"}, {"RVA": 36658, "Type": "HIGHLOW"}, {"RVA": 36699, "Type": "HIGHLOW"}, {"RVA": 36749, "Type": "HIGHLOW"}, {"RVA": 36789, "Type": "HIGHLOW"}, {"RVA": 32768, "Type": "ABSOLUTE"}], [{"SizeOfBlock": {"FileOffset": 52748, "Value": 64, "Offset": 4}, "VirtualAddress": {"FileOffset": 52744, "Value": 36864, "Offset": 0}, "Structure": "IMAGE_BASE_RELOCATION"}, {"RVA": 36949, "Type": "HIGHLOW"}, {"RVA": 36962, "Type": "HIGHLOW"}, {"RVA": 36993, "Type": "HIGHLOW"}, {"RVA": 37070, "Type": "HIGHLOW"}, {"RVA": 37089, "Type": "HIGHLOW"}, {"RVA": 37113, "Type": "HIGHLOW"}, {"RVA": 37145, "Type": "HIGHLOW"}, {"RVA": 37228, "Type": "HIGHLOW"}, {"RVA": 37268, "Type": "HIGHLOW"}, {"RVA": 37293, "Type": "HIGHLOW"}, {"RVA": 37321, "Type": "HIGHLOW"}, {"RVA": 37366, "Type": "HIGHLOW"}, {"RVA": 37411, "Type": "HIGHLOW"}, {"RVA": 37422, "Type": "HIGHLOW"}, {"RVA": 37468, "Type": "HIGHLOW"}, {"RVA": 37482, "Type": "HIGHLOW"}, {"RVA": 37503, "Type": "HIGHLOW"}, {"RVA": 37509, "Type": "HIGHLOW"}, {"RVA": 37514, "Type": "HIGHLOW"}, {"RVA": 37520, "Type": "HIGHLOW"}, {"RVA": 37537, "Type": "HIGHLOW"}, {"RVA": 37860, "Type": "HIGHLOW"}, {"RVA": 37873, "Type": "HIGHLOW"}, {"RVA": 37889, "Type": "HIGHLOW"}, {"RVA": 37908, "Type": "HIGHLOW"}, {"RVA": 37918, "Type": "HIGHLOW"}, {"RVA": 37928, "Type": "HIGHLOW"}, {"RVA": 36864, "Type": "ABSOLUTE"}], [{"SizeOfBlock": {"FileOffset": 52812, "Value": 72, "Offset": 4}, "VirtualAddress": {"FileOffset": 52808, "Value": 40960, "Offset": 0}, "Structure": "IMAGE_BASE_RELOCATION"}, {"RVA": 41264, "Type": "HIGHLOW"}, {"RVA": 41276, "Type": "HIGHLOW"}, {"RVA": 41280, "Type": "HIGHLOW"}, {"RVA": 41284, "Type": "HIGHLOW"}, {"RVA": 41288, "Type": "HIGHLOW"}, {"RVA": 41292, "Type": "HIGHLOW"}, {"RVA": 41304, "Type": "HIGHLOW"}, {"RVA": 41308, "Type": "HIGHLOW"}, {"RVA": 41328, "Type": "HIGHLOW"}, {"RVA": 41332, "Type": "HIGHLOW"}, {"RVA": 43676, "Type": "HIGHLOW"}, {"RVA": 43684, "Type": "HIGHLOW"}, {"RVA": 43692, "Type": "HIGHLOW"}, {"RVA": 43700, "Type": "HIGHLOW"}, {"RVA": 43708, "Type": "HIGHLOW"}, {"RVA": 43716, "Type": "HIGHLOW"}, {"RVA": 43724, "Type": "HIGHLOW"}, {"RVA": 43732, "Type": "HIGHLOW"}, {"RVA": 43740, "Type": "HIGHLOW"}, {"RVA": 43748, "Type": "HIGHLOW"}, {"RVA": 43756, "Type": "HIGHLOW"}, {"RVA": 43764, "Type": "HIGHLOW"}, {"RVA": 43772, "Type": "HIGHLOW"}, {"RVA": 43780, "Type": "HIGHLOW"}, {"RVA": 43788, "Type": "HIGHLOW"}, {"RVA": 43796, "Type": "HIGHLOW"}, {"RVA": 43804, "Type": "HIGHLOW"}, {"RVA": 43812, "Type": "HIGHLOW"}, {"RVA": 43820, "Type": "HIGHLOW"}, {"RVA": 43828, "Type": "HIGHLOW"}, {"RVA": 43836, "Type": "HIGHLOW"}, {"RVA": 43844, "Type": "HIGHLOW"}], [{"SizeOfBlock": {"FileOffset": 52884, "Value": 204, "Offset": 4}, "VirtualAddress": {"FileOffset": 52880, "Value": 45056, "Offset": 0}, "Structure": "IMAGE_BASE_RELOCATION"}, {"RVA": 46656, "Type": "HIGHLOW"}, {"RVA": 46660, "Type": "HIGHLOW"}, {"RVA": 46664, "Type": "HIGHLOW"}, {"RVA": 46668, "Type": "HIGHLOW"}, {"RVA": 46672, "Type": "HIGHLOW"}, {"RVA": 46676, "Type": "HIGHLOW"}, {"RVA": 46680, "Type": "HIGHLOW"}, {"RVA": 46684, "Type": "HIGHLOW"}, {"RVA": 46688, "Type": "HIGHLOW"}, {"RVA": 46692, "Type": "HIGHLOW"}, {"RVA": 46696, "Type": "HIGHLOW"}, {"RVA": 46700, "Type": "HIGHLOW"}, {"RVA": 46704, "Type": "HIGHLOW"}, {"RVA": 46708, "Type": "HIGHLOW"}, {"RVA": 46712, "Type": "HIGHLOW"}, {"RVA": 46716, "Type": "HIGHLOW"}, {"RVA": 46720, "Type": "HIGHLOW"}, {"RVA": 46724, "Type": "HIGHLOW"}, {"RVA": 46728, "Type": "HIGHLOW"}, {"RVA": 46732, "Type": "HIGHLOW"}, {"RVA": 46736, "Type": "HIGHLOW"}, {"RVA": 46740, "Type": "HIGHLOW"}, {"RVA": 46744, "Type": "HIGHLOW"}, {"RVA": 46748, "Type": "HIGHLOW"}, {"RVA": 46752, "Type": "HIGHLOW"}, {"RVA": 46756, "Type": "HIGHLOW"}, {"RVA": 46760, "Type": "HIGHLOW"}, {"RVA": 46764, "Type": "HIGHLOW"}, {"RVA": 46768, "Type": "HIGHLOW"}, {"RVA": 46772, "Type": "HIGHLOW"}, {"RVA": 46776, "Type": "HIGHLOW"}, {"RVA": 46780, "Type": "HIGHLOW"}, {"RVA": 46784, "Type": "HIGHLOW"}, {"RVA": 46788, "Type": "HIGHLOW"}, {"RVA": 46792, "Type": "HIGHLOW"}, {"RVA": 46796, "Type": "HIGHLOW"}, {"RVA": 46800, "Type": "HIGHLOW"}, {"RVA": 46804, "Type": "HIGHLOW"}, {"RVA": 46808, "Type": "HIGHLOW"}, {"RVA": 46812, "Type": "HIGHLOW"}, {"RVA": 46816, "Type": "HIGHLOW"}, {"RVA": 46820, "Type": "HIGHLOW"}, {"RVA": 46824, "Type": "HIGHLOW"}, {"RVA": 46828, "Type": "HIGHLOW"}, {"RVA": 46832, "Type": "HIGHLOW"}, {"RVA": 46836, "Type": "HIGHLOW"}, {"RVA": 46840, "Type": "HIGHLOW"}, {"RVA": 46844, "Type": "HIGHLOW"}, {"RVA": 46848, "Type": "HIGHLOW"}, {"RVA": 46852, "Type": "HIGHLOW"}, {"RVA": 46856, "Type": "HIGHLOW"}, {"RVA": 46860, "Type": "HIGHLOW"}, {"RVA": 46864, "Type": "HIGHLOW"}, {"RVA": 46868, "Type": "HIGHLOW"}, {"RVA": 46872, "Type": "HIGHLOW"}, {"RVA": 46876, "Type": "HIGHLOW"}, {"RVA": 46880, "Type": "HIGHLOW"}, {"RVA": 46884, "Type": "HIGHLOW"}, {"RVA": 46888, "Type": "HIGHLOW"}, {"RVA": 46892, "Type": "HIGHLOW"}, {"RVA": 46896, "Type": "HIGHLOW"}, {"RVA": 46900, "Type": "HIGHLOW"}, {"RVA": 46904, "Type": "HIGHLOW"}, {"RVA": 46908, "Type": "HIGHLOW"}, {"RVA": 46912, "Type": "HIGHLOW"}, {"RVA": 46916, "Type": "HIGHLOW"}, {"RVA": 46920, "Type": "HIGHLOW"}, {"RVA": 46924, "Type": "HIGHLOW"}, {"RVA": 46928, "Type": "HIGHLOW"}, {"RVA": 46932, "Type": "HIGHLOW"}, {"RVA": 46936, "Type": "HIGHLOW"}, {"RVA": 46940, "Type": "HIGHLOW"}, {"RVA": 46944, "Type": "HIGHLOW"}, {"RVA": 46948, "Type": "HIGHLOW"}, {"RVA": 46952, "Type": "HIGHLOW"}, {"RVA": 46956, "Type": "HIGHLOW"}, {"RVA": 46960, "Type": "HIGHLOW"}, {"RVA": 46964, "Type": "HIGHLOW"}, {"RVA": 46968, "Type": "HIGHLOW"}, {"RVA": 46972, "Type": "HIGHLOW"}, {"RVA": 46976, "Type": "HIGHLOW"}, {"RVA": 46980, "Type": "HIGHLOW"}, {"RVA": 46984, "Type": "HIGHLOW"}, {"RVA": 46988, "Type": "HIGHLOW"}, {"RVA": 46992, "Type": "HIGHLOW"}, {"RVA": 46996, "Type": "HIGHLOW"}, {"RVA": 47000, "Type": "HIGHLOW"}, {"RVA": 47004, "Type": "HIGHLOW"}, {"RVA": 47008, "Type": "HIGHLOW"}, {"RVA": 47012, "Type": "HIGHLOW"}, {"RVA": 47016, "Type": "HIGHLOW"}, {"RVA": 47020, "Type": "HIGHLOW"}, {"RVA": 47024, "Type": "HIGHLOW"}, {"RVA": 47028, "Type": "HIGHLOW"}, {"RVA": 47032, "Type": "HIGHLOW"}, {"RVA": 47036, "Type": "HIGHLOW"}, {"RVA": 47040, "Type": "HIGHLOW"}, {"RVA": 45056, "Type": "ABSOLUTE"}], [{"SizeOfBlock": {"FileOffset": 53088, "Value": 68, "Offset": 4}, "VirtualAddress": {"FileOffset": 53084, "Value": 49152, "Offset": 0}, "Structure": "IMAGE_BASE_RELOCATION"}, {"RVA": 49756, "Type": "HIGHLOW"}, {"RVA": 49760, "Type": "HIGHLOW"}, {"RVA": 49832, "Type": "HIGHLOW"}, {"RVA": 49864, "Type": "HIGHLOW"}, {"RVA": 49896, "Type": "HIGHLOW"}, {"RVA": 49924, "Type": "HIGHLOW"}, {"RVA": 49928, "Type": "HIGHLOW"}, {"RVA": 49960, "Type": "HIGHLOW"}, {"RVA": 49992, "Type": "HIGHLOW"}, {"RVA": 50004, "Type": "HIGHLOW"}, {"RVA": 50032, "Type": "HIGHLOW"}, {"RVA": 50044, "Type": "HIGHLOW"}, {"RVA": 50072, "Type": "HIGHLOW"}, {"RVA": 50100, "Type": "HIGHLOW"}, {"RVA": 50104, "Type": "HIGHLOW"}, {"RVA": 50136, "Type": "HIGHLOW"}, {"RVA": 50164, "Type": "HIGHLOW"}, {"RVA": 50168, "Type": "HIGHLOW"}, {"RVA": 50200, "Type": "HIGHLOW"}, {"RVA": 50232, "Type": "HIGHLOW"}, {"RVA": 50244, "Type": "HIGHLOW"}, {"RVA": 50272, "Type": "HIGHLOW"}, {"RVA": 50304, "Type": "HIGHLOW"}, {"RVA": 50336, "Type": "HIGHLOW"}, {"RVA": 50368, "Type": "HIGHLOW"}, {"RVA": 50400, "Type": "HIGHLOW"}, {"RVA": 50432, "Type": "HIGHLOW"}, {"RVA": 50464, "Type": "HIGHLOW"}, {"RVA": 50496, "Type": "HIGHLOW"}, {"RVA": 50528, "Type": "HIGHLOW"}], [{"SizeOfBlock": {"FileOffset": 53156, "Value": 276, "Offset": 4}, "VirtualAddress": {"FileOffset": 53152, "Value": 53248, "Offset": 0}, "Structure": "IMAGE_BASE_RELOCATION"}, {"RVA": 53264, "Type": "HIGHLOW"}, {"RVA": 53272, "Type": "HIGHLOW"}, {"RVA": 53904, "Type": "HIGHLOW"}, {"RVA": 53908, "Type": "HIGHLOW"}, {"RVA": 54648, "Type": "HIGHLOW"}, {"RVA": 54652, "Type": "HIGHLOW"}, {"RVA": 54656, "Type": "HIGHLOW"}, {"RVA": 54660, "Type": "HIGHLOW"}, {"RVA": 54664, "Type": "HIGHLOW"}, {"RVA": 54668, "Type": "HIGHLOW"}, {"RVA": 54672, "Type": "HIGHLOW"}, {"RVA": 54676, "Type": "HIGHLOW"}, {"RVA": 54680, "Type": "HIGHLOW"}, {"RVA": 54684, "Type": "HIGHLOW"}, {"RVA": 55752, "Type": "HIGHLOW"}, {"RVA": 56008, "Type": "HIGHLOW"}, {"RVA": 56012, "Type": "HIGHLOW"}, {"RVA": 56016, "Type": "HIGHLOW"}, {"RVA": 56020, "Type": "HIGHLOW"}, {"RVA": 56024, "Type": "HIGHLOW"}, {"RVA": 56028, "Type": "HIGHLOW"}, {"RVA": 56032, "Type": "HIGHLOW"}, {"RVA": 56036, "Type": "HIGHLOW"}, {"RVA": 56040, "Type": "HIGHLOW"}, {"RVA": 56044, "Type": "HIGHLOW"}, {"RVA": 56048, "Type": "HIGHLOW"}, {"RVA": 56052, "Type": "HIGHLOW"}, {"RVA": 56056, "Type": "HIGHLOW"}, {"RVA": 56060, "Type": "HIGHLOW"}, {"RVA": 56064, "Type": "HIGHLOW"}, {"RVA": 56068, "Type": "HIGHLOW"}, {"RVA": 56072, "Type": "HIGHLOW"}, {"RVA": 56076, "Type": "HIGHLOW"}, {"RVA": 56080, "Type": "HIGHLOW"}, {"RVA": 56084, "Type": "HIGHLOW"}, {"RVA": 56088, "Type": "HIGHLOW"}, {"RVA": 56092, "Type": "HIGHLOW"}, {"RVA": 56096, "Type": "HIGHLOW"}, {"RVA": 56100, "Type": "HIGHLOW"}, {"RVA": 56104, "Type": "HIGHLOW"}, {"RVA": 56108, "Type": "HIGHLOW"}, {"RVA": 56112, "Type": "HIGHLOW"}, {"RVA": 56116, "Type": "HIGHLOW"}, {"RVA": 56120, "Type": "HIGHLOW"}, {"RVA": 56124, "Type": "HIGHLOW"}, {"RVA": 56128, "Type": "HIGHLOW"}, {"RVA": 56132, "Type": "HIGHLOW"}, {"RVA": 56136, "Type": "HIGHLOW"}, {"RVA": 56140, "Type": "HIGHLOW"}, {"RVA": 56144, "Type": "HIGHLOW"}, {"RVA": 56148, "Type": "HIGHLOW"}, {"RVA": 56152, "Type": "HIGHLOW"}, {"RVA": 56156, "Type": "HIGHLOW"}, {"RVA": 56160, "Type": "HIGHLOW"}, {"RVA": 56164, "Type": "HIGHLOW"}, {"RVA": 56168, "Type": "HIGHLOW"}, {"RVA": 56172, "Type": "HIGHLOW"}, {"RVA": 56176, "Type": "HIGHLOW"}, {"RVA": 56192, "Type": "HIGHLOW"}, {"RVA": 56196, "Type": "HIGHLOW"}, {"RVA": 56200, "Type": "HIGHLOW"}, {"RVA": 56204, "Type": "HIGHLOW"}, {"RVA": 56208, "Type": "HIGHLOW"}, {"RVA": 56212, "Type": "HIGHLOW"}, {"RVA": 56216, "Type": "HIGHLOW"}, {"RVA": 56220, "Type": "HIGHLOW"}, {"RVA": 56224, "Type": "HIGHLOW"}, {"RVA": 56228, "Type": "HIGHLOW"}, {"RVA": 56232, "Type": "HIGHLOW"}, {"RVA": 56236, "Type": "HIGHLOW"}, {"RVA": 56240, "Type": "HIGHLOW"}, {"RVA": 56244, "Type": "HIGHLOW"}, {"RVA": 56248, "Type": "HIGHLOW"}, {"RVA": 56252, "Type": "HIGHLOW"}, {"RVA": 56256, "Type": "HIGHLOW"}, {"RVA": 56260, "Type": "HIGHLOW"}, {"RVA": 56264, "Type": "HIGHLOW"}, {"RVA": 56268, "Type": "HIGHLOW"}, {"RVA": 56272, "Type": "HIGHLOW"}, {"RVA": 56276, "Type": "HIGHLOW"}, {"RVA": 56280, "Type": "HIGHLOW"}, {"RVA": 56284, "Type": "HIGHLOW"}, {"RVA": 56288, "Type": "HIGHLOW"}, {"RVA": 56292, "Type": "HIGHLOW"}, {"RVA": 56296, "Type": "HIGHLOW"}, {"RVA": 56300, "Type": "HIGHLOW"}, {"RVA": 56304, "Type": "HIGHLOW"}, {"RVA": 56308, "Type": "HIGHLOW"}, {"RVA": 56312, "Type": "HIGHLOW"}, {"RVA": 56316, "Type": "HIGHLOW"}, {"RVA": 56320, "Type": "HIGHLOW"}, {"RVA": 56324, "Type": "HIGHLOW"}, {"RVA": 56328, "Type": "HIGHLOW"}, {"RVA": 56332, "Type": "HIGHLOW"}, {"RVA": 56336, "Type": "HIGHLOW"}, {"RVA": 56340, "Type": "HIGHLOW"}, {"RVA": 56344, "Type": "HIGHLOW"}, {"RVA": 56348, "Type": "HIGHLOW"}, {"RVA": 56352, "Type": "HIGHLOW"}, {"RVA": 56356, "Type": "HIGHLOW"}, {"RVA": 56360, "Type": "HIGHLOW"}, {"RVA": 56456, "Type": "HIGHLOW"}, {"RVA": 56472, "Type": "HIGHLOW"}, {"RVA": 56488, "Type": "HIGHLOW"}, {"RVA": 56504, "Type": "HIGHLOW"}, {"RVA": 56520, "Type": "HIGHLOW"}, {"RVA": 56556, "Type": "HIGHLOW"}, {"RVA": 56568, "Type": "HIGHLOW"}, {"RVA": 56572, "Type": "HIGHLOW"}, {"RVA": 56576, "Type": "HIGHLOW"}, {"RVA": 56580, "Type": "HIGHLOW"}, {"RVA": 56584, "Type": "HIGHLOW"}, {"RVA": 56632, "Type": "HIGHLOW"}, {"RVA": 56636, "Type": "HIGHLOW"}, {"RVA": 56640, "Type": "HIGHLOW"}, {"RVA": 56644, "Type": "HIGHLOW"}, {"RVA": 56648, "Type": "HIGHLOW"}, {"RVA": 56652, "Type": "HIGHLOW"}, {"RVA": 56656, "Type": "HIGHLOW"}, {"RVA": 56660, "Type": "HIGHLOW"}, {"RVA": 56664, "Type": "HIGHLOW"}, {"RVA": 56668, "Type": "HIGHLOW"}, {"RVA": 56680, "Type": "HIGHLOW"}, {"RVA": 56684, "Type": "HIGHLOW"}, {"RVA": 56688, "Type": "HIGHLOW"}, {"RVA": 56692, "Type": "HIGHLOW"}, {"RVA": 56696, "Type": "HIGHLOW"}, {"RVA": 56700, "Type": "HIGHLOW"}, {"RVA": 56704, "Type": "HIGHLOW"}, {"RVA": 56708, "Type": "HIGHLOW"}, {"RVA": 56712, "Type": "HIGHLOW"}, {"RVA": 56716, "Type": "HIGHLOW"}, {"RVA": 56720, "Type": "HIGHLOW"}, {"RVA": 56736, "Type": "HIGHLOW"}]], "NT_HEADERS": {"Structure": "IMAGE_NT_HEADERS", "Signature": {"FileOffset": 232, "Value": 17744, "Offset": 0}}, "LOAD_CONFIG": {"TimeDateStamp": {"FileOffset": 44068, "Value": "0x0        [Thu Jan  1 00:00:00 1970 UTC]", "Offset": 4}, "ProcessHeapFlags": {"FileOffset": 44108, "Value": 0, "Offset": 44}, "CSDVersion": {"FileOffset": 44116, "Value": 0, "Offset": 52}, "GuardCFFunctionCount": {"FileOffset": 44148, "Value": 23552, "Offset": 84}, "SEHandlerCount": {"FileOffset": 44132, "Value": 3, "Offset": 68}, "GuardCFCheckFunctionPointer": {"FileOffset": 44136, "Value": 0, "Offset": 72}, "GlobalFlagsClear": {"FileOffset": 44076, "Value": 0, "Offset": 12}, "ProcessAffinityMask": {"FileOffset": 44112, "Value": 0, "Offset": 48}, "VirtualMemoryThreshold": {"FileOffset": 44104, "Value": 0, "Offset": 40}, "LockPrefixTable": {"FileOffset": 44096, "Value": 0, "Offset": 32}, "MaximumAllocationSize": {"FileOffset": 44100, "Value": 0, "Offset": 36}, "Structure": "IMAGE_LOAD_CONFIG_DIRECTORY", "SEHandlerTable": {"FileOffset": 44128, "Value": 4244080, "Offset": 64}, "GuardCFFunctionTable": {"FileOffset": 44144, "Value": 9664, "Offset": 80}, "DeCommitFreeBlockThreshold": {"FileOffset": 44088, "Value": 0, "Offset": 24}, "MinorVersion": {"FileOffset": 44074, "Value": 0, "Offset": 10}, "MajorVersion": {"FileOffset": 44072, "Value": 0, "Offset": 8}, "Reserved1": {"FileOffset": 44118, "Value": 0, "Offset": 54}, "SecurityCookie": {"FileOffset": 44124, "Value": 4247556, "Offset": 60}, "GlobalFlagsSet": {"FileOffset": 44080, "Value": 0, "Offset": 16}, "CriticalSectionDefaultTimeout": {"FileOffset": 44084, "Value": 0, "Offset": 20}, "DeCommitTotalFreeThreshold": {"FileOffset": 44092, "Value": 0, "Offset": 28}, "Reserved2": {"FileOffset": 44140, "Value": 0, "Offset": 76}, "EditList": {"FileOffset": 44120, "Value": 0, "Offset": 56}, "GuardFlags": {"FileOffset": 44152, "Value": 30672, "Offset": 88}, "Size": {"FileOffset": 44064, "Value": 72, "Offset": 0}}, "Flags": ["IMAGE_FILE_32BIT_MACHINE", "IMAGE_FILE_EXECUTABLE_IMAGE"], "Imported symbols": [[{"TimeDateStamp": {"FileOffset": 44904, "Value": "0x0        [Thu Jan  1 00:00:00 1970 UTC]", "Offset": 4}, "Name": {"FileOffset": 44912, "Value": 51138, "Offset": 12}, "ForwarderChain": {"FileOffset": 44908, "Value": 0, "Offset": 8}, "OriginalFirstThunk": {"FileOffset": 44900, "Value": 50608, "Offset": 0}, "FirstThunk": {"FileOffset": 44916, "Value": 40976, "Offset": 16}, "Characteristics": {"FileOffset": 44900, "Value": 50608, "Offset": 0}, "Structure": "IMAGE_IMPORT_DESCRIPTOR"}, {"Hint": 719, "Name": "HeapFree", "DLL": "KERNEL32.dll"}, {"Hint": 627, "Name": "GetSystemInfo", "DLL": "KERNEL32.dll"}, {"Hint": 1266, "Name": "VirtualQueryEx", "DLL": "KERNEL32.dll"}, {"Hint": 963, "Name": "ReadProcessMemory", "DLL": "KERNEL32.dll"}, {"Hint": 190, "Name": "CreateToolhelp32Snapshot", "DLL": "KERNEL32.dll"}, {"Hint": 586, "Name": "GetProcessHeap", "DLL": "KERNEL32.dll"}, {"Hint": 918, "Name": "Process32FirstW", "DLL": "KERNEL32.dll"}, {"Hint": 449, "Name": "GetCurrentProcessId", "DLL": "KERNEL32.dll"}, {"Hint": 896, "Name": "OpenProcess", "DLL": "KERNEL32.dll"}, {"Hint": 920, "Name": "Process32NextW", "DLL": "KERNEL32.dll"}, {"Hint": 715, "Name": "HeapAlloc", "DLL": "KERNEL32.dll"}, {"Hint": 82, "Name": "CloseHandle", "DLL": "KERNEL32.dll"}, {"Hint": 514, "Name": "GetLastError", "DLL": "KERNEL32.dll"}, {"Hint": 448, "Name": "GetCurrentProcess", "DLL": "KERNEL32.dll"}, {"Hint": 234, "Name": "EncodePointer", "DLL": "KERNEL32.dll"}, {"Hint": 202, "Name": "DecodePointer", "DLL": "KERNEL32.dll"}, {"Hint": 391, "Name": "GetCommandLineW", "DLL": "KERNEL32.dll"}, {"Hint": 723, "Name": "HeapSetInformation", "DLL": "KERNEL32.dll"}, {"Hint": 1216, "Name": "TerminateProcess", "DLL": "KERNEL32.dll"}, {"Hint": 1235, "Name": "UnhandledExceptionFilter", "DLL": "KERNEL32.dll"}, {"Hint": 1189, "Name": "SetUnhandledExceptionFilter", "DLL": "KERNEL32.dll"}, {"Hint": 768, "Name": "IsDebuggerPresent", "DLL": "KERNEL32.dll"}, {"Hint": 772, "Name": "IsProcessorFeaturePresent", "DLL": "KERNEL32.dll"}, {"Hint": 1202, "Name": "Sleep", "DLL": "KERNEL32.dll"}, {"Hint": 724, "Name": "HeapSize", "DLL": "KERNEL32.dll"}, {"Hint": 581, "Name": "GetProcAddress", "DLL": "KERNEL32.dll"}, {"Hint": 536, "Name": "GetModuleHandleW", "DLL": "KERNEL32.dll"}, {"Hint": 281, "Name": "ExitProcess", "DLL": "KERNEL32.dll"}, {"Hint": 238, "Name": "EnterCriticalSection", "DLL": "KERNEL32.dll"}, {"Hint": 825, "Name": "LeaveCriticalSection", "DLL": "KERNEL32.dll"}, {"Hint": 1317, "Name": "WriteFile", "DLL": "KERNEL32.dll"}, {"Hint": 612, "Name": "GetStdHandle", "DLL": "KERNEL32.dll"}, {"Hint": 532, "Name": "GetModuleFileNameW", "DLL": "KERNEL32.dll"}, {"Hint": 353, "Name": "FreeEnvironmentStringsW", "DLL": "KERNEL32.dll"}, {"Hint": 474, "Name": "GetEnvironmentStringsW", "DLL": "KERNEL32.dll"}, {"Hint": 1135, "Name": "SetHandleCount", "DLL": "KERNEL32.dll"}, {"Hint": 739, "Name": "InitializeCriticalSectionAndSpinCount", "DLL": "KERNEL32.dll"}, {"Hint": 499, "Name": "GetFileType", "DLL": "KERNEL32.dll"}, {"Hint": 611, "Name": "GetStartupInfoW", "DLL": "KERNEL32.dll"}, {"Hint": 209, "Name": "DeleteCriticalSection", "DLL": "KERNEL32.dll"}, {"Hint": 1221, "Name": "TlsAlloc", "DLL": "KERNEL32.dll"}, {"Hint": 1223, "Name": "TlsGetValue", "DLL": "KERNEL32.dll"}, {"Hint": 1224, "Name": "TlsSetValue", "DLL": "KERNEL32.dll"}, {"Hint": 1222, "Name": "TlsFree", "DLL": "KERNEL32.dll"}, {"Hint": 751, "Name": "InterlockedIncrement", "DLL": "KERNEL32.dll"}, {"Hint": 1139, "Name": "SetLastError", "DLL": "KERNEL32.dll"}, {"Hint": 453, "Name": "GetCurrentThreadId", "DLL": "KERNEL32.dll"}, {"Hint": 747, "Name": "InterlockedDecrement", "DLL": "KERNEL32.dll"}, {"Hint": 717, "Name": "HeapCreate", "DLL": "KERNEL32.dll"}, {"Hint": 935, "Name": "QueryPerformanceCounter", "DLL": "KERNEL32.dll"}, {"Hint": 659, "Name": "GetTickCount", "DLL": "KERNEL32.dll"}, {"Hint": 633, "Name": "GetSystemTimeAsFileTime", "DLL": "KERNEL32.dll"}, {"Hint": 722, "Name": "HeapReAlloc", "DLL": "KERNEL32.dll"}, {"Hint": 831, "Name": "LoadLibraryW", "DLL": "KERNEL32.dll"}, {"Hint": 1048, "Name": "RtlUnwind", "DLL": "KERNEL32.dll"}, {"Hint": 370, "Name": "GetCPInfo", "DLL": "KERNEL32.dll"}, {"Hint": 360, "Name": "GetACP", "DLL": "KERNEL32.dll"}, {"Hint": 567, "Name": "GetOEMCP", "DLL": "KERNEL32.dll"}, {"Hint": 778, "Name": "IsValidCodePage", "DLL": "KERNEL32.dll"}, {"Hint": 1297, "Name": "WideCharToMultiByte", "DLL": "KERNEL32.dll"}, {"Hint": 871, "Name": "MultiByteToWideChar", "DLL": "KERNEL32.dll"}, {"Hint": 410, "Name": "GetConsoleCP", "DLL": "KERNEL32.dll"}, {"Hint": 428, "Name": "GetConsoleMode", "DLL": "KERNEL32.dll"}, {"Hint": 343, "Name": "FlushFileBuffers", "DLL": "KERNEL32.dll"}, {"Hint": 813, "Name": "LCMapStringW", "DLL": "KERNEL32.dll"}, {"Hint": 617, "Name": "GetStringTypeW", "DLL": "KERNEL32.dll"}, {"Hint": 1126, "Name": "SetFilePointer", "DLL": "KERNEL32.dll"}, {"Hint": 1316, "Name": "WriteConsoleW", "DLL": "KERNEL32.dll"}, {"Hint": 1159, "Name": "SetStdHandle", "DLL": "KERNEL32.dll"}, {"Hint": 143, "Name": "CreateFileW", "DLL": "KERNEL32.dll"}], [{"TimeDateStamp": {"FileOffset": 44924, "Value": "0x0        [Thu Jan  1 00:00:00 1970 UTC]", "Offset": 4}, "Name": {"FileOffset": 44932, "Value": 51220, "Offset": 12}, "ForwarderChain": {"FileOffset": 44928, "Value": 0, "Offset": 8}, "OriginalFirstThunk": {"FileOffset": 44920, "Value": 50592, "Offset": 0}, "FirstThunk": {"FileOffset": 44936, "Value": 40960, "Offset": 16}, "Characteristics": {"FileOffset": 44920, "Value": 50592, "Offset": 0}, "Structure": "IMAGE_IMPORT_DESCRIPTOR"}, {"Hint": 407, "Name": "LookupPrivilegeValueW", "DLL": "ADVAPI32.dll"}, {"Hint": 503, "Name": "OpenProcessToken", "DLL": "ADVAPI32.dll"}, {"Hint": 31, "Name": "AdjustTokenPrivileges", "DLL": "ADVAPI32.dll"}]], "PE Sections": [{"PointerToRawData": {"FileOffset": 500, "Value": 1024, "Offset": 20}, "SHA1": "4fbee3f0de18875dfaf379708df800938781db65", "SHA256": "17f60632e0900188d2a4b73c81e7bf65bcce4e372230a710142c42a5506e724d", "Name": {"FileOffset": 480, "Value": ".text", "Offset": 0}, "NumberOfRelocations": {"FileOffset": 512, "Value": 0, "Offset": 32}, "Misc_VirtualSize": {"FileOffset": 488, "Value": 33841, "Offset": 8}, "Characteristics": {"FileOffset": 516, "Value": 1610612768, "Offset": 36}, "Misc": {"FileOffset": 488, "Value": 33841, "Offset": 8}, "PointerToLinenumbers": {"FileOffset": 508, "Value": 0, "Offset": 28}, "SizeOfRawData": {"FileOffset": 496, "Value": 34304, "Offset": 16}, "Misc_PhysicalAddress": {"FileOffset": 488, "Value": 33841, "Offset": 8}, "PointerToRelocations": {"FileOffset": 504, "Value": 0, "Offset": 24}, "Flags": ["IMAGE_SCN_MEM_EXECUTE", "IMAGE_SCN_CNT_CODE", "IMAGE_SCN_MEM_READ"], "SHA512": "28d4797f0acab8bf26c4d758778e31c82c09b6020e9a2ba0289c537fee3e567f8422a24f859981aefe285eb9881445ed4b9fc28cdfbf1fcbb5a880ebccd3676c", "MD5": "adad5afd052d50e58b0238bb3ee887c9", "Entropy": 6.4692362915289925, "VirtualAddress": {"FileOffset": 492, "Value": 4096, "Offset": 12}, "Structure": "IMAGE_SECTION_HEADER", "NumberOfLinenumbers": {"FileOffset": 514, "Value": 0, "Offset": 34}}, {"PointerToRawData": {"FileOffset": 540, "Value": 35328, "Offset": 20}, "SHA1": "99726eafd42cff9f52e2bdbcb6c65d4b20ae54be", "SHA256": "86d4533fcc9fe3f4b521c7416ef1168dd700fa3869382a97223d31266609e764", "Name": {"FileOffset": 520, "Value": ".rdata", "Offset": 0}, "NumberOfRelocations": {"FileOffset": 552, "Value": 0, "Offset": 32}, "Misc_VirtualSize": {"FileOffset": 528, "Value": 11316, "Offset": 8}, "Characteristics": {"FileOffset": 556, "Value": 1073741888, "Offset": 36}, "Misc": {"FileOffset": 528, "Value": 11316, "Offset": 8}, "PointerToLinenumbers": {"FileOffset": 548, "Value": 0, "Offset": 28}, "SizeOfRawData": {"FileOffset": 536, "Value": 11776, "Offset": 16}, "Misc_PhysicalAddress": {"FileOffset": 528, "Value": 11316, "Offset": 8}, "PointerToRelocations": {"FileOffset": 544, "Value": 0, "Offset": 24}, "Flags": ["IMAGE_SCN_CNT_INITIALIZED_DATA", "IMAGE_SCN_MEM_READ"], "SHA512": "143ae73b4b8696062bc4cfed6d66098797cde551a921ad22c41498445e76bd7b6a3f05111eaa0208e0280d748d970f1b1b65ec3568901368843bb6ad9d2e7fa0", "MD5": "583fae91b1131e76af83fa7ffb94f2b5", "Entropy": 4.915190422600909, "VirtualAddress": {"FileOffset": 532, "Value": 40960, "Offset": 12}, "Structure": "IMAGE_SECTION_HEADER", "NumberOfLinenumbers": {"FileOffset": 554, "Value": 0, "Offset": 34}}, {"PointerToRawData": {"FileOffset": 580, "Value": 47104, "Offset": 20}, "SHA1": "9cf4a46d5968e3a25252231ee9f4118f1f7d9f28", "SHA256": "8c8baf3e1777608f51b72ed65a42e34c77af7fc00a7f7040bb6a55b5e6811714", "Name": {"FileOffset": 560, "Value": ".data", "Offset": 0}, "NumberOfRelocations": {"FileOffset": 592, "Value": 0, "Offset": 32}, "Misc_VirtualSize": {"FileOffset": 568, "Value": 12012, "Offset": 8}, "Characteristics": {"FileOffset": 596, "Value": 3221225536, "Offset": 36}, "Misc": {"FileOffset": 568, "Value": 12012, "Offset": 8}, "PointerToLinenumbers": {"FileOffset": 588, "Value": 0, "Offset": 28}, "SizeOfRawData": {"FileOffset": 576, "Value": 3584, "Offset": 16}, "Misc_PhysicalAddress": {"FileOffset": 568, "Value": 12012, "Offset": 8}, "PointerToRelocations": {"FileOffset": 584, "Value": 0, "Offset": 24}, "Flags": ["IMAGE_SCN_CNT_INITIALIZED_DATA", "IMAGE_SCN_MEM_WRITE", "IMAGE_SCN_MEM_READ"], "SHA512": "f5ad5f7934b05e36f8d5b16b1e4057b45da0aa43852cc0acac49f0cf6e0257355ef7539fe147701fd69f8ad82ea3f14bed0b361035a4a798e0ca90fb3bc70a17", "MD5": "8485bb58121b599bbfb5283d3a98e32a", "Entropy": 2.2438803604241335, "VirtualAddress": {"FileOffset": 572, "Value": 53248, "Offset": 12}, "Structure": "IMAGE_SECTION_HEADER", "NumberOfLinenumbers": {"FileOffset": 594, "Value": 0, "Offset": 34}}, {"PointerToRawData": {"FileOffset": 620, "Value": 50688, "Offset": 20}, "SHA1": "3e5f19dfa26e97194514d762195798df8b790602", "SHA256": "d098c400f5c792e630032b059f4a0c5b12b213e9351233a89f62d02fe029a71a", "Name": {"FileOffset": 600, "Value": ".rsrc", "Offset": 0}, "NumberOfRelocations": {"FileOffset": 632, "Value": 0, "Offset": 32}, "Misc_VirtualSize": {"FileOffset": 608, "Value": 436, "Offset": 8}, "Characteristics": {"FileOffset": 636, "Value": 1073741888, "Offset": 36}, "Misc": {"FileOffset": 608, "Value": 436, "Offset": 8}, "PointerToLinenumbers": {"FileOffset": 628, "Value": 0, "Offset": 28}, "SizeOfRawData": {"FileOffset": 616, "Value": 512, "Offset": 16}, "Misc_PhysicalAddress": {"FileOffset": 608, "Value": 436, "Offset": 8}, "PointerToRelocations": {"FileOffset": 624, "Value": 0, "Offset": 24}, "Flags": ["IMAGE_SCN_CNT_INITIALIZED_DATA", "IMAGE_SCN_MEM_READ"], "SHA512": "e90107732dfc151fb4a24537ec34ba09d68fed127c22baf3668f3ce24a7a2f9c4d06419e50eae34bc7ae21e4796bb961df06010d45bf70f52ea56aa60e55bae2", "MD5": "27a705a02aee3351e851d9a3f4e2749a", "Entropy": 5.090361638569335, "VirtualAddress": {"FileOffset": 612, "Value": 65536, "Offset": 12}, "Structure": "IMAGE_SECTION_HEADER", "NumberOfLinenumbers": {"FileOffset": 634, "Value": 0, "Offset": 34}}, {"PointerToRawData": {"FileOffset": 660, "Value": 51200, "Offset": 20}, "SHA1": "b4751382dc180fbb24edabaf2c1505e183dd54f3", "SHA256": "592ccaeee268317aab03120775300ac3d7c848d2cfad4c9e39def98c88fd7939", "Name": {"FileOffset": 640, "Value": ".reloc", "Offset": 0}, "NumberOfRelocations": {"FileOffset": 672, "Value": 0, "Offset": 32}, "Misc_VirtualSize": {"FileOffset": 648, "Value": 5210, "Offset": 8}, "Characteristics": {"FileOffset": 676, "Value": 1107296320, "Offset": 36}, "Misc": {"FileOffset": 648, "Value": 5210, "Offset": 8}, "PointerToLinenumbers": {"FileOffset": 668, "Value": 0, "Offset": 28}, "SizeOfRawData": {"FileOffset": 656, "Value": 5632, "Offset": 16}, "Misc_PhysicalAddress": {"FileOffset": 648, "Value": 5210, "Offset": 8}, "PointerToRelocations": {"FileOffset": 664, "Value": 0, "Offset": 24}, "Flags": ["IMAGE_SCN_CNT_INITIALIZED_DATA", "IMAGE_SCN_MEM_DISCARDABLE", "IMAGE_SCN_MEM_READ"], "SHA512": "8d134fdb0f5d1edfec3b8ecec1ce3fba7ca0efb093b59dbc529eddd1212dcda857eded3f9f248ea60f6b1fae1d88eb35fb1611cd57c8cd6cb8b57b13cf9098eb", "MD5": "24fec57d3c5f16cbef5c6776628a007d", "Entropy": 3.459950252365183, "VirtualAddress": {"FileOffset": 652, "Value": 69632, "Offset": 12}, "Structure": "IMAGE_SECTION_HEADER", "NumberOfLinenumbers": {"FileOffset": 674, "Value": 0, "Offset": 34}}], "Resource directory": [{"MajorVersion": {"FileOffset": 50696, "Value": 4, "Offset": 8}, "NumberOfIdEntries": {"FileOffset": 50702, "Value": 1, "Offset": 14}, "MinorVersion": {"FileOffset": 50698, "Value": 0, "Offset": 10}, "TimeDateStamp": {"FileOffset": 50692, "Value": "0x0        [Thu Jan  1 00:00:00 1970 UTC]", "Offset": 4}, "Characteristics": {"FileOffset": 50688, "Value": 0, "Offset": 0}, "NumberOfNamedEntries": {"FileOffset": 50700, "Value": 0, "Offset": 12}, "Structure": "IMAGE_RESOURCE_DIRECTORY"}, {"Structure": "IMAGE_RESOURCE_DIRECTORY_ENTRY", "Id": [24, "RT_MANIFEST"], "OffsetToData": {"FileOffset": 50708, "Value": 2147483672, "Offset": 4}, "Name": {"FileOffset": 50704, "Value": 24, "Offset": 0}}, [{"MajorVersion": {"FileOffset": 50720, "Value": 4, "Offset": 8}, "NumberOfIdEntries": {"FileOffset": 50726, "Value": 1, "Offset": 14}, "MinorVersion": {"FileOffset": 50722, "Value": 0, "Offset": 10}, "TimeDateStamp": {"FileOffset": 50716, "Value": "0x0        [Thu Jan  1 00:00:00 1970 UTC]", "Offset": 4}, "Characteristics": {"FileOffset": 50712, "Value": 0, "Offset": 0}, "NumberOfNamedEntries": {"FileOffset": 50724, "Value": 0, "Offset": 12}, "Structure": "IMAGE_RESOURCE_DIRECTORY"}, {"Structure": "IMAGE_RESOURCE_DIRECTORY_ENTRY", "Id": 1, "OffsetToData": {"FileOffset": 50732, "Value": 2147483696, "Offset": 4}, "Name": {"FileOffset": 50728, "Value": 1, "Offset": 0}}, [{"MajorVersion": {"FileOffset": 50744, "Value": 4, "Offset": 8}, "NumberOfIdEntries": {"FileOffset": 50750, "Value": 1, "Offset": 14}, "MinorVersion": {"FileOffset": 50746, "Value": 0, "Offset": 10}, "TimeDateStamp": {"FileOffset": 50740, "Value": "0x0        [Thu Jan  1 00:00:00 1970 UTC]", "Offset": 4}, "Characteristics": {"FileOffset": 50736, "Value": 0, "Offset": 0}, "NumberOfNamedEntries": {"FileOffset": 50748, "Value": 0, "Offset": 12}, "Structure": "IMAGE_RESOURCE_DIRECTORY"}, {"LANG": 9, "SUBLANG_NAME": "SUBLANG_ENGLISH_US", "Name": {"FileOffset": 50752, "Value": 1033, "Offset": 0}, "CodePage": {"FileOffset": 50768, "Value": 1252, "Offset": 8}, "LANG_NAME": "LANG_ENGLISH", "OffsetToData": {"FileOffset": 50760, "Value": 65624, "Offset": 0}, "Reserved": {"FileOffset": 50772, "Value": 0, "Offset": 12}, "SUBLANG": 1, "Structure": "IMAGE_RESOURCE_DATA_ENTRY", "Size": {"FileOffset": 50764, "Value": 346, "Offset": 4}}]]]}
