{"DllCharacteristics": ["IMAGE_DLLCHARACTERISTICS_TERMINAL_SERVER_AWARE"], "Bound imports": [{"TimeDateStamp": {"FileOffset": 600, "Value": "0x45D71F5A [Sat Feb 17 15:29:30 2007 UTC]", "Offset": 0}, "NumberOfModuleForwarderRefs": {"FileOffset": 606, "Value": 0, "Offset": 6}, "OffsetModuleName": {"FileOffset": 604, "Value": 88, "Offset": 4}, "Structure": "IMAGE_BOUND_IMPORT_DESCRIPTOR", "DLL": "comdlg32.dll"}, {"TimeDateStamp": {"FileOffset": 608, "Value": "0x45D71FC9 [Sat Feb 17 15:31:21 2007 UTC]", "Offset": 0}, "NumberOfModuleForwarderRefs": {"FileOffset": 614, "Value": 0, "Offset": 6}, "OffsetModuleName": {"FileOffset": 612, "Value": 101, "Offset": 4}, "Structure": "IMAGE_BOUND_IMPORT_DESCRIPTOR", "DLL": "SHELL32.dll"}, {"TimeDateStamp": {"FileOffset": 616, "Value": "0x45D71FF5 [Sat Feb 17 15:32:05 2007 UTC]", "Offset": 0}, "NumberOfModuleForwarderRefs": {"FileOffset": 622, "Value": 0, "Offset": 6}, "OffsetModuleName": {"FileOffset": 620, "Value": 113, "Offset": 4}, "Structure": "IMAGE_BOUND_IMPORT_DESCRIPTOR", "DLL": "WINSPOOL.DRV"}, {"TimeDateStamp": {"FileOffset": 624, "Value": "0x45D71F59 [Sat Feb 17 15:29:29 2007 UTC]", "Offset": 0}, "NumberOfModuleForwarderRefs": {"FileOffset": 630, "Value": 0, "Offset": 6}, "OffsetModuleName": {"FileOffset": 628, "Value": 126, "Offset": 4}, "Structure": "IMAGE_BOUND_IMPORT_DESCRIPTOR", "DLL": "COMCTL32.dll"}, {"TimeDateStamp": {"FileOffset": 632, "Value": "0x45D72012 [Sat Feb 17 15:32:34 2007 UTC]", "Offset": 0}, "NumberOfModuleForwarderRefs": {"FileOffset": 638, "Value": 0, "Offset": 6}, "OffsetModuleName": {"FileOffset": 636, "Value": 139, "Offset": 4}, "Structure": "IMAGE_BOUND_IMPORT_DESCRIPTOR", "DLL": "msvcrt.dll"}, {"TimeDateStamp": {"FileOffset": 640, "Value": "0x45D71F06 [Sat Feb 17 15:28:06 2007 UTC]", "Offset": 0}, "NumberOfModuleForwarderRefs": {"FileOffset": 646, "Value": 0, "Offset": 6}, "OffsetModuleName": {"FileOffset": 644, "Value": 150, "Offset": 4}, "Structure": "IMAGE_BOUND_IMPORT_DESCRIPTOR", "DLL": "ADVAPI32.dll"}, {"TimeDateStamp": {"FileOffset": 648, "Value": "0x45D72003 [Sat Feb 17 15:32:19 2007 UTC]", "Offset": 0}, "NumberOfModuleForwarderRefs": {"FileOffset": 654, "Value": 1, "Offset": 6}, "OffsetModuleName": {"FileOffset": 652, "Value": 163, "Offset": 4}, "Structure": "IMAGE_BOUND_IMPORT_DESCRIPTOR", "DLL": "KERNEL32.dll"}, {"TimeDateStamp": {"FileOffset": 664, "Value": "0x45D71F37 [Sat Feb 17 15:28:55 2007 UTC]", "Offset": 0}, "NumberOfModuleForwarderRefs": {"FileOffset": 670, "Value": 0, "Offset": 6}, "OffsetModuleName": {"FileOffset": 668, "Value": 186, "Offset": 4}, "Structure": "IMAGE_BOUND_IMPORT_DESCRIPTOR", "DLL": "GDI32.dll"}, {"TimeDateStamp": {"FileOffset": 672, "Value": "0x45D71FE5 [Sat Feb 17 15:31:49 2007 UTC]", "Offset": 0}, "NumberOfModuleForwarderRefs": {"FileOffset": 678, "Value": 0, "Offset": 6}, "OffsetModuleName": {"FileOffset": 676, "Value": 196, "Offset": 4}, "Structure": "IMAGE_BOUND_IMPORT_DESCRIPTOR", "DLL": "USER32.dll"}], "FILE_HEADER": {"NumberOfSections": {"FileOffset": 238, "Value": 3, "Offset": 2}, "TimeDateStamp": {"FileOffset": 240, "Value": "0x45121813 [Thu Sep 21 04:41:55 2006 UTC]", "Offset": 4}, "PointerToSymbolTable": {"FileOffset": 244, "Value": 0, "Offset": 8}, "NumberOfSymbols": {"FileOffset": 248, "Value": 0, "Offset": 12}, "Machine": {"FileOffset": 236, "Value": 332, "Offset": 0}, "Characteristics": {"FileOffset": 254, "Value": 271, "Offset": 18}, "SizeOfOptionalHeader": {"FileOffset": 252, "Value": 224, "Offset": 16}, "Structure": "IMAGE_FILE_HEADER"}, "Directories": [{"VirtualAddress": {"FileOffset": 352, "Value": 0, "Offset": 0}, "Structure": "IMAGE_DIRECTORY_ENTRY_EXPORT", "Size": {"FileOffset": 356, "Value": 0, "Offset": 4}}, {"VirtualAddress": {"FileOffset": 360, "Value": 30256, "Offset": 0}, "Structure": "IMAGE_DIRECTORY_ENTRY_IMPORT", "Size": {"FileOffset": 364, "Value": 200, "Offset": 4}}, {"VirtualAddress": {"FileOffset": 368, "Value": 45056, "Offset": 0}, "Structure": "IMAGE_DIRECTORY_ENTRY_RESOURCE", "Size": {"FileOffset": 372, "Value": 32612, "Offset": 4}}, {"VirtualAddress": {"FileOffset": 376, "Value": 0, "Offset": 0}, "Structure": "IMAGE_DIRECTORY_ENTRY_EXCEPTION", "Size": {"FileOffset": 380, "Value": 0, "Offset": 4}}, {"VirtualAddress": {"FileOffset": 384, "Value": 0, "Offset": 0}, "Structure": "IMAGE_DIRECTORY_ENTRY_SECURITY", "Size": {"FileOffset": 388, "Value": 0, "Offset": 4}}, {"VirtualAddress": {"FileOffset": 392, "Value": 0, "Offset": 0}, "Structure": "IMAGE_DIRECTORY_ENTRY_BASERELOC", "Size": {"FileOffset": 396, "Value": 0, "Offset": 4}}, {"VirtualAddress": {"FileOffset": 400, "Value": 4960, "Offset": 0}, "Structure": "IMAGE_DIRECTORY_ENTRY_DEBUG", "Size": {"FileOffset": 404, "Value": 28, "Offset": 4}}, {"VirtualAddress": {"FileOffset": 408, "Value": 0, "Offset": 0}, "Structure": "IMAGE_DIRECTORY_ENTRY_COPYRIGHT", "Size": {"FileOffset": 412, "Value": 0, "Offset": 4}}, {"VirtualAddress": {"FileOffset": 416, "Value": 0, "Offset": 0}, "Structure": "IMAGE_DIRECTORY_ENTRY_GLOBALPTR", "Size": {"FileOffset": 420, "Value": 0, "Offset": 4}}, {"VirtualAddress": {"FileOffset": 424, "Value": 0, "Offset": 0}, "Structure": "IMAGE_DIRECTORY_ENTRY_TLS", "Size": {"FileOffset": 428, "Value": 0, "Offset": 4}}, {"VirtualAddress": {"FileOffset": 432, "Value": 6344, "Offset": 0}, "Structure": "IMAGE_DIRECTORY_ENTRY_LOAD_CONFIG", "Size": {"FileOffset": 436, "Value": 64, "Offset": 4}}, {"VirtualAddress": {"FileOffset": 440, "Value": 600, "Offset": 0}, "Structure": "IMAGE_DIRECTORY_ENTRY_BOUND_IMPORT", "Size": {"FileOffset": 444, "Value": 208, "Offset": 4}}, {"VirtualAddress": {"FileOffset": 448, "Value": 4096, "Offset": 0}, "Structure": "IMAGE_DIRECTORY_ENTRY_IAT", "Size": {"FileOffset": 452, "Value": 836, "Offset": 4}}, {"VirtualAddress": {"FileOffset": 456, "Value": 0, "Offset": 0}, "Structure": "IMAGE_DIRECTORY_ENTRY_DELAY_IMPORT", "Size": {"FileOffset": 460, "Value": 0, "Offset": 4}}, {"VirtualAddress": {"FileOffset": 464, "Value": 0, "Offset": 0}, "Structure": "IMAGE_DIRECTORY_ENTRY_COM_DESCRIPTOR", "Size": {"FileOffset": 468, "Value": 0, "Offset": 4}}, {"VirtualAddress": {"FileOffset": 472, "Value": 0, "Offset": 0}, "Structure": "IMAGE_DIRECTORY_ENTRY_RESERVED", "Size": {"FileOffset": 476, "Value": 0, "Offset": 4}}], "OPTIONAL_HEADER": {"DllCharacteristics": {"FileOffset": 326, "Value": 32768, "Offset": 70}, "BaseOfCode": {"FileOffset": 276, "Value": 4096, "Offset": 20}, "MajorLinkerVersion": {"FileOffset": 258, "Value": 7, "Offset": 2}, "MinorOperatingSystemVersion": {"FileOffset": 298, "Value": 2, "Offset": 42}, "MinorLinkerVersion": {"FileOffset": 259, "Value": 10, "Offset": 3}, "MajorSubsystemVersion": {"FileOffset": 304, "Value": 4, "Offset": 48}, "MajorOperatingSystemVersion": {"FileOffset": 296, "Value": 5, "Offset": 40}, "SizeOfStackCommit": {"FileOffset": 332, "Value": 69632, "Offset": 76}, "SizeOfUninitializedData": {"FileOffset": 268, "Value": 0, "Offset": 12}, "NumberOfRvaAndSizes": {"FileOffset": 348, "Value": 16, "Offset": 92}, "SizeOfHeapReserve": {"FileOffset": 336, "Value": 1048576, "Offset": 80}, "LoaderFlags": {"FileOffset": 344, "Value": 0, "Offset": 88}, "SizeOfHeapCommit": {"FileOffset": 340, "Value": 4096, "Offset": 84}, "SizeOfStackReserve": {"FileOffset": 328, "Value": 262144, "Offset": 72}, "Structure": "IMAGE_OPTIONAL_HEADER", "SizeOfHeaders": {"FileOffset": 316, "Value": 1024, "Offset": 60}, "Subsystem": {"FileOffset": 324, "Value": 2, "Offset": 68}, "Magic": {"FileOffset": 256, "Value": 267, "Offset": 0}, "MinorImageVersion": {"FileOffset": 302, "Value": 2, "Offset": 46}, "MajorImageVersion": {"FileOffset": 300, "Value": 5, "Offset": 44}, "FileAlignment": {"FileOffset": 292, "Value": 512, "Offset": 36}, "BaseOfData": {"FileOffset": 280, "Value": 36864, "Offset": 24}, "AddressOfEntryPoint": {"FileOffset": 272, "Value": 26595, "Offset": 16}, "SectionAlignment": {"FileOffset": 288, "Value": 4096, "Offset": 32}, "SizeOfCode": {"FileOffset": 260, "Value": 30720, "Offset": 4}, "ImageBase": {"FileOffset": 284, "Value": 16777216, "Offset": 28}, "SizeOfInitializedData": {"FileOffset": 264, "Value": 34304, "Offset": 8}, "SizeOfImage": {"FileOffset": 312, "Value": 77824, "Offset": 56}, "MinorSubsystemVersion": {"FileOffset": 306, "Value": 0, "Offset": 50}, "CheckSum": {"FileOffset": 320, "Value": 0, "Offset": 64}, "Reserved1": {"FileOffset": 308, "Value": 0, "Offset": 52}}, "DOS_HEADER": {"e_cblp": {"FileOffset": 2, "Value": 144, "Offset": 2}, "e_crlc": {"FileOffset": 6, "Value": 0, "Offset": 6}, "e_ovno": {"FileOffset": 26, "Value": 0, "Offset": 26}, "e_minalloc": {"FileOffset": 10, "Value": 0, "Offset": 10}, "e_csum": {"FileOffset": 18, "Value": 0, "Offset": 18}, "e_cparhdr": {"FileOffset": 8, "Value": 4, "Offset": 8}, "e_cp": {"FileOffset": 4, "Value": 3, "Offset": 4}, "e_cs": {"FileOffset": 22, "Value": 0, "Offset": 22}, "e_maxalloc": {"FileOffset": 12, "Value": 65535, "Offset": 12}, "e_lfarlc": {"FileOffset": 24, "Value": 64, "Offset": 24}, "e_oemid": {"FileOffset": 36, "Value": 0, "Offset": 36}, "e_lfanew": {"FileOffset": 60, "Value": 232, "Offset": 60}, "e_ss": {"FileOffset": 14, "Value": 0, "Offset": 14}, "e_magic": {"FileOffset": 0, "Value": 23117, "Offset": 0}, "e_oeminfo": {"FileOffset": 38, "Value": 0, "Offset": 38}, "e_res2": {"FileOffset": 40, "Value": "", "Offset": 40}, "e_res": {"FileOffset": 28, "Value": "", "Offset": 28}, "e_sp": {"FileOffset": 16, "Value": 184, "Offset": 16}, "Structure": "IMAGE_DOS_HEADER", "e_ip": {"FileOffset": 20, "Value": 0, "Offset": 20}}, "NT_HEADERS": {"Structure": "IMAGE_NT_HEADERS", "Signature": {"FileOffset": 232, "Value": 17744, "Offset": 0}}, "LOAD_CONFIG": {"TimeDateStamp": {"FileOffset": 3276, "Value": "0x0        [Thu Jan  1 00:00:00 1970 UTC]", "Offset": 4}, "ProcessHeapFlags": {"FileOffset": 3316, "Value": 0, "Offset": 44}, "CSDVersion": {"FileOffset": 3324, "Value": 0, "Offset": 52}, "GuardCFFunctionCount": {"FileOffset": 3356, "Value": 3025266583, "Offset": 84}, "SEHandlerCount": {"FileOffset": 3340, "Value": 57302, "Offset": 68}, "GuardCFCheckFunctionPointer": {"FileOffset": 3344, "Value": 1396981074, "Offset": 72}, "GlobalFlagsClear": {"FileOffset": 3284, "Value": 0, "Offset": 12}, "ProcessAffinityMask": {"FileOffset": 3320, "Value": 0, "Offset": 48}, "VirtualMemoryThreshold": {"FileOffset": 3312, "Value": 0, "Offset": 40}, "LockPrefixTable": {"FileOffset": 3304, "Value": 0, "Offset": 32}, "MaximumAllocationSize": {"FileOffset": 3308, "Value": 0, "Offset": 36}, "Structure": "IMAGE_LOAD_CONFIG_DIRECTORY", "SEHandlerTable": {"FileOffset": 3336, "Value": 16783680, "Offset": 64}, "GuardCFFunctionTable": {"FileOffset": 3352, "Value": 1078746563, "Offset": 80}, "DeCommitFreeBlockThreshold": {"FileOffset": 3296, "Value": 0, "Offset": 24}, "MinorVersion": {"FileOffset": 3282, "Value": 0, "Offset": 10}, "MajorVersion": {"FileOffset": 3280, "Value": 0, "Offset": 8}, "Reserved1": {"FileOffset": 3326, "Value": 0, "Offset": 54}, "SecurityCookie": {"FileOffset": 3332, "Value": 16815596, "Offset": 60}, "GlobalFlagsSet": {"FileOffset": 3288, "Value": 0, "Offset": 16}, "CriticalSectionDefaultTimeout": {"FileOffset": 3292, "Value": 0, "Offset": 20}, "DeCommitTotalFreeThreshold": {"FileOffset": 3300, "Value": 0, "Offset": 28}, "Reserved2": {"FileOffset": 3348, "Value": 3633969917, "Offset": 76}, "EditList": {"FileOffset": 3328, "Value": 0, "Offset": 56}, "GuardFlags": {"FileOffset": 3360, "Value": 3056189766, "Offset": 88}, "Size": {"FileOffset": 3272, "Value": 72, "Offset": 0}}, "Flags": ["IMAGE_FILE_LOCAL_SYMS_STRIPPED", "IMAGE_FILE_32BIT_MACHINE", "IMAGE_FILE_EXECUTABLE_IMAGE", "IMAGE_FILE_LINE_NUMS_STRIPPED", "IMAGE_FILE_RELOCS_STRIPPED"], "Version Information": [{"ValueLength": {"FileOffset": 64270, "Value": 52, "Offset": 2}, "Length": {"FileOffset": 64268, "Value": 884, "Offset": 0}, "Type": {"FileOffset": 64272, "Value": 0, "Offset": 4}, "Structure": "VS_VERSIONINFO"}, {"FileFlagsMask": {"FileOffset": 64332, "Value": 63, "Offset": 24}, "FileType": {"FileOffset": 64344, "Value": 1, "Offset": 36}, "FileVersionMS": {"FileOffset": 64316, "Value": 327682, "Offset": 8}, "FileVersionLS": {"FileOffset": 64320, "Value": 248385399, "Offset": 12}, "Signature": {"FileOffset": 64308, "Value": 4277077181, "Offset": 0}, "FileSubtype": {"FileOffset": 64348, "Value": 0, "Offset": 40}, "FileFlags": {"FileOffset": 64336, "Value": 0, "Offset": 28}, "FileDateLS": {"FileOffset": 64356, "Value": 0, "Offset": 48}, "ProductVersionLS": {"FileOffset": 64328, "Value": 248385399, "Offset": 20}, "FileOS": {"FileOffset": 64340, "Value": 262148, "Offset": 32}, "ProductVersionMS": {"FileOffset": 64324, "Value": 327682, "Offset": 16}, "FileDateMS": {"FileOffset": 64352, "Value": 0, "Offset": 44}, "Structure": "VS_FIXEDFILEINFO", "StrucVersion": {"FileOffset": 64312, "Value": 65536, "Offset": 4}}], "Debug information": [{"MajorVersion": {"FileOffset": 1896, "Value": 0, "Offset": 8}, "PointerToRawData": {"FileOffset": 1912, "Value": 3344, "Offset": 24}, "MinorVersion": {"FileOffset": 1898, "Value": 0, "Offset": 10}, "TimeDateStamp": {"FileOffset": 1892, "Value": "0x45D69BE5 [Sat Feb 17 06:08:37 2007 UTC]", "Offset": 4}, "Characteristics": {"FileOffset": 1888, "Value": 0, "Offset": 0}, "Structure": "IMAGE_DEBUG_DIRECTORY", "Type": "IMAGE_DEBUG_TYPE_CODEVIEW", "SizeOfData": {"FileOffset": 1904, "Value": 36, "Offset": 16}, "AddressOfRawData": {"FileOffset": 1908, "Value": 6416, "Offset": 20}}], "Imported symbols": [[{"TimeDateStamp": {"FileOffset": 27188, "Value": "0xFFFFFFFF [Sun Feb  7 06:28:15 2106 UTC]", "Offset": 4}, "Name": {"FileOffset": 27196, "Value": 31444, "Offset": 12}, "ForwarderChain": {"FileOffset": 27192, "Value": 4294967295, "Offset": 8}, "OriginalFirstThunk": {"FileOffset": 27184, "Value": 31160, "Offset": 0}, "FirstThunk": {"FileOffset": 27200, "Value": 4800, "Offset": 16}, "Characteristics": {"FileOffset": 27184, "Value": 31160, "Offset": 0}, "Structure": "IMAGE_IMPORT_DESCRIPTOR"}, {"Bound": 1981531058, "Hint": 15, "Name": "PageSetupDlgW", "DLL": "comdlg32.dll"}, {"Bound": 1981483262, "Hint": 6, "Name": "FindTextW", "DLL": "comdlg32.dll"}, {"Bound": 1981552908, "Hint": 18, "Name": "PrintDlgExW", "DLL": "comdlg32.dll"}, {"Bound": 1981499153, "Hint": 3, "Name": "ChooseFontW", "DLL": "comdlg32.dll"}, {"Bound": 1981424812, "Hint": 8, "Name": "GetFileTitleW", "DLL": "comdlg32.dll"}, {"Bound": 1981480653, "Hint": 10, "Name": "GetOpenFileNameW", "DLL": "comdlg32.dll"}, {"Bound": 1981483314, "Hint": 21, "Name": "ReplaceTextW", "DLL": "comdlg32.dll"}, {"Bound": 1981445328, "Hint": 4, "Name": "CommDlgExtendedError", "DLL": "comdlg32.dll"}, {"Bound": 1981480795, "Hint": 12, "Name": "GetSaveFileNameW", "DLL": "comdlg32.dll"}], [{"TimeDateStamp": {"FileOffset": 27208, "Value": "0xFFFFFFFF [Sun Feb  7 06:28:15 2106 UTC]", "Offset": 4}, "Name": {"FileOffset": 27216, "Value": 31522, "Offset": 12}, "ForwarderChain": {"FileOffset": 27212, "Value": 4294967295, "Offset": 8}, "OriginalFirstThunk": {"FileOffset": 27204, "Value": 30824, "Offset": 0}, "FirstThunk": {"FileOffset": 27220, "Value": 4464, "Offset": 16}, "Characteristics": {"FileOffset": 27204, "Value": 30824, "Offset": 0}, "Structure": "IMAGE_IMPORT_DESCRIPTOR"}, {"Bound": 2091811335, "Hint": 31, "Name": "DragFinish", "DLL": "SHELL32.dll"}, {"Bound": 2091263581, "Hint": 35, "Name": "DragQueryFileW", "DLL": "SHELL32.dll"}, {"Bound": 2091459616, "Hint": 30, "Name": "DragAcceptFiles", "DLL": "SHELL32.dll"}, {"Bound": 2091741295, "Hint": 259, "Name": "ShellAboutW", "DLL": "SHELL32.dll"}], [{"TimeDateStamp": {"FileOffset": 27228, "Value": "0xFFFFFFFF [Sun Feb  7 06:28:15 2106 UTC]", "Offset": 4}, "Name": {"FileOffset": 27236, "Value": 31586, "Offset": 12}, "ForwarderChain": {"FileOffset": 27232, "Value": 4294967295, "Offset": 8}, "OriginalFirstThunk": {"FileOffset": 27224, "Value": 31144, "Offset": 0}, "FirstThunk": {"FileOffset": 27240, "Value": 4784, "Offset": 16}, "Characteristics": {"FileOffset": 27224, "Value": 31144, "Offset": 0}, "Structure": "IMAGE_IMPORT_DESCRIPTOR"}, {"Bound": 1928618502, "Hint": 120, "Name": "GetPrinterDriverW", "DLL": "WINSPOOL.DRV"}, {"Bound": 1928614493, "Hint": 27, "Name": "ClosePrinter", "DLL": "WINSPOOL.DRV"}, {"Bound": 1928616034, "Hint": 126, "Name": "OpenPrinterW", "DLL": "WINSPOOL.DRV"}], [{"TimeDateStamp": {"FileOffset": 27248, "Value": "0xFFFFFFFF [Sun Feb  7 06:28:15 2106 UTC]", "Offset": 4}, "Name": {"FileOffset": 27256, "Value": 31622, "Offset": 12}, "ForwarderChain": {"FileOffset": 27252, "Value": 4294967295, "Offset": 8}, "OriginalFirstThunk": {"FileOffset": 27244, "Value": 30488, "Offset": 0}, "FirstThunk": {"FileOffset": 27260, "Value": 4128, "Offset": 16}, "Characteristics": {"FileOffset": 27244, "Value": 30488, "Offset": 0}, "Structure": "IMAGE_IMPORT_DESCRIPTOR"}, {"Bound": 2000877935, "Hint": 8, "Name": "CreateStatusWindowW", "DLL": "COMCTL32.dll"}], [{"TimeDateStamp": {"FileOffset": 27268, "Value": "0xFFFFFFFF [Sun Feb  7 06:28:15 2106 UTC]", "Offset": 4}, "Name": {"FileOffset": 27276, "Value": 31902, "Offset": 12}, "ForwarderChain": {"FileOffset": 27272, "Value": 4294967295, "Offset": 8}, "OriginalFirstThunk": {"FileOffset": 27264, "Value": 31200, "Offset": 0}, "FirstThunk": {"FileOffset": 27280, "Value": 4840, "Offset": 16}, "Characteristics": {"FileOffset": 27264, "Value": 31200, "Offset": 0}, "Structure": "IMAGE_IMPORT_DESCRIPTOR"}, {"Bound": 2008628476, "Hint": 79, "Name": "_XcptFilter", "DLL": "msvcrt.dll"}, {"Bound": 2008657756, "Hint": 253, "Name": "_exit", "DLL": "msvcrt.dll"}, {"Bound": 2008657803, "Hint": 204, "Name": "_c_exit", "DLL": "msvcrt.dll"}, {"Bound": 2008727204, "Hint": 803, "Name": "time", "DLL": "msvcrt.dll"}, {"Bound": 2008726801, "Hint": 736, "Name": "localtime", "DLL": "msvcrt.dll"}, {"Bound": 2008657783, "Hint": 207, "Name": "_cexit", "DLL": "msvcrt.dll"}, {"Bound": 2008536225, "Hint": 722, "Name": "iswctype", "DLL": "msvcrt.dll"}, {"Bound": 2008640628, "Hint": 244, "Name": "_except_handler3", "DLL": "msvcrt.dll"}, {"Bound": 2008535778, "Hint": 640, "Name": "_wtol", "DLL": "msvcrt.dll"}, {"Bound": 2008715093, "Hint": 827, "Name": "wcsncmp", "DLL": "msvcrt.dll"}, {"Bound": 2008681059, "Hint": 495, "Name": "_snwprintf", "DLL": "msvcrt.dll"}, {"Bound": 2008657729, "Hint": 668, "Name": "exit", "DLL": "msvcrt.dll"}, {"Bound": 2008823788, "Hint": 175, "Name": "_acmdln", "DLL": "msvcrt.dll"}, {"Bound": 2008544152, "Hint": 114, "Name": "__getmainargs", "DLL": "msvcrt.dll"}, {"Bound": 2008657414, "Hint": 322, "Name": "_initterm", "DLL": "msvcrt.dll"}, {"Bound": 2008737429, "Hint": 160, "Name": "__setusermatherr", "DLL": "msvcrt.dll"}, {"Bound": 2008827516, "Hint": 189, "Name": "_adjust_fdiv", "DLL": "msvcrt.dll"}, {"Bound": 2008544910, "Hint": 133, "Name": "__p__commode", "DLL": "msvcrt.dll"}, {"Bound": 2008544965, "Hint": 138, "Name": "__p__fmode", "DLL": "msvcrt.dll"}, {"Bound": 2008638252, "Hint": 158, "Name": "__set_app_type", "DLL": "msvcrt.dll"}, {"Bound": 2008744039, "Hint": 221, "Name": "_controlfp", "DLL": "msvcrt.dll"}, {"Bound": 2008715153, "Hint": 828, "Name": "wcsncpy", "DLL": "msvcrt.dll"}], [{"TimeDateStamp": {"FileOffset": 27288, "Value": "0xFFFFFFFF [Sun Feb  7 06:28:15 2106 UTC]", "Offset": 4}, "Name": {"FileOffset": 27296, "Value": 32048, "Offset": 12}, "ForwarderChain": {"FileOffset": 27292, "Value": 4294967295, "Offset": 8}, "OriginalFirstThunk": {"FileOffset": 27284, "Value": 30456, "Offset": 0}, "FirstThunk": {"FileOffset": 27300, "Value": 4096, "Offset": 16}, "Characteristics": {"FileOffset": 27284, "Value": 30456, "Offset": 0}, "Structure": "IMAGE_IMPORT_DESCRIPTOR"}, {"Bound": 2012572289, "Hint": 504, "Name": "RegQueryValueExW", "DLL": "ADVAPI32.dll"}, {"Bound": 2012572878, "Hint": 459, "Name": "RegCloseKey", "DLL": "ADVAPI32.dll"}, {"Bound": 2012456556, "Hint": 467, "Name": "RegCreateKeyW", "DLL": "ADVAPI32.dll"}, {"Bound": 2012452783, "Hint": 315, "Name": "IsTextUnicode", "DLL": "ADVAPI32.dll"}, {"Bound": 2012542202, "Hint": 503, "Name": "RegQueryValueExA", "DLL": "ADVAPI32.dll"}, {"Bound": 2012536966, "Hint": 492, "Name": "RegOpenKeyExA", "DLL": "ADVAPI32.dll"}, {"Bound": 2012575545, "Hint": 517, "Name": "RegSetValueExW", "DLL": "ADVAPI32.dll"}], [{"TimeDateStamp": {"FileOffset": 27308, "Value": "0xFFFFFFFF [Sun Feb  7 06:28:15 2106 UTC]", "Offset": 4}, "Name": {"FileOffset": 27316, "Value": 33024, "Offset": 12}, "ForwarderChain": {"FileOffset": 27312, "Value": 4294967295, "Offset": 8}, "OriginalFirstThunk": {"FileOffset": 27304, "Value": 30596, "Offset": 0}, "FirstThunk": {"FileOffset": 27320, "Value": 4236, "Offset": 16}, "Characteristics": {"FileOffset": 27304, "Value": 30596, "Offset": 0}, "Structure": "IMAGE_IMPORT_DESCRIPTOR"}, {"Bound": 2088901073, "Hint": 479, "Name": "GetTickCount", "DLL": "KERNEL32.dll"}, {"Bound": 2088932727, "Hint": 675, "Name": "QueryPerformanceCounter", "DLL": "KERNEL32.dll"}, {"Bound": 2088969737, "Hint": 371, "Name": "GetLocalTime", "DLL": "KERNEL32.dll"}, {"Bound": 2088908653, "Hint": 483, "Name": "GetUserDefaultLCID", "DLL": "KERNEL32.dll"}, {"Bound": 2088895060, "Hint": 328, "Name": "GetDateFormatW", "DLL": "KERNEL32.dll"}, {"Bound": 2088896859, "Hint": 481, "Name": "GetTimeFormatW", "DLL": "KERNEL32.dll"}, {"Bound": 2088837545, "Hint": 515, "Name": "GlobalLock", "DLL": "KERNEL32.dll"}, {"Bound": 2088837393, "Hint": 522, "Name": "GlobalUnlock", "DLL": "KERNEL32.dll"}, {"Bound": 2088943705, "Hint": 354, "Name": "GetFileInformationByHandle", "DLL": "KERNEL32.dll"}, {"Bound": 2088902263, "Hint": 85, "Name": "CreateFileMappingW", "DLL": "KERNEL32.dll"}, {"Bound": 2088911857, "Hint": 616, "Name": "MapViewOfFile", "DLL": "KERNEL32.dll"}, {"Bound": 2088906695, "Hint": 326, "Name": "GetCurrentThreadId", "DLL": "KERNEL32.dll"}, {"Bound": 2088771514, "Hint": 458, "Name": "GetSystemTimeAsFileTime", "DLL": "KERNEL32.dll"}, {"Bound": 2088771588, "Hint": 863, "Name": "TerminateProcess", "DLL": "KERNEL32.dll"}, {"Bound": 2088986893, "Hint": 879, "Name": "UnhandledExceptionFilter", "DLL": "KERNEL32.dll"}, {"Bound": 2089033824, "Hint": 843, "Name": "SetUnhandledExceptionFilter", "DLL": "KERNEL32.dll"}, {"Bound": 2088771014, "Hint": 594, "Name": "LoadLibraryA", "DLL": "KERNEL32.dll"}, {"Bound": 2088771804, "Hint": 439, "Name": "GetStartupInfoA", "DLL": "KERNEL32.dll"}, {"Bound": 2088881114, "Hint": 511, "Name": "GlobalFree", "DLL": "KERNEL32.dll"}, {"Bound": 2088919075, "Hint": 373, "Name": "GetLocaleInfoW", "DLL": "KERNEL32.dll"}, {"Bound": 2088903705, "Hint": 604, "Name": "LocalFree", "DLL": "KERNEL32.dll"}, {"Bound": 2088903580, "Hint": 600, "Name": "LocalAlloc", "DLL": "KERNEL32.dll"}, {"Bound": 2088903369, "Hint": 974, "Name": "lstrlenW", "DLL": "KERNEL32.dll"}, {"Bound": 2088840503, "Hint": 610, "Name": "LocalUnlock", "DLL": "KERNEL32.dll"}, {"Bound": 2088902923, "Hint": 59, "Name": "CompareStringW", "DLL": "KERNEL32.dll"}, {"Bound": 2088836865, "Hint": 606, "Name": "LocalLock", "DLL": "KERNEL32.dll"}, {"Bound": 2089261726, "Hint": 242, "Name": "FoldStringW", "DLL": "KERNEL32.dll"}, {"Bound": 2088910447, "Hint": 52, "Name": "CloseHandle", "DLL": "KERNEL32.dll"}, {"Bound": 2088910594, "Hint": 968, "Name": "lstrcpyW", "DLL": "KERNEL32.dll"}, {"Bound": 2088769611, "Hint": 693, "Name": "ReadFile", "DLL": "KERNEL32.dll"}, {"Bound": 2088912961, "Hint": 86, "Name": "CreateFileW", "DLL": "KERNEL32.dll"}, {"Bound": 2088874090, "Hint": 965, "Name": "lstrcmpiW", "DLL": "KERNEL32.dll"}, {"Bound": 2088909944, "Hint": 323, "Name": "GetCurrentProcessId", "DLL": "KERNEL32.dll"}, {"Bound": 2088910202, "Hint": 416, "Name": "GetProcAddress", "DLL": "KERNEL32.dll"}, {"Bound": 2088941398, "Hint": 273, "Name": "GetCommandLineW", "DLL": "KERNEL32.dll"}, {"Bound": 2088878959, "Hint": 959, "Name": "lstrcatW", "DLL": "KERNEL32.dll"}, {"Bound": 2088943539, "Hint": 206, "Name": "FindClose", "DLL": "KERNEL32.dll"}, {"Bound": 2088942409, "Hint": 213, "Name": "FindFirstFileW", "DLL": "KERNEL32.dll"}, {"Bound": 2088911893, "Hint": 353, "Name": "GetFileAttributesW", "DLL": "KERNEL32.dll"}, {"Bound": 2088955819, "Hint": 962, "Name": "lstrcmpW", "DLL": "KERNEL32.dll"}, {"Bound": 2088900300, "Hint": 628, "Name": "MulDiv", "DLL": "KERNEL32.dll"}, {"Bound": 2088877481, "Hint": 971, "Name": "lstrcpynW", "DLL": "KERNEL32.dll"}, {"Bound": 2088840679, "Hint": 609, "Name": "LocalSize", "DLL": "KERNEL32.dll"}, {"Bound": 2090180104, "Hint": 369, "Name": "GetLastError", "DLL": "KERNEL32.dll"}, {"Bound": 2088916265, "Hint": 933, "Name": "WriteFile", "DLL": "KERNEL32.dll"}, {"Bound": 2090180918, "Hint": 809, "Name": "SetLastError", "DLL": "KERNEL32.dll"}, {"Bound": 2088907075, "Hint": 917, "Name": "WideCharToMultiByte", "DLL": "KERNEL32.dll"}, {"Bound": 2088890615, "Hint": 607, "Name": "LocalReAlloc", "DLL": "KERNEL32.dll"}, {"Bound": 2088826913, "Hint": 244, "Name": "FormatMessageW", "DLL": "KERNEL32.dll"}, {"Bound": 2088920313, "Hint": 485, "Name": "GetUserDefaultUILanguage", "DLL": "KERNEL32.dll"}, {"Bound": 2088873805, "Hint": 784, "Name": "SetEndOfFile", "DLL": "KERNEL32.dll"}, {"Bound": 2088823377, "Hint": 132, "Name": "DeleteFileW", "DLL": "KERNEL32.dll"}, {"Bound": 2088925517, "Hint": 253, "Name": "GetACP", "DLL": "KERNEL32.dll"}, {"Bound": 2088910657, "Hint": 882, "Name": "UnmapViewOfFile", "DLL": "KERNEL32.dll"}, {"Bound": 2088906710, "Hint": 629, "Name": "MultiByteToWideChar", "DLL": "KERNEL32.dll"}, {"Bound": 2088906653, "Hint": 322, "Name": "GetCurrentProcess", "DLL": "KERNEL32.dll"}], [{"TimeDateStamp": {"FileOffset": 27328, "Value": "0xFFFFFFFF [Sun Feb  7 06:28:15 2106 UTC]", "Offset": 4}, "Name": {"FileOffset": 27336, "Value": 33394, "Offset": 12}, "ForwarderChain": {"FileOffset": 27332, "Value": 4294967295, "Offset": 8}, "OriginalFirstThunk": {"FileOffset": 27324, "Value": 30496, "Offset": 0}, "FirstThunk": {"FileOffset": 27340, "Value": 4136, "Offset": 16}, "Characteristics": {"FileOffset": 27324, "Value": 30496, "Offset": 0}, "Structure": "IMAGE_IMPORT_DESCRIPTOR"}, {"Bound": 2009074631, "Hint": 152, "Name": "EndPage", "DLL": "GDI32.dll"}, {"Bound": 2009073257, "Hint": 0, "Name": "AbortDoc", "DLL": "GDI32.dll"}, {"Bound": 2009074679, "Hint": 150, "Name": "EndDoc", "DLL": "GDI32.dll"}, {"Bound": 2008900367, "Hint": 140, "Name": "DeleteDC", "DLL": "GDI32.dll"}, {"Bound": 2009074914, "Hint": 585, "Name": "StartPage", "DLL": "GDI32.dll"}, {"Bound": 2008909786, "Hint": 438, "Name": "GetTextExtentPoint32W", "DLL": "GDI32.dll"}, {"Bound": 2008922412, "Hint": 47, "Name": "CreateDCW", "DLL": "GDI32.dll"}, {"Bound": 2009073777, "Hint": 529, "Name": "SetAbortProc", "DLL": "GDI32.dll"}, {"Bound": 2008918012, "Hint": 444, "Name": "GetTextFaceW", "DLL": "GDI32.dll"}, {"Bound": 2008906567, "Hint": 592, "Name": "TextOutW", "DLL": "GDI32.dll"}, {"Bound": 2009077467, "Hint": 583, "Name": "StartDocW", "DLL": "GDI32.dll"}, {"Bound": 2009047539, "Hint": 206, "Name": "EnumFontsW", "DLL": "GDI32.dll"}, {"Bound": 2008897955, "Hint": 422, "Name": "GetStockObject", "DLL": "GDI32.dll"}, {"Bound": 2008901674, "Hint": 408, "Name": "GetObjectW", "DLL": "GDI32.dll"}, {"Bound": 2008900709, "Hint": 364, "Name": "GetDeviceCaps", "DLL": "GDI32.dll"}, {"Bound": 2008910809, "Hint": 61, "Name": "CreateFontIndirectW", "DLL": "GDI32.dll"}, {"Bound": 2008901218, "Hint": 143, "Name": "DeleteObject", "DLL": "GDI32.dll"}, {"Bound": 2008907031, "Hint": 446, "Name": "GetTextMetricsW", "DLL": "GDI32.dll"}, {"Bound": 2008899913, "Hint": 535, "Name": "SetBkMode", "DLL": "GDI32.dll"}, {"Bound": 2008930942, "Hint": 460, "Name": "LPtoDP", "DLL": "GDI32.dll"}, {"Bound": 2008940628, "Hint": 579, "Name": "SetWindowExtEx", "DLL": "GDI32.dll"}, {"Bound": 2008940890, "Hint": 575, "Name": "SetViewportExtEx", "DLL": "GDI32.dll"}, {"Bound": 2008912666, "Hint": 556, "Name": "SetMapMode", "DLL": "GDI32.dll"}, {"Bound": 2008898528, "Hint": 527, "Name": "SelectObject", "DLL": "GDI32.dll"}], [{"TimeDateStamp": {"FileOffset": 27348, "Value": "0xFFFFFFFF [Sun Feb  7 06:28:15 2106 UTC]", "Offset": 4}, "Name": {"FileOffset": 27356, "Value": 34640, "Offset": 12}, "ForwarderChain": {"FileOffset": 27352, "Value": 4294967295, "Offset": 8}, "OriginalFirstThunk": {"FileOffset": 27344, "Value": 30844, "Offset": 0}, "FirstThunk": {"FileOffset": 27360, "Value": 4484, "Offset": 16}, "Characteristics": {"FileOffset": 27344, "Value": 30844, "Offset": 0}, "Structure": "IMAGE_IMPORT_DESCRIPTOR"}, {"Bound": 2011351420, "Hint": 255, "Name": "GetClientRect", "DLL": "USER32.dll"}, {"Bound": 2011317906, "Hint": 589, "Name": "SetCursor", "DLL": "USER32.dll"}, {"Bound": 2011350581, "Hint": 554, "Name": "ReleaseDC", "DLL": "USER32.dll"}, {"Bound": 2011350561, "Hint": 268, "Name": "GetDC", "DLL": "USER32.dll"}, {"Bound": 2011272936, "Hint": 159, "Name": "DialogBoxParamW", "DLL": "USER32.dll"}, {"Bound": 2011277662, "Hint": 579, "Name": "SetActiveWindow", "DLL": "USER32.dll"}, {"Bound": 2011310179, "Hint": 290, "Name": "GetKeyboardLayout", "DLL": "USER32.dll"}, {"Bound": 2011350711, "Hint": 143, "Name": "DefWindowProcW", "DLL": "USER32.dll"}, {"Bound": 2011281862, "Hint": 153, "Name": "DestroyWindow", "DLL": "USER32.dll"}, {"Bound": 2011523310, "Hint": 478, "Name": "MessageBeep", "DLL": "USER32.dll"}, {"Bound": 2011296604, "Hint": 658, "Name": "ShowWindow", "DLL": "USER32.dll"}, {"Bound": 2011325470, "Hint": 279, "Name": "GetForegroundWindow", "DLL": "USER32.dll"}, {"Bound": 2011325334, "Hint": 422, "Name": "IsIconic", "DLL": "USER32.dll"}, {"Bound": 2011369282, "Hint": 371, "Name": "GetWindowPlacement", "DLL": "USER32.dll"}, {"Bound": 2011357313, "Hint": 55, "Name": "CharUpperW", "DLL": "USER32.dll"}, {"Bound": 2011318181, "Hint": 460, "Name": "LoadStringW", "DLL": "USER32.dll"}, {"Bound": 2011293850, "Hint": 439, "Name": "LoadAcceleratorsW", "DLL": "USER32.dll"}, {"Bound": 2011264988, "Hint": 348, "Name": "GetSystemMenu", "DLL": "USER32.dll"}, {"Bound": 2011303631, "Hint": 536, "Name": "RegisterClassExW", "DLL": "USER32.dll"}, {"Bound": 2011299315, "Hint": 449, "Name": "LoadImageW", "DLL": "USER32.dll"}, {"Bound": 2011326958, "Hint": 445, "Name": "LoadCursorW", "DLL": "USER32.dll"}, {"Bound": 2011290812, "Hint": 642, "Name": "SetWindowPlacement", "DLL": "USER32.dll"}, {"Bound": 2011309168, "Hint": 97, "Name": "CreateWindowExW", "DLL": "USER32.dll"}, {"Bound": 2011280913, "Hint": 270, "Name": "GetDesktopWindow", "DLL": "USER32.dll"}, {"Bound": 2011351994, "Hint": 278, "Name": "GetFocus", "DLL": "USER32.dll"}, {"Bound": 2011282657, "Hint": 447, "Name": "LoadIconW", "DLL": "USER32.dll"}, {"Bound": 2011320032, "Hint": 647, "Name": "SetWindowTextW", "DLL": "USER32.dll"}, {"Bound": 2011365122, "Hint": 516, "Name": "PostQuitMessage", "DLL": "USER32.dll"}, {"Bound": 2011300341, "Hint": 552, "Name": "RegisterWindowMessageW", "DLL": "USER32.dll"}, {"Bound": 2011351888, "Hint": 700, "Name": "UpdateWindow", "DLL": "USER32.dll"}, {"Bound": 2011364880, "Hint": 623, "Name": "SetScrollPos", "DLL": "USER32.dll"}, {"Bound": 2011298881, "Hint": 41, "Name": "CharLowerW", "DLL": "USER32.dll"}, {"Bound": 2011348584, "Hint": 513, "Name": "PeekMessageW", "DLL": "USER32.dll"}, {"Bound": 2011268163, "Hint": 196, "Name": "EnableWindow", "DLL": "USER32.dll"}, {"Bound": 2011319426, "Hint": 190, "Name": "DrawTextExW", "DLL": "USER32.dll"}, {"Bound": 2011265289, "Hint": 86, "Name": "CreateDialogParamW", "DLL": "USER32.dll"}, {"Bound": 2011321900, "Hint": 378, "Name": "GetWindowTextW", "DLL": "USER32.dll"}, {"Bound": 2011353962, "Hint": 349, "Name": "GetSystemMetrics", "DLL": "USER32.dll"}, {"Bound": 2011283943, "Hint": 492, "Name": "MoveWindow", "DLL": "USER32.dll"}, {"Bound": 2011352007, "Hint": 403, "Name": "InvalidateRect", "DLL": "USER32.dll"}, {"Bound": 2011388724, "Hint": 722, "Name": "WinHelpW", "DLL": "USER32.dll"}, {"Bound": 2011352779, "Hint": 272, "Name": "GetDlgCtrlID", "DLL": "USER32.dll"}, {"Bound": 2011423380, "Hint": 60, "Name": "ChildWindowFromPoint", "DLL": "USER32.dll"}, {"Bound": 2011306188, "Hint": 561, "Name": "ScreenToClient", "DLL": "USER32.dll"}, {"Bound": 2011350865, "Hint": 267, "Name": "GetCursorPos", "DLL": "USER32.dll"}, {"Bound": 2011263708, "Hint": 567, "Name": "SendDlgItemMessageW", "DLL": "USER32.dll"}, {"Bound": 2011349742, "Hint": 576, "Name": "SendMessageW", "DLL": "USER32.dll"}, {"Bound": 2011315132, "Hint": 44, "Name": "CharNextW", "DLL": "USER32.dll"}, {"Bound": 2011259355, "Hint": 57, "Name": "CheckMenuItem", "DLL": "USER32.dll"}, {"Bound": 2011432152, "Hint": 66, "Name": "CloseClipboard", "DLL": "USER32.dll"}, {"Bound": 2011432112, "Hint": 415, "Name": "IsClipboardFormatAvailable", "DLL": "USER32.dll"}, {"Bound": 2011432170, "Hint": 502, "Name": "OpenClipboard", "DLL": "USER32.dll"}, {"Bound": 2011292217, "Hint": 311, "Name": "GetMenuState", "DLL": "USER32.dll"}, {"Bound": 2011292099, "Hint": 194, "Name": "EnableMenuItem", "DLL": "USER32.dll"}, {"Bound": 2011292375, "Hint": 345, "Name": "GetSubMenu", "DLL": "USER32.dll"}, {"Bound": 2011265813, "Hint": 300, "Name": "GetMenu", "DLL": "USER32.dll"}, {"Bound": 2011360796, "Hint": 486, "Name": "MessageBoxW", "DLL": "USER32.dll"}, {"Bound": 2011308917, "Hint": 641, "Name": "SetWindowLongW", "DLL": "USER32.dll"}, {"Bound": 2011347134, "Hint": 367, "Name": "GetWindowLongW", "DLL": "USER32.dll"}, {"Bound": 2011280726, "Hint": 273, "Name": "GetDlgItem", "DLL": "USER32.dll"}, {"Bound": 2011281075, "Hint": 598, "Name": "SetFocus", "DLL": "USER32.dll"}, {"Bound": 2011265137, "Hint": 596, "Name": "SetDlgItemTextW", "DLL": "USER32.dll"}, {"Bound": 2011279862, "Hint": 728, "Name": "wsprintfW", "DLL": "USER32.dll"}, {"Bound": 2011262268, "Hint": 276, "Name": "GetDlgItemTextW", "DLL": "USER32.dll"}, {"Bound": 2011273186, "Hint": 198, "Name": "EndDialog", "DLL": "USER32.dll"}, {"Bound": 2011350027, "Hint": 325, "Name": "GetParent", "DLL": "USER32.dll"}, {"Bound": 2011410103, "Hint": 684, "Name": "UnhookWinEvent", "DLL": "USER32.dll"}, {"Bound": 2011347649, "Hint": 162, "Name": "DispatchMessageW", "DLL": "USER32.dll"}, {"Bound": 2011348396, "Hint": 682, "Name": "TranslateMessage", "DLL": "USER32.dll"}, {"Bound": 2011349921, "Hint": 680, "Name": "TranslateAcceleratorW", "DLL": "USER32.dll"}, {"Bound": 2011323553, "Hint": 418, "Name": "IsDialogMessageW", "DLL": "USER32.dll"}, {"Bound": 2011351000, "Hint": 515, "Name": "PostMessageW", "DLL": "USER32.dll"}, {"Bound": 2011351065, "Hint": 318, "Name": "GetMessageW", "DLL": "USER32.dll"}, {"Bound": 2011407158, "Hint": 638, "Name": "SetWinEventHook", "DLL": "USER32.dll"}]], "PE Sections": [{"PointerToRawData": {"FileOffset": 500, "Value": 1024, "Offset": 20}, "SHA1": "06e70224f533a9ee05ea1beaaa1ff7a663d18ec5", "SHA256": "42dc89de3fed88de5663658b202231d072fd5cc5faa2a86c09b69e75c59c1e79", "Name": {"FileOffset": 480, "Value": ".text", "Offset": 0}, "NumberOfRelocations": {"FileOffset": 512, "Value": 0, "Offset": 32}, "Misc_VirtualSize": {"FileOffset": 488, "Value": 30556, "Offset": 8}, "Characteristics": {"FileOffset": 516, "Value": 1610612768, "Offset": 36}, "Misc": {"FileOffset": 488, "Value": 30556, "Offset": 8}, "PointerToLinenumbers": {"FileOffset": 508, "Value": 0, "Offset": 28}, "SizeOfRawData": {"FileOffset": 496, "Value": 30720, "Offset": 16}, "Misc_PhysicalAddress": {"FileOffset": 488, "Value": 30556, "Offset": 8}, "PointerToRelocations": {"FileOffset": 504, "Value": 0, "Offset": 24}, "Flags": ["IMAGE_SCN_MEM_EXECUTE", "IMAGE_SCN_CNT_CODE", "IMAGE_SCN_MEM_READ"], "SHA512": "b03ddd523a1b6c662f939b7a54f3d6286766c1abaeb57c64bc9929eb2ad076a75dd0f3414d020bab52ad02b3b7275c199324c4ab343f214361a4ec85f5c9abbc", "MD5": "7e831f6fcfc4a3365e84ac6f52717d5d", "Entropy": 6.8273171050855685, "VirtualAddress": {"FileOffset": 492, "Value": 4096, "Offset": 12}, "Structure": "IMAGE_SECTION_HEADER", "NumberOfLinenumbers": {"FileOffset": 514, "Value": 0, "Offset": 34}}, {"PointerToRawData": {"FileOffset": 540, "Value": 31744, "Offset": 20}, "SHA1": "c6661679beadbde281d89cbd3957f61aaaa67611", "SHA256": "0eb28e43c98dc47825ffe5c8a73e5c28c58d2f76aa02e536b4101a83ed041e68", "Name": {"FileOffset": 520, "Value": ".data", "Offset": 0}, "NumberOfRelocations": {"FileOffset": 552, "Value": 0, "Offset": 32}, "Misc_VirtualSize": {"FileOffset": 528, "Value": 7848, "Offset": 8}, "Characteristics": {"FileOffset": 556, "Value": 3221225536, "Offset": 36}, "Misc": {"FileOffset": 528, "Value": 7848, "Offset": 8}, "PointerToLinenumbers": {"FileOffset": 548, "Value": 0, "Offset": 28}, "SizeOfRawData": {"FileOffset": 536, "Value": 1536, "Offset": 16}, "Misc_PhysicalAddress": {"FileOffset": 528, "Value": 7848, "Offset": 8}, "PointerToRelocations": {"FileOffset": 544, "Value": 0, "Offset": 24}, "Flags": ["IMAGE_SCN_CNT_INITIALIZED_DATA", "IMAGE_SCN_MEM_WRITE", "IMAGE_SCN_MEM_READ"], "SHA512": "f0ca7f6ee7941bb8f8f2360b3a124fc4317cf86899681bdebbc7fa5ebcfed37710c1fd7a9d7c7ce127abd90abd3327d81d2a8df187d53dcaa6f2e60be5fe7422", "MD5": "4f2b6c632f8cd23b458a89f8e8e6bb8e", "Entropy": 1.4356337000436392, "VirtualAddress": {"FileOffset": 532, "Value": 36864, "Offset": 12}, "Structure": "IMAGE_SECTION_HEADER", "NumberOfLinenumbers": {"FileOffset": 554, "Value": 0, "Offset": 34}}, {"PointerToRawData": {"FileOffset": 580, "Value": 33280, "Offset": 20}, "SHA1": "a0e45b05947d91110892b5ad4bf9c8576586f47d", "SHA256": "fc49c42623528a60a3a697a270b347279ff5c4a1c18960a8cff90bd226b111ef", "Name": {"FileOffset": 560, "Value": ".rsrc", "Offset": 0}, "NumberOfRelocations": {"FileOffset": 592, "Value": 0, "Offset": 32}, "Misc_VirtualSize": {"FileOffset": 568, "Value": 32612, "Offset": 8}, "Characteristics": {"FileOffset": 596, "Value": 1073741888, "Offset": 36}, "Misc": {"FileOffset": 568, "Value": 32612, "Offset": 8}, "PointerToLinenumbers": {"FileOffset": 588, "Value": 0, "Offset": 28}, "SizeOfRawData": {"FileOffset": 576, "Value": 32768, "Offset": 16}, "Misc_PhysicalAddress": {"FileOffset": 568, "Value": 32612, "Offset": 8}, "PointerToRelocations": {"FileOffset": 584, "Value": 0, "Offset": 24}, "Flags": ["IMAGE_SCN_CNT_INITIALIZED_DATA", "IMAGE_SCN_MEM_READ"], "SHA512": "e3a6441ef2b3f02d99a09f6c0b3586d162c95495ab6835c3009379a191c032dc9dafb71f95ae99a0d0287765df499ebce2359bab5b4ddb6c1ca94fd158fe9c39", "MD5": "6042edee96a99ccb1649d39b61b47b14", "Entropy": 5.6929018024597795, "VirtualAddress": {"FileOffset": 572, "Value": 45056, "Offset": 12}, "Structure": "IMAGE_SECTION_HEADER", "NumberOfLinenumbers": {"FileOffset": 594, "Value": 0, "Offset": 34}}], "Resource directory": [{"MajorVersion": {"FileOffset": 33288, "Value": 4, "Offset": 8}, "NumberOfIdEntries": {"FileOffset": 33294, "Value": 8, "Offset": 14}, "MinorVersion": {"FileOffset": 33290, "Value": 0, "Offset": 10}, "TimeDateStamp": {"FileOffset": 33284, "Value": "0x0        [Thu Jan  1 00:00:00 1970 UTC]", "Offset": 4}, "Characteristics": {"FileOffset": 33280, "Value": 0, "Offset": 0}, "NumberOfNamedEntries": {"FileOffset": 33292, "Value": 0, "Offset": 12}, "Structure": "IMAGE_RESOURCE_DIRECTORY"}, {"Structure": "IMAGE_RESOURCE_DIRECTORY_ENTRY", "Id": [3, "RT_ICON"], "OffsetToData": {"FileOffset": 33300, "Value": 2147483728, "Offset": 4}, "Name": {"FileOffset": 33296, "Value": 3, "Offset": 0}}, [{"MajorVersion": {"FileOffset": 33368, "Value": 4, "Offset": 8}, "NumberOfIdEntries": {"FileOffset": 33374, "Value": 9, "Offset": 14}, "MinorVersion": {"FileOffset": 33370, "Value": 0, "Offset": 10}, "TimeDateStamp": {"FileOffset": 33364, "Value": "0x0        [Thu Jan  1 00:00:00 1970 UTC]", "Offset": 4}, "Characteristics": {"FileOffset": 33360, "Value": 0, "Offset": 0}, "NumberOfNamedEntries": {"FileOffset": 33372, "Value": 0, "Offset": 12}, "Structure": "IMAGE_RESOURCE_DIRECTORY"}, {"Structure": "IMAGE_RESOURCE_DIRECTORY_ENTRY", "Id": 1, "OffsetToData": {"FileOffset": 33380, "Value": 2147484040, "Offset": 4}, "Name": {"FileOffset": 33376, "Value": 1, "Offset": 0}}, [{"MajorVersion": {"FileOffset": 33680, "Value": 4, "Offset": 8}, "NumberOfIdEntries": {"FileOffset": 33686, "Value": 1, "Offset": 14}, "MinorVersion": {"FileOffset": 33682, "Value": 0, "Offset": 10}, "TimeDateStamp": {"FileOffset": 33676, "Value": "0x0        [Thu Jan  1 00:00:00 1970 UTC]", "Offset": 4}, "Characteristics": {"FileOffset": 33672, "Value": 0, "Offset": 0}, "NumberOfNamedEntries": {"FileOffset": 33684, "Value": 0, "Offset": 12}, "Structure": "IMAGE_RESOURCE_DIRECTORY"}, {"LANG": 4, "SUBLANG_NAME": "SUBLANG_CHINESE_SIMPLIFIED", "Name": {"FileOffset": 33688, "Value": 2052, "Offset": 0}, "CodePage": {"FileOffset": 34232, "Value": 1252, "Offset": 8}, "LANG_NAME": "LANG_CHINESE", "OffsetToData": {"FileOffset": 34224, "Value": 46440, "Offset": 0}, "Reserved": {"FileOffset": 34236, "Value": 0, "Offset": 12}, "SUBLANG": 2, "Structure": "IMAGE_RESOURCE_DATA_ENTRY", "Size": {"FileOffset": 34228, "Value": 1640, "Offset": 4}}], {"Structure": "IMAGE_RESOURCE_DIRECTORY_ENTRY", "Id": 2, "OffsetToData": {"FileOffset": 33388, "Value": 2147484064, "Offset": 4}, "Name": {"FileOffset": 33384, "Value": 2, "Offset": 0}}, [{"MajorVersion": {"FileOffset": 33704, "Value": 4, "Offset": 8}, "NumberOfIdEntries": {"FileOffset": 33710, "Value": 1, "Offset": 14}, "MinorVersion": {"FileOffset": 33706, "Value": 0, "Offset": 10}, "TimeDateStamp": {"FileOffset": 33700, "Value": "0x0        [Thu Jan  1 00:00:00 1970 UTC]", "Offset": 4}, "Characteristics": {"FileOffset": 33696, "Value": 0, "Offset": 0}, "NumberOfNamedEntries": {"FileOffset": 33708, "Value": 0, "Offset": 12}, "Structure": "IMAGE_RESOURCE_DIRECTORY"}, {"LANG": 4, "SUBLANG_NAME": "SUBLANG_CHINESE_SIMPLIFIED", "Name": {"FileOffset": 33712, "Value": 2052, "Offset": 0}, "CodePage": {"FileOffset": 34248, "Value": 1252, "Offset": 8}, "LANG_NAME": "LANG_CHINESE", "OffsetToData": {"FileOffset": 34240, "Value": 48080, "Offset": 0}, "Reserved": {"FileOffset": 34252, "Value": 0, "Offset": 12}, "SUBLANG": 2, "Structure": "IMAGE_RESOURCE_DATA_ENTRY", "Size": {"FileOffset": 34244, "Value": 744, "Offset": 4}}], {"Structure": "IMAGE_RESOURCE_DIRECTORY_ENTRY", "Id": 3, "OffsetToData": {"FileOffset": 33396, "Value": 2147484088, "Offset": 4}, "Name": {"FileOffset": 33392, "Value": 3, "Offset": 0}}, [{"MajorVersion": {"FileOffset": 33728, "Value": 4, "Offset": 8}, "NumberOfIdEntries": {"FileOffset": 33734, "Value": 1, "Offset": 14}, "MinorVersion": {"FileOffset": 33730, "Value": 0, "Offset": 10}, "TimeDateStamp": {"FileOffset": 33724, "Value": "0x0        [Thu Jan  1 00:00:00 1970 UTC]", "Offset": 4}, "Characteristics": {"FileOffset": 33720, "Value": 0, "Offset": 0}, "NumberOfNamedEntries": {"FileOffset": 33732, "Value": 0, "Offset": 12}, "Structure": "IMAGE_RESOURCE_DIRECTORY"}, {"LANG": 4, "SUBLANG_NAME": "SUBLANG_CHINESE_SIMPLIFIED", "Name": {"FileOffset": 33736, "Value": 2052, "Offset": 0}, "CodePage": {"FileOffset": 34264, "Value": 1252, "Offset": 8}, "LANG_NAME": "LANG_CHINESE", "OffsetToData": {"FileOffset": 34256, "Value": 48824, "Offset": 0}, "Reserved": {"FileOffset": 34268, "Value": 0, "Offset": 12}, "SUBLANG": 2, "Structure": "IMAGE_RESOURCE_DATA_ENTRY", "Size": {"FileOffset": 34260, "Value": 296, "Offset": 4}}], {"Structure": "IMAGE_RESOURCE_DIRECTORY_ENTRY", "Id": 4, "OffsetToData": {"FileOffset": 33404, "Value": 2147484112, "Offset": 4}, "Name": {"FileOffset": 33400, "Value": 4, "Offset": 0}}, [{"MajorVersion": {"FileOffset": 33752, "Value": 4, "Offset": 8}, "NumberOfIdEntries": {"FileOffset": 33758, "Value": 1, "Offset": 14}, "MinorVersion": {"FileOffset": 33754, "Value": 0, "Offset": 10}, "TimeDateStamp": {"FileOffset": 33748, "Value": "0x0        [Thu Jan  1 00:00:00 1970 UTC]", "Offset": 4}, "Characteristics": {"FileOffset": 33744, "Value": 0, "Offset": 0}, "NumberOfNamedEntries": {"FileOffset": 33756, "Value": 0, "Offset": 12}, "Structure": "IMAGE_RESOURCE_DIRECTORY"}, {"LANG": 4, "SUBLANG_NAME": "SUBLANG_CHINESE_SIMPLIFIED", "Name": {"FileOffset": 33760, "Value": 2052, "Offset": 0}, "CodePage": {"FileOffset": 34280, "Value": 1252, "Offset": 8}, "LANG_NAME": "LANG_CHINESE", "OffsetToData": {"FileOffset": 34272, "Value": 49120, "Offset": 0}, "Reserved": {"FileOffset": 34284, "Value": 0, "Offset": 12}, "SUBLANG": 2, "Structure": "IMAGE_RESOURCE_DATA_ENTRY", "Size": {"FileOffset": 34276, "Value": 3752, "Offset": 4}}], {"Structure": "IMAGE_RESOURCE_DIRECTORY_ENTRY", "Id": 5, "OffsetToData": {"FileOffset": 33412, "Value": 2147484136, "Offset": 4}, "Name": {"FileOffset": 33408, "Value": 5, "Offset": 0}}, [{"MajorVersion": {"FileOffset": 33776, "Value": 4, "Offset": 8}, "NumberOfIdEntries": {"FileOffset": 33782, "Value": 1, "Offset": 14}, "MinorVersion": {"FileOffset": 33778, "Value": 0, "Offset": 10}, "TimeDateStamp": {"FileOffset": 33772, "Value": "0x0        [Thu Jan  1 00:00:00 1970 UTC]", "Offset": 4}, "Characteristics": {"FileOffset": 33768, "Value": 0, "Offset": 0}, "NumberOfNamedEntries": {"FileOffset": 33780, "Value": 0, "Offset": 12}, "Structure": "IMAGE_RESOURCE_DIRECTORY"}, {"LANG": 4, "SUBLANG_NAME": "SUBLANG_CHINESE_SIMPLIFIED", "Name": {"FileOffset": 33784, "Value": 2052, "Offset": 0}, "CodePage": {"FileOffset": 34296, "Value": 1252, "Offset": 8}, "LANG_NAME": "LANG_CHINESE", "OffsetToData": {"FileOffset": 34288, "Value": 52872, "Offset": 0}, "Reserved": {"FileOffset": 34300, "Value": 0, "Offset": 12}, "SUBLANG": 2, "Structure": "IMAGE_RESOURCE_DATA_ENTRY", "Size": {"FileOffset": 34292, "Value": 2216, "Offset": 4}}], {"Structure": "IMAGE_RESOURCE_DIRECTORY_ENTRY", "Id": 6, "OffsetToData": {"FileOffset": 33420, "Value": 2147484160, "Offset": 4}, "Name": {"FileOffset": 33416, "Value": 6, "Offset": 0}}, [{"MajorVersion": {"FileOffset": 33800, "Value": 4, "Offset": 8}, "NumberOfIdEntries": {"FileOffset": 33806, "Value": 1, "Offset": 14}, "MinorVersion": {"FileOffset": 33802, "Value": 0, "Offset": 10}, "TimeDateStamp": {"FileOffset": 33796, "Value": "0x0        [Thu Jan  1 00:00:00 1970 UTC]", "Offset": 4}, "Characteristics": {"FileOffset": 33792, "Value": 0, "Offset": 0}, "NumberOfNamedEntries": {"FileOffset": 33804, "Value": 0, "Offset": 12}, "Structure": "IMAGE_RESOURCE_DIRECTORY"}, {"LANG": 4, "SUBLANG_NAME": "SUBLANG_CHINESE_SIMPLIFIED", "Name": {"FileOffset": 33808, "Value": 2052, "Offset": 0}, "CodePage": {"FileOffset": 34312, "Value": 1252, "Offset": 8}, "LANG_NAME": "LANG_CHINESE", "OffsetToData": {"FileOffset": 34304, "Value": 55088, "Offset": 0}, "Reserved": {"FileOffset": 34316, "Value": 0, "Offset": 12}, "SUBLANG": 2, "Structure": "IMAGE_RESOURCE_DATA_ENTRY", "Size": {"FileOffset": 34308, "Value": 1384, "Offset": 4}}], {"Structure": "IMAGE_RESOURCE_DIRECTORY_ENTRY", "Id": 7, "OffsetToData": {"FileOffset": 33428, "Value": 2147484184, "Offset": 4}, "Name": {"FileOffset": 33424, "Value": 7, "Offset": 0}}, [{"MajorVersion": {"FileOffset": 33824, "Value": 4, "Offset": 8}, "NumberOfIdEntries": {"FileOffset": 33830, "Value": 1, "Offset": 14}, "MinorVersion": {"FileOffset": 33826, "Value": 0, "Offset": 10}, "TimeDateStamp": {"FileOffset": 33820, "Value": "0x0        [Thu Jan  1 00:00:00 1970 UTC]", "Offset": 4}, "Characteristics": {"FileOffset": 33816, "Value": 0, "Offset": 0}, "NumberOfNamedEntries": {"FileOffset": 33828, "Value": 0, "Offset": 12}, "Structure": "IMAGE_RESOURCE_DIRECTORY"}, {"LANG": 4, "SUBLANG_NAME": "SUBLANG_CHINESE_SIMPLIFIED", "Name": {"FileOffset": 33832, "Value": 2052, "Offset": 0}, "CodePage": {"FileOffset": 34328, "Value": 1252, "Offset": 8}, "LANG_NAME": "LANG_CHINESE", "OffsetToData": {"FileOffset": 34320, "Value": 56472, "Offset": 0}, "Reserved": {"FileOffset": 34332, "Value": 0, "Offset": 12}, "SUBLANG": 2, "Structure": "IMAGE_RESOURCE_DATA_ENTRY", "Size": {"FileOffset": 34324, "Value": 9640, "Offset": 4}}], {"Structure": "IMAGE_RESOURCE_DIRECTORY_ENTRY", "Id": 8, "OffsetToData": {"FileOffset": 33436, "Value": 2147484208, "Offset": 4}, "Name": {"FileOffset": 33432, "Value": 8, "Offset": 0}}, [{"MajorVersion": {"FileOffset": 33848, "Value": 4, "Offset": 8}, "NumberOfIdEntries": {"FileOffset": 33854, "Value": 1, "Offset": 14}, "MinorVersion": {"FileOffset": 33850, "Value": 0, "Offset": 10}, "TimeDateStamp": {"FileOffset": 33844, "Value": "0x0        [Thu Jan  1 00:00:00 1970 UTC]", "Offset": 4}, "Characteristics": {"FileOffset": 33840, "Value": 0, "Offset": 0}, "NumberOfNamedEntries": {"FileOffset": 33852, "Value": 0, "Offset": 12}, "Structure": "IMAGE_RESOURCE_DIRECTORY"}, {"LANG": 4, "SUBLANG_NAME": "SUBLANG_CHINESE_SIMPLIFIED", "Name": {"FileOffset": 33856, "Value": 2052, "Offset": 0}, "CodePage": {"FileOffset": 34344, "Value": 1252, "Offset": 8}, "LANG_NAME": "LANG_CHINESE", "OffsetToData": {"FileOffset": 34336, "Value": 66112, "Offset": 0}, "Reserved": {"FileOffset": 34348, "Value": 0, "Offset": 12}, "SUBLANG": 2, "Structure": "IMAGE_RESOURCE_DATA_ENTRY", "Size": {"FileOffset": 34340, "Value": 4264, "Offset": 4}}], {"Structure": "IMAGE_RESOURCE_DIRECTORY_ENTRY", "Id": 9, "OffsetToData": {"FileOffset": 33444, "Value": 2147484232, "Offset": 4}, "Name": {"FileOffset": 33440, "Value": 9, "Offset": 0}}, [{"MajorVersion": {"FileOffset": 33872, "Value": 4, "Offset": 8}, "NumberOfIdEntries": {"FileOffset": 33878, "Value": 1, "Offset": 14}, "MinorVersion": {"FileOffset": 33874, "Value": 0, "Offset": 10}, "TimeDateStamp": {"FileOffset": 33868, "Value": "0x0        [Thu Jan  1 00:00:00 1970 UTC]", "Offset": 4}, "Characteristics": {"FileOffset": 33864, "Value": 0, "Offset": 0}, "NumberOfNamedEntries": {"FileOffset": 33876, "Value": 0, "Offset": 12}, "Structure": "IMAGE_RESOURCE_DIRECTORY"}, {"LANG": 4, "SUBLANG_NAME": "SUBLANG_CHINESE_SIMPLIFIED", "Name": {"FileOffset": 33880, "Value": 2052, "Offset": 0}, "CodePage": {"FileOffset": 34360, "Value": 1252, "Offset": 8}, "LANG_NAME": "LANG_CHINESE", "OffsetToData": {"FileOffset": 34352, "Value": 70376, "Offset": 0}, "Reserved": {"FileOffset": 34364, "Value": 0, "Offset": 12}, "SUBLANG": 2, "Structure": "IMAGE_RESOURCE_DATA_ENTRY", "Size": {"FileOffset": 34356, "Value": 1128, "Offset": 4}}]], {"Structure": "IMAGE_RESOURCE_DIRECTORY_ENTRY", "Id": [4, "RT_MENU"], "OffsetToData": {"FileOffset": 33308, "Value": 2147483816, "Offset": 4}, "Name": {"FileOffset": 33304, "Value": 4, "Offset": 0}}, [{"MajorVersion": {"FileOffset": 33456, "Value": 4, "Offset": 8}, "NumberOfIdEntries": {"FileOffset": 33462, "Value": 1, "Offset": 14}, "MinorVersion": {"FileOffset": 33458, "Value": 0, "Offset": 10}, "TimeDateStamp": {"FileOffset": 33452, "Value": "0x0        [Thu Jan  1 00:00:00 1970 UTC]", "Offset": 4}, "Characteristics": {"FileOffset": 33448, "Value": 0, "Offset": 0}, "NumberOfNamedEntries": {"FileOffset": 33460, "Value": 0, "Offset": 12}, "Structure": "IMAGE_RESOURCE_DIRECTORY"}, {"Structure": "IMAGE_RESOURCE_DIRECTORY_ENTRY", "Id": 1, "OffsetToData": {"FileOffset": 33468, "Value": 2147484256, "Offset": 4}, "Name": {"FileOffset": 33464, "Value": 1, "Offset": 0}}, [{"MajorVersion": {"FileOffset": 33896, "Value": 4, "Offset": 8}, "NumberOfIdEntries": {"FileOffset": 33902, "Value": 1, "Offset": 14}, "MinorVersion": {"FileOffset": 33898, "Value": 0, "Offset": 10}, "TimeDateStamp": {"FileOffset": 33892, "Value": "0x0        [Thu Jan  1 00:00:00 1970 UTC]", "Offset": 4}, "Characteristics": {"FileOffset": 33888, "Value": 0, "Offset": 0}, "NumberOfNamedEntries": {"FileOffset": 33900, "Value": 0, "Offset": 12}, "Structure": "IMAGE_RESOURCE_DIRECTORY"}, {"LANG": 4, "SUBLANG_NAME": "SUBLANG_CHINESE_SIMPLIFIED", "Name": {"FileOffset": 33904, "Value": 2052, "Offset": 0}, "CodePage": {"FileOffset": 34376, "Value": 1252, "Offset": 8}, "LANG_NAME": "LANG_CHINESE", "OffsetToData": {"FileOffset": 34368, "Value": 71504, "Offset": 0}, "Reserved": {"FileOffset": 34380, "Value": 0, "Offset": 12}, "SUBLANG": 2, "Structure": "IMAGE_RESOURCE_DATA_ENTRY", "Size": {"FileOffset": 34372, "Value": 816, "Offset": 4}}]], {"Structure": "IMAGE_RESOURCE_DIRECTORY_ENTRY", "Id": [5, "RT_DIALOG"], "OffsetToData": {"FileOffset": 33316, "Value": 2147483840, "Offset": 4}, "Name": {"FileOffset": 33312, "Value": 5, "Offset": 0}}, [{"MajorVersion": {"FileOffset": 33480, "Value": 4, "Offset": 8}, "NumberOfIdEntries": {"FileOffset": 33486, "Value": 3, "Offset": 14}, "MinorVersion": {"FileOffset": 33482, "Value": 0, "Offset": 10}, "TimeDateStamp": {"FileOffset": 33476, "Value": "0x0        [Thu Jan  1 00:00:00 1970 UTC]", "Offset": 4}, "Characteristics": {"FileOffset": 33472, "Value": 0, "Offset": 0}, "NumberOfNamedEntries": {"FileOffset": 33484, "Value": 1, "Offset": 12}, "Structure": "IMAGE_RESOURCE_DIRECTORY"}, {"Name": {"FileOffset": 33488, "Value": 2147484960, "Offset": 0}, "OffsetToData": {"FileOffset": 33492, "Value": 2147484280, "Offset": 4}, "Structure": "IMAGE_RESOURCE_DIRECTORY_ENTRY"}, [{"MajorVersion": {"FileOffset": 33920, "Value": 4, "Offset": 8}, "NumberOfIdEntries": {"FileOffset": 33926, "Value": 1, "Offset": 14}, "MinorVersion": {"FileOffset": 33922, "Value": 0, "Offset": 10}, "TimeDateStamp": {"FileOffset": 33916, "Value": "0x0        [Thu Jan  1 00:00:00 1970 UTC]", "Offset": 4}, "Characteristics": {"FileOffset": 33912, "Value": 0, "Offset": 0}, "NumberOfNamedEntries": {"FileOffset": 33924, "Value": 0, "Offset": 12}, "Structure": "IMAGE_RESOURCE_DIRECTORY"}, {"LANG": 4, "SUBLANG_NAME": "SUBLANG_CHINESE_SIMPLIFIED", "Name": {"FileOffset": 33928, "Value": 2052, "Offset": 0}, "CodePage": {"FileOffset": 34392, "Value": 1252, "Offset": 8}, "LANG_NAME": "LANG_CHINESE", "OffsetToData": {"FileOffset": 34384, "Value": 72320, "Offset": 0}, "Reserved": {"FileOffset": 34396, "Value": 0, "Offset": 12}, "SUBLANG": 2, "Structure": "IMAGE_RESOURCE_DATA_ENTRY", "Size": {"FileOffset": 34388, "Value": 124, "Offset": 4}}], {"Structure": "IMAGE_RESOURCE_DIRECTORY_ENTRY", "Id": 11, "OffsetToData": {"FileOffset": 33500, "Value": 2147484304, "Offset": 4}, "Name": {"FileOffset": 33496, "Value": 11, "Offset": 0}}, [{"MajorVersion": {"FileOffset": 33944, "Value": 4, "Offset": 8}, "NumberOfIdEntries": {"FileOffset": 33950, "Value": 1, "Offset": 14}, "MinorVersion": {"FileOffset": 33946, "Value": 0, "Offset": 10}, "TimeDateStamp": {"FileOffset": 33940, "Value": "0x0        [Thu Jan  1 00:00:00 1970 UTC]", "Offset": 4}, "Characteristics": {"FileOffset": 33936, "Value": 0, "Offset": 0}, "NumberOfNamedEntries": {"FileOffset": 33948, "Value": 0, "Offset": 12}, "Structure": "IMAGE_RESOURCE_DIRECTORY"}, {"LANG": 4, "SUBLANG_NAME": "SUBLANG_CHINESE_SIMPLIFIED", "Name": {"FileOffset": 33952, "Value": 2052, "Offset": 0}, "CodePage": {"FileOffset": 34408, "Value": 1252, "Offset": 8}, "LANG_NAME": "LANG_CHINESE", "OffsetToData": {"FileOffset": 34400, "Value": 72444, "Offset": 0}, "Reserved": {"FileOffset": 34412, "Value": 0, "Offset": 12}, "SUBLANG": 2, "Structure": "IMAGE_RESOURCE_DATA_ENTRY", "Size": {"FileOffset": 34404, "Value": 192, "Offset": 4}}], {"Structure": "IMAGE_RESOURCE_DIRECTORY_ENTRY", "Id": 12, "OffsetToData": {"FileOffset": 33508, "Value": 2147484328, "Offset": 4}, "Name": {"FileOffset": 33504, "Value": 12, "Offset": 0}}, [{"MajorVersion": {"FileOffset": 33968, "Value": 4, "Offset": 8}, "NumberOfIdEntries": {"FileOffset": 33974, "Value": 1, "Offset": 14}, "MinorVersion": {"FileOffset": 33970, "Value": 0, "Offset": 10}, "TimeDateStamp": {"FileOffset": 33964, "Value": "0x0        [Thu Jan  1 00:00:00 1970 UTC]", "Offset": 4}, "Characteristics": {"FileOffset": 33960, "Value": 0, "Offset": 0}, "NumberOfNamedEntries": {"FileOffset": 33972, "Value": 0, "Offset": 12}, "Structure": "IMAGE_RESOURCE_DIRECTORY"}, {"LANG": 4, "SUBLANG_NAME": "SUBLANG_CHINESE_SIMPLIFIED", "Name": {"FileOffset": 33976, "Value": 2052, "Offset": 0}, "CodePage": {"FileOffset": 34424, "Value": 1252, "Offset": 8}, "LANG_NAME": "LANG_CHINESE", "OffsetToData": {"FileOffset": 34416, "Value": 72636, "Offset": 0}, "Reserved": {"FileOffset": 34428, "Value": 0, "Offset": 12}, "SUBLANG": 2, "Structure": "IMAGE_RESOURCE_DATA_ENTRY", "Size": {"FileOffset": 34420, "Value": 1128, "Offset": 4}}], {"Structure": "IMAGE_RESOURCE_DIRECTORY_ENTRY", "Id": 14, "OffsetToData": {"FileOffset": 33516, "Value": 2147484352, "Offset": 4}, "Name": {"FileOffset": 33512, "Value": 14, "Offset": 0}}, [{"MajorVersion": {"FileOffset": 33992, "Value": 4, "Offset": 8}, "NumberOfIdEntries": {"FileOffset": 33998, "Value": 1, "Offset": 14}, "MinorVersion": {"FileOffset": 33994, "Value": 0, "Offset": 10}, "TimeDateStamp": {"FileOffset": 33988, "Value": "0x0        [Thu Jan  1 00:00:00 1970 UTC]", "Offset": 4}, "Characteristics": {"FileOffset": 33984, "Value": 0, "Offset": 0}, "NumberOfNamedEntries": {"FileOffset": 33996, "Value": 0, "Offset": 12}, "Structure": "IMAGE_RESOURCE_DIRECTORY"}, {"LANG": 4, "SUBLANG_NAME": "SUBLANG_CHINESE_SIMPLIFIED", "Name": {"FileOffset": 34000, "Value": 2052, "Offset": 0}, "CodePage": {"FileOffset": 34440, "Value": 1252, "Offset": 8}, "LANG_NAME": "LANG_CHINESE", "OffsetToData": {"FileOffset": 34432, "Value": 73764, "Offset": 0}, "Reserved": {"FileOffset": 34444, "Value": 0, "Offset": 12}, "SUBLANG": 2, "Structure": "IMAGE_RESOURCE_DATA_ENTRY", "Size": {"FileOffset": 34436, "Value": 208, "Offset": 4}}]], {"Structure": "IMAGE_RESOURCE_DIRECTORY_ENTRY", "Id": [6, "RT_STRING"], "OffsetToData": {"FileOffset": 33324, "Value": 2147483888, "Offset": 4}, "Name": {"FileOffset": 33320, "Value": 6, "Offset": 0}}, [{"MajorVersion": {"FileOffset": 33528, "Value": 4, "Offset": 8}, "NumberOfIdEntries": {"FileOffset": 33534, "Value": 4, "Offset": 14}, "MinorVersion": {"FileOffset": 33530, "Value": 0, "Offset": 10}, "TimeDateStamp": {"FileOffset": 33524, "Value": "0x0        [Thu Jan  1 00:00:00 1970 UTC]", "Offset": 4}, "Characteristics": {"FileOffset": 33520, "Value": 0, "Offset": 0}, "NumberOfNamedEntries": {"FileOffset": 33532, "Value": 0, "Offset": 12}, "Structure": "IMAGE_RESOURCE_DIRECTORY"}, {"Structure": "IMAGE_RESOURCE_DIRECTORY_ENTRY", "Id": 1, "OffsetToData": {"FileOffset": 33540, "Value": 2147484376, "Offset": 4}, "Name": {"FileOffset": 33536, "Value": 1, "Offset": 0}}, [{"MajorVersion": {"FileOffset": 34016, "Value": 4, "Offset": 8}, "NumberOfIdEntries": {"FileOffset": 34022, "Value": 1, "Offset": 14}, "MinorVersion": {"FileOffset": 34018, "Value": 0, "Offset": 10}, "TimeDateStamp": {"FileOffset": 34012, "Value": "0x0        [Thu Jan  1 00:00:00 1970 UTC]", "Offset": 4}, "Characteristics": {"FileOffset": 34008, "Value": 0, "Offset": 0}, "NumberOfNamedEntries": {"FileOffset": 34020, "Value": 0, "Offset": 12}, "Structure": "IMAGE_RESOURCE_DIRECTORY"}, {"LANG": 4, "SUBLANG_NAME": "SUBLANG_CHINESE_SIMPLIFIED", "Name": {"FileOffset": 34024, "Value": 2052, "Offset": 0}, "CodePage": {"FileOffset": 34456, "Value": 1252, "Offset": 8}, "LANG_NAME": "LANG_CHINESE", "OffsetToData": {"FileOffset": 34448, "Value": 73972, "Offset": 0}, "Reserved": {"FileOffset": 34460, "Value": 0, "Offset": 12}, "SUBLANG": 2, "Structure": "IMAGE_RESOURCE_DATA_ENTRY", "Size": {"FileOffset": 34452, "Value": 668, "Offset": 4}}, "\u4e0d\u80fd\u6253\u5f00\u6587\u4ef6: %%\u3002\n\n\u8bf7\u786e\u8ba4\u6307\u5b9a\u7684\u9a71\u52a8\u5668\u4e2d\u662f\u5426\u6709\u76d8\u3002", "\u627e\u4e0d\u5230\u6587\u4ef6: %%\u3002\n\n\u8981\u521b\u5efa\u65b0\u6587\u4ef6\u5417?", "\u6587\u4ef6 %% \u7684\u6587\u5b57\u5df2\u7ecf\u6539\u53d8\u3002\n\n\u60f3\u4fdd\u5b58\u6587\u4ef6\u5417?", "\u65e0\u6807\u9898", " - \u8bb0\u4e8b\u672c", "\u627e\u4e0d\u5230 \"%%\"", "\u65e0\u8db3\u591f\u7684\u53ef\u7528\u5185\u5b58\u5b8c\u6210\u8be5\u64cd\u4f5c\u3002\u8bf7\u5173\u95ed\u90e8\u5206\u5e94\u7528\u7a0b\u5e8f\u4ee5\u589e\u52a0\u53ef\u7528\u5185\u5b58\uff0c\u7136\u540e\u518d\u8bd5\u4e00\u6b21\u3002", "\u6587\u4ef6 %% \u592a\u957f\uff0c\u65e0\u6cd5\u7528\u8bb0\u4e8b\u672c\u6253\u5f00\u3002\n\n\u8bf7\u4f7f\u7528\u5176\u4ed6\u7f16\u8f91\u5668\u3002", "\u8bb0\u4e8b\u672c", "\u521d\u59cb\u5316\u6587\u4ef6\u5bf9\u8bdd\u5931\u8d25\u3002\u66f4\u6539\u6587\u4ef6\u540d\uff0c\u518d\u8bd5\u4e00\u6b21\u3002", "\u521d\u59cb\u5316\u6253\u5370\u5bf9\u8bdd\u5931\u8d25\u3002\u8bf7\u786e\u8ba4\u6253\u5370\u673a\u5df2\u6b63\u786e\u8fde\u63a5\uff0c\u5e76\u7528\u201c\u63a7\u5236\u9762\u677f\u201d\u786e\u8ba4\u6253\u5370\u673a\u5df2\u6b63\u786e\u914d\u7f6e\u3002", "\u4e0d\u80fd\u6253\u5370 %% \u6587\u4ef6\u3002\u8bf7\u68c0\u67e5\u6253\u5370\u673a\u662f\u5426\u6b63\u5e38\u8fde\u63a5\uff0c\u540c\u65f6\u4f7f\u7528\u63a7\u5236\u9762\u677f\u68c0\u67e5\u6253\u5370\u673a\u7684\u914d\u7f6e\u60c5\u51b5\u3002", "\u4e0d\u662f\u5408\u6cd5\u7684\u6587\u4ef6\u540d\u3002", "\u4e0d\u80fd\u521b\u5efa\u6587\u4ef6 %%\u3002\n\n\u8bf7\u786e\u8ba4\u8def\u5f84\u548c\u6587\u4ef6\u540d\u662f\u5426\u6b63\u786e\u3002", "\u4e0d\u80fd\u8fdb\u884c\u81ea\u52a8\u6362\u884c\uff0c\u56e0\u4e3a\u8be5\u6587\u4ef6\u7684\u6b63\u6587\u592a\u957f\u3002"], {"Structure": "IMAGE_RESOURCE_DIRECTORY_ENTRY", "Id": 2, "OffsetToData": {"FileOffset": 33548, "Value": 2147484400, "Offset": 4}, "Name": {"FileOffset": 33544, "Value": 2, "Offset": 0}}, [{"MajorVersion": {"FileOffset": 34040, "Value": 4, "Offset": 8}, "NumberOfIdEntries": {"FileOffset": 34046, "Value": 1, "Offset": 14}, "MinorVersion": {"FileOffset": 34042, "Value": 0, "Offset": 10}, "TimeDateStamp": {"FileOffset": 34036, "Value": "0x0        [Thu Jan  1 00:00:00 1970 UTC]", "Offset": 4}, "Characteristics": {"FileOffset": 34032, "Value": 0, "Offset": 0}, "NumberOfNamedEntries": {"FileOffset": 34044, "Value": 0, "Offset": 12}, "Structure": "IMAGE_RESOURCE_DIRECTORY"}, {"LANG": 4, "SUBLANG_NAME": "SUBLANG_CHINESE_SIMPLIFIED", "Name": {"FileOffset": 34048, "Value": 2052, "Offset": 0}, "CodePage": {"FileOffset": 34472, "Value": 1252, "Offset": 8}, "LANG_NAME": "LANG_CHINESE", "OffsetToData": {"FileOffset": 34464, "Value": 74640, "Offset": 0}, "Reserved": {"FileOffset": 34476, "Value": 0, "Offset": 12}, "SUBLANG": 2, "Structure": "IMAGE_RESOURCE_DATA_ENTRY", "Size": {"FileOffset": 34468, "Value": 700, "Offset": 4}}, "%%", "notepad.hlp", "&f", "\u7b2c &p \u9875", "\u6587\u672c\u6587\u6863(*.txt)", "\u6240\u6709\u6587\u4ef6 ", "\u6253\u5f00", "\u53e6\u5b58\u4e3a", "\u8bb0\u4e8b\u672c\u4e2d\u7684\u201c\u53e6\u5b58\u4e3a\u201d\u5bf9\u8bdd\u6846\u672a\u5173\u95ed\uff0c\n\u56e0\u6b64\u60a8\u65e0\u6cd5\u9000\u51fa Windows\u3002\u8bf7\u5207\u6362\u5230\u8bb0\u4e8b\u672c\uff0c\u5173\u95ed\u5bf9\u8bdd\u6846\uff0c\n\u7136\u540e\u91cd\u8bd5\u9000\u51fa Windows\u3002", "\u4e0d\u80fd\u8bbf\u95ee\u60a8\u7684\u6253\u5370\u673a\u3002\u8bf7\u68c0\u67e5\u6253\u5370\u673a\u662f\u5426\u6b63\u5e38\u8fde\u63a5\uff0c\u540c\u65f6\u4f7f\u7528\u63a7\u5236\u9762\u677f\u68c0\u67e5\u6253\u5370\u673a\u7684\u914d\u7f6e\u60c5\u51b5\u3002", "%%\n\u4e0d\u5141\u8bb8\u6253\u5f00\u8be5\u6587\u4ef6\uff0c\u8bf7\u5411\u6587\u4ef6\u7684\u6240\u6709\u8005\u6216\u7ba1\u7406\u5458\u7533\u8bf7\u6743\u9650\u3002", "%%\n\u8be5\u6587\u4ef6\u542b\u6709 Unicode \u683c\u5f0f\u7684\u5b57\u7b26\uff0c\u5f53\u6587\u4ef6\u4fdd\u5b58\u4e3a ANSI \u7f16\u7801\u7684\u6587\u672c\u6587\u4ef6\u65f6\uff0c\u8be5\u5b57\u7b26\u5c06\u4e22\u5931\u3002\u8981\u4fdd\u5b58 Unicode \u4fe1\u606f\uff0c\u5355\u51fb\u4e0b\u9762\u7684\u201c\u53d6\u6d88\u201d\uff0c\u7136\u540e\u4ece\u7f16\u7801\u5217\u8868\u4e2d\u9009\u62e9\u4e00\u4e2a Unicode \u9009\u9879\u3002\u7ee7\u7eed\u5417?", "\u7eb8\u5f20\u5c0f\u4e8e\u884c\u9ad8\uff0c\u65e0\u6cd5\u6253\u5370\u3002\n\u8bf7\u6362\u7528\u8f83\u5c0f\u7684\u5b57\u4f53\u6253\u5370\u3002", "\u5171\u7528\u5bf9\u8bdd\u6846\u9519\u8bef(0x%04x)", "\u8bb0\u4e8b\u672c - \u8df3\u884c", "\u884c\u6570\u8d85\u8fc7\u8303\u56f4"], {"Structure": "IMAGE_RESOURCE_DIRECTORY_ENTRY", "Id": 3, "OffsetToData": {"FileOffset": 33556, "Value": 2147484424, "Offset": 4}, "Name": {"FileOffset": 33552, "Value": 3, "Offset": 0}}, [{"MajorVersion": {"FileOffset": 34064, "Value": 4, "Offset": 8}, "NumberOfIdEntries": {"FileOffset": 34070, "Value": 1, "Offset": 14}, "MinorVersion": {"FileOffset": 34066, "Value": 0, "Offset": 10}, "TimeDateStamp": {"FileOffset": 34060, "Value": "0x0        [Thu Jan  1 00:00:00 1970 UTC]", "Offset": 4}, "Characteristics": {"FileOffset": 34056, "Value": 0, "Offset": 0}, "NumberOfNamedEntries": {"FileOffset": 34068, "Value": 0, "Offset": 12}, "Structure": "IMAGE_RESOURCE_DIRECTORY"}, {"LANG": 4, "SUBLANG_NAME": "SUBLANG_CHINESE_SIMPLIFIED", "Name": {"FileOffset": 34072, "Value": 2052, "Offset": 0}, "CodePage": {"FileOffset": 34488, "Value": 1252, "Offset": 8}, "LANG_NAME": "LANG_CHINESE", "OffsetToData": {"FileOffset": 34480, "Value": 75340, "Offset": 0}, "Reserved": {"FileOffset": 34492, "Value": 0, "Offset": 12}, "SUBLANG": 2, "Structure": "IMAGE_RESOURCE_DATA_ENTRY", "Size": {"FileOffset": 34484, "Value": 228, "Offset": 4}}, "ANSI", "Unicode", "Unicode big endian", "UTF-8", "\u7b2c %d \u9875", "   \u7b2c %d \u884c\uff0c\u7b2c %d \u5217", " \u538b\u7f29\uff0c", " \u52a0\u5bc6\uff0c", " \u9690\u85cf\uff0c", " \u8131\u673a\uff0c", " \u53ea\u8bfb\uff0c", " \u7cfb\u7edf\uff0c", " \u6587\u4ef6", "fFpPtTdDcCrRlL"], {"Structure": "IMAGE_RESOURCE_DIRECTORY_ENTRY", "Id": 30, "OffsetToData": {"FileOffset": 33564, "Value": 2147484448, "Offset": 4}, "Name": {"FileOffset": 33560, "Value": 30, "Offset": 0}}, [{"MajorVersion": {"FileOffset": 34088, "Value": 4, "Offset": 8}, "NumberOfIdEntries": {"FileOffset": 34094, "Value": 1, "Offset": 14}, "MinorVersion": {"FileOffset": 34090, "Value": 0, "Offset": 10}, "TimeDateStamp": {"FileOffset": 34084, "Value": "0x0        [Thu Jan  1 00:00:00 1970 UTC]", "Offset": 4}, "Characteristics": {"FileOffset": 34080, "Value": 0, "Offset": 0}, "NumberOfNamedEntries": {"FileOffset": 34092, "Value": 0, "Offset": 12}, "Structure": "IMAGE_RESOURCE_DIRECTORY"}, {"LANG": 4, "SUBLANG_NAME": "SUBLANG_CHINESE_SIMPLIFIED", "Name": {"FileOffset": 34096, "Value": 2052, "Offset": 0}, "CodePage": {"FileOffset": 34504, "Value": 1252, "Offset": 8}, "LANG_NAME": "LANG_CHINESE", "OffsetToData": {"FileOffset": 34496, "Value": 75568, "Offset": 0}, "Reserved": {"FileOffset": 34508, "Value": 0, "Offset": 12}, "SUBLANG": 2, "Structure": "IMAGE_RESOURCE_DATA_ENTRY", "Size": {"FileOffset": 34500, "Value": 40, "Offset": 4}}, "\u6587\u672c\u6587\u6863"]], {"Structure": "IMAGE_RESOURCE_DIRECTORY_ENTRY", "Id": [9, "RT_ACCELERATOR"], "OffsetToData": {"FileOffset": 33332, "Value": 2147483936, "Offset": 4}, "Name": {"FileOffset": 33328, "Value": 9, "Offset": 0}}, [{"MajorVersion": {"FileOffset": 33576, "Value": 4, "Offset": 8}, "NumberOfIdEntries": {"FileOffset": 33582, "Value": 0, "Offset": 14}, "MinorVersion": {"FileOffset": 33578, "Value": 0, "Offset": 10}, "TimeDateStamp": {"FileOffset": 33572, "Value": "0x0        [Thu Jan  1 00:00:00 1970 UTC]", "Offset": 4}, "Characteristics": {"FileOffset": 33568, "Value": 0, "Offset": 0}, "NumberOfNamedEntries": {"FileOffset": 33580, "Value": 2, "Offset": 12}, "Structure": "IMAGE_RESOURCE_DIRECTORY"}, {"Name": {"FileOffset": 33584, "Value": 2147484994, "Offset": 0}, "OffsetToData": {"FileOffset": 33588, "Value": 2147484472, "Offset": 4}, "Structure": "IMAGE_RESOURCE_DIRECTORY_ENTRY"}, [{"MajorVersion": {"FileOffset": 34112, "Value": 4, "Offset": 8}, "NumberOfIdEntries": {"FileOffset": 34118, "Value": 1, "Offset": 14}, "MinorVersion": {"FileOffset": 34114, "Value": 0, "Offset": 10}, "TimeDateStamp": {"FileOffset": 34108, "Value": "0x0        [Thu Jan  1 00:00:00 1970 UTC]", "Offset": 4}, "Characteristics": {"FileOffset": 34104, "Value": 0, "Offset": 0}, "NumberOfNamedEntries": {"FileOffset": 34116, "Value": 0, "Offset": 12}, "Structure": "IMAGE_RESOURCE_DIRECTORY"}, {"LANG": 4, "SUBLANG_NAME": "SUBLANG_CHINESE_SIMPLIFIED", "Name": {"FileOffset": 34120, "Value": 2052, "Offset": 0}, "CodePage": {"FileOffset": 34520, "Value": 1252, "Offset": 8}, "LANG_NAME": "LANG_CHINESE", "OffsetToData": {"FileOffset": 34512, "Value": 75608, "Offset": 0}, "Reserved": {"FileOffset": 34524, "Value": 0, "Offset": 12}, "SUBLANG": 2, "Structure": "IMAGE_RESOURCE_DATA_ENTRY", "Size": {"FileOffset": 34516, "Value": 136, "Offset": 4}}], {"Name": {"FileOffset": 33592, "Value": 2147485010, "Offset": 0}, "OffsetToData": {"FileOffset": 33596, "Value": 2147484496, "Offset": 4}, "Structure": "IMAGE_RESOURCE_DIRECTORY_ENTRY"}, [{"MajorVersion": {"FileOffset": 34136, "Value": 4, "Offset": 8}, "NumberOfIdEntries": {"FileOffset": 34142, "Value": 1, "Offset": 14}, "MinorVersion": {"FileOffset": 34138, "Value": 0, "Offset": 10}, "TimeDateStamp": {"FileOffset": 34132, "Value": "0x0        [Thu Jan  1 00:00:00 1970 UTC]", "Offset": 4}, "Characteristics": {"FileOffset": 34128, "Value": 0, "Offset": 0}, "NumberOfNamedEntries": {"FileOffset": 34140, "Value": 0, "Offset": 12}, "Structure": "IMAGE_RESOURCE_DIRECTORY"}, {"LANG": 4, "SUBLANG_NAME": "SUBLANG_CHINESE_SIMPLIFIED", "Name": {"FileOffset": 34144, "Value": 2052, "Offset": 0}, "CodePage": {"FileOffset": 34536, "Value": 1252, "Offset": 8}, "LANG_NAME": "LANG_CHINESE", "OffsetToData": {"FileOffset": 34528, "Value": 75744, "Offset": 0}, "Reserved": {"FileOffset": 34540, "Value": 0, "Offset": 12}, "SUBLANG": 2, "Structure": "IMAGE_RESOURCE_DATA_ENTRY", "Size": {"FileOffset": 34532, "Value": 168, "Offset": 4}}]], {"Structure": "IMAGE_RESOURCE_DIRECTORY_ENTRY", "Id": [14, "RT_GROUP_ICON"], "OffsetToData": {"FileOffset": 33340, "Value": 2147483968, "Offset": 4}, "Name": {"FileOffset": 33336, "Value": 14, "Offset": 0}}, [{"MajorVersion": {"FileOffset": 33608, "Value": 4, "Offset": 8}, "NumberOfIdEntries": {"FileOffset": 33614, "Value": 1, "Offset": 14}, "MinorVersion": {"FileOffset": 33610, "Value": 0, "Offset": 10}, "TimeDateStamp": {"FileOffset": 33604, "Value": "0x0        [Thu Jan  1 00:00:00 1970 UTC]", "Offset": 4}, "Characteristics": {"FileOffset": 33600, "Value": 0, "Offset": 0}, "NumberOfNamedEntries": {"FileOffset": 33612, "Value": 0, "Offset": 12}, "Structure": "IMAGE_RESOURCE_DIRECTORY"}, {"Structure": "IMAGE_RESOURCE_DIRECTORY_ENTRY", "Id": 2, "OffsetToData": {"FileOffset": 33620, "Value": 2147484520, "Offset": 4}, "Name": {"FileOffset": 33616, "Value": 2, "Offset": 0}}, [{"MajorVersion": {"FileOffset": 34160, "Value": 4, "Offset": 8}, "NumberOfIdEntries": {"FileOffset": 34166, "Value": 1, "Offset": 14}, "MinorVersion": {"FileOffset": 34162, "Value": 0, "Offset": 10}, "TimeDateStamp": {"FileOffset": 34156, "Value": "0x0        [Thu Jan  1 00:00:00 1970 UTC]", "Offset": 4}, "Characteristics": {"FileOffset": 34152, "Value": 0, "Offset": 0}, "NumberOfNamedEntries": {"FileOffset": 34164, "Value": 0, "Offset": 12}, "Structure": "IMAGE_RESOURCE_DIRECTORY"}, {"LANG": 4, "SUBLANG_NAME": "SUBLANG_CHINESE_SIMPLIFIED", "Name": {"FileOffset": 34168, "Value": 2052, "Offset": 0}, "CodePage": {"FileOffset": 34552, "Value": 1252, "Offset": 8}, "LANG_NAME": "LANG_CHINESE", "OffsetToData": {"FileOffset": 34544, "Value": 75912, "Offset": 0}, "Reserved": {"FileOffset": 34556, "Value": 0, "Offset": 12}, "SUBLANG": 2, "Structure": "IMAGE_RESOURCE_DATA_ENTRY", "Size": {"FileOffset": 34548, "Value": 132, "Offset": 4}}]], {"Structure": "IMAGE_RESOURCE_DIRECTORY_ENTRY", "Id": [16, "RT_VERSION"], "OffsetToData": {"FileOffset": 33348, "Value": 2147483992, "Offset": 4}, "Name": {"FileOffset": 33344, "Value": 16, "Offset": 0}}, [{"MajorVersion": {"FileOffset": 33632, "Value": 4, "Offset": 8}, "NumberOfIdEntries": {"FileOffset": 33638, "Value": 1, "Offset": 14}, "MinorVersion": {"FileOffset": 33634, "Value": 0, "Offset": 10}, "TimeDateStamp": {"FileOffset": 33628, "Value": "0x0        [Thu Jan  1 00:00:00 1970 UTC]", "Offset": 4}, "Characteristics": {"FileOffset": 33624, "Value": 0, "Offset": 0}, "NumberOfNamedEntries": {"FileOffset": 33636, "Value": 0, "Offset": 12}, "Structure": "IMAGE_RESOURCE_DIRECTORY"}, {"Structure": "IMAGE_RESOURCE_DIRECTORY_ENTRY", "Id": 1, "OffsetToData": {"FileOffset": 33644, "Value": 2147484544, "Offset": 4}, "Name": {"FileOffset": 33640, "Value": 1, "Offset": 0}}, [{"MajorVersion": {"FileOffset": 34184, "Value": 4, "Offset": 8}, "NumberOfIdEntries": {"FileOffset": 34190, "Value": 1, "Offset": 14}, "MinorVersion": {"FileOffset": 34186, "Value": 0, "Offset": 10}, "TimeDateStamp": {"FileOffset": 34180, "Value": "0x0        [Thu Jan  1 00:00:00 1970 UTC]", "Offset": 4}, "Characteristics": {"FileOffset": 34176, "Value": 0, "Offset": 0}, "NumberOfNamedEntries": {"FileOffset": 34188, "Value": 0, "Offset": 12}, "Structure": "IMAGE_RESOURCE_DIRECTORY"}, {"LANG": 4, "SUBLANG_NAME": "SUBLANG_CHINESE_SIMPLIFIED", "Name": {"FileOffset": 34192, "Value": 2052, "Offset": 0}, "CodePage": {"FileOffset": 34568, "Value": 1252, "Offset": 8}, "LANG_NAME": "LANG_CHINESE", "OffsetToData": {"FileOffset": 34560, "Value": 76044, "Offset": 0}, "Reserved": {"FileOffset": 34572, "Value": 0, "Offset": 12}, "SUBLANG": 2, "Structure": "IMAGE_RESOURCE_DATA_ENTRY", "Size": {"FileOffset": 34564, "Value": 896, "Offset": 4}}]], {"Structure": "IMAGE_RESOURCE_DIRECTORY_ENTRY", "Id": [24, "RT_MANIFEST"], "OffsetToData": {"FileOffset": 33356, "Value": 2147484016, "Offset": 4}, "Name": {"FileOffset": 33352, "Value": 24, "Offset": 0}}, [{"MajorVersion": {"FileOffset": 33656, "Value": 4, "Offset": 8}, "NumberOfIdEntries": {"FileOffset": 33662, "Value": 1, "Offset": 14}, "MinorVersion": {"FileOffset": 33658, "Value": 0, "Offset": 10}, "TimeDateStamp": {"FileOffset": 33652, "Value": "0x0        [Thu Jan  1 00:00:00 1970 UTC]", "Offset": 4}, "Characteristics": {"FileOffset": 33648, "Value": 0, "Offset": 0}, "NumberOfNamedEntries": {"FileOffset": 33660, "Value": 0, "Offset": 12}, "Structure": "IMAGE_RESOURCE_DIRECTORY"}, {"Structure": "IMAGE_RESOURCE_DIRECTORY_ENTRY", "Id": 1, "OffsetToData": {"FileOffset": 33668, "Value": 2147484568, "Offset": 4}, "Name": {"FileOffset": 33664, "Value": 1, "Offset": 0}}, [{"MajorVersion": {"FileOffset": 34208, "Value": 4, "Offset": 8}, "NumberOfIdEntries": {"FileOffset": 34214, "Value": 1, "Offset": 14}, "MinorVersion": {"FileOffset": 34210, "Value": 0, "Offset": 10}, "TimeDateStamp": {"FileOffset": 34204, "Value": "0x0        [Thu Jan  1 00:00:00 1970 UTC]", "Offset": 4}, "Characteristics": {"FileOffset": 34200, "Value": 0, "Offset": 0}, "NumberOfNamedEntries": {"FileOffset": 34212, "Value": 0, "Offset": 12}, "Structure": "IMAGE_RESOURCE_DIRECTORY"}, {"LANG": 4, "SUBLANG_NAME": "SUBLANG_CHINESE_SIMPLIFIED", "Name": {"FileOffset": 34216, "Value": 2052, "Offset": 0}, "CodePage": {"FileOffset": 34584, "Value": 1252, "Offset": 8}, "LANG_NAME": "LANG_CHINESE", "OffsetToData": {"FileOffset": 34576, "Value": 76940, "Offset": 0}, "Reserved": {"FileOffset": 34588, "Value": 0, "Offset": 12}, "SUBLANG": 2, "Structure": "IMAGE_RESOURCE_DATA_ENTRY", "Size": {"FileOffset": 34580, "Value": 725, "Offset": 4}}]]]}
