{"DllCharacteristics": ["IMAGE_DLLCHARACTERISTICS_NO_SEH", "IMAGE_DLLCHARACTERISTICS_TERMINAL_SERVER_AWARE", "IMAGE_DLLCHARACTERISTICS_DYNAMIC_BASE", "IMAGE_DLLCHARACTERISTICS_NX_COMPAT"], "FILE_HEADER": {"NumberOfSections": {"FileOffset": 134, "Value": 3, "Offset": 2}, "TimeDateStamp": {"FileOffset": 136, "Value": "0x521211E7 [Mon Aug 19 12:39:03 2013 UTC]", "Offset": 4}, "PointerToSymbolTable": {"FileOffset": 140, "Value": 0, "Offset": 8}, "NumberOfSymbols": {"FileOffset": 144, "Value": 0, "Offset": 12}, "Machine": {"FileOffset": 132, "Value": 332, "Offset": 0}, "Characteristics": {"FileOffset": 150, "Value": 258, "Offset": 18}, "SizeOfOptionalHeader": {"FileOffset": 148, "Value": 224, "Offset": 16}, "Structure": "IMAGE_FILE_HEADER"}, "Directories": [{"VirtualAddress": {"FileOffset": 248, "Value": 0, "Offset": 0}, "Structure": "IMAGE_DIRECTORY_ENTRY_EXPORT", "Size": {"FileOffset": 252, "Value": 0, "Offset": 4}}, {"VirtualAddress": {"FileOffset": 256, "Value": 1297732, "Offset": 0}, "Structure": "IMAGE_DIRECTORY_ENTRY_IMPORT", "Size": {"FileOffset": 260, "Value": 74, "Offset": 4}}, {"VirtualAddress": {"FileOffset": 264, "Value": 1302528, "Offset": 0}, "Structure": "IMAGE_DIRECTORY_ENTRY_RESOURCE", "Size": {"FileOffset": 268, "Value": 2220, "Offset": 4}}, {"VirtualAddress": {"FileOffset": 272, "Value": 0, "Offset": 0}, "Structure": "IMAGE_DIRECTORY_ENTRY_EXCEPTION", "Size": {"FileOffset": 276, "Value": 0, "Offset": 4}}, {"VirtualAddress": {"FileOffset": 280, "Value": 0, "Offset": 0}, "Structure": "IMAGE_DIRECTORY_ENTRY_SECURITY", "Size": {"FileOffset": 284, "Value": 0, "Offset": 4}}, {"VirtualAddress": {"FileOffset": 288, "Value": 1310720, "Offset": 0}, "Structure": "IMAGE_DIRECTORY_ENTRY_BASERELOC", "Size": {"FileOffset": 292, "Value": 12, "Offset": 4}}, {"VirtualAddress": {"FileOffset": 296, "Value": 0, "Offset": 0}, "Structure": "IMAGE_DIRECTORY_ENTRY_DEBUG", "Size": {"FileOffset": 300, "Value": 0, "Offset": 4}}, {"VirtualAddress": {"FileOffset": 304, "Value": 0, "Offset": 0}, "Structure": "IMAGE_DIRECTORY_ENTRY_COPYRIGHT", "Size": {"FileOffset": 308, "Value": 0, "Offset": 4}}, {"VirtualAddress": {"FileOffset": 312, "Value": 0, "Offset": 0}, "Structure": "IMAGE_DIRECTORY_ENTRY_GLOBALPTR", "Size": {"FileOffset": 316, "Value": 0, "Offset": 4}}, {"VirtualAddress": {"FileOffset": 320, "Value": 0, "Offset": 0}, "Structure": "IMAGE_DIRECTORY_ENTRY_TLS", "Size": {"FileOffset": 324, "Value": 0, "Offset": 4}}, {"VirtualAddress": {"FileOffset": 328, "Value": 0, "Offset": 0}, "Structure": "IMAGE_DIRECTORY_ENTRY_LOAD_CONFIG", "Size": {"FileOffset": 332, "Value": 0, "Offset": 4}}, {"VirtualAddress": {"FileOffset": 336, "Value": 0, "Offset": 0}, "Structure": "IMAGE_DIRECTORY_ENTRY_BOUND_IMPORT", "Size": {"FileOffset": 340, "Value": 0, "Offset": 4}}, {"VirtualAddress": {"FileOffset": 344, "Value": 8192, "Offset": 0}, "Structure": "IMAGE_DIRECTORY_ENTRY_IAT", "Size": {"FileOffset": 348, "Value": 8, "Offset": 4}}, {"VirtualAddress": {"FileOffset": 352, "Value": 0, "Offset": 0}, "Structure": "IMAGE_DIRECTORY_ENTRY_DELAY_IMPORT", "Size": {"FileOffset": 356, "Value": 0, "Offset": 4}}, {"VirtualAddress": {"FileOffset": 360, "Value": 8200, "Offset": 0}, "Structure": "IMAGE_DIRECTORY_ENTRY_COM_DESCRIPTOR", "Size": {"FileOffset": 364, "Value": 72, "Offset": 4}}, {"VirtualAddress": {"FileOffset": 368, "Value": 0, "Offset": 0}, "Structure": "IMAGE_DIRECTORY_ENTRY_RESERVED", "Size": {"FileOffset": 372, "Value": 0, "Offset": 4}}], "OPTIONAL_HEADER": {"DllCharacteristics": {"FileOffset": 222, "Value": 34112, "Offset": 70}, "BaseOfCode": {"FileOffset": 172, "Value": 8192, "Offset": 20}, "MajorLinkerVersion": {"FileOffset": 154, "Value": 8, "Offset": 2}, "MinorOperatingSystemVersion": {"FileOffset": 194, "Value": 0, "Offset": 42}, "MinorLinkerVersion": {"FileOffset": 155, "Value": 0, "Offset": 3}, "MajorSubsystemVersion": {"FileOffset": 200, "Value": 4, "Offset": 48}, "MajorOperatingSystemVersion": {"FileOffset": 192, "Value": 4, "Offset": 40}, "SizeOfStackCommit": {"FileOffset": 228, "Value": 4096, "Offset": 76}, "SizeOfUninitializedData": {"FileOffset": 164, "Value": 0, "Offset": 12}, "NumberOfRvaAndSizes": {"FileOffset": 244, "Value": 16, "Offset": 92}, "SizeOfHeapReserve": {"FileOffset": 232, "Value": 1048576, "Offset": 80}, "LoaderFlags": {"FileOffset": 240, "Value": 0, "Offset": 88}, "SizeOfHeapCommit": {"FileOffset": 236, "Value": 4096, "Offset": 84}, "SizeOfStackReserve": {"FileOffset": 224, "Value": 1048576, "Offset": 72}, "Structure": "IMAGE_OPTIONAL_HEADER", "SizeOfHeaders": {"FileOffset": 212, "Value": 512, "Offset": 60}, "Subsystem": {"FileOffset": 220, "Value": 3, "Offset": 68}, "Magic": {"FileOffset": 152, "Value": 267, "Offset": 0}, "MinorImageVersion": {"FileOffset": 198, "Value": 0, "Offset": 46}, "MajorImageVersion": {"FileOffset": 196, "Value": 0, "Offset": 44}, "FileAlignment": {"FileOffset": 188, "Value": 512, "Offset": 36}, "BaseOfData": {"FileOffset": 176, "Value": 1302528, "Offset": 24}, "AddressOfEntryPoint": {"FileOffset": 168, "Value": 1297806, "Offset": 16}, "SectionAlignment": {"FileOffset": 184, "Value": 8192, "Offset": 32}, "SizeOfCode": {"FileOffset": 156, "Value": 1289728, "Offset": 4}, "ImageBase": {"FileOffset": 180, "Value": 4194304, "Offset": 28}, "SizeOfInitializedData": {"FileOffset": 160, "Value": 3072, "Offset": 8}, "SizeOfImage": {"FileOffset": 208, "Value": 1318912, "Offset": 56}, "MinorSubsystemVersion": {"FileOffset": 202, "Value": 0, "Offset": 50}, "CheckSum": {"FileOffset": 216, "Value": 0, "Offset": 64}, "Reserved1": {"FileOffset": 204, "Value": 0, "Offset": 52}}, "DOS_HEADER": {"e_cblp": {"FileOffset": 2, "Value": 144, "Offset": 2}, "e_crlc": {"FileOffset": 6, "Value": 0, "Offset": 6}, "e_ovno": {"FileOffset": 26, "Value": 0, "Offset": 26}, "e_minalloc": {"FileOffset": 10, "Value": 0, "Offset": 10}, "e_csum": {"FileOffset": 18, "Value": 0, "Offset": 18}, "e_cparhdr": {"FileOffset": 8, "Value": 4, "Offset": 8}, "e_cp": {"FileOffset": 4, "Value": 3, "Offset": 4}, "e_cs": {"FileOffset": 22, "Value": 0, "Offset": 22}, "e_maxalloc": {"FileOffset": 12, "Value": 65535, "Offset": 12}, "e_lfarlc": {"FileOffset": 24, "Value": 64, "Offset": 24}, "e_oemid": {"FileOffset": 36, "Value": 0, "Offset": 36}, "e_lfanew": {"FileOffset": 60, "Value": 128, "Offset": 60}, "e_ss": {"FileOffset": 14, "Value": 0, "Offset": 14}, "e_magic": {"FileOffset": 0, "Value": 23117, "Offset": 0}, "e_oeminfo": {"FileOffset": 38, "Value": 0, "Offset": 38}, "e_res2": {"FileOffset": 40, "Value": "", "Offset": 40}, "e_res": {"FileOffset": 28, "Value": "", "Offset": 28}, "e_sp": {"FileOffset": 16, "Value": 184, "Offset": 16}, "Structure": "IMAGE_DOS_HEADER", "e_ip": {"FileOffset": 20, "Value": 0, "Offset": 20}}, "Base relocations": [[{"SizeOfBlock": {"FileOffset": 1292804, "Value": 12, "Offset": 4}, "VirtualAddress": {"FileOffset": 1292800, "Value": 1294336, "Offset": 0}, "Structure": "IMAGE_BASE_RELOCATION"}, {"RVA": 1297808, "Type": "HIGHLOW"}, {"RVA": 1294336, "Type": "ABSOLUTE"}]], "NT_HEADERS": {"Structure": "IMAGE_NT_HEADERS", "Signature": {"FileOffset": 128, "Value": 17744, "Offset": 0}}, "Flags": ["IMAGE_FILE_32BIT_MACHINE", "IMAGE_FILE_EXECUTABLE_IMAGE"], "Version Information": [{"ValueLength": {"FileOffset": 1290834, "Value": 52, "Offset": 2}, "Length": {"FileOffset": 1290832, "Value": 1136, "Offset": 0}, "Type": {"FileOffset": 1290836, "Value": 0, "Offset": 4}, "Structure": "VS_VERSIONINFO"}, {"FileFlagsMask": {"FileOffset": 1290896, "Value": 63, "Offset": 24}, "FileType": {"FileOffset": 1290908, "Value": 1, "Offset": 36}, "FileVersionMS": {"FileOffset": 1290880, "Value": 65536, "Offset": 8}, "FileVersionLS": {"FileOffset": 1290884, "Value": 0, "Offset": 12}, "Signature": {"FileOffset": 1290872, "Value": 4277077181, "Offset": 0}, "FileSubtype": {"FileOffset": 1290912, "Value": 0, "Offset": 40}, "FileFlags": {"FileOffset": 1290900, "Value": 0, "Offset": 28}, "FileDateLS": {"FileOffset": 1290920, "Value": 0, "Offset": 48}, "ProductVersionLS": {"FileOffset": 1290892, "Value": 0, "Offset": 20}, "FileOS": {"FileOffset": 1290904, "Value": 4, "Offset": 32}, "ProductVersionMS": {"FileOffset": 1290888, "Value": 65536, "Offset": 16}, "FileDateMS": {"FileOffset": 1290916, "Value": 0, "Offset": 44}, "Structure": "VS_FIXEDFILEINFO", "StrucVersion": {"FileOffset": 1290876, "Value": 65536, "Offset": 4}}], "Imported symbols": [[{"TimeDateStamp": {"FileOffset": 1290056, "Value": "0x0        [Thu Jan  1 00:00:00 1970 UTC]", "Offset": 4}, "Name": {"FileOffset": 1290064, "Value": 1297794, "Offset": 12}, "ForwarderChain": {"FileOffset": 1290060, "Value": 0, "Offset": 8}, "OriginalFirstThunk": {"FileOffset": 1290052, "Value": 1297772, "Offset": 0}, "FirstThunk": {"FileOffset": 1290068, "Value": 8192, "Offset": 16}, "Characteristics": {"FileOffset": 1290052, "Value": 1297772, "Offset": 0}, "Structure": "IMAGE_IMPORT_DESCRIPTOR"}, {"Hint": 0, "Name": "_CorExeMain", "DLL": "mscoree.dll"}]], "PE Sections": [{"PointerToRawData": {"FileOffset": 396, "Value": 512, "Offset": 20}, "SHA1": "e28603329dc48aa102f29f8780c22bbb78c2520b", "SHA256": "4c4d84b10d43710a18539375a551add1ee7b5fec558db74c253f7cb38e05d725", "Name": {"FileOffset": 376, "Value": ".text", "Offset": 0}, "NumberOfRelocations": {"FileOffset": 408, "Value": 0, "Offset": 32}, "Misc_VirtualSize": {"FileOffset": 384, "Value": 1289620, "Offset": 8}, "Characteristics": {"FileOffset": 412, "Value": 1610612768, "Offset": 36}, "Misc": {"FileOffset": 384, "Value": 1289620, "Offset": 8}, "PointerToLinenumbers": {"FileOffset": 404, "Value": 0, "Offset": 28}, "SizeOfRawData": {"FileOffset": 392, "Value": 1289728, "Offset": 16}, "Misc_PhysicalAddress": {"FileOffset": 384, "Value": 1289620, "Offset": 8}, "PointerToRelocations": {"FileOffset": 400, "Value": 0, "Offset": 24}, "Flags": ["IMAGE_SCN_MEM_EXECUTE", "IMAGE_SCN_CNT_CODE", "IMAGE_SCN_MEM_READ"], "SHA512": "6e2f3ca8206b3b41fdca11b2ee6e0606a6c75e4c047930de79061c516d9a65aacc0b6ab80d0debc859e41bae80798574a9f058cc025ded3a36952b5cfd4a0977", "MD5": "2d5942ea759396cd1ee2f97a6029d85c", "Entropy": 7.971906421731166, "VirtualAddress": {"FileOffset": 388, "Value": 8192, "Offset": 12}, "Structure": "IMAGE_SECTION_HEADER", "NumberOfLinenumbers": {"FileOffset": 410, "Value": 0, "Offset": 34}}, {"PointerToRawData": {"FileOffset": 436, "Value": 1290240, "Offset": 20}, "SHA1": "560f6dcfae00ac5dfec6414f8dee56d6a898aad3", "SHA256": "439502a493260c9a26825254b47d92ef6745235bc38b374facea235a5b22b0e5", "Name": {"FileOffset": 416, "Value": ".rsrc", "Offset": 0}, "NumberOfRelocations": {"FileOffset": 448, "Value": 0, "Offset": 32}, "Misc_VirtualSize": {"FileOffset": 424, "Value": 2220, "Offset": 8}, "Characteristics": {"FileOffset": 452, "Value": 1073741888, "Offset": 36}, "Misc": {"FileOffset": 424, "Value": 2220, "Offset": 8}, "PointerToLinenumbers": {"FileOffset": 444, "Value": 0, "Offset": 28}, "SizeOfRawData": {"FileOffset": 432, "Value": 2560, "Offset": 16}, "Misc_PhysicalAddress": {"FileOffset": 424, "Value": 2220, "Offset": 8}, "PointerToRelocations": {"FileOffset": 440, "Value": 0, "Offset": 24}, "Flags": ["IMAGE_SCN_CNT_INITIALIZED_DATA", "IMAGE_SCN_MEM_READ"], "SHA512": "4f5e02b1ee901c179969f579ab331dc92e0d2d48e82d1cbc9e4e422dd152e66b8d6f145d720f01ad3b5135efb58c0d62aa2b467baf4c452680256fdc0dc2260c", "MD5": "2d3bf75bf24181994a2fb381fbfdf6e8", "Entropy": 4.473085980664271, "VirtualAddress": {"FileOffset": 428, "Value": 1302528, "Offset": 12}, "Structure": "IMAGE_SECTION_HEADER", "NumberOfLinenumbers": {"FileOffset": 450, "Value": 0, "Offset": 34}}, {"PointerToRawData": {"FileOffset": 476, "Value": 1292800, "Offset": 20}, "SHA1": "6e6365f85d5b5ccaaeace8f5def0143b0cd7a6bf", "SHA256": "21d7a6a370c8fc04f16176473498607fdf695097f1e7883bb340d39403045389", "Name": {"FileOffset": 456, "Value": ".reloc", "Offset": 0}, "NumberOfRelocations": {"FileOffset": 488, "Value": 0, "Offset": 32}, "Misc_VirtualSize": {"FileOffset": 464, "Value": 12, "Offset": 8}, "Characteristics": {"FileOffset": 492, "Value": 1107296320, "Offset": 36}, "Misc": {"FileOffset": 464, "Value": 12, "Offset": 8}, "PointerToLinenumbers": {"FileOffset": 484, "Value": 0, "Offset": 28}, "SizeOfRawData": {"FileOffset": 472, "Value": 512, "Offset": 16}, "Misc_PhysicalAddress": {"FileOffset": 464, "Value": 12, "Offset": 8}, "PointerToRelocations": {"FileOffset": 480, "Value": 0, "Offset": 24}, "Flags": ["IMAGE_SCN_CNT_INITIALIZED_DATA", "IMAGE_SCN_MEM_DISCARDABLE", "IMAGE_SCN_MEM_READ"], "SHA512": "6d5a29cff699b7a366e9f01a048280f97e2897e31d690f4ca29b7aeec904783a215ddf1a9a1d05972c2806f0823dec52a71e7aee51c6caeaaa5c5e9eade21b26", "MD5": "02b96aa1bae8d3e6672e2587f5c85bf5", "Entropy": 0.10191042566270775, "VirtualAddress": {"FileOffset": 468, "Value": 1310720, "Offset": 12}, "Structure": "IMAGE_SECTION_HEADER", "NumberOfLinenumbers": {"FileOffset": 490, "Value": 0, "Offset": 34}}], "Resource directory": [{"MajorVersion": {"FileOffset": 1290248, "Value": 4, "Offset": 8}, "NumberOfIdEntries": {"FileOffset": 1290254, "Value": 2, "Offset": 14}, "MinorVersion": {"FileOffset": 1290250, "Value": 0, "Offset": 10}, "TimeDateStamp": {"FileOffset": 1290244, "Value": "0x0        [Thu Jan  1 00:00:00 1970 UTC]", "Offset": 4}, "Characteristics": {"FileOffset": 1290240, "Value": 0, "Offset": 0}, "NumberOfNamedEntries": {"FileOffset": 1290252, "Value": 1, "Offset": 12}, "Structure": "IMAGE_RESOURCE_DIRECTORY"}, {"Name": {"FileOffset": 1290256, "Value": 2147483880, "Offset": 0}, "OffsetToData": {"FileOffset": 1290260, "Value": 2147483688, "Offset": 4}, "Structure": "IMAGE_RESOURCE_DIRECTORY_ENTRY"}, [{"MajorVersion": {"FileOffset": 1290288, "Value": 4, "Offset": 8}, "NumberOfIdEntries": {"FileOffset": 1290294, "Value": 0, "Offset": 14}, "MinorVersion": {"FileOffset": 1290290, "Value": 0, "Offset": 10}, "TimeDateStamp": {"FileOffset": 1290284, "Value": "0x0        [Thu Jan  1 00:00:00 1970 UTC]", "Offset": 4}, "Characteristics": {"FileOffset": 1290280, "Value": 0, "Offset": 0}, "NumberOfNamedEntries": {"FileOffset": 1290292, "Value": 1, "Offset": 12}, "Structure": "IMAGE_RESOURCE_DIRECTORY"}, {"Name": {"FileOffset": 1290296, "Value": 2147483886, "Offset": 0}, "OffsetToData": {"FileOffset": 1290300, "Value": 2147483760, "Offset": 4}, "Structure": "IMAGE_RESOURCE_DIRECTORY_ENTRY"}, [{"MajorVersion": {"FileOffset": 1290360, "Value": 4, "Offset": 8}, "NumberOfIdEntries": {"FileOffset": 1290366, "Value": 1, "Offset": 14}, "MinorVersion": {"FileOffset": 1290362, "Value": 0, "Offset": 10}, "TimeDateStamp": {"FileOffset": 1290356, "Value": "0x0        [Thu Jan  1 00:00:00 1970 UTC]", "Offset": 4}, "Characteristics": {"FileOffset": 1290352, "Value": 0, "Offset": 0}, "NumberOfNamedEntries": {"FileOffset": 1290364, "Value": 0, "Offset": 12}, "Structure": "IMAGE_RESOURCE_DIRECTORY"}, {"LANG": 9, "SUBLANG_NAME": "SUBLANG_ENGLISH_US", "Name": {"FileOffset": 1290368, "Value": 1033, "Offset": 0}, "CodePage": {"FileOffset": 1290432, "Value": 1252, "Offset": 8}, "LANG_NAME": "LANG_ENGLISH", "OffsetToData": {"FileOffset": 1290424, "Value": 1302772, "Offset": 0}, "Reserved": {"FileOffset": 1290436, "Value": 0, "Offset": 12}, "SUBLANG": 1, "Structure": "IMAGE_RESOURCE_DATA_ENTRY", "Size": {"FileOffset": 1290428, "Value": 346, "Offset": 4}}]], {"Structure": "IMAGE_RESOURCE_DIRECTORY_ENTRY", "Id": [16, "RT_VERSION"], "OffsetToData": {"FileOffset": 1290268, "Value": 2147483712, "Offset": 4}, "Name": {"FileOffset": 1290264, "Value": 16, "Offset": 0}}, [{"MajorVersion": {"FileOffset": 1290312, "Value": 4, "Offset": 8}, "NumberOfIdEntries": {"FileOffset": 1290318, "Value": 1, "Offset": 14}, "MinorVersion": {"FileOffset": 1290314, "Value": 0, "Offset": 10}, "TimeDateStamp": {"FileOffset": 1290308, "Value": "0x0        [Thu Jan  1 00:00:00 1970 UTC]", "Offset": 4}, "Characteristics": {"FileOffset": 1290304, "Value": 0, "Offset": 0}, "NumberOfNamedEntries": {"FileOffset": 1290316, "Value": 0, "Offset": 12}, "Structure": "IMAGE_RESOURCE_DIRECTORY"}, {"Structure": "IMAGE_RESOURCE_DIRECTORY_ENTRY", "Id": 1, "OffsetToData": {"FileOffset": 1290324, "Value": 2147483784, "Offset": 4}, "Name": {"FileOffset": 1290320, "Value": 1, "Offset": 0}}, [{"MajorVersion": {"FileOffset": 1290384, "Value": 4, "Offset": 8}, "NumberOfIdEntries": {"FileOffset": 1290390, "Value": 1, "Offset": 14}, "MinorVersion": {"FileOffset": 1290386, "Value": 0, "Offset": 10}, "TimeDateStamp": {"FileOffset": 1290380, "Value": "0x0        [Thu Jan  1 00:00:00 1970 UTC]", "Offset": 4}, "Characteristics": {"FileOffset": 1290376, "Value": 0, "Offset": 0}, "NumberOfNamedEntries": {"FileOffset": 1290388, "Value": 0, "Offset": 12}, "Structure": "IMAGE_RESOURCE_DIRECTORY"}, {"LANG": 0, "SUBLANG_NAME": "SUBLANG_NEUTRAL", "Name": {"FileOffset": 1290392, "Value": 0, "Offset": 0}, "CodePage": {"FileOffset": 1290448, "Value": 1252, "Offset": 8}, "LANG_NAME": "LANG_NEUTRAL", "OffsetToData": {"FileOffset": 1290440, "Value": 1303120, "Offset": 0}, "Reserved": {"FileOffset": 1290452, "Value": 0, "Offset": 12}, "SUBLANG": 0, "Structure": "IMAGE_RESOURCE_DATA_ENTRY", "Size": {"FileOffset": 1290444, "Value": 1136, "Offset": 4}}]], {"Structure": "IMAGE_RESOURCE_DIRECTORY_ENTRY", "Id": [24, "RT_MANIFEST"], "OffsetToData": {"FileOffset": 1290276, "Value": 2147483736, "Offset": 4}, "Name": {"FileOffset": 1290272, "Value": 24, "Offset": 0}}, [{"MajorVersion": {"FileOffset": 1290336, "Value": 4, "Offset": 8}, "NumberOfIdEntries": {"FileOffset": 1290342, "Value": 1, "Offset": 14}, "MinorVersion": {"FileOffset": 1290338, "Value": 0, "Offset": 10}, "TimeDateStamp": {"FileOffset": 1290332, "Value": "0x0        [Thu Jan  1 00:00:00 1970 UTC]", "Offset": 4}, "Characteristics": {"FileOffset": 1290328, "Value": 0, "Offset": 0}, "NumberOfNamedEntries": {"FileOffset": 1290340, "Value": 0, "Offset": 12}, "Structure": "IMAGE_RESOURCE_DIRECTORY"}, {"Structure": "IMAGE_RESOURCE_DIRECTORY_ENTRY", "Id": 1, "OffsetToData": {"FileOffset": 1290348, "Value": 2147483808, "Offset": 4}, "Name": {"FileOffset": 1290344, "Value": 1, "Offset": 0}}, [{"MajorVersion": {"FileOffset": 1290408, "Value": 4, "Offset": 8}, "NumberOfIdEntries": {"FileOffset": 1290414, "Value": 1, "Offset": 14}, "MinorVersion": {"FileOffset": 1290410, "Value": 0, "Offset": 10}, "TimeDateStamp": {"FileOffset": 1290404, "Value": "0x0        [Thu Jan  1 00:00:00 1970 UTC]", "Offset": 4}, "Characteristics": {"FileOffset": 1290400, "Value": 0, "Offset": 0}, "NumberOfNamedEntries": {"FileOffset": 1290412, "Value": 0, "Offset": 12}, "Structure": "IMAGE_RESOURCE_DIRECTORY"}, {"LANG": 0, "SUBLANG_NAME": "SUBLANG_NEUTRAL", "Name": {"FileOffset": 1290416, "Value": 0, "Offset": 0}, "CodePage": {"FileOffset": 1290464, "Value": 1252, "Offset": 8}, "LANG_NAME": "LANG_NEUTRAL", "OffsetToData": {"FileOffset": 1290456, "Value": 1304256, "Offset": 0}, "Reserved": {"FileOffset": 1290468, "Value": 0, "Offset": 12}, "SUBLANG": 0, "Structure": "IMAGE_RESOURCE_DATA_ENTRY", "Size": {"FileOffset": 1290460, "Value": 490, "Offset": 4}}]]]}
