{"DllCharacteristics": ["IMAGE_DLLCHARACTERISTICS_NO_SEH", "IMAGE_DLLCHARACTERISTICS_TERMINAL_SERVER_AWARE", "IMAGE_DLLCHARACTERISTICS_DYNAMIC_BASE", "IMAGE_DLLCHARACTERISTICS_NX_COMPAT"], "FILE_HEADER": {"NumberOfSections": {"FileOffset": 134, "Value": 3, "Offset": 2}, "TimeDateStamp": {"FileOffset": 136, "Value": "0x54195AB3 [Wed Sep 17 09:56:03 2014 UTC]", "Offset": 4}, "PointerToSymbolTable": {"FileOffset": 140, "Value": 0, "Offset": 8}, "NumberOfSymbols": {"FileOffset": 144, "Value": 0, "Offset": 12}, "Machine": {"FileOffset": 132, "Value": 332, "Offset": 0}, "Characteristics": {"FileOffset": 150, "Value": 2, "Offset": 18}, "SizeOfOptionalHeader": {"FileOffset": 148, "Value": 224, "Offset": 16}, "Structure": "IMAGE_FILE_HEADER"}, "Directories": [{"VirtualAddress": {"FileOffset": 248, "Value": 0, "Offset": 0}, "Structure": "IMAGE_DIRECTORY_ENTRY_EXPORT", "Size": {"FileOffset": 252, "Value": 0, "Offset": 4}}, {"VirtualAddress": {"FileOffset": 256, "Value": 9862872, "Offset": 0}, "Structure": "IMAGE_DIRECTORY_ENTRY_IMPORT", "Size": {"FileOffset": 260, "Value": 76, "Offset": 4}}, {"VirtualAddress": {"FileOffset": 264, "Value": 9863168, "Offset": 0}, "Structure": "IMAGE_DIRECTORY_ENTRY_RESOURCE", "Size": {"FileOffset": 268, "Value": 374252, "Offset": 4}}, {"VirtualAddress": {"FileOffset": 272, "Value": 0, "Offset": 0}, "Structure": "IMAGE_DIRECTORY_ENTRY_EXCEPTION", "Size": {"FileOffset": 276, "Value": 0, "Offset": 4}}, {"VirtualAddress": {"FileOffset": 280, "Value": 0, "Offset": 0}, "Structure": "IMAGE_DIRECTORY_ENTRY_SECURITY", "Size": {"FileOffset": 284, "Value": 0, "Offset": 4}}, {"VirtualAddress": {"FileOffset": 288, "Value": 10240000, "Offset": 0}, "Structure": "IMAGE_DIRECTORY_ENTRY_BASERELOC", "Size": {"FileOffset": 292, "Value": 12, "Offset": 4}}, {"VirtualAddress": {"FileOffset": 296, "Value": 0, "Offset": 0}, "Structure": "IMAGE_DIRECTORY_ENTRY_DEBUG", "Size": {"FileOffset": 300, "Value": 0, "Offset": 4}}, {"VirtualAddress": {"FileOffset": 304, "Value": 0, "Offset": 0}, "Structure": "IMAGE_DIRECTORY_ENTRY_COPYRIGHT", "Size": {"FileOffset": 308, "Value": 0, "Offset": 4}}, {"VirtualAddress": {"FileOffset": 312, "Value": 0, "Offset": 0}, "Structure": "IMAGE_DIRECTORY_ENTRY_GLOBALPTR", "Size": {"FileOffset": 316, "Value": 0, "Offset": 4}}, {"VirtualAddress": {"FileOffset": 320, "Value": 0, "Offset": 0}, "Structure": "IMAGE_DIRECTORY_ENTRY_TLS", "Size": {"FileOffset": 324, "Value": 0, "Offset": 4}}, {"VirtualAddress": {"FileOffset": 328, "Value": 0, "Offset": 0}, "Structure": "IMAGE_DIRECTORY_ENTRY_LOAD_CONFIG", "Size": {"FileOffset": 332, "Value": 0, "Offset": 4}}, {"VirtualAddress": {"FileOffset": 336, "Value": 0, "Offset": 0}, "Structure": "IMAGE_DIRECTORY_ENTRY_BOUND_IMPORT", "Size": {"FileOffset": 340, "Value": 0, "Offset": 4}}, {"VirtualAddress": {"FileOffset": 344, "Value": 9862964, "Offset": 0}, "Structure": "IMAGE_DIRECTORY_ENTRY_IAT", "Size": {"FileOffset": 348, "Value": 8, "Offset": 4}}, {"VirtualAddress": {"FileOffset": 352, "Value": 0, "Offset": 0}, "Structure": "IMAGE_DIRECTORY_ENTRY_DELAY_IMPORT", "Size": {"FileOffset": 356, "Value": 0, "Offset": 4}}, {"VirtualAddress": {"FileOffset": 360, "Value": 8192, "Offset": 0}, "Structure": "IMAGE_DIRECTORY_ENTRY_COM_DESCRIPTOR", "Size": {"FileOffset": 364, "Value": 72, "Offset": 4}}, {"VirtualAddress": {"FileOffset": 368, "Value": 0, "Offset": 0}, "Structure": "IMAGE_DIRECTORY_ENTRY_RESERVED", "Size": {"FileOffset": 372, "Value": 0, "Offset": 4}}], "OPTIONAL_HEADER": {"DllCharacteristics": {"FileOffset": 222, "Value": 34112, "Offset": 70}, "BaseOfCode": {"FileOffset": 172, "Value": 8192, "Offset": 20}, "MajorLinkerVersion": {"FileOffset": 154, "Value": 8, "Offset": 2}, "MinorOperatingSystemVersion": {"FileOffset": 194, "Value": 0, "Offset": 42}, "MinorLinkerVersion": {"FileOffset": 155, "Value": 0, "Offset": 3}, "MajorSubsystemVersion": {"FileOffset": 200, "Value": 4, "Offset": 48}, "MajorOperatingSystemVersion": {"FileOffset": 192, "Value": 4, "Offset": 40}, "SizeOfStackCommit": {"FileOffset": 228, "Value": 4096, "Offset": 76}, "SizeOfUninitializedData": {"FileOffset": 164, "Value": 0, "Offset": 12}, "NumberOfRvaAndSizes": {"FileOffset": 244, "Value": 16, "Offset": 92}, "SizeOfHeapReserve": {"FileOffset": 232, "Value": 1048576, "Offset": 80}, "LoaderFlags": {"FileOffset": 240, "Value": 0, "Offset": 88}, "SizeOfHeapCommit": {"FileOffset": 236, "Value": 4096, "Offset": 84}, "SizeOfStackReserve": {"FileOffset": 224, "Value": 1048576, "Offset": 72}, "Structure": "IMAGE_OPTIONAL_HEADER", "SizeOfHeaders": {"FileOffset": 212, "Value": 512, "Offset": 60}, "Subsystem": {"FileOffset": 220, "Value": 2, "Offset": 68}, "Magic": {"FileOffset": 152, "Value": 267, "Offset": 0}, "MinorImageVersion": {"FileOffset": 198, "Value": 0, "Offset": 46}, "MajorImageVersion": {"FileOffset": 196, "Value": 0, "Offset": 44}, "FileAlignment": {"FileOffset": 188, "Value": 512, "Offset": 36}, "BaseOfData": {"FileOffset": 176, "Value": 9863168, "Offset": 24}, "AddressOfEntryPoint": {"FileOffset": 168, "Value": 9862950, "Offset": 16}, "SectionAlignment": {"FileOffset": 184, "Value": 8192, "Offset": 32}, "SizeOfCode": {"FileOffset": 156, "Value": 9854976, "Offset": 4}, "ImageBase": {"FileOffset": 180, "Value": 4194304, "Offset": 28}, "SizeOfInitializedData": {"FileOffset": 160, "Value": 374784, "Offset": 8}, "SizeOfImage": {"FileOffset": 208, "Value": 10248192, "Offset": 56}, "MinorSubsystemVersion": {"FileOffset": 202, "Value": 0, "Offset": 50}, "CheckSum": {"FileOffset": 216, "Value": 0, "Offset": 64}, "Reserved1": {"FileOffset": 204, "Value": 0, "Offset": 52}}, "DOS_HEADER": {"e_cblp": {"FileOffset": 2, "Value": 144, "Offset": 2}, "e_crlc": {"FileOffset": 6, "Value": 0, "Offset": 6}, "e_ovno": {"FileOffset": 26, "Value": 0, "Offset": 26}, "e_minalloc": {"FileOffset": 10, "Value": 0, "Offset": 10}, "e_csum": {"FileOffset": 18, "Value": 0, "Offset": 18}, "e_cparhdr": {"FileOffset": 8, "Value": 4, "Offset": 8}, "e_cp": {"FileOffset": 4, "Value": 3, "Offset": 4}, "e_cs": {"FileOffset": 22, "Value": 0, "Offset": 22}, "e_maxalloc": {"FileOffset": 12, "Value": 65535, "Offset": 12}, "e_lfarlc": {"FileOffset": 24, "Value": 64, "Offset": 24}, "e_oemid": {"FileOffset": 36, "Value": 0, "Offset": 36}, "e_lfanew": {"FileOffset": 60, "Value": 128, "Offset": 60}, "e_ss": {"FileOffset": 14, "Value": 0, "Offset": 14}, "e_magic": {"FileOffset": 0, "Value": 23117, "Offset": 0}, "e_oeminfo": {"FileOffset": 38, "Value": 0, "Offset": 38}, "e_res2": {"FileOffset": 40, "Value": "", "Offset": 40}, "e_res": {"FileOffset": 28, "Value": "", "Offset": 28}, "e_sp": {"FileOffset": 16, "Value": 184, "Offset": 16}, "Structure": "IMAGE_DOS_HEADER", "e_ip": {"FileOffset": 20, "Value": 0, "Offset": 20}}, "Base relocations": [[{"SizeOfBlock": {"FileOffset": 10229764, "Value": 12, "Offset": 4}, "VirtualAddress": {"FileOffset": 10229760, "Value": 9859072, "Offset": 0}, "Structure": "IMAGE_BASE_RELOCATION"}, {"RVA": 9862952, "Type": "HIGHLOW"}, {"RVA": 9859072, "Type": "ABSOLUTE"}]], "NT_HEADERS": {"Structure": "IMAGE_NT_HEADERS", "Signature": {"FileOffset": 128, "Value": 17744, "Offset": 0}}, "Flags": ["IMAGE_FILE_EXECUTABLE_IMAGE"], "Version Information": [{"ValueLength": {"FileOffset": 10226190, "Value": 52, "Offset": 2}, "Length": {"FileOffset": 10226188, "Value": 688, "Offset": 0}, "Type": {"FileOffset": 10226192, "Value": 0, "Offset": 4}, "Structure": "VS_VERSIONINFO"}, {"FileFlagsMask": {"FileOffset": 10226252, "Value": 63, "Offset": 24}, "FileType": {"FileOffset": 10226264, "Value": 1, "Offset": 36}, "FileVersionMS": {"FileOffset": 10226236, "Value": 131073, "Offset": 8}, "FileVersionLS": {"FileOffset": 10226240, "Value": 6, "Offset": 12}, "Signature": {"FileOffset": 10226228, "Value": 4277077181, "Offset": 0}, "FileSubtype": {"FileOffset": 10226268, "Value": 0, "Offset": 40}, "FileFlags": {"FileOffset": 10226256, "Value": 0, "Offset": 28}, "FileDateLS": {"FileOffset": 10226276, "Value": 0, "Offset": 48}, "ProductVersionLS": {"FileOffset": 10226248, "Value": 6, "Offset": 20}, "FileOS": {"FileOffset": 10226260, "Value": 4, "Offset": 32}, "ProductVersionMS": {"FileOffset": 10226244, "Value": 131073, "Offset": 16}, "FileDateMS": {"FileOffset": 10226272, "Value": 0, "Offset": 44}, "Structure": "VS_FIXEDFILEINFO", "StrucVersion": {"FileOffset": 10226232, "Value": 65536, "Offset": 4}}], "Imported symbols": [[{"TimeDateStamp": {"FileOffset": 9855196, "Value": "0x0        [Thu Jan  1 00:00:00 1970 UTC]", "Offset": 4}, "Name": {"FileOffset": 9855204, "Value": 9862934, "Offset": 12}, "ForwarderChain": {"FileOffset": 9855200, "Value": 0, "Offset": 8}, "OriginalFirstThunk": {"FileOffset": 9855192, "Value": 9862912, "Offset": 0}, "FirstThunk": {"FileOffset": 9855208, "Value": 9862964, "Offset": 16}, "Characteristics": {"FileOffset": 9855192, "Value": 9862912, "Offset": 0}, "Structure": "IMAGE_IMPORT_DESCRIPTOR"}, {"Hint": 0, "Name": "_CorExeMain", "DLL": "mscoree.dll"}]], "PE Sections": [{"PointerToRawData": {"FileOffset": 396, "Value": 512, "Offset": 20}, "SHA1": "7ffb44ed0eaeeafa6d86337f4262f7486c9f0ad4", "SHA256": "b8d1b2fc31808216e83a33b885ee2a893926234493040c906afb2a8e656b4a7c", "Name": {"FileOffset": 376, "Value": ".text", "Offset": 0}, "NumberOfRelocations": {"FileOffset": 408, "Value": 0, "Offset": 32}, "Misc_VirtualSize": {"FileOffset": 384, "Value": 9854780, "Offset": 8}, "Characteristics": {"FileOffset": 412, "Value": 1610612768, "Offset": 36}, "Misc": {"FileOffset": 384, "Value": 9854780, "Offset": 8}, "PointerToLinenumbers": {"FileOffset": 404, "Value": 0, "Offset": 28}, "SizeOfRawData": {"FileOffset": 392, "Value": 9854976, "Offset": 16}, "Misc_PhysicalAddress": {"FileOffset": 384, "Value": 9854780, "Offset": 8}, "PointerToRelocations": {"FileOffset": 400, "Value": 0, "Offset": 24}, "Flags": ["IMAGE_SCN_MEM_EXECUTE", "IMAGE_SCN_CNT_CODE", "IMAGE_SCN_MEM_READ"], "SHA512": "406959a4fbd920efae24630cc698898e28b98a62b1ce21c30e375cf28731ad97fd647c3342f5690d666a4d7a8fd26f7baa0268c9fc309fc51c6e2310f57a2441", "MD5": "8197d696fb478394212a7619f2c99f62", "Entropy": 6.130490371498822, "VirtualAddress": {"FileOffset": 388, "Value": 8192, "Offset": 12}, "Structure": "IMAGE_SECTION_HEADER", "NumberOfLinenumbers": {"FileOffset": 410, "Value": 0, "Offset": 34}}, {"PointerToRawData": {"FileOffset": 436, "Value": 9855488, "Offset": 20}, "SHA1": "daa3a03a21bf2ad4142303577ad92564249c2aea", "SHA256": "995d55ad740e271a266247c232d6c737547d488413c613d1765d2a9e89ffa34d", "Name": {"FileOffset": 416, "Value": ".rsrc", "Offset": 0}, "NumberOfRelocations": {"FileOffset": 448, "Value": 0, "Offset": 32}, "Misc_VirtualSize": {"FileOffset": 424, "Value": 374252, "Offset": 8}, "Characteristics": {"FileOffset": 452, "Value": 1073741888, "Offset": 36}, "Misc": {"FileOffset": 424, "Value": 374252, "Offset": 8}, "PointerToLinenumbers": {"FileOffset": 444, "Value": 0, "Offset": 28}, "SizeOfRawData": {"FileOffset": 432, "Value": 374272, "Offset": 16}, "Misc_PhysicalAddress": {"FileOffset": 424, "Value": 374252, "Offset": 8}, "PointerToRelocations": {"FileOffset": 440, "Value": 0, "Offset": 24}, "Flags": ["IMAGE_SCN_CNT_INITIALIZED_DATA", "IMAGE_SCN_MEM_READ"], "SHA512": "46ffb87d44315b02473d58a391ef294dfebd470dac910c8d2a3d6b12cd34715b381c1783f5a83ea5f16c7f83a23840c1a45dbebbf6a4cc1502a8ca854a74dadd", "MD5": "2af8219328760a9c27a356d2b805e557", "Entropy": 2.103309680346208, "VirtualAddress": {"FileOffset": 428, "Value": 9863168, "Offset": 12}, "Structure": "IMAGE_SECTION_HEADER", "NumberOfLinenumbers": {"FileOffset": 450, "Value": 0, "Offset": 34}}, {"PointerToRawData": {"FileOffset": 476, "Value": 10229760, "Offset": 20}, "SHA1": "2ab3774f3a0cccad63ee301181d1a887d4885dde", "SHA256": "9e73d68eba9a8f9c4f657b50267fe3b6e9f758308d276c41eb2d41ef515b1a2f", "Name": {"FileOffset": 456, "Value": ".reloc", "Offset": 0}, "NumberOfRelocations": {"FileOffset": 488, "Value": 0, "Offset": 32}, "Misc_VirtualSize": {"FileOffset": 464, "Value": 12, "Offset": 8}, "Characteristics": {"FileOffset": 492, "Value": 1107296320, "Offset": 36}, "Misc": {"FileOffset": 464, "Value": 12, "Offset": 8}, "PointerToLinenumbers": {"FileOffset": 484, "Value": 0, "Offset": 28}, "SizeOfRawData": {"FileOffset": 472, "Value": 512, "Offset": 16}, "Misc_PhysicalAddress": {"FileOffset": 464, "Value": 12, "Offset": 8}, "PointerToRelocations": {"FileOffset": 480, "Value": 0, "Offset": 24}, "Flags": ["IMAGE_SCN_CNT_INITIALIZED_DATA", "IMAGE_SCN_MEM_DISCARDABLE", "IMAGE_SCN_MEM_READ"], "SHA512": "912529be9be5dee4930d6c0ed15836fd4506c153d858dc1fb84ce7be5cdfeab7c234901f89d3526a229fa1fe76cab211d3899619f82f0549962629cbd70e5643", "MD5": "f56b005ffc297f96f8e438b02e904b9e", "Entropy": 0.10191042566270775, "VirtualAddress": {"FileOffset": 468, "Value": 10240000, "Offset": 12}, "Structure": "IMAGE_SECTION_HEADER", "NumberOfLinenumbers": {"FileOffset": 490, "Value": 0, "Offset": 34}}], "Resource directory": [{"MajorVersion": {"FileOffset": 9855496, "Value": 4, "Offset": 8}, "NumberOfIdEntries": {"FileOffset": 9855502, "Value": 4, "Offset": 14}, "MinorVersion": {"FileOffset": 9855498, "Value": 0, "Offset": 10}, "TimeDateStamp": {"FileOffset": 9855492, "Value": "0x0        [Thu Jan  1 00:00:00 1970 UTC]", "Offset": 4}, "Characteristics": {"FileOffset": 9855488, "Value": 0, "Offset": 0}, "NumberOfNamedEntries": {"FileOffset": 9855500, "Value": 1, "Offset": 12}, "Structure": "IMAGE_RESOURCE_DIRECTORY"}, {"Name": {"FileOffset": 9855504, "Value": 2147484264, "Offset": 0}, "OffsetToData": {"FileOffset": 9855508, "Value": 2147483704, "Offset": 4}, "Structure": "IMAGE_RESOURCE_DIRECTORY_ENTRY"}, [{"MajorVersion": {"FileOffset": 9855552, "Value": 4, "Offset": 8}, "NumberOfIdEntries": {"FileOffset": 9855558, "Value": 0, "Offset": 14}, "MinorVersion": {"FileOffset": 9855554, "Value": 0, "Offset": 10}, "TimeDateStamp": {"FileOffset": 9855548, "Value": "0x0        [Thu Jan  1 00:00:00 1970 UTC]", "Offset": 4}, "Characteristics": {"FileOffset": 9855544, "Value": 0, "Offset": 0}, "NumberOfNamedEntries": {"FileOffset": 9855556, "Value": 1, "Offset": 12}, "Structure": "IMAGE_RESOURCE_DIRECTORY"}, {"Name": {"FileOffset": 9855560, "Value": 2147484274, "Offset": 0}, "OffsetToData": {"FileOffset": 9855564, "Value": 2147483864, "Offset": 4}, "Structure": "IMAGE_RESOURCE_DIRECTORY_ENTRY"}, [{"MajorVersion": {"FileOffset": 9855712, "Value": 4, "Offset": 8}, "NumberOfIdEntries": {"FileOffset": 9855718, "Value": 1, "Offset": 14}, "MinorVersion": {"FileOffset": 9855714, "Value": 0, "Offset": 10}, "TimeDateStamp": {"FileOffset": 9855708, "Value": "0x0        [Thu Jan  1 00:00:00 1970 UTC]", "Offset": 4}, "Characteristics": {"FileOffset": 9855704, "Value": 0, "Offset": 0}, "NumberOfNamedEntries": {"FileOffset": 9855716, "Value": 0, "Offset": 12}, "Structure": "IMAGE_RESOURCE_DIRECTORY"}, {"LANG": 9, "SUBLANG_NAME": "SUBLANG_ENGLISH_US", "Name": {"FileOffset": 9855720, "Value": 1033, "Offset": 0}, "CodePage": {"FileOffset": 9855952, "Value": 1252, "Offset": 8}, "LANG_NAME": "LANG_ENGLISH", "OffsetToData": {"FileOffset": 9855944, "Value": 9863800, "Offset": 0}, "Reserved": {"FileOffset": 9855956, "Value": 0, "Offset": 12}, "SUBLANG": 1, "Structure": "IMAGE_RESOURCE_DATA_ENTRY", "Size": {"FileOffset": 9855948, "Value": 5, "Offset": 4}}]], {"Structure": "IMAGE_RESOURCE_DIRECTORY_ENTRY", "Id": [3, "RT_ICON"], "OffsetToData": {"FileOffset": 9855516, "Value": 2147483728, "Offset": 4}, "Name": {"FileOffset": 9855512, "Value": 3, "Offset": 0}}, [{"MajorVersion": {"FileOffset": 9855576, "Value": 4, "Offset": 8}, "NumberOfIdEntries": {"FileOffset": 9855582, "Value": 6, "Offset": 14}, "MinorVersion": {"FileOffset": 9855578, "Value": 0, "Offset": 10}, "TimeDateStamp": {"FileOffset": 9855572, "Value": "0x0        [Thu Jan  1 00:00:00 1970 UTC]", "Offset": 4}, "Characteristics": {"FileOffset": 9855568, "Value": 0, "Offset": 0}, "NumberOfNamedEntries": {"FileOffset": 9855580, "Value": 0, "Offset": 12}, "Structure": "IMAGE_RESOURCE_DIRECTORY"}, {"Structure": "IMAGE_RESOURCE_DIRECTORY_ENTRY", "Id": 2, "OffsetToData": {"FileOffset": 9855588, "Value": 2147483888, "Offset": 4}, "Name": {"FileOffset": 9855584, "Value": 2, "Offset": 0}}, [{"MajorVersion": {"FileOffset": 9855736, "Value": 4, "Offset": 8}, "NumberOfIdEntries": {"FileOffset": 9855742, "Value": 1, "Offset": 14}, "MinorVersion": {"FileOffset": 9855738, "Value": 0, "Offset": 10}, "TimeDateStamp": {"FileOffset": 9855732, "Value": "0x0        [Thu Jan  1 00:00:00 1970 UTC]", "Offset": 4}, "Characteristics": {"FileOffset": 9855728, "Value": 0, "Offset": 0}, "NumberOfNamedEntries": {"FileOffset": 9855740, "Value": 0, "Offset": 12}, "Structure": "IMAGE_RESOURCE_DIRECTORY"}, {"LANG": 0, "SUBLANG_NAME": "SUBLANG_NEUTRAL", "Name": {"FileOffset": 9855744, "Value": 0, "Offset": 0}, "CodePage": {"FileOffset": 9855968, "Value": 1252, "Offset": 8}, "LANG_NAME": "LANG_NEUTRAL", "OffsetToData": {"FileOffset": 9855960, "Value": 9863808, "Offset": 0}, "Reserved": {"FileOffset": 9855972, "Value": 0, "Offset": 12}, "SUBLANG": 0, "Structure": "IMAGE_RESOURCE_DATA_ENTRY", "Size": {"FileOffset": 9855964, "Value": 1128, "Offset": 4}}], {"Structure": "IMAGE_RESOURCE_DIRECTORY_ENTRY", "Id": 3, "OffsetToData": {"FileOffset": 9855596, "Value": 2147483912, "Offset": 4}, "Name": {"FileOffset": 9855592, "Value": 3, "Offset": 0}}, [{"MajorVersion": {"FileOffset": 9855760, "Value": 4, "Offset": 8}, "NumberOfIdEntries": {"FileOffset": 9855766, "Value": 1, "Offset": 14}, "MinorVersion": {"FileOffset": 9855762, "Value": 0, "Offset": 10}, "TimeDateStamp": {"FileOffset": 9855756, "Value": "0x0        [Thu Jan  1 00:00:00 1970 UTC]", "Offset": 4}, "Characteristics": {"FileOffset": 9855752, "Value": 0, "Offset": 0}, "NumberOfNamedEntries": {"FileOffset": 9855764, "Value": 0, "Offset": 12}, "Structure": "IMAGE_RESOURCE_DIRECTORY"}, {"LANG": 0, "SUBLANG_NAME": "SUBLANG_NEUTRAL", "Name": {"FileOffset": 9855768, "Value": 0, "Offset": 0}, "CodePage": {"FileOffset": 9855984, "Value": 1252, "Offset": 8}, "LANG_NAME": "LANG_NEUTRAL", "OffsetToData": {"FileOffset": 9855976, "Value": 9864936, "Offset": 0}, "Reserved": {"FileOffset": 9855988, "Value": 0, "Offset": 12}, "SUBLANG": 0, "Structure": "IMAGE_RESOURCE_DATA_ENTRY", "Size": {"FileOffset": 9855980, "Value": 4264, "Offset": 4}}], {"Structure": "IMAGE_RESOURCE_DIRECTORY_ENTRY", "Id": 4, "OffsetToData": {"FileOffset": 9855604, "Value": 2147483936, "Offset": 4}, "Name": {"FileOffset": 9855600, "Value": 4, "Offset": 0}}, [{"MajorVersion": {"FileOffset": 9855784, "Value": 4, "Offset": 8}, "NumberOfIdEntries": {"FileOffset": 9855790, "Value": 1, "Offset": 14}, "MinorVersion": {"FileOffset": 9855786, "Value": 0, "Offset": 10}, "TimeDateStamp": {"FileOffset": 9855780, "Value": "0x0        [Thu Jan  1 00:00:00 1970 UTC]", "Offset": 4}, "Characteristics": {"FileOffset": 9855776, "Value": 0, "Offset": 0}, "NumberOfNamedEntries": {"FileOffset": 9855788, "Value": 0, "Offset": 12}, "Structure": "IMAGE_RESOURCE_DIRECTORY"}, {"LANG": 0, "SUBLANG_NAME": "SUBLANG_NEUTRAL", "Name": {"FileOffset": 9855792, "Value": 0, "Offset": 0}, "CodePage": {"FileOffset": 9856000, "Value": 1252, "Offset": 8}, "LANG_NAME": "LANG_NEUTRAL", "OffsetToData": {"FileOffset": 9855992, "Value": 9869200, "Offset": 0}, "Reserved": {"FileOffset": 9856004, "Value": 0, "Offset": 12}, "SUBLANG": 0, "Structure": "IMAGE_RESOURCE_DATA_ENTRY", "Size": {"FileOffset": 9855996, "Value": 9640, "Offset": 4}}], {"Structure": "IMAGE_RESOURCE_DIRECTORY_ENTRY", "Id": 5, "OffsetToData": {"FileOffset": 9855612, "Value": 2147483960, "Offset": 4}, "Name": {"FileOffset": 9855608, "Value": 5, "Offset": 0}}, [{"MajorVersion": {"FileOffset": 9855808, "Value": 4, "Offset": 8}, "NumberOfIdEntries": {"FileOffset": 9855814, "Value": 1, "Offset": 14}, "MinorVersion": {"FileOffset": 9855810, "Value": 0, "Offset": 10}, "TimeDateStamp": {"FileOffset": 9855804, "Value": "0x0        [Thu Jan  1 00:00:00 1970 UTC]", "Offset": 4}, "Characteristics": {"FileOffset": 9855800, "Value": 0, "Offset": 0}, "NumberOfNamedEntries": {"FileOffset": 9855812, "Value": 0, "Offset": 12}, "Structure": "IMAGE_RESOURCE_DIRECTORY"}, {"LANG": 0, "SUBLANG_NAME": "SUBLANG_NEUTRAL", "Name": {"FileOffset": 9855816, "Value": 0, "Offset": 0}, "CodePage": {"FileOffset": 9856016, "Value": 1252, "Offset": 8}, "LANG_NAME": "LANG_NEUTRAL", "OffsetToData": {"FileOffset": 9856008, "Value": 9878840, "Offset": 0}, "Reserved": {"FileOffset": 9856020, "Value": 0, "Offset": 12}, "SUBLANG": 0, "Structure": "IMAGE_RESOURCE_DATA_ENTRY", "Size": {"FileOffset": 9856012, "Value": 16936, "Offset": 4}}], {"Structure": "IMAGE_RESOURCE_DIRECTORY_ENTRY", "Id": 6, "OffsetToData": {"FileOffset": 9855620, "Value": 2147483984, "Offset": 4}, "Name": {"FileOffset": 9855616, "Value": 6, "Offset": 0}}, [{"MajorVersion": {"FileOffset": 9855832, "Value": 4, "Offset": 8}, "NumberOfIdEntries": {"FileOffset": 9855838, "Value": 1, "Offset": 14}, "MinorVersion": {"FileOffset": 9855834, "Value": 0, "Offset": 10}, "TimeDateStamp": {"FileOffset": 9855828, "Value": "0x0        [Thu Jan  1 00:00:00 1970 UTC]", "Offset": 4}, "Characteristics": {"FileOffset": 9855824, "Value": 0, "Offset": 0}, "NumberOfNamedEntries": {"FileOffset": 9855836, "Value": 0, "Offset": 12}, "Structure": "IMAGE_RESOURCE_DIRECTORY"}, {"LANG": 0, "SUBLANG_NAME": "SUBLANG_NEUTRAL", "Name": {"FileOffset": 9855840, "Value": 0, "Offset": 0}, "CodePage": {"FileOffset": 9856032, "Value": 1252, "Offset": 8}, "LANG_NAME": "LANG_NEUTRAL", "OffsetToData": {"FileOffset": 9856024, "Value": 9895776, "Offset": 0}, "Reserved": {"FileOffset": 9856036, "Value": 0, "Offset": 12}, "SUBLANG": 0, "Structure": "IMAGE_RESOURCE_DATA_ENTRY", "Size": {"FileOffset": 9856028, "Value": 67624, "Offset": 4}}], {"Structure": "IMAGE_RESOURCE_DIRECTORY_ENTRY", "Id": 7, "OffsetToData": {"FileOffset": 9855628, "Value": 2147484008, "Offset": 4}, "Name": {"FileOffset": 9855624, "Value": 7, "Offset": 0}}, [{"MajorVersion": {"FileOffset": 9855856, "Value": 4, "Offset": 8}, "NumberOfIdEntries": {"FileOffset": 9855862, "Value": 1, "Offset": 14}, "MinorVersion": {"FileOffset": 9855858, "Value": 0, "Offset": 10}, "TimeDateStamp": {"FileOffset": 9855852, "Value": "0x0        [Thu Jan  1 00:00:00 1970 UTC]", "Offset": 4}, "Characteristics": {"FileOffset": 9855848, "Value": 0, "Offset": 0}, "NumberOfNamedEntries": {"FileOffset": 9855860, "Value": 0, "Offset": 12}, "Structure": "IMAGE_RESOURCE_DIRECTORY"}, {"LANG": 0, "SUBLANG_NAME": "SUBLANG_NEUTRAL", "Name": {"FileOffset": 9855864, "Value": 0, "Offset": 0}, "CodePage": {"FileOffset": 9856048, "Value": 1252, "Offset": 8}, "LANG_NAME": "LANG_NEUTRAL", "OffsetToData": {"FileOffset": 9856040, "Value": 9963400, "Offset": 0}, "Reserved": {"FileOffset": 9856052, "Value": 0, "Offset": 12}, "SUBLANG": 0, "Structure": "IMAGE_RESOURCE_DATA_ENTRY", "Size": {"FileOffset": 9856044, "Value": 270376, "Offset": 4}}]], {"Structure": "IMAGE_RESOURCE_DIRECTORY_ENTRY", "Id": [14, "RT_GROUP_ICON"], "OffsetToData": {"FileOffset": 9855524, "Value": 2147483792, "Offset": 4}, "Name": {"FileOffset": 9855520, "Value": 14, "Offset": 0}}, [{"MajorVersion": {"FileOffset": 9855640, "Value": 4, "Offset": 8}, "NumberOfIdEntries": {"FileOffset": 9855646, "Value": 1, "Offset": 14}, "MinorVersion": {"FileOffset": 9855642, "Value": 0, "Offset": 10}, "TimeDateStamp": {"FileOffset": 9855636, "Value": "0x0        [Thu Jan  1 00:00:00 1970 UTC]", "Offset": 4}, "Characteristics": {"FileOffset": 9855632, "Value": 0, "Offset": 0}, "NumberOfNamedEntries": {"FileOffset": 9855644, "Value": 0, "Offset": 12}, "Structure": "IMAGE_RESOURCE_DIRECTORY"}, {"Structure": "IMAGE_RESOURCE_DIRECTORY_ENTRY", "Id": 32512, "OffsetToData": {"FileOffset": 9855652, "Value": 2147484032, "Offset": 4}, "Name": {"FileOffset": 9855648, "Value": 32512, "Offset": 0}}, [{"MajorVersion": {"FileOffset": 9855880, "Value": 4, "Offset": 8}, "NumberOfIdEntries": {"FileOffset": 9855886, "Value": 1, "Offset": 14}, "MinorVersion": {"FileOffset": 9855882, "Value": 0, "Offset": 10}, "TimeDateStamp": {"FileOffset": 9855876, "Value": "0x0        [Thu Jan  1 00:00:00 1970 UTC]", "Offset": 4}, "Characteristics": {"FileOffset": 9855872, "Value": 0, "Offset": 0}, "NumberOfNamedEntries": {"FileOffset": 9855884, "Value": 0, "Offset": 12}, "Structure": "IMAGE_RESOURCE_DIRECTORY"}, {"LANG": 0, "SUBLANG_NAME": "SUBLANG_NEUTRAL", "Name": {"FileOffset": 9855888, "Value": 0, "Offset": 0}, "CodePage": {"FileOffset": 9856064, "Value": 1252, "Offset": 8}, "LANG_NAME": "LANG_NEUTRAL", "OffsetToData": {"FileOffset": 9856056, "Value": 10233776, "Offset": 0}, "Reserved": {"FileOffset": 9856068, "Value": 0, "Offset": 12}, "SUBLANG": 0, "Structure": "IMAGE_RESOURCE_DATA_ENTRY", "Size": {"FileOffset": 9856060, "Value": 90, "Offset": 4}}]], {"Structure": "IMAGE_RESOURCE_DIRECTORY_ENTRY", "Id": [16, "RT_VERSION"], "OffsetToData": {"FileOffset": 9855532, "Value": 2147483816, "Offset": 4}, "Name": {"FileOffset": 9855528, "Value": 16, "Offset": 0}}, [{"MajorVersion": {"FileOffset": 9855664, "Value": 4, "Offset": 8}, "NumberOfIdEntries": {"FileOffset": 9855670, "Value": 1, "Offset": 14}, "MinorVersion": {"FileOffset": 9855666, "Value": 0, "Offset": 10}, "TimeDateStamp": {"FileOffset": 9855660, "Value": "0x0        [Thu Jan  1 00:00:00 1970 UTC]", "Offset": 4}, "Characteristics": {"FileOffset": 9855656, "Value": 0, "Offset": 0}, "NumberOfNamedEntries": {"FileOffset": 9855668, "Value": 0, "Offset": 12}, "Structure": "IMAGE_RESOURCE_DIRECTORY"}, {"Structure": "IMAGE_RESOURCE_DIRECTORY_ENTRY", "Id": 1, "OffsetToData": {"FileOffset": 9855676, "Value": 2147484056, "Offset": 4}, "Name": {"FileOffset": 9855672, "Value": 1, "Offset": 0}}, [{"MajorVersion": {"FileOffset": 9855904, "Value": 4, "Offset": 8}, "NumberOfIdEntries": {"FileOffset": 9855910, "Value": 1, "Offset": 14}, "MinorVersion": {"FileOffset": 9855906, "Value": 0, "Offset": 10}, "TimeDateStamp": {"FileOffset": 9855900, "Value": "0x0        [Thu Jan  1 00:00:00 1970 UTC]", "Offset": 4}, "Characteristics": {"FileOffset": 9855896, "Value": 0, "Offset": 0}, "NumberOfNamedEntries": {"FileOffset": 9855908, "Value": 0, "Offset": 12}, "Structure": "IMAGE_RESOURCE_DIRECTORY"}, {"LANG": 0, "SUBLANG_NAME": "SUBLANG_NEUTRAL", "Name": {"FileOffset": 9855912, "Value": 0, "Offset": 0}, "CodePage": {"FileOffset": 9856080, "Value": 1252, "Offset": 8}, "LANG_NAME": "LANG_NEUTRAL", "OffsetToData": {"FileOffset": 9856072, "Value": 10233868, "Offset": 0}, "Reserved": {"FileOffset": 9856084, "Value": 0, "Offset": 12}, "SUBLANG": 0, "Structure": "IMAGE_RESOURCE_DATA_ENTRY", "Size": {"FileOffset": 9856076, "Value": 688, "Offset": 4}}]], {"Structure": "IMAGE_RESOURCE_DIRECTORY_ENTRY", "Id": [24, "RT_MANIFEST"], "OffsetToData": {"FileOffset": 9855540, "Value": 2147483840, "Offset": 4}, "Name": {"FileOffset": 9855536, "Value": 24, "Offset": 0}}, [{"MajorVersion": {"FileOffset": 9855688, "Value": 4, "Offset": 8}, "NumberOfIdEntries": {"FileOffset": 9855694, "Value": 1, "Offset": 14}, "MinorVersion": {"FileOffset": 9855690, "Value": 0, "Offset": 10}, "TimeDateStamp": {"FileOffset": 9855684, "Value": "0x0        [Thu Jan  1 00:00:00 1970 UTC]", "Offset": 4}, "Characteristics": {"FileOffset": 9855680, "Value": 0, "Offset": 0}, "NumberOfNamedEntries": {"FileOffset": 9855692, "Value": 0, "Offset": 12}, "Structure": "IMAGE_RESOURCE_DIRECTORY"}, {"Structure": "IMAGE_RESOURCE_DIRECTORY_ENTRY", "Id": 1, "OffsetToData": {"FileOffset": 9855700, "Value": 2147484080, "Offset": 4}, "Name": {"FileOffset": 9855696, "Value": 1, "Offset": 0}}, [{"MajorVersion": {"FileOffset": 9855928, "Value": 4, "Offset": 8}, "NumberOfIdEntries": {"FileOffset": 9855934, "Value": 1, "Offset": 14}, "MinorVersion": {"FileOffset": 9855930, "Value": 0, "Offset": 10}, "TimeDateStamp": {"FileOffset": 9855924, "Value": "0x0        [Thu Jan  1 00:00:00 1970 UTC]", "Offset": 4}, "Characteristics": {"FileOffset": 9855920, "Value": 0, "Offset": 0}, "NumberOfNamedEntries": {"FileOffset": 9855932, "Value": 0, "Offset": 12}, "Structure": "IMAGE_RESOURCE_DIRECTORY"}, {"LANG": 0, "SUBLANG_NAME": "SUBLANG_NEUTRAL", "Name": {"FileOffset": 9855936, "Value": 0, "Offset": 0}, "CodePage": {"FileOffset": 9856096, "Value": 1252, "Offset": 8}, "LANG_NAME": "LANG_NEUTRAL", "OffsetToData": {"FileOffset": 9856088, "Value": 10234556, "Offset": 0}, "Reserved": {"FileOffset": 9856100, "Value": 0, "Offset": 12}, "SUBLANG": 0, "Structure": "IMAGE_RESOURCE_DATA_ENTRY", "Size": {"FileOffset": 9856092, "Value": 2861, "Offset": 4}}]]]}
