{"DllCharacteristics": [], "FILE_HEADER": {"NumberOfSections": {"FileOffset": 222, "Value": 6, "Offset": 2}, "TimeDateStamp": {"FileOffset": 224, "Value": "0x41D2F254 [Wed Dec 29 18:07:16 2004 UTC]", "Offset": 4}, "PointerToSymbolTable": {"FileOffset": 228, "Value": 0, "Offset": 8}, "NumberOfSymbols": {"FileOffset": 232, "Value": 0, "Offset": 12}, "Machine": {"FileOffset": 220, "Value": 332, "Offset": 0}, "Characteristics": {"FileOffset": 238, "Value": 271, "Offset": 18}, "SizeOfOptionalHeader": {"FileOffset": 236, "Value": 224, "Offset": 16}, "Structure": "IMAGE_FILE_HEADER"}, "Parsing Warnings": ["Suspicious flags set for section 0. Both IMAGE_SCN_MEM_WRITE and IMAGE_SCN_MEM_EXECUTE are set. This might indicate a packed executable.", "Suspicious flags set for section 3. Both IMAGE_SCN_MEM_WRITE and IMAGE_SCN_MEM_EXECUTE are set. This might indicate a packed executable.", "Suspicious flags set for section 4. Both IMAGE_SCN_MEM_WRITE and IMAGE_SCN_MEM_EXECUTE are set. This might indicate a packed executable.", "Suspicious flags set for section 5. Both IMAGE_SCN_MEM_WRITE and IMAGE_SCN_MEM_EXECUTE are set. This might indicate a packed executable."], "Directories": [{"VirtualAddress": {"FileOffset": 336, "Value": 0, "Offset": 0}, "Structure": "IMAGE_DIRECTORY_ENTRY_EXPORT", "Size": {"FileOffset": 340, "Value": 0, "Offset": 4}}, {"VirtualAddress": {"FileOffset": 344, "Value": 69741, "Offset": 0}, "Structure": "IMAGE_DIRECTORY_ENTRY_IMPORT", "Size": {"FileOffset": 348, "Value": 149, "Offset": 4}}, {"VirtualAddress": {"FileOffset": 352, "Value": 0, "Offset": 0}, "Structure": "IMAGE_DIRECTORY_ENTRY_RESOURCE", "Size": {"FileOffset": 356, "Value": 0, "Offset": 4}}, {"VirtualAddress": {"FileOffset": 360, "Value": 0, "Offset": 0}, "Structure": "IMAGE_DIRECTORY_ENTRY_EXCEPTION", "Size": {"FileOffset": 364, "Value": 0, "Offset": 4}}, {"VirtualAddress": {"FileOffset": 368, "Value": 0, "Offset": 0}, "Structure": "IMAGE_DIRECTORY_ENTRY_SECURITY", "Size": {"FileOffset": 372, "Value": 0, "Offset": 4}}, {"VirtualAddress": {"FileOffset": 376, "Value": 0, "Offset": 0}, "Structure": "IMAGE_DIRECTORY_ENTRY_BASERELOC", "Size": {"FileOffset": 380, "Value": 0, "Offset": 4}}, {"VirtualAddress": {"FileOffset": 384, "Value": 0, "Offset": 0}, "Structure": "IMAGE_DIRECTORY_ENTRY_DEBUG", "Size": {"FileOffset": 388, "Value": 0, "Offset": 4}}, {"VirtualAddress": {"FileOffset": 392, "Value": 0, "Offset": 0}, "Structure": "IMAGE_DIRECTORY_ENTRY_COPYRIGHT", "Size": {"FileOffset": 396, "Value": 0, "Offset": 4}}, {"VirtualAddress": {"FileOffset": 400, "Value": 0, "Offset": 0}, "Structure": "IMAGE_DIRECTORY_ENTRY_GLOBALPTR", "Size": {"FileOffset": 404, "Value": 0, "Offset": 4}}, {"VirtualAddress": {"FileOffset": 408, "Value": 0, "Offset": 0}, "Structure": "IMAGE_DIRECTORY_ENTRY_TLS", "Size": {"FileOffset": 412, "Value": 0, "Offset": 4}}, {"VirtualAddress": {"FileOffset": 416, "Value": 0, "Offset": 0}, "Structure": "IMAGE_DIRECTORY_ENTRY_LOAD_CONFIG", "Size": {"FileOffset": 420, "Value": 0, "Offset": 4}}, {"VirtualAddress": {"FileOffset": 424, "Value": 0, "Offset": 0}, "Structure": "IMAGE_DIRECTORY_ENTRY_BOUND_IMPORT", "Size": {"FileOffset": 428, "Value": 0, "Offset": 4}}, {"VirtualAddress": {"FileOffset": 432, "Value": 0, "Offset": 0}, "Structure": "IMAGE_DIRECTORY_ENTRY_IAT", "Size": {"FileOffset": 436, "Value": 0, "Offset": 4}}, {"VirtualAddress": {"FileOffset": 440, "Value": 0, "Offset": 0}, "Structure": "IMAGE_DIRECTORY_ENTRY_DELAY_IMPORT", "Size": {"FileOffset": 444, "Value": 0, "Offset": 4}}, {"VirtualAddress": {"FileOffset": 448, "Value": 0, "Offset": 0}, "Structure": "IMAGE_DIRECTORY_ENTRY_COM_DESCRIPTOR", "Size": {"FileOffset": 452, "Value": 0, "Offset": 4}}, {"VirtualAddress": {"FileOffset": 456, "Value": 0, "Offset": 0}, "Structure": "IMAGE_DIRECTORY_ENTRY_RESERVED", "Size": {"FileOffset": 460, "Value": 0, "Offset": 4}}], "OPTIONAL_HEADER": {"DllCharacteristics": {"FileOffset": 310, "Value": 0, "Offset": 70}, "BaseOfCode": {"FileOffset": 260, "Value": 4096, "Offset": 20}, "MajorLinkerVersion": {"FileOffset": 242, "Value": 7, "Offset": 2}, "MinorOperatingSystemVersion": {"FileOffset": 282, "Value": 0, "Offset": 42}, "MinorLinkerVersion": {"FileOffset": 243, "Value": 10, "Offset": 3}, "MajorSubsystemVersion": {"FileOffset": 288, "Value": 4, "Offset": 48}, "MajorOperatingSystemVersion": {"FileOffset": 280, "Value": 4, "Offset": 40}, "SizeOfStackCommit": {"FileOffset": 316, "Value": 4096, "Offset": 76}, "SizeOfUninitializedData": {"FileOffset": 252, "Value": 0, "Offset": 12}, "NumberOfRvaAndSizes": {"FileOffset": 332, "Value": 16, "Offset": 92}, "SizeOfHeapReserve": {"FileOffset": 320, "Value": 1048576, "Offset": 80}, "LoaderFlags": {"FileOffset": 328, "Value": 0, "Offset": 88}, "SizeOfHeapCommit": {"FileOffset": 324, "Value": 4096, "Offset": 84}, "SizeOfStackReserve": {"FileOffset": 312, "Value": 1048576, "Offset": 72}, "Structure": "IMAGE_OPTIONAL_HEADER", "SizeOfHeaders": {"FileOffset": 300, "Value": 4096, "Offset": 60}, "Subsystem": {"FileOffset": 308, "Value": 3, "Offset": 68}, "Magic": {"FileOffset": 240, "Value": 267, "Offset": 0}, "MinorImageVersion": {"FileOffset": 286, "Value": 0, "Offset": 46}, "MajorImageVersion": {"FileOffset": 284, "Value": 0, "Offset": 44}, "FileAlignment": {"FileOffset": 276, "Value": 4096, "Offset": 36}, "BaseOfData": {"FileOffset": 264, "Value": 45056, "Offset": 24}, "AddressOfEntryPoint": {"FileOffset": 256, "Value": 1916928, "Offset": 16}, "SectionAlignment": {"FileOffset": 272, "Value": 4096, "Offset": 32}, "SizeOfCode": {"FileOffset": 244, "Value": 40960, "Offset": 4}, "ImageBase": {"FileOffset": 268, "Value": 4194304, "Offset": 28}, "SizeOfInitializedData": {"FileOffset": 248, "Value": 20480, "Offset": 8}, "SizeOfImage": {"FileOffset": 296, "Value": 1921024, "Offset": 56}, "MinorSubsystemVersion": {"FileOffset": 290, "Value": 0, "Offset": 50}, "CheckSum": {"FileOffset": 304, "Value": 884110, "Offset": 64}, "Reserved1": {"FileOffset": 292, "Value": 0, "Offset": 52}}, "DOS_HEADER": {"e_cblp": {"FileOffset": 2, "Value": 144, "Offset": 2}, "e_crlc": {"FileOffset": 6, "Value": 0, "Offset": 6}, "e_ovno": {"FileOffset": 26, "Value": 0, "Offset": 26}, "e_minalloc": {"FileOffset": 10, "Value": 0, "Offset": 10}, "e_csum": {"FileOffset": 18, "Value": 0, "Offset": 18}, "e_cparhdr": {"FileOffset": 8, "Value": 4, "Offset": 8}, "e_cp": {"FileOffset": 4, "Value": 3, "Offset": 4}, "e_cs": {"FileOffset": 22, "Value": 0, "Offset": 22}, "e_maxalloc": {"FileOffset": 12, "Value": 65535, "Offset": 12}, "e_lfarlc": {"FileOffset": 24, "Value": 64, "Offset": 24}, "e_oemid": {"FileOffset": 36, "Value": 0, "Offset": 36}, "e_lfanew": {"FileOffset": 60, "Value": 216, "Offset": 60}, "e_ss": {"FileOffset": 14, "Value": 0, "Offset": 14}, "e_magic": {"FileOffset": 0, "Value": 23117, "Offset": 0}, "e_oeminfo": {"FileOffset": 38, "Value": 0, "Offset": 38}, "e_res2": {"FileOffset": 40, "Value": "", "Offset": 40}, "e_res": {"FileOffset": 28, "Value": "", "Offset": 28}, "e_sp": {"FileOffset": 16, "Value": 184, "Offset": 16}, "Structure": "IMAGE_DOS_HEADER", "e_ip": {"FileOffset": 20, "Value": 0, "Offset": 20}}, "NT_HEADERS": {"Structure": "IMAGE_NT_HEADERS", "Signature": {"FileOffset": 216, "Value": 17744, "Offset": 0}}, "Flags": ["IMAGE_FILE_LOCAL_SYMS_STRIPPED", "IMAGE_FILE_32BIT_MACHINE", "IMAGE_FILE_EXECUTABLE_IMAGE", "IMAGE_FILE_LINE_NUMS_STRIPPED", "IMAGE_FILE_RELOCS_STRIPPED"], "Imported symbols": [[{"TimeDateStamp": {"FileOffset": 36977, "Value": "0x0        [Thu Jan  1 00:00:00 1970 UTC]", "Offset": 4}, "Name": {"FileOffset": 36985, "Value": 69715, "Offset": 12}, "ForwarderChain": {"FileOffset": 36981, "Value": 0, "Offset": 8}, "OriginalFirstThunk": {"FileOffset": 36973, "Value": 69699, "Offset": 0}, "FirstThunk": {"FileOffset": 36989, "Value": 69683, "Offset": 16}, "Characteristics": {"FileOffset": 36973, "Value": 69699, "Offset": 0}, "Structure": "IMAGE_IMPORT_DESCRIPTOR"}, {"Hint": 0, "Name": "lstrcpy", "DLL": "kernel32.dll"}], [{"TimeDateStamp": {"FileOffset": 36997, "Value": "0x0        [Thu Jan  1 00:00:00 1970 UTC]", "Offset": 4}, "Name": {"FileOffset": 37005, "Value": 69728, "Offset": 12}, "ForwarderChain": {"FileOffset": 37001, "Value": 0, "Offset": 8}, "OriginalFirstThunk": {"FileOffset": 36993, "Value": 69707, "Offset": 0}, "FirstThunk": {"FileOffset": 37009, "Value": 69691, "Offset": 16}, "Characteristics": {"FileOffset": 36993, "Value": 69707, "Offset": 0}, "Structure": "IMAGE_IMPORT_DESCRIPTOR"}, {"Hint": 0, "Name": "InitCommonControls", "DLL": "comctl32.dll"}]], "PE Sections": [{"PointerToRawData": {"FileOffset": 484, "Value": 4096, "Offset": 20}, "SHA1": "d9b803949243be238617f3f5e93e0dc92e154b1c", "SHA256": "50ec35bddf70d1f620c7e90cdbdfb5e152e2a86a1be043538037bc4cce28a6ff", "Name": {"FileOffset": 464, "Value": "       ", "Offset": 0}, "NumberOfRelocations": {"FileOffset": 496, "Value": 0, "Offset": 32}, "Misc_VirtualSize": {"FileOffset": 472, "Value": 61440, "Offset": 8}, "Characteristics": {"FileOffset": 500, "Value": 3758096448, "Offset": 36}, "Misc": {"FileOffset": 472, "Value": 61440, "Offset": 8}, "PointerToLinenumbers": {"FileOffset": 492, "Value": 0, "Offset": 28}, "SizeOfRawData": {"FileOffset": 480, "Value": 32768, "Offset": 16}, "Misc_PhysicalAddress": {"FileOffset": 472, "Value": 61440, "Offset": 8}, "PointerToRelocations": {"FileOffset": 488, "Value": 0, "Offset": 24}, "Flags": ["IMAGE_SCN_MEM_EXECUTE", "IMAGE_SCN_CNT_INITIALIZED_DATA", "IMAGE_SCN_MEM_WRITE", "IMAGE_SCN_MEM_READ"], "SHA512": "c1d94b3ab413189b699541fd5071317ca347d1b3a79b87c2d4dd30677e4fd0965a3f864fe0f4bf949f6b023f713861a6e9416f084c212da63c9ccd7c1f36aab5", "MD5": "de740b2e86b952e94f3b156cff80379f", "Entropy": 7.723589981737049, "VirtualAddress": {"FileOffset": 476, "Value": 4096, "Offset": 12}, "Structure": "IMAGE_SECTION_HEADER", "NumberOfLinenumbers": {"FileOffset": 498, "Value": 0, "Offset": 34}}, {"PointerToRawData": {"FileOffset": 524, "Value": 36864, "Offset": 20}, "SHA1": "da39a3ee5e6b4b0d3255bfef95601890afd80709", "SHA256": "e3b0c44298fc1c149afbf4c8996fb92427ae41e4649b934ca495991b7852b855", "Name": {"FileOffset": 504, "Value": ".rsrc   ", "Offset": 0}, "NumberOfRelocations": {"FileOffset": 536, "Value": 0, "Offset": 32}, "Misc_VirtualSize": {"FileOffset": 512, "Value": 4096, "Offset": 8}, "Characteristics": {"FileOffset": 540, "Value": 3221225536, "Offset": 36}, "Misc": {"FileOffset": 512, "Value": 4096, "Offset": 8}, "PointerToLinenumbers": {"FileOffset": 532, "Value": 0, "Offset": 28}, "SizeOfRawData": {"FileOffset": 520, "Value": 0, "Offset": 16}, "Misc_PhysicalAddress": {"FileOffset": 512, "Value": 4096, "Offset": 8}, "PointerToRelocations": {"FileOffset": 528, "Value": 0, "Offset": 24}, "Flags": ["IMAGE_SCN_CNT_INITIALIZED_DATA", "IMAGE_SCN_MEM_WRITE", "IMAGE_SCN_MEM_READ"], "SHA512": "cf83e1357eefb8bdf1542850d66d8007d620e4050b5715dc83f4a921d36ce9ce47d0d13c5d85f2b0ff8318d2877eec2f63b931bd47417a81a538327af927da3e", "MD5": "d41d8cd98f00b204e9800998ecf8427e", "Entropy": 0.0, "VirtualAddress": {"FileOffset": 516, "Value": 65536, "Offset": 12}, "Structure": "IMAGE_SECTION_HEADER", "NumberOfLinenumbers": {"FileOffset": 538, "Value": 0, "Offset": 34}}, {"PointerToRawData": {"FileOffset": 564, "Value": 36864, "Offset": 20}, "SHA1": "2c2df01f22f723cc6b78e6f70975ed745201fc60", "SHA256": "9d943de9324f21612c80bd746e3aea0a4b04d87dc7e45665c60a564835ac8068", "Name": {"FileOffset": 544, "Value": ".idata  ", "Offset": 0}, "NumberOfRelocations": {"FileOffset": 576, "Value": 0, "Offset": 32}, "Misc_VirtualSize": {"FileOffset": 552, "Value": 4096, "Offset": 8}, "Characteristics": {"FileOffset": 580, "Value": 3221225536, "Offset": 36}, "Misc": {"FileOffset": 552, "Value": 4096, "Offset": 8}, "PointerToLinenumbers": {"FileOffset": 572, "Value": 0, "Offset": 28}, "SizeOfRawData": {"FileOffset": 560, "Value": 4096, "Offset": 16}, "Misc_PhysicalAddress": {"FileOffset": 552, "Value": 4096, "Offset": 8}, "PointerToRelocations": {"FileOffset": 568, "Value": 0, "Offset": 24}, "Flags": ["IMAGE_SCN_CNT_INITIALIZED_DATA", "IMAGE_SCN_MEM_WRITE", "IMAGE_SCN_MEM_READ"], "SHA512": "df74071358a28cad498f23b461444ef400e66ecffd1161c8708340ef92bbca39618ae7178f99dcefa26cd8b11809497b8a5e2f0dccb3e35e6ab9f9d484b50fa9", "MD5": "9b4695927184026b8f7edc4ac4e896e0", "Entropy": 0.22095801495418918, "VirtualAddress": {"FileOffset": 556, "Value": 69632, "Offset": 12}, "Structure": "IMAGE_SECTION_HEADER", "NumberOfLinenumbers": {"FileOffset": 578, "Value": 0, "Offset": 34}}, {"PointerToRawData": {"FileOffset": 604, "Value": 40960, "Offset": 20}, "SHA1": "5ab47614102838d3c22dd5231470eebc4eca2fef", "SHA256": "d559fc6830dd934657798cf9e37a02e748087c6b8e0c9ed10cec45a85a9b4b10", "Name": {"FileOffset": 584, "Value": "        ", "Offset": 0}, "NumberOfRelocations": {"FileOffset": 616, "Value": 0, "Offset": 32}, "Misc_VirtualSize": {"FileOffset": 592, "Value": 1019904, "Offset": 8}, "Characteristics": {"FileOffset": 620, "Value": 3758096448, "Offset": 36}, "Misc": {"FileOffset": 592, "Value": 1019904, "Offset": 8}, "PointerToLinenumbers": {"FileOffset": 612, "Value": 0, "Offset": 28}, "SizeOfRawData": {"FileOffset": 600, "Value": 4096, "Offset": 16}, "Misc_PhysicalAddress": {"FileOffset": 592, "Value": 1019904, "Offset": 8}, "PointerToRelocations": {"FileOffset": 608, "Value": 0, "Offset": 24}, "Flags": ["IMAGE_SCN_MEM_EXECUTE", "IMAGE_SCN_CNT_INITIALIZED_DATA", "IMAGE_SCN_MEM_WRITE", "IMAGE_SCN_MEM_READ"], "SHA512": "679101602e95d70a2ed52a17996986db939c5ad6dac1d1a92b4814e04258ec32d8d4fc7c4fc499eb74c5b7dfabfd81920583266f2bad507aed1601bb7a45d462", "MD5": "52033673b1797738d708439566c326b8", "Entropy": 0.04100838717347304, "VirtualAddress": {"FileOffset": 596, "Value": 73728, "Offset": 12}, "Structure": "IMAGE_SECTION_HEADER", "NumberOfLinenumbers": {"FileOffset": 618, "Value": 0, "Offset": 34}}, {"PointerToRawData": {"FileOffset": 644, "Value": 45056, "Offset": 20}, "SHA1": "2110ccf6f0018e359495571571a5ac30afb6b864", "SHA256": "d7260a106e544b6bff0b12101a4f996d43022720d990410403ac29d5d475e9a5", "Name": {"FileOffset": 624, "Value": "raztfkxm", "Offset": 0}, "NumberOfRelocations": {"FileOffset": 656, "Value": 0, "Offset": 32}, "Misc_VirtualSize": {"FileOffset": 632, "Value": 823296, "Offset": 8}, "Characteristics": {"FileOffset": 660, "Value": 3758096448, "Offset": 36}, "Misc": {"FileOffset": 632, "Value": 823296, "Offset": 8}, "PointerToLinenumbers": {"FileOffset": 652, "Value": 0, "Offset": 28}, "SizeOfRawData": {"FileOffset": 640, "Value": 823296, "Offset": 16}, "Misc_PhysicalAddress": {"FileOffset": 632, "Value": 823296, "Offset": 8}, "PointerToRelocations": {"FileOffset": 648, "Value": 0, "Offset": 24}, "Flags": ["IMAGE_SCN_MEM_EXECUTE", "IMAGE_SCN_CNT_INITIALIZED_DATA", "IMAGE_SCN_MEM_WRITE", "IMAGE_SCN_MEM_READ"], "SHA512": "8675bb53d6e6208c9f1bb884b3d935bfb18bb52d71f59a03c70fc7c767b98376358e67bb71b68e0c7491a0544d0c3325d38dcf41062f95ea22f198b3e44eb3d8", "MD5": "446799ea9534b74cf47edebc1fd1a412", "Entropy": 7.909834302367072, "VirtualAddress": {"FileOffset": 636, "Value": 1093632, "Offset": 12}, "Structure": "IMAGE_SECTION_HEADER", "NumberOfLinenumbers": {"FileOffset": 658, "Value": 0, "Offset": 34}}, {"PointerToRawData": {"FileOffset": 684, "Value": 868352, "Offset": 20}, "SHA1": "b4c6bca4769faf34f094886553b5aefd1ea81394", "SHA256": "b1638150eb6b8f8ba829d35a9a826b4c617efeb081485a306cef628c1fd8758d", "Name": {"FileOffset": 664, "Value": "gxahbmrz", "Offset": 0}, "NumberOfRelocations": {"FileOffset": 696, "Value": 0, "Offset": 32}, "Misc_VirtualSize": {"FileOffset": 672, "Value": 4096, "Offset": 8}, "Characteristics": {"FileOffset": 700, "Value": 3758096448, "Offset": 36}, "Misc": {"FileOffset": 672, "Value": 4096, "Offset": 8}, "PointerToLinenumbers": {"FileOffset": 692, "Value": 0, "Offset": 28}, "SizeOfRawData": {"FileOffset": 680, "Value": 4096, "Offset": 16}, "Misc_PhysicalAddress": {"FileOffset": 672, "Value": 4096, "Offset": 8}, "PointerToRelocations": {"FileOffset": 688, "Value": 0, "Offset": 24}, "Flags": ["IMAGE_SCN_MEM_EXECUTE", "IMAGE_SCN_CNT_INITIALIZED_DATA", "IMAGE_SCN_MEM_WRITE", "IMAGE_SCN_MEM_READ"], "SHA512": "fc94ea7441558919e803d6902b794332d2a0c6f03c2291e3ce5f1d46895663ad0ef07a1ce659ca6dece7fcf5fa21b488882760373251afd09c875d19dd138ee5", "MD5": "689d8208555f1806fdccf709d9eaa0fb", "Entropy": 0.5320582038279112, "VirtualAddress": {"FileOffset": 676, "Value": 1916928, "Offset": 12}, "Structure": "IMAGE_SECTION_HEADER", "NumberOfLinenumbers": {"FileOffset": 698, "Value": 0, "Offset": 34}}]}
