{"DllCharacteristics": ["IMAGE_DLLCHARACTERISTICS_NO_SEH", "IMAGE_DLLCHARACTERISTICS_TERMINAL_SERVER_AWARE", "IMAGE_DLLCHARACTERISTICS_DYNAMIC_BASE", "IMAGE_DLLCHARACTERISTICS_NX_COMPAT"], "FILE_HEADER": {"NumberOfSections": {"FileOffset": 134, "Value": 3, "Offset": 2}, "TimeDateStamp": {"FileOffset": 136, "Value": "0x51BFABE3 [Tue Jun 18 00:37:55 2013 UTC]", "Offset": 4}, "PointerToSymbolTable": {"FileOffset": 140, "Value": 0, "Offset": 8}, "NumberOfSymbols": {"FileOffset": 144, "Value": 0, "Offset": 12}, "Machine": {"FileOffset": 132, "Value": 332, "Offset": 0}, "Characteristics": {"FileOffset": 150, "Value": 258, "Offset": 18}, "SizeOfOptionalHeader": {"FileOffset": 148, "Value": 224, "Offset": 16}, "Structure": "IMAGE_FILE_HEADER"}, "Directories": [{"VirtualAddress": {"FileOffset": 248, "Value": 0, "Offset": 0}, "Structure": "IMAGE_DIRECTORY_ENTRY_EXPORT", "Size": {"FileOffset": 252, "Value": 0, "Offset": 4}}, {"VirtualAddress": {"FileOffset": 256, "Value": 102484, "Offset": 0}, "Structure": "IMAGE_DIRECTORY_ENTRY_IMPORT", "Size": {"FileOffset": 260, "Value": 87, "Offset": 4}}, {"VirtualAddress": {"FileOffset": 264, "Value": 106496, "Offset": 0}, "Structure": "IMAGE_DIRECTORY_ENTRY_RESOURCE", "Size": {"FileOffset": 268, "Value": 880, "Offset": 4}}, {"VirtualAddress": {"FileOffset": 272, "Value": 0, "Offset": 0}, "Structure": "IMAGE_DIRECTORY_ENTRY_EXCEPTION", "Size": {"FileOffset": 276, "Value": 0, "Offset": 4}}, {"VirtualAddress": {"FileOffset": 280, "Value": 0, "Offset": 0}, "Structure": "IMAGE_DIRECTORY_ENTRY_SECURITY", "Size": {"FileOffset": 284, "Value": 0, "Offset": 4}}, {"VirtualAddress": {"FileOffset": 288, "Value": 114688, "Offset": 0}, "Structure": "IMAGE_DIRECTORY_ENTRY_BASERELOC", "Size": {"FileOffset": 292, "Value": 12, "Offset": 4}}, {"VirtualAddress": {"FileOffset": 296, "Value": 102360, "Offset": 0}, "Structure": "IMAGE_DIRECTORY_ENTRY_DEBUG", "Size": {"FileOffset": 300, "Value": 28, "Offset": 4}}, {"VirtualAddress": {"FileOffset": 304, "Value": 0, "Offset": 0}, "Structure": "IMAGE_DIRECTORY_ENTRY_COPYRIGHT", "Size": {"FileOffset": 308, "Value": 0, "Offset": 4}}, {"VirtualAddress": {"FileOffset": 312, "Value": 0, "Offset": 0}, "Structure": "IMAGE_DIRECTORY_ENTRY_GLOBALPTR", "Size": {"FileOffset": 316, "Value": 0, "Offset": 4}}, {"VirtualAddress": {"FileOffset": 320, "Value": 0, "Offset": 0}, "Structure": "IMAGE_DIRECTORY_ENTRY_TLS", "Size": {"FileOffset": 324, "Value": 0, "Offset": 4}}, {"VirtualAddress": {"FileOffset": 328, "Value": 0, "Offset": 0}, "Structure": "IMAGE_DIRECTORY_ENTRY_LOAD_CONFIG", "Size": {"FileOffset": 332, "Value": 0, "Offset": 4}}, {"VirtualAddress": {"FileOffset": 336, "Value": 0, "Offset": 0}, "Structure": "IMAGE_DIRECTORY_ENTRY_BOUND_IMPORT", "Size": {"FileOffset": 340, "Value": 0, "Offset": 4}}, {"VirtualAddress": {"FileOffset": 344, "Value": 8192, "Offset": 0}, "Structure": "IMAGE_DIRECTORY_ENTRY_IAT", "Size": {"FileOffset": 348, "Value": 8, "Offset": 4}}, {"VirtualAddress": {"FileOffset": 352, "Value": 0, "Offset": 0}, "Structure": "IMAGE_DIRECTORY_ENTRY_DELAY_IMPORT", "Size": {"FileOffset": 356, "Value": 0, "Offset": 4}}, {"VirtualAddress": {"FileOffset": 360, "Value": 8200, "Offset": 0}, "Structure": "IMAGE_DIRECTORY_ENTRY_COM_DESCRIPTOR", "Size": {"FileOffset": 364, "Value": 72, "Offset": 4}}, {"VirtualAddress": {"FileOffset": 368, "Value": 0, "Offset": 0}, "Structure": "IMAGE_DIRECTORY_ENTRY_RESERVED", "Size": {"FileOffset": 372, "Value": 0, "Offset": 4}}], "OPTIONAL_HEADER": {"DllCharacteristics": {"FileOffset": 222, "Value": 34112, "Offset": 70}, "BaseOfCode": {"FileOffset": 172, "Value": 8192, "Offset": 20}, "MajorLinkerVersion": {"FileOffset": 154, "Value": 8, "Offset": 2}, "MinorOperatingSystemVersion": {"FileOffset": 194, "Value": 0, "Offset": 42}, "MinorLinkerVersion": {"FileOffset": 155, "Value": 0, "Offset": 3}, "MajorSubsystemVersion": {"FileOffset": 200, "Value": 4, "Offset": 48}, "MajorOperatingSystemVersion": {"FileOffset": 192, "Value": 4, "Offset": 40}, "SizeOfStackCommit": {"FileOffset": 228, "Value": 4096, "Offset": 76}, "SizeOfUninitializedData": {"FileOffset": 164, "Value": 0, "Offset": 12}, "NumberOfRvaAndSizes": {"FileOffset": 244, "Value": 16, "Offset": 92}, "SizeOfHeapReserve": {"FileOffset": 232, "Value": 1048576, "Offset": 80}, "LoaderFlags": {"FileOffset": 240, "Value": 0, "Offset": 88}, "SizeOfHeapCommit": {"FileOffset": 236, "Value": 4096, "Offset": 84}, "SizeOfStackReserve": {"FileOffset": 224, "Value": 1048576, "Offset": 72}, "Structure": "IMAGE_OPTIONAL_HEADER", "SizeOfHeaders": {"FileOffset": 212, "Value": 512, "Offset": 60}, "Subsystem": {"FileOffset": 220, "Value": 2, "Offset": 68}, "Magic": {"FileOffset": 152, "Value": 267, "Offset": 0}, "MinorImageVersion": {"FileOffset": 198, "Value": 0, "Offset": 46}, "MajorImageVersion": {"FileOffset": 196, "Value": 0, "Offset": 44}, "FileAlignment": {"FileOffset": 188, "Value": 512, "Offset": 36}, "BaseOfData": {"FileOffset": 176, "Value": 106496, "Offset": 24}, "AddressOfEntryPoint": {"FileOffset": 168, "Value": 102574, "Offset": 16}, "SectionAlignment": {"FileOffset": 184, "Value": 8192, "Offset": 32}, "SizeOfCode": {"FileOffset": 156, "Value": 94720, "Offset": 4}, "ImageBase": {"FileOffset": 180, "Value": 4194304, "Offset": 28}, "SizeOfInitializedData": {"FileOffset": 160, "Value": 1536, "Offset": 8}, "SizeOfImage": {"FileOffset": 208, "Value": 122880, "Offset": 56}, "MinorSubsystemVersion": {"FileOffset": 202, "Value": 0, "Offset": 50}, "CheckSum": {"FileOffset": 216, "Value": 0, "Offset": 64}, "Reserved1": {"FileOffset": 204, "Value": 0, "Offset": 52}}, "DOS_HEADER": {"e_cblp": {"FileOffset": 2, "Value": 144, "Offset": 2}, "e_crlc": {"FileOffset": 6, "Value": 0, "Offset": 6}, "e_ovno": {"FileOffset": 26, "Value": 0, "Offset": 26}, "e_minalloc": {"FileOffset": 10, "Value": 0, "Offset": 10}, "e_csum": {"FileOffset": 18, "Value": 0, "Offset": 18}, "e_cparhdr": {"FileOffset": 8, "Value": 4, "Offset": 8}, "e_cp": {"FileOffset": 4, "Value": 3, "Offset": 4}, "e_cs": {"FileOffset": 22, "Value": 0, "Offset": 22}, "e_maxalloc": {"FileOffset": 12, "Value": 65535, "Offset": 12}, "e_lfarlc": {"FileOffset": 24, "Value": 64, "Offset": 24}, "e_oemid": {"FileOffset": 36, "Value": 0, "Offset": 36}, "e_lfanew": {"FileOffset": 60, "Value": 128, "Offset": 60}, "e_ss": {"FileOffset": 14, "Value": 0, "Offset": 14}, "e_magic": {"FileOffset": 0, "Value": 23117, "Offset": 0}, "e_oeminfo": {"FileOffset": 38, "Value": 0, "Offset": 38}, "e_res2": {"FileOffset": 40, "Value": "", "Offset": 40}, "e_res": {"FileOffset": 28, "Value": "", "Offset": 28}, "e_sp": {"FileOffset": 16, "Value": 184, "Offset": 16}, "Structure": "IMAGE_DOS_HEADER", "e_ip": {"FileOffset": 20, "Value": 0, "Offset": 20}}, "Base relocations": [[{"SizeOfBlock": {"FileOffset": 96260, "Value": 12, "Offset": 4}, "VirtualAddress": {"FileOffset": 96256, "Value": 102400, "Offset": 0}, "Structure": "IMAGE_BASE_RELOCATION"}, {"RVA": 102576, "Type": "HIGHLOW"}, {"RVA": 102400, "Type": "ABSOLUTE"}]], "NT_HEADERS": {"Structure": "IMAGE_NT_HEADERS", "Signature": {"FileOffset": 128, "Value": 17744, "Offset": 0}}, "Flags": ["IMAGE_FILE_32BIT_MACHINE", "IMAGE_FILE_EXECUTABLE_IMAGE"], "Version Information": [{"ValueLength": {"FileOffset": 95322, "Value": 52, "Offset": 2}, "Length": {"FileOffset": 95320, "Value": 788, "Offset": 0}, "Type": {"FileOffset": 95324, "Value": 0, "Offset": 4}, "Structure": "VS_VERSIONINFO"}, {"FileFlagsMask": {"FileOffset": 95384, "Value": 63, "Offset": 24}, "FileType": {"FileOffset": 95396, "Value": 1, "Offset": 36}, "FileVersionMS": {"FileOffset": 95368, "Value": 65536, "Offset": 8}, "FileVersionLS": {"FileOffset": 95372, "Value": 0, "Offset": 12}, "Signature": {"FileOffset": 95360, "Value": 4277077181, "Offset": 0}, "FileSubtype": {"FileOffset": 95400, "Value": 0, "Offset": 40}, "FileFlags": {"FileOffset": 95388, "Value": 0, "Offset": 28}, "FileDateLS": {"FileOffset": 95408, "Value": 0, "Offset": 48}, "ProductVersionLS": {"FileOffset": 95380, "Value": 0, "Offset": 20}, "FileOS": {"FileOffset": 95392, "Value": 4, "Offset": 32}, "ProductVersionMS": {"FileOffset": 95376, "Value": 65536, "Offset": 16}, "FileDateMS": {"FileOffset": 95404, "Value": 0, "Offset": 44}, "Structure": "VS_FIXEDFILEINFO", "StrucVersion": {"FileOffset": 95364, "Value": 65536, "Offset": 4}}], "Debug information": [{"MajorVersion": {"FileOffset": 94688, "Value": 0, "Offset": 8}, "PointerToRawData": {"FileOffset": 94704, "Value": 94708, "Offset": 24}, "MinorVersion": {"FileOffset": 94690, "Value": 0, "Offset": 10}, "TimeDateStamp": {"FileOffset": 94684, "Value": "0x51BFABE3 [Tue Jun 18 00:37:55 2013 UTC]", "Offset": 4}, "Characteristics": {"FileOffset": 94680, "Value": 0, "Offset": 0}, "Structure": "IMAGE_DEBUG_DIRECTORY", "Type": "IMAGE_DEBUG_TYPE_CODEVIEW", "SizeOfData": {"FileOffset": 94696, "Value": 95, "Offset": 16}, "AddressOfRawData": {"FileOffset": 94700, "Value": 102388, "Offset": 20}}], "Imported symbols": [[{"TimeDateStamp": {"FileOffset": 94808, "Value": "0x0        [Thu Jan  1 00:00:00 1970 UTC]", "Offset": 4}, "Name": {"FileOffset": 94816, "Value": 102558, "Offset": 12}, "ForwarderChain": {"FileOffset": 94812, "Value": 0, "Offset": 8}, "OriginalFirstThunk": {"FileOffset": 94804, "Value": 102524, "Offset": 0}, "FirstThunk": {"FileOffset": 94820, "Value": 8192, "Offset": 16}, "Characteristics": {"FileOffset": 94804, "Value": 102524, "Offset": 0}, "Structure": "IMAGE_IMPORT_DESCRIPTOR"}, {"Hint": 0, "Name": "_CorExeMain", "DLL": "mscoree.dll"}]], "PE Sections": [{"PointerToRawData": {"FileOffset": 396, "Value": 512, "Offset": 20}, "SHA1": "53c06a04257e1881e0308953bff882dc89867f42", "SHA256": "179617818fcea55a8f4762ce183012d01fbf1d0077b6f37054fee7bd10adc0ca", "Name": {"FileOffset": 376, "Value": ".text", "Offset": 0}, "NumberOfRelocations": {"FileOffset": 408, "Value": 0, "Offset": 32}, "Misc_VirtualSize": {"FileOffset": 384, "Value": 94388, "Offset": 8}, "Characteristics": {"FileOffset": 412, "Value": 1610612768, "Offset": 36}, "Misc": {"FileOffset": 384, "Value": 94388, "Offset": 8}, "PointerToLinenumbers": {"FileOffset": 404, "Value": 0, "Offset": 28}, "SizeOfRawData": {"FileOffset": 392, "Value": 94720, "Offset": 16}, "Misc_PhysicalAddress": {"FileOffset": 384, "Value": 94388, "Offset": 8}, "PointerToRelocations": {"FileOffset": 400, "Value": 0, "Offset": 24}, "Flags": ["IMAGE_SCN_MEM_EXECUTE", "IMAGE_SCN_CNT_CODE", "IMAGE_SCN_MEM_READ"], "SHA512": "4277c32fd1b57a8a0b753cadb62f5ca1c9f2088c6587afeb6bf9c460ee95a7c3aeb30bc9e1756e6bb8b8792c2f97304a97213cce52516ac8378485766b6c8501", "MD5": "f994f2fb0a461d72f1b55118512350f6", "Entropy": 6.743430027503325, "VirtualAddress": {"FileOffset": 388, "Value": 8192, "Offset": 12}, "Structure": "IMAGE_SECTION_HEADER", "NumberOfLinenumbers": {"FileOffset": 410, "Value": 0, "Offset": 34}}, {"PointerToRawData": {"FileOffset": 436, "Value": 95232, "Offset": 20}, "SHA1": "7a47bcd3b5d05525a0157f48b23fd1b925d78916", "SHA256": "cea308fab25e2105c334ca4b9a5fd33602ebae89d856838e1cab7aacb13ddd74", "Name": {"FileOffset": 416, "Value": ".rsrc", "Offset": 0}, "NumberOfRelocations": {"FileOffset": 448, "Value": 0, "Offset": 32}, "Misc_VirtualSize": {"FileOffset": 424, "Value": 880, "Offset": 8}, "Characteristics": {"FileOffset": 452, "Value": 1073741888, "Offset": 36}, "Misc": {"FileOffset": 424, "Value": 880, "Offset": 8}, "PointerToLinenumbers": {"FileOffset": 444, "Value": 0, "Offset": 28}, "SizeOfRawData": {"FileOffset": 432, "Value": 1024, "Offset": 16}, "Misc_PhysicalAddress": {"FileOffset": 424, "Value": 880, "Offset": 8}, "PointerToRelocations": {"FileOffset": 440, "Value": 0, "Offset": 24}, "Flags": ["IMAGE_SCN_CNT_INITIALIZED_DATA", "IMAGE_SCN_MEM_READ"], "SHA512": "0ad0da6739c0d39dd25cecfc7e54c692293b6d35ab2caf734da34ead70f6bf9d2adc1860b28de4b09cb76135dce5c68d065b192cd2054ee7625d31c3944480f2", "MD5": "7ce80d9fcbdc65dd0995b88fa768e64d", "Entropy": 2.8030288414463653, "VirtualAddress": {"FileOffset": 428, "Value": 106496, "Offset": 12}, "Structure": "IMAGE_SECTION_HEADER", "NumberOfLinenumbers": {"FileOffset": 450, "Value": 0, "Offset": 34}}, {"PointerToRawData": {"FileOffset": 476, "Value": 96256, "Offset": 20}, "SHA1": "b6d2a6f580a63b3b980b505c2371e6dc83fcc4ee", "SHA256": "191dfd537cf207e170f4cb5e4f8021d55ae1f0e47220e27906dc4516a8d587bf", "Name": {"FileOffset": 456, "Value": ".reloc", "Offset": 0}, "NumberOfRelocations": {"FileOffset": 488, "Value": 0, "Offset": 32}, "Misc_VirtualSize": {"FileOffset": 464, "Value": 12, "Offset": 8}, "Characteristics": {"FileOffset": 492, "Value": 1107296320, "Offset": 36}, "Misc": {"FileOffset": 464, "Value": 12, "Offset": 8}, "PointerToLinenumbers": {"FileOffset": 484, "Value": 0, "Offset": 28}, "SizeOfRawData": {"FileOffset": 472, "Value": 512, "Offset": 16}, "Misc_PhysicalAddress": {"FileOffset": 464, "Value": 12, "Offset": 8}, "PointerToRelocations": {"FileOffset": 480, "Value": 0, "Offset": 24}, "Flags": ["IMAGE_SCN_CNT_INITIALIZED_DATA", "IMAGE_SCN_MEM_DISCARDABLE", "IMAGE_SCN_MEM_READ"], "SHA512": "3826074d20ae370e23dd845c5319e403fc4919fd380de7bc6f8d0d95b21390a263136a666cc787c8d719b76f68c875c920cf3baf73cd600a2fa931c9629bc82d", "MD5": "9508a023d032ec37ff2e7445daf9fb1c", "Entropy": 0.10191042566270775, "VirtualAddress": {"FileOffset": 468, "Value": 114688, "Offset": 12}, "Structure": "IMAGE_SECTION_HEADER", "NumberOfLinenumbers": {"FileOffset": 490, "Value": 0, "Offset": 34}}], "Resource directory": [{"MajorVersion": {"FileOffset": 95240, "Value": 0, "Offset": 8}, "NumberOfIdEntries": {"FileOffset": 95246, "Value": 1, "Offset": 14}, "MinorVersion": {"FileOffset": 95242, "Value": 0, "Offset": 10}, "TimeDateStamp": {"FileOffset": 95236, "Value": "0x0        [Thu Jan  1 00:00:00 1970 UTC]", "Offset": 4}, "Characteristics": {"FileOffset": 95232, "Value": 0, "Offset": 0}, "NumberOfNamedEntries": {"FileOffset": 95244, "Value": 0, "Offset": 12}, "Structure": "IMAGE_RESOURCE_DIRECTORY"}, {"Structure": "IMAGE_RESOURCE_DIRECTORY_ENTRY", "Id": [16, "RT_VERSION"], "OffsetToData": {"FileOffset": 95252, "Value": 2147483672, "Offset": 4}, "Name": {"FileOffset": 95248, "Value": 16, "Offset": 0}}, [{"MajorVersion": {"FileOffset": 95264, "Value": 0, "Offset": 8}, "NumberOfIdEntries": {"FileOffset": 95270, "Value": 1, "Offset": 14}, "MinorVersion": {"FileOffset": 95266, "Value": 0, "Offset": 10}, "TimeDateStamp": {"FileOffset": 95260, "Value": "0x0        [Thu Jan  1 00:00:00 1970 UTC]", "Offset": 4}, "Characteristics": {"FileOffset": 95256, "Value": 0, "Offset": 0}, "NumberOfNamedEntries": {"FileOffset": 95268, "Value": 0, "Offset": 12}, "Structure": "IMAGE_RESOURCE_DIRECTORY"}, {"Structure": "IMAGE_RESOURCE_DIRECTORY_ENTRY", "Id": 1, "OffsetToData": {"FileOffset": 95276, "Value": 2147483696, "Offset": 4}, "Name": {"FileOffset": 95272, "Value": 1, "Offset": 0}}, [{"MajorVersion": {"FileOffset": 95288, "Value": 0, "Offset": 8}, "NumberOfIdEntries": {"FileOffset": 95294, "Value": 1, "Offset": 14}, "MinorVersion": {"FileOffset": 95290, "Value": 0, "Offset": 10}, "TimeDateStamp": {"FileOffset": 95284, "Value": "0x0        [Thu Jan  1 00:00:00 1970 UTC]", "Offset": 4}, "Characteristics": {"FileOffset": 95280, "Value": 0, "Offset": 0}, "NumberOfNamedEntries": {"FileOffset": 95292, "Value": 0, "Offset": 12}, "Structure": "IMAGE_RESOURCE_DIRECTORY"}, {"LANG": 0, "SUBLANG_NAME": "SUBLANG_NEUTRAL", "Name": {"FileOffset": 95296, "Value": 0, "Offset": 0}, "CodePage": {"FileOffset": 95312, "Value": 0, "Offset": 8}, "LANG_NAME": "LANG_NEUTRAL", "OffsetToData": {"FileOffset": 95304, "Value": 106584, "Offset": 0}, "Reserved": {"FileOffset": 95316, "Value": 0, "Offset": 12}, "SUBLANG": 0, "Structure": "IMAGE_RESOURCE_DATA_ENTRY", "Size": {"FileOffset": 95308, "Value": 788, "Offset": 4}}]]]}
