{"DllCharacteristics": ["IMAGE_DLLCHARACTERISTICS_NO_SEH", "IMAGE_DLLCHARACTERISTICS_TERMINAL_SERVER_AWARE", "IMAGE_DLLCHARACTERISTICS_DYNAMIC_BASE", "IMAGE_DLLCHARACTERISTICS_NX_COMPAT"], "FILE_HEADER": {"NumberOfSections": {"FileOffset": 134, "Value": 3, "Offset": 2}, "TimeDateStamp": {"FileOffset": 136, "Value": "0x53FCE08C [Tue Aug 26 19:31:24 2014 UTC]", "Offset": 4}, "PointerToSymbolTable": {"FileOffset": 140, "Value": 0, "Offset": 8}, "NumberOfSymbols": {"FileOffset": 144, "Value": 0, "Offset": 12}, "Machine": {"FileOffset": 132, "Value": 332, "Offset": 0}, "Characteristics": {"FileOffset": 150, "Value": 258, "Offset": 18}, "SizeOfOptionalHeader": {"FileOffset": 148, "Value": 224, "Offset": 16}, "Structure": "IMAGE_FILE_HEADER"}, "Directories": [{"VirtualAddress": {"FileOffset": 248, "Value": 0, "Offset": 0}, "Structure": "IMAGE_DIRECTORY_ENTRY_EXPORT", "Size": {"FileOffset": 252, "Value": 0, "Offset": 4}}, {"VirtualAddress": {"FileOffset": 256, "Value": 17779712, "Offset": 0}, "Structure": "IMAGE_DIRECTORY_ENTRY_IMPORT", "Size": {"FileOffset": 260, "Value": 75, "Offset": 4}}, {"VirtualAddress": {"FileOffset": 264, "Value": 17784832, "Offset": 0}, "Structure": "IMAGE_DIRECTORY_ENTRY_RESOURCE", "Size": {"FileOffset": 268, "Value": 26616, "Offset": 4}}, {"VirtualAddress": {"FileOffset": 272, "Value": 0, "Offset": 0}, "Structure": "IMAGE_DIRECTORY_ENTRY_EXCEPTION", "Size": {"FileOffset": 276, "Value": 0, "Offset": 4}}, {"VirtualAddress": {"FileOffset": 280, "Value": 0, "Offset": 0}, "Structure": "IMAGE_DIRECTORY_ENTRY_SECURITY", "Size": {"FileOffset": 284, "Value": 0, "Offset": 4}}, {"VirtualAddress": {"FileOffset": 288, "Value": 17817600, "Offset": 0}, "Structure": "IMAGE_DIRECTORY_ENTRY_BASERELOC", "Size": {"FileOffset": 292, "Value": 12, "Offset": 4}}, {"VirtualAddress": {"FileOffset": 296, "Value": 17779400, "Offset": 0}, "Structure": "IMAGE_DIRECTORY_ENTRY_DEBUG", "Size": {"FileOffset": 300, "Value": 28, "Offset": 4}}, {"VirtualAddress": {"FileOffset": 304, "Value": 0, "Offset": 0}, "Structure": "IMAGE_DIRECTORY_ENTRY_COPYRIGHT", "Size": {"FileOffset": 308, "Value": 0, "Offset": 4}}, {"VirtualAddress": {"FileOffset": 312, "Value": 0, "Offset": 0}, "Structure": "IMAGE_DIRECTORY_ENTRY_GLOBALPTR", "Size": {"FileOffset": 316, "Value": 0, "Offset": 4}}, {"VirtualAddress": {"FileOffset": 320, "Value": 0, "Offset": 0}, "Structure": "IMAGE_DIRECTORY_ENTRY_TLS", "Size": {"FileOffset": 324, "Value": 0, "Offset": 4}}, {"VirtualAddress": {"FileOffset": 328, "Value": 0, "Offset": 0}, "Structure": "IMAGE_DIRECTORY_ENTRY_LOAD_CONFIG", "Size": {"FileOffset": 332, "Value": 0, "Offset": 4}}, {"VirtualAddress": {"FileOffset": 336, "Value": 0, "Offset": 0}, "Structure": "IMAGE_DIRECTORY_ENTRY_BOUND_IMPORT", "Size": {"FileOffset": 340, "Value": 0, "Offset": 4}}, {"VirtualAddress": {"FileOffset": 344, "Value": 8192, "Offset": 0}, "Structure": "IMAGE_DIRECTORY_ENTRY_IAT", "Size": {"FileOffset": 348, "Value": 8, "Offset": 4}}, {"VirtualAddress": {"FileOffset": 352, "Value": 0, "Offset": 0}, "Structure": "IMAGE_DIRECTORY_ENTRY_DELAY_IMPORT", "Size": {"FileOffset": 356, "Value": 0, "Offset": 4}}, {"VirtualAddress": {"FileOffset": 360, "Value": 8200, "Offset": 0}, "Structure": "IMAGE_DIRECTORY_ENTRY_COM_DESCRIPTOR", "Size": {"FileOffset": 364, "Value": 72, "Offset": 4}}, {"VirtualAddress": {"FileOffset": 368, "Value": 0, "Offset": 0}, "Structure": "IMAGE_DIRECTORY_ENTRY_RESERVED", "Size": {"FileOffset": 372, "Value": 0, "Offset": 4}}], "OPTIONAL_HEADER": {"DllCharacteristics": {"FileOffset": 222, "Value": 34112, "Offset": 70}, "BaseOfCode": {"FileOffset": 172, "Value": 8192, "Offset": 20}, "MajorLinkerVersion": {"FileOffset": 154, "Value": 11, "Offset": 2}, "MinorOperatingSystemVersion": {"FileOffset": 194, "Value": 0, "Offset": 42}, "MinorLinkerVersion": {"FileOffset": 155, "Value": 0, "Offset": 3}, "MajorSubsystemVersion": {"FileOffset": 200, "Value": 4, "Offset": 48}, "MajorOperatingSystemVersion": {"FileOffset": 192, "Value": 4, "Offset": 40}, "SizeOfStackCommit": {"FileOffset": 228, "Value": 4096, "Offset": 76}, "SizeOfUninitializedData": {"FileOffset": 164, "Value": 0, "Offset": 12}, "NumberOfRvaAndSizes": {"FileOffset": 244, "Value": 16, "Offset": 92}, "SizeOfHeapReserve": {"FileOffset": 232, "Value": 1048576, "Offset": 80}, "LoaderFlags": {"FileOffset": 240, "Value": 0, "Offset": 88}, "SizeOfHeapCommit": {"FileOffset": 236, "Value": 4096, "Offset": 84}, "SizeOfStackReserve": {"FileOffset": 224, "Value": 1048576, "Offset": 72}, "Structure": "IMAGE_OPTIONAL_HEADER", "SizeOfHeaders": {"FileOffset": 212, "Value": 512, "Offset": 60}, "Subsystem": {"FileOffset": 220, "Value": 2, "Offset": 68}, "Magic": {"FileOffset": 152, "Value": 267, "Offset": 0}, "MinorImageVersion": {"FileOffset": 198, "Value": 0, "Offset": 46}, "MajorImageVersion": {"FileOffset": 196, "Value": 0, "Offset": 44}, "FileAlignment": {"FileOffset": 188, "Value": 512, "Offset": 36}, "BaseOfData": {"FileOffset": 176, "Value": 17784832, "Offset": 24}, "AddressOfEntryPoint": {"FileOffset": 168, "Value": 17779790, "Offset": 16}, "SectionAlignment": {"FileOffset": 184, "Value": 8192, "Offset": 32}, "SizeOfCode": {"FileOffset": 156, "Value": 17772032, "Offset": 4}, "ImageBase": {"FileOffset": 180, "Value": 4194304, "Offset": 28}, "SizeOfInitializedData": {"FileOffset": 160, "Value": 27136, "Offset": 8}, "SizeOfImage": {"FileOffset": 208, "Value": 17825792, "Offset": 56}, "MinorSubsystemVersion": {"FileOffset": 202, "Value": 0, "Offset": 50}, "CheckSum": {"FileOffset": 216, "Value": 0, "Offset": 64}, "Reserved1": {"FileOffset": 204, "Value": 0, "Offset": 52}}, "DOS_HEADER": {"e_cblp": {"FileOffset": 2, "Value": 144, "Offset": 2}, "e_crlc": {"FileOffset": 6, "Value": 0, "Offset": 6}, "e_ovno": {"FileOffset": 26, "Value": 0, "Offset": 26}, "e_minalloc": {"FileOffset": 10, "Value": 0, "Offset": 10}, "e_csum": {"FileOffset": 18, "Value": 0, "Offset": 18}, "e_cparhdr": {"FileOffset": 8, "Value": 4, "Offset": 8}, "e_cp": {"FileOffset": 4, "Value": 3, "Offset": 4}, "e_cs": {"FileOffset": 22, "Value": 0, "Offset": 22}, "e_maxalloc": {"FileOffset": 12, "Value": 65535, "Offset": 12}, "e_lfarlc": {"FileOffset": 24, "Value": 64, "Offset": 24}, "e_oemid": {"FileOffset": 36, "Value": 0, "Offset": 36}, "e_lfanew": {"FileOffset": 60, "Value": 128, "Offset": 60}, "e_ss": {"FileOffset": 14, "Value": 0, "Offset": 14}, "e_magic": {"FileOffset": 0, "Value": 23117, "Offset": 0}, "e_oeminfo": {"FileOffset": 38, "Value": 0, "Offset": 38}, "e_res2": {"FileOffset": 40, "Value": "", "Offset": 40}, "e_res": {"FileOffset": 28, "Value": "", "Offset": 28}, "e_sp": {"FileOffset": 16, "Value": 184, "Offset": 16}, "Structure": "IMAGE_DOS_HEADER", "e_ip": {"FileOffset": 20, "Value": 0, "Offset": 20}}, "Base relocations": [[{"SizeOfBlock": {"FileOffset": 17799172, "Value": 12, "Offset": 4}, "VirtualAddress": {"FileOffset": 17799168, "Value": 17776640, "Offset": 0}, "Structure": "IMAGE_BASE_RELOCATION"}, {"RVA": 17779792, "Type": "HIGHLOW"}, {"RVA": 17776640, "Type": "ABSOLUTE"}]], "NT_HEADERS": {"Structure": "IMAGE_NT_HEADERS", "Signature": {"FileOffset": 128, "Value": 17744, "Offset": 0}}, "Flags": ["IMAGE_FILE_32BIT_MACHINE", "IMAGE_FILE_EXECUTABLE_IMAGE"], "Version Information": [{"ValueLength": {"FileOffset": 17773162, "Value": 52, "Offset": 2}, "Length": {"FileOffset": 17773160, "Value": 796, "Offset": 0}, "Type": {"FileOffset": 17773164, "Value": 0, "Offset": 4}, "Structure": "VS_VERSIONINFO"}, {"FileFlagsMask": {"FileOffset": 17773224, "Value": 63, "Offset": 24}, "FileType": {"FileOffset": 17773236, "Value": 1, "Offset": 36}, "FileVersionMS": {"FileOffset": 17773208, "Value": 458752, "Offset": 8}, "FileVersionLS": {"FileOffset": 17773212, "Value": 16384017, "Offset": 12}, "Signature": {"FileOffset": 17773200, "Value": 4277077181, "Offset": 0}, "FileSubtype": {"FileOffset": 17773240, "Value": 0, "Offset": 40}, "FileFlags": {"FileOffset": 17773228, "Value": 0, "Offset": 28}, "FileDateLS": {"FileOffset": 17773248, "Value": 0, "Offset": 48}, "ProductVersionLS": {"FileOffset": 17773220, "Value": 16384017, "Offset": 20}, "FileOS": {"FileOffset": 17773232, "Value": 4, "Offset": 32}, "ProductVersionMS": {"FileOffset": 17773216, "Value": 458752, "Offset": 16}, "FileDateMS": {"FileOffset": 17773244, "Value": 0, "Offset": 44}, "Structure": "VS_FIXEDFILEINFO", "StrucVersion": {"FileOffset": 17773204, "Value": 65536, "Offset": 4}}], "Debug information": [{"MajorVersion": {"FileOffset": 17771728, "Value": 0, "Offset": 8}, "PointerToRawData": {"FileOffset": 17771744, "Value": 17771748, "Offset": 24}, "MinorVersion": {"FileOffset": 17771730, "Value": 0, "Offset": 10}, "TimeDateStamp": {"FileOffset": 17771724, "Value": "0x53FCE08C [Tue Aug 26 19:31:24 2014 UTC]", "Offset": 4}, "Characteristics": {"FileOffset": 17771720, "Value": 0, "Offset": 0}, "Structure": "IMAGE_DEBUG_DIRECTORY", "Type": "IMAGE_DEBUG_TYPE_CODEVIEW", "SizeOfData": {"FileOffset": 17771736, "Value": 284, "Offset": 16}, "AddressOfRawData": {"FileOffset": 17771740, "Value": 17779428, "Offset": 20}}], "Imported symbols": [[{"TimeDateStamp": {"FileOffset": 17772036, "Value": "0x0        [Thu Jan  1 00:00:00 1970 UTC]", "Offset": 4}, "Name": {"FileOffset": 17772044, "Value": 17779774, "Offset": 12}, "ForwarderChain": {"FileOffset": 17772040, "Value": 0, "Offset": 8}, "OriginalFirstThunk": {"FileOffset": 17772032, "Value": 17779752, "Offset": 0}, "FirstThunk": {"FileOffset": 17772048, "Value": 8192, "Offset": 16}, "Characteristics": {"FileOffset": 17772032, "Value": 17779752, "Offset": 0}, "Structure": "IMAGE_IMPORT_DESCRIPTOR"}, {"Hint": 0, "Name": "_CorExeMain", "DLL": "mscoree.dll"}]], "PE Sections": [{"PointerToRawData": {"FileOffset": 396, "Value": 512, "Offset": 20}, "SHA1": "405c9762c14631beeed2d71ffdf5b7a9a3c6f006", "SHA256": "87c033e41d52c26f84e65f06daec24b1c41ba592409970bc5e02fae759b6b79d", "Name": {"FileOffset": 376, "Value": ".text", "Offset": 0}, "NumberOfRelocations": {"FileOffset": 408, "Value": 0, "Offset": 32}, "Misc_VirtualSize": {"FileOffset": 384, "Value": 17771604, "Offset": 8}, "Characteristics": {"FileOffset": 412, "Value": 1610612768, "Offset": 36}, "Misc": {"FileOffset": 384, "Value": 17771604, "Offset": 8}, "PointerToLinenumbers": {"FileOffset": 404, "Value": 0, "Offset": 28}, "SizeOfRawData": {"FileOffset": 392, "Value": 17772032, "Offset": 16}, "Misc_PhysicalAddress": {"FileOffset": 384, "Value": 17771604, "Offset": 8}, "PointerToRelocations": {"FileOffset": 400, "Value": 0, "Offset": 24}, "Flags": ["IMAGE_SCN_MEM_EXECUTE", "IMAGE_SCN_CNT_CODE", "IMAGE_SCN_MEM_READ"], "SHA512": "ef0ca84b3724cd3bb44587cfb00428dfe443b18116030ca3a91a6739fac05e534c4b4fe2542319c8089b90f8ca9c561e9e590e986d3fcabe2651b89610d77782", "MD5": "3ce92e147a4161e01f7b855df4560d7a", "Entropy": 7.978950083872389, "VirtualAddress": {"FileOffset": 388, "Value": 8192, "Offset": 12}, "Structure": "IMAGE_SECTION_HEADER", "NumberOfLinenumbers": {"FileOffset": 410, "Value": 0, "Offset": 34}}, {"PointerToRawData": {"FileOffset": 436, "Value": 17772544, "Offset": 20}, "SHA1": "a1d34d3fbadc2a4d612deea995f72eaac523973c", "SHA256": "f5306b083bb37e9fe86c6b1d0a2da18e2689687d502caacb08f080fb24071041", "Name": {"FileOffset": 416, "Value": ".rsrc", "Offset": 0}, "NumberOfRelocations": {"FileOffset": 448, "Value": 0, "Offset": 32}, "Misc_VirtualSize": {"FileOffset": 424, "Value": 26616, "Offset": 8}, "Characteristics": {"FileOffset": 452, "Value": 1073741888, "Offset": 36}, "Misc": {"FileOffset": 424, "Value": 26616, "Offset": 8}, "PointerToLinenumbers": {"FileOffset": 444, "Value": 0, "Offset": 28}, "SizeOfRawData": {"FileOffset": 432, "Value": 26624, "Offset": 16}, "Misc_PhysicalAddress": {"FileOffset": 424, "Value": 26616, "Offset": 8}, "PointerToRelocations": {"FileOffset": 440, "Value": 0, "Offset": 24}, "Flags": ["IMAGE_SCN_CNT_INITIALIZED_DATA", "IMAGE_SCN_MEM_READ"], "SHA512": "3710257cac8ff8c53337651fae1e7d875b605d98b1fa734370c095c8df3da7de6068ecbc090b64aaf3d87e7a412fd4bb6f66b2246f88b8e53c430ab7c5fae418", "MD5": "c3b1706ba78f530e9b6ab24489abd122", "Entropy": 5.787888523995358, "VirtualAddress": {"FileOffset": 428, "Value": 17784832, "Offset": 12}, "Structure": "IMAGE_SECTION_HEADER", "NumberOfLinenumbers": {"FileOffset": 450, "Value": 0, "Offset": 34}}, {"PointerToRawData": {"FileOffset": 476, "Value": 17799168, "Offset": 20}, "SHA1": "0660834708b050e72d65803c31bde9a8e862f984", "SHA256": "f84f64a9f1bd522b1a1ecda34d9a89aa6ad02042693b2bcc43a098207b21ffeb", "Name": {"FileOffset": 456, "Value": ".reloc", "Offset": 0}, "NumberOfRelocations": {"FileOffset": 488, "Value": 0, "Offset": 32}, "Misc_VirtualSize": {"FileOffset": 464, "Value": 12, "Offset": 8}, "Characteristics": {"FileOffset": 492, "Value": 1107296320, "Offset": 36}, "Misc": {"FileOffset": 464, "Value": 12, "Offset": 8}, "PointerToLinenumbers": {"FileOffset": 484, "Value": 0, "Offset": 28}, "SizeOfRawData": {"FileOffset": 472, "Value": 512, "Offset": 16}, "Misc_PhysicalAddress": {"FileOffset": 464, "Value": 12, "Offset": 8}, "PointerToRelocations": {"FileOffset": 480, "Value": 0, "Offset": 24}, "Flags": ["IMAGE_SCN_CNT_INITIALIZED_DATA", "IMAGE_SCN_MEM_DISCARDABLE", "IMAGE_SCN_MEM_READ"], "SHA512": "a491bcfd0f64d8fed0d4d7586227331e31ec9b1675ac5e31022fd736496c110f5beb4b6c0f88a72a0988c65b0616d9e0f95ec384d8537db486c8fb225df96147", "MD5": "96e196e6018f3de901645d05ec866690", "Entropy": 0.12227588125913882, "VirtualAddress": {"FileOffset": 468, "Value": 17817600, "Offset": 12}, "Structure": "IMAGE_SECTION_HEADER", "NumberOfLinenumbers": {"FileOffset": 490, "Value": 0, "Offset": 34}}], "Resource directory": [{"MajorVersion": {"FileOffset": 17772552, "Value": 0, "Offset": 8}, "NumberOfIdEntries": {"FileOffset": 17772558, "Value": 3, "Offset": 14}, "MinorVersion": {"FileOffset": 17772554, "Value": 0, "Offset": 10}, "TimeDateStamp": {"FileOffset": 17772548, "Value": "0x0        [Thu Jan  1 00:00:00 1970 UTC]", "Offset": 4}, "Characteristics": {"FileOffset": 17772544, "Value": 0, "Offset": 0}, "NumberOfNamedEntries": {"FileOffset": 17772556, "Value": 0, "Offset": 12}, "Structure": "IMAGE_RESOURCE_DIRECTORY"}, {"Structure": "IMAGE_RESOURCE_DIRECTORY_ENTRY", "Id": [3, "RT_ICON"], "OffsetToData": {"FileOffset": 17772564, "Value": 2147483688, "Offset": 4}, "Name": {"FileOffset": 17772560, "Value": 3, "Offset": 0}}, [{"MajorVersion": {"FileOffset": 17772592, "Value": 0, "Offset": 8}, "NumberOfIdEntries": {"FileOffset": 17772598, "Value": 9, "Offset": 14}, "MinorVersion": {"FileOffset": 17772594, "Value": 0, "Offset": 10}, "TimeDateStamp": {"FileOffset": 17772588, "Value": "0x0        [Thu Jan  1 00:00:00 1970 UTC]", "Offset": 4}, "Characteristics": {"FileOffset": 17772584, "Value": 0, "Offset": 0}, "NumberOfNamedEntries": {"FileOffset": 17772596, "Value": 0, "Offset": 12}, "Structure": "IMAGE_RESOURCE_DIRECTORY"}, {"Structure": "IMAGE_RESOURCE_DIRECTORY_ENTRY", "Id": 2, "OffsetToData": {"FileOffset": 17772604, "Value": 2147483824, "Offset": 4}, "Name": {"FileOffset": 17772600, "Value": 2, "Offset": 0}}, [{"MajorVersion": {"FileOffset": 17772728, "Value": 0, "Offset": 8}, "NumberOfIdEntries": {"FileOffset": 17772734, "Value": 1, "Offset": 14}, "MinorVersion": {"FileOffset": 17772730, "Value": 0, "Offset": 10}, "TimeDateStamp": {"FileOffset": 17772724, "Value": "0x0        [Thu Jan  1 00:00:00 1970 UTC]", "Offset": 4}, "Characteristics": {"FileOffset": 17772720, "Value": 0, "Offset": 0}, "NumberOfNamedEntries": {"FileOffset": 17772732, "Value": 0, "Offset": 12}, "Structure": "IMAGE_RESOURCE_DIRECTORY"}, {"LANG": 0, "SUBLANG_NAME": "SUBLANG_NEUTRAL", "Name": {"FileOffset": 17772736, "Value": 0, "Offset": 0}, "CodePage": {"FileOffset": 17772992, "Value": 0, "Offset": 8}, "LANG_NAME": "LANG_NEUTRAL", "OffsetToData": {"FileOffset": 17772984, "Value": 17786248, "Offset": 0}, "Reserved": {"FileOffset": 17772996, "Value": 0, "Offset": 12}, "SUBLANG": 0, "Structure": "IMAGE_RESOURCE_DATA_ENTRY", "Size": {"FileOffset": 17772988, "Value": 1640, "Offset": 4}}], {"Structure": "IMAGE_RESOURCE_DIRECTORY_ENTRY", "Id": 3, "OffsetToData": {"FileOffset": 17772612, "Value": 2147483848, "Offset": 4}, "Name": {"FileOffset": 17772608, "Value": 3, "Offset": 0}}, [{"MajorVersion": {"FileOffset": 17772752, "Value": 0, "Offset": 8}, "NumberOfIdEntries": {"FileOffset": 17772758, "Value": 1, "Offset": 14}, "MinorVersion": {"FileOffset": 17772754, "Value": 0, "Offset": 10}, "TimeDateStamp": {"FileOffset": 17772748, "Value": "0x0        [Thu Jan  1 00:00:00 1970 UTC]", "Offset": 4}, "Characteristics": {"FileOffset": 17772744, "Value": 0, "Offset": 0}, "NumberOfNamedEntries": {"FileOffset": 17772756, "Value": 0, "Offset": 12}, "Structure": "IMAGE_RESOURCE_DIRECTORY"}, {"LANG": 0, "SUBLANG_NAME": "SUBLANG_NEUTRAL", "Name": {"FileOffset": 17772760, "Value": 0, "Offset": 0}, "CodePage": {"FileOffset": 17773008, "Value": 0, "Offset": 8}, "LANG_NAME": "LANG_NEUTRAL", "OffsetToData": {"FileOffset": 17773000, "Value": 17787888, "Offset": 0}, "Reserved": {"FileOffset": 17773012, "Value": 0, "Offset": 12}, "SUBLANG": 0, "Structure": "IMAGE_RESOURCE_DATA_ENTRY", "Size": {"FileOffset": 17773004, "Value": 744, "Offset": 4}}], {"Structure": "IMAGE_RESOURCE_DIRECTORY_ENTRY", "Id": 4, "OffsetToData": {"FileOffset": 17772620, "Value": 2147483872, "Offset": 4}, "Name": {"FileOffset": 17772616, "Value": 4, "Offset": 0}}, [{"MajorVersion": {"FileOffset": 17772776, "Value": 0, "Offset": 8}, "NumberOfIdEntries": {"FileOffset": 17772782, "Value": 1, "Offset": 14}, "MinorVersion": {"FileOffset": 17772778, "Value": 0, "Offset": 10}, "TimeDateStamp": {"FileOffset": 17772772, "Value": "0x0        [Thu Jan  1 00:00:00 1970 UTC]", "Offset": 4}, "Characteristics": {"FileOffset": 17772768, "Value": 0, "Offset": 0}, "NumberOfNamedEntries": {"FileOffset": 17772780, "Value": 0, "Offset": 12}, "Structure": "IMAGE_RESOURCE_DIRECTORY"}, {"LANG": 0, "SUBLANG_NAME": "SUBLANG_NEUTRAL", "Name": {"FileOffset": 17772784, "Value": 0, "Offset": 0}, "CodePage": {"FileOffset": 17773024, "Value": 0, "Offset": 8}, "LANG_NAME": "LANG_NEUTRAL", "OffsetToData": {"FileOffset": 17773016, "Value": 17788632, "Offset": 0}, "Reserved": {"FileOffset": 17773028, "Value": 0, "Offset": 12}, "SUBLANG": 0, "Structure": "IMAGE_RESOURCE_DATA_ENTRY", "Size": {"FileOffset": 17773020, "Value": 296, "Offset": 4}}], {"Structure": "IMAGE_RESOURCE_DIRECTORY_ENTRY", "Id": 5, "OffsetToData": {"FileOffset": 17772628, "Value": 2147483896, "Offset": 4}, "Name": {"FileOffset": 17772624, "Value": 5, "Offset": 0}}, [{"MajorVersion": {"FileOffset": 17772800, "Value": 0, "Offset": 8}, "NumberOfIdEntries": {"FileOffset": 17772806, "Value": 1, "Offset": 14}, "MinorVersion": {"FileOffset": 17772802, "Value": 0, "Offset": 10}, "TimeDateStamp": {"FileOffset": 17772796, "Value": "0x0        [Thu Jan  1 00:00:00 1970 UTC]", "Offset": 4}, "Characteristics": {"FileOffset": 17772792, "Value": 0, "Offset": 0}, "NumberOfNamedEntries": {"FileOffset": 17772804, "Value": 0, "Offset": 12}, "Structure": "IMAGE_RESOURCE_DIRECTORY"}, {"LANG": 0, "SUBLANG_NAME": "SUBLANG_NEUTRAL", "Name": {"FileOffset": 17772808, "Value": 0, "Offset": 0}, "CodePage": {"FileOffset": 17773040, "Value": 0, "Offset": 8}, "LANG_NAME": "LANG_NEUTRAL", "OffsetToData": {"FileOffset": 17773032, "Value": 17788928, "Offset": 0}, "Reserved": {"FileOffset": 17773044, "Value": 0, "Offset": 12}, "SUBLANG": 0, "Structure": "IMAGE_RESOURCE_DATA_ENTRY", "Size": {"FileOffset": 17773036, "Value": 3752, "Offset": 4}}], {"Structure": "IMAGE_RESOURCE_DIRECTORY_ENTRY", "Id": 6, "OffsetToData": {"FileOffset": 17772636, "Value": 2147483920, "Offset": 4}, "Name": {"FileOffset": 17772632, "Value": 6, "Offset": 0}}, [{"MajorVersion": {"FileOffset": 17772824, "Value": 0, "Offset": 8}, "NumberOfIdEntries": {"FileOffset": 17772830, "Value": 1, "Offset": 14}, "MinorVersion": {"FileOffset": 17772826, "Value": 0, "Offset": 10}, "TimeDateStamp": {"FileOffset": 17772820, "Value": "0x0        [Thu Jan  1 00:00:00 1970 UTC]", "Offset": 4}, "Characteristics": {"FileOffset": 17772816, "Value": 0, "Offset": 0}, "NumberOfNamedEntries": {"FileOffset": 17772828, "Value": 0, "Offset": 12}, "Structure": "IMAGE_RESOURCE_DIRECTORY"}, {"LANG": 0, "SUBLANG_NAME": "SUBLANG_NEUTRAL", "Name": {"FileOffset": 17772832, "Value": 0, "Offset": 0}, "CodePage": {"FileOffset": 17773056, "Value": 0, "Offset": 8}, "LANG_NAME": "LANG_NEUTRAL", "OffsetToData": {"FileOffset": 17773048, "Value": 17792680, "Offset": 0}, "Reserved": {"FileOffset": 17773060, "Value": 0, "Offset": 12}, "SUBLANG": 0, "Structure": "IMAGE_RESOURCE_DATA_ENTRY", "Size": {"FileOffset": 17773052, "Value": 2216, "Offset": 4}}], {"Structure": "IMAGE_RESOURCE_DIRECTORY_ENTRY", "Id": 7, "OffsetToData": {"FileOffset": 17772644, "Value": 2147483944, "Offset": 4}, "Name": {"FileOffset": 17772640, "Value": 7, "Offset": 0}}, [{"MajorVersion": {"FileOffset": 17772848, "Value": 0, "Offset": 8}, "NumberOfIdEntries": {"FileOffset": 17772854, "Value": 1, "Offset": 14}, "MinorVersion": {"FileOffset": 17772850, "Value": 0, "Offset": 10}, "TimeDateStamp": {"FileOffset": 17772844, "Value": "0x0        [Thu Jan  1 00:00:00 1970 UTC]", "Offset": 4}, "Characteristics": {"FileOffset": 17772840, "Value": 0, "Offset": 0}, "NumberOfNamedEntries": {"FileOffset": 17772852, "Value": 0, "Offset": 12}, "Structure": "IMAGE_RESOURCE_DIRECTORY"}, {"LANG": 0, "SUBLANG_NAME": "SUBLANG_NEUTRAL", "Name": {"FileOffset": 17772856, "Value": 0, "Offset": 0}, "CodePage": {"FileOffset": 17773072, "Value": 0, "Offset": 8}, "LANG_NAME": "LANG_NEUTRAL", "OffsetToData": {"FileOffset": 17773064, "Value": 17794896, "Offset": 0}, "Reserved": {"FileOffset": 17773076, "Value": 0, "Offset": 12}, "SUBLANG": 0, "Structure": "IMAGE_RESOURCE_DATA_ENTRY", "Size": {"FileOffset": 17773068, "Value": 1384, "Offset": 4}}], {"Structure": "IMAGE_RESOURCE_DIRECTORY_ENTRY", "Id": 8, "OffsetToData": {"FileOffset": 17772652, "Value": 2147483968, "Offset": 4}, "Name": {"FileOffset": 17772648, "Value": 8, "Offset": 0}}, [{"MajorVersion": {"FileOffset": 17772872, "Value": 0, "Offset": 8}, "NumberOfIdEntries": {"FileOffset": 17772878, "Value": 1, "Offset": 14}, "MinorVersion": {"FileOffset": 17772874, "Value": 0, "Offset": 10}, "TimeDateStamp": {"FileOffset": 17772868, "Value": "0x0        [Thu Jan  1 00:00:00 1970 UTC]", "Offset": 4}, "Characteristics": {"FileOffset": 17772864, "Value": 0, "Offset": 0}, "NumberOfNamedEntries": {"FileOffset": 17772876, "Value": 0, "Offset": 12}, "Structure": "IMAGE_RESOURCE_DIRECTORY"}, {"LANG": 0, "SUBLANG_NAME": "SUBLANG_NEUTRAL", "Name": {"FileOffset": 17772880, "Value": 0, "Offset": 0}, "CodePage": {"FileOffset": 17773088, "Value": 0, "Offset": 8}, "LANG_NAME": "LANG_NEUTRAL", "OffsetToData": {"FileOffset": 17773080, "Value": 17796280, "Offset": 0}, "Reserved": {"FileOffset": 17773092, "Value": 0, "Offset": 12}, "SUBLANG": 0, "Structure": "IMAGE_RESOURCE_DATA_ENTRY", "Size": {"FileOffset": 17773084, "Value": 9640, "Offset": 4}}], {"Structure": "IMAGE_RESOURCE_DIRECTORY_ENTRY", "Id": 9, "OffsetToData": {"FileOffset": 17772660, "Value": 2147483992, "Offset": 4}, "Name": {"FileOffset": 17772656, "Value": 9, "Offset": 0}}, [{"MajorVersion": {"FileOffset": 17772896, "Value": 0, "Offset": 8}, "NumberOfIdEntries": {"FileOffset": 17772902, "Value": 1, "Offset": 14}, "MinorVersion": {"FileOffset": 17772898, "Value": 0, "Offset": 10}, "TimeDateStamp": {"FileOffset": 17772892, "Value": "0x0        [Thu Jan  1 00:00:00 1970 UTC]", "Offset": 4}, "Characteristics": {"FileOffset": 17772888, "Value": 0, "Offset": 0}, "NumberOfNamedEntries": {"FileOffset": 17772900, "Value": 0, "Offset": 12}, "Structure": "IMAGE_RESOURCE_DIRECTORY"}, {"LANG": 0, "SUBLANG_NAME": "SUBLANG_NEUTRAL", "Name": {"FileOffset": 17772904, "Value": 0, "Offset": 0}, "CodePage": {"FileOffset": 17773104, "Value": 0, "Offset": 8}, "LANG_NAME": "LANG_NEUTRAL", "OffsetToData": {"FileOffset": 17773096, "Value": 17805920, "Offset": 0}, "Reserved": {"FileOffset": 17773108, "Value": 0, "Offset": 12}, "SUBLANG": 0, "Structure": "IMAGE_RESOURCE_DATA_ENTRY", "Size": {"FileOffset": 17773100, "Value": 4264, "Offset": 4}}], {"Structure": "IMAGE_RESOURCE_DIRECTORY_ENTRY", "Id": 10, "OffsetToData": {"FileOffset": 17772668, "Value": 2147484016, "Offset": 4}, "Name": {"FileOffset": 17772664, "Value": 10, "Offset": 0}}, [{"MajorVersion": {"FileOffset": 17772920, "Value": 0, "Offset": 8}, "NumberOfIdEntries": {"FileOffset": 17772926, "Value": 1, "Offset": 14}, "MinorVersion": {"FileOffset": 17772922, "Value": 0, "Offset": 10}, "TimeDateStamp": {"FileOffset": 17772916, "Value": "0x0        [Thu Jan  1 00:00:00 1970 UTC]", "Offset": 4}, "Characteristics": {"FileOffset": 17772912, "Value": 0, "Offset": 0}, "NumberOfNamedEntries": {"FileOffset": 17772924, "Value": 0, "Offset": 12}, "Structure": "IMAGE_RESOURCE_DIRECTORY"}, {"LANG": 0, "SUBLANG_NAME": "SUBLANG_NEUTRAL", "Name": {"FileOffset": 17772928, "Value": 0, "Offset": 0}, "CodePage": {"FileOffset": 17773120, "Value": 0, "Offset": 8}, "LANG_NAME": "LANG_NEUTRAL", "OffsetToData": {"FileOffset": 17773112, "Value": 17810184, "Offset": 0}, "Reserved": {"FileOffset": 17773124, "Value": 0, "Offset": 12}, "SUBLANG": 0, "Structure": "IMAGE_RESOURCE_DATA_ENTRY", "Size": {"FileOffset": 17773116, "Value": 1128, "Offset": 4}}]], {"Structure": "IMAGE_RESOURCE_DIRECTORY_ENTRY", "Id": [14, "RT_GROUP_ICON"], "OffsetToData": {"FileOffset": 17772572, "Value": 2147483776, "Offset": 4}, "Name": {"FileOffset": 17772568, "Value": 14, "Offset": 0}}, [{"MajorVersion": {"FileOffset": 17772680, "Value": 0, "Offset": 8}, "NumberOfIdEntries": {"FileOffset": 17772686, "Value": 1, "Offset": 14}, "MinorVersion": {"FileOffset": 17772682, "Value": 0, "Offset": 10}, "TimeDateStamp": {"FileOffset": 17772676, "Value": "0x0        [Thu Jan  1 00:00:00 1970 UTC]", "Offset": 4}, "Characteristics": {"FileOffset": 17772672, "Value": 0, "Offset": 0}, "NumberOfNamedEntries": {"FileOffset": 17772684, "Value": 0, "Offset": 12}, "Structure": "IMAGE_RESOURCE_DIRECTORY"}, {"Structure": "IMAGE_RESOURCE_DIRECTORY_ENTRY", "Id": 32512, "OffsetToData": {"FileOffset": 17772692, "Value": 2147484040, "Offset": 4}, "Name": {"FileOffset": 17772688, "Value": 32512, "Offset": 0}}, [{"MajorVersion": {"FileOffset": 17772944, "Value": 0, "Offset": 8}, "NumberOfIdEntries": {"FileOffset": 17772950, "Value": 1, "Offset": 14}, "MinorVersion": {"FileOffset": 17772946, "Value": 0, "Offset": 10}, "TimeDateStamp": {"FileOffset": 17772940, "Value": "0x0        [Thu Jan  1 00:00:00 1970 UTC]", "Offset": 4}, "Characteristics": {"FileOffset": 17772936, "Value": 0, "Offset": 0}, "NumberOfNamedEntries": {"FileOffset": 17772948, "Value": 0, "Offset": 12}, "Structure": "IMAGE_RESOURCE_DIRECTORY"}, {"LANG": 0, "SUBLANG_NAME": "SUBLANG_NEUTRAL", "Name": {"FileOffset": 17772952, "Value": 0, "Offset": 0}, "CodePage": {"FileOffset": 17773136, "Value": 0, "Offset": 8}, "LANG_NAME": "LANG_NEUTRAL", "OffsetToData": {"FileOffset": 17773128, "Value": 17811312, "Offset": 0}, "Reserved": {"FileOffset": 17773140, "Value": 0, "Offset": 12}, "SUBLANG": 0, "Structure": "IMAGE_RESOURCE_DATA_ENTRY", "Size": {"FileOffset": 17773132, "Value": 132, "Offset": 4}}]], {"Structure": "IMAGE_RESOURCE_DIRECTORY_ENTRY", "Id": [16, "RT_VERSION"], "OffsetToData": {"FileOffset": 17772580, "Value": 2147483800, "Offset": 4}, "Name": {"FileOffset": 17772576, "Value": 16, "Offset": 0}}, [{"MajorVersion": {"FileOffset": 17772704, "Value": 0, "Offset": 8}, "NumberOfIdEntries": {"FileOffset": 17772710, "Value": 1, "Offset": 14}, "MinorVersion": {"FileOffset": 17772706, "Value": 0, "Offset": 10}, "TimeDateStamp": {"FileOffset": 17772700, "Value": "0x0        [Thu Jan  1 00:00:00 1970 UTC]", "Offset": 4}, "Characteristics": {"FileOffset": 17772696, "Value": 0, "Offset": 0}, "NumberOfNamedEntries": {"FileOffset": 17772708, "Value": 0, "Offset": 12}, "Structure": "IMAGE_RESOURCE_DIRECTORY"}, {"Structure": "IMAGE_RESOURCE_DIRECTORY_ENTRY", "Id": 1, "OffsetToData": {"FileOffset": 17772716, "Value": 2147484064, "Offset": 4}, "Name": {"FileOffset": 17772712, "Value": 1, "Offset": 0}}, [{"MajorVersion": {"FileOffset": 17772968, "Value": 0, "Offset": 8}, "NumberOfIdEntries": {"FileOffset": 17772974, "Value": 1, "Offset": 14}, "MinorVersion": {"FileOffset": 17772970, "Value": 0, "Offset": 10}, "TimeDateStamp": {"FileOffset": 17772964, "Value": "0x0        [Thu Jan  1 00:00:00 1970 UTC]", "Offset": 4}, "Characteristics": {"FileOffset": 17772960, "Value": 0, "Offset": 0}, "NumberOfNamedEntries": {"FileOffset": 17772972, "Value": 0, "Offset": 12}, "Structure": "IMAGE_RESOURCE_DIRECTORY"}, {"LANG": 0, "SUBLANG_NAME": "SUBLANG_NEUTRAL", "Name": {"FileOffset": 17772976, "Value": 0, "Offset": 0}, "CodePage": {"FileOffset": 17773152, "Value": 0, "Offset": 8}, "LANG_NAME": "LANG_NEUTRAL", "OffsetToData": {"FileOffset": 17773144, "Value": 17785448, "Offset": 0}, "Reserved": {"FileOffset": 17773156, "Value": 0, "Offset": 12}, "SUBLANG": 0, "Structure": "IMAGE_RESOURCE_DATA_ENTRY", "Size": {"FileOffset": 17773148, "Value": 796, "Offset": 4}}]]]}
