{"DllCharacteristics": ["IMAGE_DLLCHARACTERISTICS_NO_SEH", "IMAGE_DLLCHARACTERISTICS_TERMINAL_SERVER_AWARE", "IMAGE_DLLCHARACTERISTICS_DYNAMIC_BASE", "IMAGE_DLLCHARACTERISTICS_NX_COMPAT"], "FILE_HEADER": {"NumberOfSections": {"FileOffset": 134, "Value": 3, "Offset": 2}, "TimeDateStamp": {"FileOffset": 136, "Value": "0x53084F4E [Sat Feb 22 07:18:38 2014 UTC]", "Offset": 4}, "PointerToSymbolTable": {"FileOffset": 140, "Value": 0, "Offset": 8}, "NumberOfSymbols": {"FileOffset": 144, "Value": 0, "Offset": 12}, "Machine": {"FileOffset": 132, "Value": 332, "Offset": 0}, "Characteristics": {"FileOffset": 150, "Value": 258, "Offset": 18}, "SizeOfOptionalHeader": {"FileOffset": 148, "Value": 224, "Offset": 16}, "Structure": "IMAGE_FILE_HEADER"}, "Directories": [{"VirtualAddress": {"FileOffset": 248, "Value": 0, "Offset": 0}, "Structure": "IMAGE_DIRECTORY_ENTRY_EXPORT", "Size": {"FileOffset": 252, "Value": 0, "Offset": 4}}, {"VirtualAddress": {"FileOffset": 256, "Value": 12904, "Offset": 0}, "Structure": "IMAGE_DIRECTORY_ENTRY_IMPORT", "Size": {"FileOffset": 260, "Value": 83, "Offset": 4}}, {"VirtualAddress": {"FileOffset": 264, "Value": 16384, "Offset": 0}, "Structure": "IMAGE_DIRECTORY_ENTRY_RESOURCE", "Size": {"FileOffset": 268, "Value": 1456, "Offset": 4}}, {"VirtualAddress": {"FileOffset": 272, "Value": 0, "Offset": 0}, "Structure": "IMAGE_DIRECTORY_ENTRY_EXCEPTION", "Size": {"FileOffset": 276, "Value": 0, "Offset": 4}}, {"VirtualAddress": {"FileOffset": 280, "Value": 0, "Offset": 0}, "Structure": "IMAGE_DIRECTORY_ENTRY_SECURITY", "Size": {"FileOffset": 284, "Value": 0, "Offset": 4}}, {"VirtualAddress": {"FileOffset": 288, "Value": 24576, "Offset": 0}, "Structure": "IMAGE_DIRECTORY_ENTRY_BASERELOC", "Size": {"FileOffset": 292, "Value": 12, "Offset": 4}}, {"VirtualAddress": {"FileOffset": 296, "Value": 12592, "Offset": 0}, "Structure": "IMAGE_DIRECTORY_ENTRY_DEBUG", "Size": {"FileOffset": 300, "Value": 28, "Offset": 4}}, {"VirtualAddress": {"FileOffset": 304, "Value": 0, "Offset": 0}, "Structure": "IMAGE_DIRECTORY_ENTRY_COPYRIGHT", "Size": {"FileOffset": 308, "Value": 0, "Offset": 4}}, {"VirtualAddress": {"FileOffset": 312, "Value": 0, "Offset": 0}, "Structure": "IMAGE_DIRECTORY_ENTRY_GLOBALPTR", "Size": {"FileOffset": 316, "Value": 0, "Offset": 4}}, {"VirtualAddress": {"FileOffset": 320, "Value": 0, "Offset": 0}, "Structure": "IMAGE_DIRECTORY_ENTRY_TLS", "Size": {"FileOffset": 324, "Value": 0, "Offset": 4}}, {"VirtualAddress": {"FileOffset": 328, "Value": 0, "Offset": 0}, "Structure": "IMAGE_DIRECTORY_ENTRY_LOAD_CONFIG", "Size": {"FileOffset": 332, "Value": 0, "Offset": 4}}, {"VirtualAddress": {"FileOffset": 336, "Value": 0, "Offset": 0}, "Structure": "IMAGE_DIRECTORY_ENTRY_BOUND_IMPORT", "Size": {"FileOffset": 340, "Value": 0, "Offset": 4}}, {"VirtualAddress": {"FileOffset": 344, "Value": 8192, "Offset": 0}, "Structure": "IMAGE_DIRECTORY_ENTRY_IAT", "Size": {"FileOffset": 348, "Value": 8, "Offset": 4}}, {"VirtualAddress": {"FileOffset": 352, "Value": 0, "Offset": 0}, "Structure": "IMAGE_DIRECTORY_ENTRY_DELAY_IMPORT", "Size": {"FileOffset": 356, "Value": 0, "Offset": 4}}, {"VirtualAddress": {"FileOffset": 360, "Value": 8200, "Offset": 0}, "Structure": "IMAGE_DIRECTORY_ENTRY_COM_DESCRIPTOR", "Size": {"FileOffset": 364, "Value": 72, "Offset": 4}}, {"VirtualAddress": {"FileOffset": 368, "Value": 0, "Offset": 0}, "Structure": "IMAGE_DIRECTORY_ENTRY_RESERVED", "Size": {"FileOffset": 372, "Value": 0, "Offset": 4}}], "OPTIONAL_HEADER": {"DllCharacteristics": {"FileOffset": 222, "Value": 34112, "Offset": 70}, "BaseOfCode": {"FileOffset": 172, "Value": 8192, "Offset": 20}, "MajorLinkerVersion": {"FileOffset": 154, "Value": 11, "Offset": 2}, "MinorOperatingSystemVersion": {"FileOffset": 194, "Value": 0, "Offset": 42}, "MinorLinkerVersion": {"FileOffset": 155, "Value": 0, "Offset": 3}, "MajorSubsystemVersion": {"FileOffset": 200, "Value": 4, "Offset": 48}, "MajorOperatingSystemVersion": {"FileOffset": 192, "Value": 4, "Offset": 40}, "SizeOfStackCommit": {"FileOffset": 228, "Value": 4096, "Offset": 76}, "SizeOfUninitializedData": {"FileOffset": 164, "Value": 0, "Offset": 12}, "NumberOfRvaAndSizes": {"FileOffset": 244, "Value": 16, "Offset": 92}, "SizeOfHeapReserve": {"FileOffset": 232, "Value": 1048576, "Offset": 80}, "LoaderFlags": {"FileOffset": 240, "Value": 0, "Offset": 88}, "SizeOfHeapCommit": {"FileOffset": 236, "Value": 4096, "Offset": 84}, "SizeOfStackReserve": {"FileOffset": 224, "Value": 1048576, "Offset": 72}, "Structure": "IMAGE_OPTIONAL_HEADER", "SizeOfHeaders": {"FileOffset": 212, "Value": 512, "Offset": 60}, "Subsystem": {"FileOffset": 220, "Value": 3, "Offset": 68}, "Magic": {"FileOffset": 152, "Value": 267, "Offset": 0}, "MinorImageVersion": {"FileOffset": 198, "Value": 0, "Offset": 46}, "MajorImageVersion": {"FileOffset": 196, "Value": 0, "Offset": 44}, "FileAlignment": {"FileOffset": 188, "Value": 512, "Offset": 36}, "BaseOfData": {"FileOffset": 176, "Value": 16384, "Offset": 24}, "AddressOfEntryPoint": {"FileOffset": 168, "Value": 12990, "Offset": 16}, "SectionAlignment": {"FileOffset": 184, "Value": 8192, "Offset": 32}, "SizeOfCode": {"FileOffset": 156, "Value": 5120, "Offset": 4}, "ImageBase": {"FileOffset": 180, "Value": 4194304, "Offset": 28}, "SizeOfInitializedData": {"FileOffset": 160, "Value": 2048, "Offset": 8}, "SizeOfImage": {"FileOffset": 208, "Value": 32768, "Offset": 56}, "MinorSubsystemVersion": {"FileOffset": 202, "Value": 0, "Offset": 50}, "CheckSum": {"FileOffset": 216, "Value": 0, "Offset": 64}, "Reserved1": {"FileOffset": 204, "Value": 0, "Offset": 52}}, "DOS_HEADER": {"e_cblp": {"FileOffset": 2, "Value": 144, "Offset": 2}, "e_crlc": {"FileOffset": 6, "Value": 0, "Offset": 6}, "e_ovno": {"FileOffset": 26, "Value": 0, "Offset": 26}, "e_minalloc": {"FileOffset": 10, "Value": 0, "Offset": 10}, "e_csum": {"FileOffset": 18, "Value": 0, "Offset": 18}, "e_cparhdr": {"FileOffset": 8, "Value": 4, "Offset": 8}, "e_cp": {"FileOffset": 4, "Value": 3, "Offset": 4}, "e_cs": {"FileOffset": 22, "Value": 0, "Offset": 22}, "e_maxalloc": {"FileOffset": 12, "Value": 65535, "Offset": 12}, "e_lfarlc": {"FileOffset": 24, "Value": 64, "Offset": 24}, "e_oemid": {"FileOffset": 36, "Value": 0, "Offset": 36}, "e_lfanew": {"FileOffset": 60, "Value": 128, "Offset": 60}, "e_ss": {"FileOffset": 14, "Value": 0, "Offset": 14}, "e_magic": {"FileOffset": 0, "Value": 23117, "Offset": 0}, "e_oeminfo": {"FileOffset": 38, "Value": 0, "Offset": 38}, "e_res2": {"FileOffset": 40, "Value": "", "Offset": 40}, "e_res": {"FileOffset": 28, "Value": "", "Offset": 28}, "e_sp": {"FileOffset": 16, "Value": 184, "Offset": 16}, "Structure": "IMAGE_DOS_HEADER", "e_ip": {"FileOffset": 20, "Value": 0, "Offset": 20}}, "Base relocations": [[{"SizeOfBlock": {"FileOffset": 7172, "Value": 12, "Offset": 4}, "VirtualAddress": {"FileOffset": 7168, "Value": 12288, "Offset": 0}, "Structure": "IMAGE_BASE_RELOCATION"}, {"RVA": 12992, "Type": "HIGHLOW"}, {"RVA": 12288, "Type": "ABSOLUTE"}]], "NT_HEADERS": {"Structure": "IMAGE_NT_HEADERS", "Signature": {"FileOffset": 128, "Value": 17744, "Offset": 0}}, "Flags": ["IMAGE_FILE_32BIT_MACHINE", "IMAGE_FILE_EXECUTABLE_IMAGE"], "Version Information": [{"ValueLength": {"FileOffset": 5794, "Value": 52, "Offset": 2}, "Length": {"FileOffset": 5792, "Value": 796, "Offset": 0}, "Type": {"FileOffset": 5796, "Value": 0, "Offset": 4}, "Structure": "VS_VERSIONINFO"}, {"FileFlagsMask": {"FileOffset": 5856, "Value": 63, "Offset": 24}, "FileType": {"FileOffset": 5868, "Value": 1, "Offset": 36}, "FileVersionMS": {"FileOffset": 5840, "Value": 65536, "Offset": 8}, "FileVersionLS": {"FileOffset": 5844, "Value": 0, "Offset": 12}, "Signature": {"FileOffset": 5832, "Value": 4277077181, "Offset": 0}, "FileSubtype": {"FileOffset": 5872, "Value": 0, "Offset": 40}, "FileFlags": {"FileOffset": 5860, "Value": 0, "Offset": 28}, "FileDateLS": {"FileOffset": 5880, "Value": 0, "Offset": 48}, "ProductVersionLS": {"FileOffset": 5852, "Value": 0, "Offset": 20}, "FileOS": {"FileOffset": 5864, "Value": 4, "Offset": 32}, "ProductVersionMS": {"FileOffset": 5848, "Value": 65536, "Offset": 16}, "FileDateMS": {"FileOffset": 5876, "Value": 0, "Offset": 44}, "Structure": "VS_FIXEDFILEINFO", "StrucVersion": {"FileOffset": 5836, "Value": 65536, "Offset": 4}}], "Debug information": [{"MajorVersion": {"FileOffset": 4920, "Value": 0, "Offset": 8}, "PointerToRawData": {"FileOffset": 4936, "Value": 4940, "Offset": 24}, "MinorVersion": {"FileOffset": 4922, "Value": 0, "Offset": 10}, "TimeDateStamp": {"FileOffset": 4916, "Value": "0x53084F4E [Sat Feb 22 07:18:38 2014 UTC]", "Offset": 4}, "Characteristics": {"FileOffset": 4912, "Value": 0, "Offset": 0}, "Structure": "IMAGE_DEBUG_DIRECTORY", "Type": "IMAGE_DEBUG_TYPE_CODEVIEW", "SizeOfData": {"FileOffset": 4928, "Value": 284, "Offset": 16}, "AddressOfRawData": {"FileOffset": 4932, "Value": 12620, "Offset": 20}}], "Imported symbols": [[{"TimeDateStamp": {"FileOffset": 5228, "Value": "0x0        [Thu Jan  1 00:00:00 1970 UTC]", "Offset": 4}, "Name": {"FileOffset": 5236, "Value": 12974, "Offset": 12}, "ForwarderChain": {"FileOffset": 5232, "Value": 0, "Offset": 8}, "OriginalFirstThunk": {"FileOffset": 5224, "Value": 12944, "Offset": 0}, "FirstThunk": {"FileOffset": 5240, "Value": 8192, "Offset": 16}, "Characteristics": {"FileOffset": 5224, "Value": 12944, "Offset": 0}, "Structure": "IMAGE_IMPORT_DESCRIPTOR"}, {"Hint": 0, "Name": "_CorExeMain", "DLL": "mscoree.dll"}]], "PE Sections": [{"PointerToRawData": {"FileOffset": 396, "Value": 512, "Offset": 20}, "SHA1": "18b146a0f9bd5e0bd1356fbf5e4e716ea60a2c3c", "SHA256": "0eacfc84a69e826e82b3cd8aed49edf2a19cc2712814eb9936c06f96e42b21a5", "Name": {"FileOffset": 376, "Value": ".text", "Offset": 0}, "NumberOfRelocations": {"FileOffset": 408, "Value": 0, "Offset": 32}, "Misc_VirtualSize": {"FileOffset": 384, "Value": 4804, "Offset": 8}, "Characteristics": {"FileOffset": 412, "Value": 1610612768, "Offset": 36}, "Misc": {"FileOffset": 384, "Value": 4804, "Offset": 8}, "PointerToLinenumbers": {"FileOffset": 404, "Value": 0, "Offset": 28}, "SizeOfRawData": {"FileOffset": 392, "Value": 5120, "Offset": 16}, "Misc_PhysicalAddress": {"FileOffset": 384, "Value": 4804, "Offset": 8}, "PointerToRelocations": {"FileOffset": 400, "Value": 0, "Offset": 24}, "Flags": ["IMAGE_SCN_MEM_EXECUTE", "IMAGE_SCN_CNT_CODE", "IMAGE_SCN_MEM_READ"], "SHA512": "88652d44cfa79ebb786e4b09e3cfeffa0644cb68af2067ee58e07ae60c0ffd8b2595cc726d0fb8fdec6d6d6df12532d6f11cfbd4fe72d37cc5ad8b8faba4463d", "MD5": "1f880c98a2fc9374c692b370e8177934", "Entropy": 5.081002496281991, "VirtualAddress": {"FileOffset": 388, "Value": 8192, "Offset": 12}, "Structure": "IMAGE_SECTION_HEADER", "NumberOfLinenumbers": {"FileOffset": 410, "Value": 0, "Offset": 34}}, {"PointerToRawData": {"FileOffset": 436, "Value": 5632, "Offset": 20}, "SHA1": "2a985f5bbe831c52a7c56d7db39def24c75c9778", "SHA256": "4ed66cf27caf927bbef7aabf33c62a824cc4575560ef9203b7eabfdf0fdf75ea", "Name": {"FileOffset": 416, "Value": ".rsrc", "Offset": 0}, "NumberOfRelocations": {"FileOffset": 448, "Value": 0, "Offset": 32}, "Misc_VirtualSize": {"FileOffset": 424, "Value": 1456, "Offset": 8}, "Characteristics": {"FileOffset": 452, "Value": 1073741888, "Offset": 36}, "Misc": {"FileOffset": 424, "Value": 1456, "Offset": 8}, "PointerToLinenumbers": {"FileOffset": 444, "Value": 0, "Offset": 28}, "SizeOfRawData": {"FileOffset": 432, "Value": 1536, "Offset": 16}, "Misc_PhysicalAddress": {"FileOffset": 424, "Value": 1456, "Offset": 8}, "PointerToRelocations": {"FileOffset": 440, "Value": 0, "Offset": 24}, "Flags": ["IMAGE_SCN_CNT_INITIALIZED_DATA", "IMAGE_SCN_MEM_READ"], "SHA512": "37c52b6ca2a3db6ecf5cfdbf6e085dbdff545824a10828f1f94b3cc02230c6976cb6391f92127eabb0f0c489b2f32152bc7a7c3b6b71b4d20e3a74decb4e1d90", "MD5": "4b744f89072c46d4cff3cc8c4de32bc1", "Entropy": 4.0717252914236735, "VirtualAddress": {"FileOffset": 428, "Value": 16384, "Offset": 12}, "Structure": "IMAGE_SECTION_HEADER", "NumberOfLinenumbers": {"FileOffset": 450, "Value": 0, "Offset": 34}}, {"PointerToRawData": {"FileOffset": 476, "Value": 7168, "Offset": 20}, "SHA1": "750f675c0086d48645dab93ddd3af7d46616ae3a", "SHA256": "d02f91cc796d4c646deb95c065959ad19cfa9ff764076fcfe064af97aafaf2cc", "Name": {"FileOffset": 456, "Value": ".reloc", "Offset": 0}, "NumberOfRelocations": {"FileOffset": 488, "Value": 0, "Offset": 32}, "Misc_VirtualSize": {"FileOffset": 464, "Value": 12, "Offset": 8}, "Characteristics": {"FileOffset": 492, "Value": 1107296320, "Offset": 36}, "Misc": {"FileOffset": 464, "Value": 12, "Offset": 8}, "PointerToLinenumbers": {"FileOffset": 484, "Value": 0, "Offset": 28}, "SizeOfRawData": {"FileOffset": 472, "Value": 512, "Offset": 16}, "Misc_PhysicalAddress": {"FileOffset": 464, "Value": 12, "Offset": 8}, "PointerToRelocations": {"FileOffset": 480, "Value": 0, "Offset": 24}, "Flags": ["IMAGE_SCN_CNT_INITIALIZED_DATA", "IMAGE_SCN_MEM_DISCARDABLE", "IMAGE_SCN_MEM_READ"], "SHA512": "9663c65810bedc9ddc3e5114e6d88abcbfe339681c674f4b828feb58180a5e6ac52080097e25ea474b00075588eb3b363200a09d67bed05b85f8d7ef865d8e2a", "MD5": "30773aa53980ed29165b72fa1d2858d3", "Entropy": 0.08153941234324169, "VirtualAddress": {"FileOffset": 468, "Value": 24576, "Offset": 12}, "Structure": "IMAGE_SECTION_HEADER", "NumberOfLinenumbers": {"FileOffset": 490, "Value": 0, "Offset": 34}}], "Resource directory": [{"MajorVersion": {"FileOffset": 5640, "Value": 0, "Offset": 8}, "NumberOfIdEntries": {"FileOffset": 5646, "Value": 2, "Offset": 14}, "MinorVersion": {"FileOffset": 5642, "Value": 0, "Offset": 10}, "TimeDateStamp": {"FileOffset": 5636, "Value": "0x0        [Thu Jan  1 00:00:00 1970 UTC]", "Offset": 4}, "Characteristics": {"FileOffset": 5632, "Value": 0, "Offset": 0}, "NumberOfNamedEntries": {"FileOffset": 5644, "Value": 0, "Offset": 12}, "Structure": "IMAGE_RESOURCE_DIRECTORY"}, {"Structure": "IMAGE_RESOURCE_DIRECTORY_ENTRY", "Id": [16, "RT_VERSION"], "OffsetToData": {"FileOffset": 5652, "Value": 2147483680, "Offset": 4}, "Name": {"FileOffset": 5648, "Value": 16, "Offset": 0}}, [{"MajorVersion": {"FileOffset": 5672, "Value": 0, "Offset": 8}, "NumberOfIdEntries": {"FileOffset": 5678, "Value": 1, "Offset": 14}, "MinorVersion": {"FileOffset": 5674, "Value": 0, "Offset": 10}, "TimeDateStamp": {"FileOffset": 5668, "Value": "0x0        [Thu Jan  1 00:00:00 1970 UTC]", "Offset": 4}, "Characteristics": {"FileOffset": 5664, "Value": 0, "Offset": 0}, "NumberOfNamedEntries": {"FileOffset": 5676, "Value": 0, "Offset": 12}, "Structure": "IMAGE_RESOURCE_DIRECTORY"}, {"Structure": "IMAGE_RESOURCE_DIRECTORY_ENTRY", "Id": 1, "OffsetToData": {"FileOffset": 5684, "Value": 2147483728, "Offset": 4}, "Name": {"FileOffset": 5680, "Value": 1, "Offset": 0}}, [{"MajorVersion": {"FileOffset": 5720, "Value": 0, "Offset": 8}, "NumberOfIdEntries": {"FileOffset": 5726, "Value": 1, "Offset": 14}, "MinorVersion": {"FileOffset": 5722, "Value": 0, "Offset": 10}, "TimeDateStamp": {"FileOffset": 5716, "Value": "0x0        [Thu Jan  1 00:00:00 1970 UTC]", "Offset": 4}, "Characteristics": {"FileOffset": 5712, "Value": 0, "Offset": 0}, "NumberOfNamedEntries": {"FileOffset": 5724, "Value": 0, "Offset": 12}, "Structure": "IMAGE_RESOURCE_DIRECTORY"}, {"LANG": 0, "SUBLANG_NAME": "SUBLANG_NEUTRAL", "Name": {"FileOffset": 5728, "Value": 0, "Offset": 0}, "CodePage": {"FileOffset": 5768, "Value": 0, "Offset": 8}, "LANG_NAME": "LANG_NEUTRAL", "OffsetToData": {"FileOffset": 5760, "Value": 16544, "Offset": 0}, "Reserved": {"FileOffset": 5772, "Value": 0, "Offset": 12}, "SUBLANG": 0, "Structure": "IMAGE_RESOURCE_DATA_ENTRY", "Size": {"FileOffset": 5764, "Value": 796, "Offset": 4}}]], {"Structure": "IMAGE_RESOURCE_DIRECTORY_ENTRY", "Id": [24, "RT_MANIFEST"], "OffsetToData": {"FileOffset": 5660, "Value": 2147483704, "Offset": 4}, "Name": {"FileOffset": 5656, "Value": 24, "Offset": 0}}, [{"MajorVersion": {"FileOffset": 5696, "Value": 0, "Offset": 8}, "NumberOfIdEntries": {"FileOffset": 5702, "Value": 1, "Offset": 14}, "MinorVersion": {"FileOffset": 5698, "Value": 0, "Offset": 10}, "TimeDateStamp": {"FileOffset": 5692, "Value": "0x0        [Thu Jan  1 00:00:00 1970 UTC]", "Offset": 4}, "Characteristics": {"FileOffset": 5688, "Value": 0, "Offset": 0}, "NumberOfNamedEntries": {"FileOffset": 5700, "Value": 0, "Offset": 12}, "Structure": "IMAGE_RESOURCE_DIRECTORY"}, {"Structure": "IMAGE_RESOURCE_DIRECTORY_ENTRY", "Id": 1, "OffsetToData": {"FileOffset": 5708, "Value": 2147483752, "Offset": 4}, "Name": {"FileOffset": 5704, "Value": 1, "Offset": 0}}, [{"MajorVersion": {"FileOffset": 5744, "Value": 0, "Offset": 8}, "NumberOfIdEntries": {"FileOffset": 5750, "Value": 1, "Offset": 14}, "MinorVersion": {"FileOffset": 5746, "Value": 0, "Offset": 10}, "TimeDateStamp": {"FileOffset": 5740, "Value": "0x0        [Thu Jan  1 00:00:00 1970 UTC]", "Offset": 4}, "Characteristics": {"FileOffset": 5736, "Value": 0, "Offset": 0}, "NumberOfNamedEntries": {"FileOffset": 5748, "Value": 0, "Offset": 12}, "Structure": "IMAGE_RESOURCE_DIRECTORY"}, {"LANG": 0, "SUBLANG_NAME": "SUBLANG_NEUTRAL", "Name": {"FileOffset": 5752, "Value": 0, "Offset": 0}, "CodePage": {"FileOffset": 5784, "Value": 0, "Offset": 8}, "LANG_NAME": "LANG_NEUTRAL", "OffsetToData": {"FileOffset": 5776, "Value": 17344, "Offset": 0}, "Reserved": {"FileOffset": 5788, "Value": 0, "Offset": 12}, "SUBLANG": 0, "Structure": "IMAGE_RESOURCE_DATA_ENTRY", "Size": {"FileOffset": 5780, "Value": 490, "Offset": 4}}]]]}
