{"DllCharacteristics": ["IMAGE_DLLCHARACTERISTICS_NO_SEH", "IMAGE_DLLCHARACTERISTICS_TERMINAL_SERVER_AWARE", "IMAGE_DLLCHARACTERISTICS_DYNAMIC_BASE", "IMAGE_DLLCHARACTERISTICS_NX_COMPAT"], "FILE_HEADER": {"NumberOfSections": {"FileOffset": 134, "Value": 3, "Offset": 2}, "TimeDateStamp": {"FileOffset": 136, "Value": "0x517B739F [Sat Apr 27 06:43:43 2013 UTC]", "Offset": 4}, "PointerToSymbolTable": {"FileOffset": 140, "Value": 0, "Offset": 8}, "NumberOfSymbols": {"FileOffset": 144, "Value": 0, "Offset": 12}, "Machine": {"FileOffset": 132, "Value": 332, "Offset": 0}, "Characteristics": {"FileOffset": 150, "Value": 258, "Offset": 18}, "SizeOfOptionalHeader": {"FileOffset": 148, "Value": 224, "Offset": 16}, "Structure": "IMAGE_FILE_HEADER"}, "Directories": [{"VirtualAddress": {"FileOffset": 248, "Value": 0, "Offset": 0}, "Structure": "IMAGE_DIRECTORY_ENTRY_EXPORT", "Size": {"FileOffset": 252, "Value": 0, "Offset": 4}}, {"VirtualAddress": {"FileOffset": 256, "Value": 8114948, "Offset": 0}, "Structure": "IMAGE_DIRECTORY_ENTRY_IMPORT", "Size": {"FileOffset": 260, "Value": 87, "Offset": 4}}, {"VirtualAddress": {"FileOffset": 264, "Value": 8118272, "Offset": 0}, "Structure": "IMAGE_DIRECTORY_ENTRY_RESOURCE", "Size": {"FileOffset": 268, "Value": 4504, "Offset": 4}}, {"VirtualAddress": {"FileOffset": 272, "Value": 0, "Offset": 0}, "Structure": "IMAGE_DIRECTORY_ENTRY_EXCEPTION", "Size": {"FileOffset": 276, "Value": 0, "Offset": 4}}, {"VirtualAddress": {"FileOffset": 280, "Value": 0, "Offset": 0}, "Structure": "IMAGE_DIRECTORY_ENTRY_SECURITY", "Size": {"FileOffset": 284, "Value": 0, "Offset": 4}}, {"VirtualAddress": {"FileOffset": 288, "Value": 8126464, "Offset": 0}, "Structure": "IMAGE_DIRECTORY_ENTRY_BASERELOC", "Size": {"FileOffset": 292, "Value": 12, "Offset": 4}}, {"VirtualAddress": {"FileOffset": 296, "Value": 8114800, "Offset": 0}, "Structure": "IMAGE_DIRECTORY_ENTRY_DEBUG", "Size": {"FileOffset": 300, "Value": 28, "Offset": 4}}, {"VirtualAddress": {"FileOffset": 304, "Value": 0, "Offset": 0}, "Structure": "IMAGE_DIRECTORY_ENTRY_COPYRIGHT", "Size": {"FileOffset": 308, "Value": 0, "Offset": 4}}, {"VirtualAddress": {"FileOffset": 312, "Value": 0, "Offset": 0}, "Structure": "IMAGE_DIRECTORY_ENTRY_GLOBALPTR", "Size": {"FileOffset": 316, "Value": 0, "Offset": 4}}, {"VirtualAddress": {"FileOffset": 320, "Value": 0, "Offset": 0}, "Structure": "IMAGE_DIRECTORY_ENTRY_TLS", "Size": {"FileOffset": 324, "Value": 0, "Offset": 4}}, {"VirtualAddress": {"FileOffset": 328, "Value": 0, "Offset": 0}, "Structure": "IMAGE_DIRECTORY_ENTRY_LOAD_CONFIG", "Size": {"FileOffset": 332, "Value": 0, "Offset": 4}}, {"VirtualAddress": {"FileOffset": 336, "Value": 0, "Offset": 0}, "Structure": "IMAGE_DIRECTORY_ENTRY_BOUND_IMPORT", "Size": {"FileOffset": 340, "Value": 0, "Offset": 4}}, {"VirtualAddress": {"FileOffset": 344, "Value": 8192, "Offset": 0}, "Structure": "IMAGE_DIRECTORY_ENTRY_IAT", "Size": {"FileOffset": 348, "Value": 8, "Offset": 4}}, {"VirtualAddress": {"FileOffset": 352, "Value": 0, "Offset": 0}, "Structure": "IMAGE_DIRECTORY_ENTRY_DELAY_IMPORT", "Size": {"FileOffset": 356, "Value": 0, "Offset": 4}}, {"VirtualAddress": {"FileOffset": 360, "Value": 8200, "Offset": 0}, "Structure": "IMAGE_DIRECTORY_ENTRY_COM_DESCRIPTOR", "Size": {"FileOffset": 364, "Value": 72, "Offset": 4}}, {"VirtualAddress": {"FileOffset": 368, "Value": 0, "Offset": 0}, "Structure": "IMAGE_DIRECTORY_ENTRY_RESERVED", "Size": {"FileOffset": 372, "Value": 0, "Offset": 4}}], "OPTIONAL_HEADER": {"DllCharacteristics": {"FileOffset": 222, "Value": 34112, "Offset": 70}, "BaseOfCode": {"FileOffset": 172, "Value": 8192, "Offset": 20}, "MajorLinkerVersion": {"FileOffset": 154, "Value": 8, "Offset": 2}, "MinorOperatingSystemVersion": {"FileOffset": 194, "Value": 0, "Offset": 42}, "MinorLinkerVersion": {"FileOffset": 155, "Value": 0, "Offset": 3}, "MajorSubsystemVersion": {"FileOffset": 200, "Value": 4, "Offset": 48}, "MajorOperatingSystemVersion": {"FileOffset": 192, "Value": 4, "Offset": 40}, "SizeOfStackCommit": {"FileOffset": 228, "Value": 4096, "Offset": 76}, "SizeOfUninitializedData": {"FileOffset": 164, "Value": 0, "Offset": 12}, "NumberOfRvaAndSizes": {"FileOffset": 244, "Value": 16, "Offset": 92}, "SizeOfHeapReserve": {"FileOffset": 232, "Value": 1048576, "Offset": 80}, "LoaderFlags": {"FileOffset": 240, "Value": 0, "Offset": 88}, "SizeOfHeapCommit": {"FileOffset": 236, "Value": 4096, "Offset": 84}, "SizeOfStackReserve": {"FileOffset": 224, "Value": 1048576, "Offset": 72}, "Structure": "IMAGE_OPTIONAL_HEADER", "SizeOfHeaders": {"FileOffset": 212, "Value": 512, "Offset": 60}, "Subsystem": {"FileOffset": 220, "Value": 2, "Offset": 68}, "Magic": {"FileOffset": 152, "Value": 267, "Offset": 0}, "MinorImageVersion": {"FileOffset": 198, "Value": 0, "Offset": 46}, "MajorImageVersion": {"FileOffset": 196, "Value": 0, "Offset": 44}, "FileAlignment": {"FileOffset": 188, "Value": 512, "Offset": 36}, "BaseOfData": {"FileOffset": 176, "Value": 8118272, "Offset": 24}, "AddressOfEntryPoint": {"FileOffset": 168, "Value": 8115038, "Offset": 16}, "SectionAlignment": {"FileOffset": 184, "Value": 8192, "Offset": 32}, "SizeOfCode": {"FileOffset": 156, "Value": 8107008, "Offset": 4}, "ImageBase": {"FileOffset": 180, "Value": 4194304, "Offset": 28}, "SizeOfInitializedData": {"FileOffset": 160, "Value": 5120, "Offset": 8}, "SizeOfImage": {"FileOffset": 208, "Value": 8134656, "Offset": 56}, "MinorSubsystemVersion": {"FileOffset": 202, "Value": 0, "Offset": 50}, "CheckSum": {"FileOffset": 216, "Value": 0, "Offset": 64}, "Reserved1": {"FileOffset": 204, "Value": 0, "Offset": 52}}, "DOS_HEADER": {"e_cblp": {"FileOffset": 2, "Value": 144, "Offset": 2}, "e_crlc": {"FileOffset": 6, "Value": 0, "Offset": 6}, "e_ovno": {"FileOffset": 26, "Value": 0, "Offset": 26}, "e_minalloc": {"FileOffset": 10, "Value": 0, "Offset": 10}, "e_csum": {"FileOffset": 18, "Value": 0, "Offset": 18}, "e_cparhdr": {"FileOffset": 8, "Value": 4, "Offset": 8}, "e_cp": {"FileOffset": 4, "Value": 3, "Offset": 4}, "e_cs": {"FileOffset": 22, "Value": 0, "Offset": 22}, "e_maxalloc": {"FileOffset": 12, "Value": 65535, "Offset": 12}, "e_lfarlc": {"FileOffset": 24, "Value": 64, "Offset": 24}, "e_oemid": {"FileOffset": 36, "Value": 0, "Offset": 36}, "e_lfanew": {"FileOffset": 60, "Value": 128, "Offset": 60}, "e_ss": {"FileOffset": 14, "Value": 0, "Offset": 14}, "e_magic": {"FileOffset": 0, "Value": 23117, "Offset": 0}, "e_oeminfo": {"FileOffset": 38, "Value": 0, "Offset": 38}, "e_res2": {"FileOffset": 40, "Value": "", "Offset": 40}, "e_res": {"FileOffset": 28, "Value": "", "Offset": 28}, "e_sp": {"FileOffset": 16, "Value": 184, "Offset": 16}, "Structure": "IMAGE_DOS_HEADER", "e_ip": {"FileOffset": 20, "Value": 0, "Offset": 20}}, "Base relocations": [[{"SizeOfBlock": {"FileOffset": 8112132, "Value": 12, "Offset": 4}, "VirtualAddress": {"FileOffset": 8112128, "Value": 8114176, "Offset": 0}, "Structure": "IMAGE_BASE_RELOCATION"}, {"RVA": 8115040, "Type": "HIGHLOW"}, {"RVA": 8114176, "Type": "ABSOLUTE"}]], "NT_HEADERS": {"Structure": "IMAGE_NT_HEADERS", "Signature": {"FileOffset": 128, "Value": 17744, "Offset": 0}}, "Flags": ["IMAGE_FILE_32BIT_MACHINE", "IMAGE_FILE_EXECUTABLE_IMAGE"], "Version Information": [{"ValueLength": {"FileOffset": 8107874, "Value": 52, "Offset": 2}, "Length": {"FileOffset": 8107872, "Value": 796, "Offset": 0}, "Type": {"FileOffset": 8107876, "Value": 0, "Offset": 4}, "Structure": "VS_VERSIONINFO"}, {"FileFlagsMask": {"FileOffset": 8107936, "Value": 63, "Offset": 24}, "FileType": {"FileOffset": 8107948, "Value": 1, "Offset": 36}, "FileVersionMS": {"FileOffset": 8107920, "Value": 65536, "Offset": 8}, "FileVersionLS": {"FileOffset": 8107924, "Value": 0, "Offset": 12}, "Signature": {"FileOffset": 8107912, "Value": 4277077181, "Offset": 0}, "FileSubtype": {"FileOffset": 8107952, "Value": 0, "Offset": 40}, "FileFlags": {"FileOffset": 8107940, "Value": 0, "Offset": 28}, "FileDateLS": {"FileOffset": 8107960, "Value": 0, "Offset": 48}, "ProductVersionLS": {"FileOffset": 8107932, "Value": 0, "Offset": 20}, "FileOS": {"FileOffset": 8107944, "Value": 4, "Offset": 32}, "ProductVersionMS": {"FileOffset": 8107928, "Value": 65536, "Offset": 16}, "FileDateMS": {"FileOffset": 8107956, "Value": 0, "Offset": 44}, "Structure": "VS_FIXEDFILEINFO", "StrucVersion": {"FileOffset": 8107916, "Value": 65536, "Offset": 4}}], "Debug information": [{"MajorVersion": {"FileOffset": 8107128, "Value": 0, "Offset": 8}, "PointerToRawData": {"FileOffset": 8107144, "Value": 8107148, "Offset": 24}, "MinorVersion": {"FileOffset": 8107130, "Value": 0, "Offset": 10}, "TimeDateStamp": {"FileOffset": 8107124, "Value": "0x517B739F [Sat Apr 27 06:43:43 2013 UTC]", "Offset": 4}, "Characteristics": {"FileOffset": 8107120, "Value": 0, "Offset": 0}, "Structure": "IMAGE_DEBUG_DIRECTORY", "Type": "IMAGE_DEBUG_TYPE_CODEVIEW", "SizeOfData": {"FileOffset": 8107136, "Value": 119, "Offset": 16}, "AddressOfRawData": {"FileOffset": 8107140, "Value": 8114828, "Offset": 20}}], "Imported symbols": [[{"TimeDateStamp": {"FileOffset": 8107272, "Value": "0x0        [Thu Jan  1 00:00:00 1970 UTC]", "Offset": 4}, "Name": {"FileOffset": 8107280, "Value": 8115022, "Offset": 12}, "ForwarderChain": {"FileOffset": 8107276, "Value": 0, "Offset": 8}, "OriginalFirstThunk": {"FileOffset": 8107268, "Value": 8114988, "Offset": 0}, "FirstThunk": {"FileOffset": 8107284, "Value": 8192, "Offset": 16}, "Characteristics": {"FileOffset": 8107268, "Value": 8114988, "Offset": 0}, "Structure": "IMAGE_IMPORT_DESCRIPTOR"}, {"Hint": 0, "Name": "_CorExeMain", "DLL": "mscoree.dll"}]], "PE Sections": [{"PointerToRawData": {"FileOffset": 396, "Value": 512, "Offset": 20}, "SHA1": "48efd3a049cf9ce87e2249225133258d0a1dda86", "SHA256": "0736eaa5fa4783e005c0e7e22012477084e3aa6155db4f21b3580d13518266c8", "Name": {"FileOffset": 376, "Value": ".text", "Offset": 0}, "NumberOfRelocations": {"FileOffset": 408, "Value": 0, "Offset": 32}, "Misc_VirtualSize": {"FileOffset": 384, "Value": 8106852, "Offset": 8}, "Characteristics": {"FileOffset": 412, "Value": 1610612768, "Offset": 36}, "Misc": {"FileOffset": 384, "Value": 8106852, "Offset": 8}, "PointerToLinenumbers": {"FileOffset": 404, "Value": 0, "Offset": 28}, "SizeOfRawData": {"FileOffset": 392, "Value": 8107008, "Offset": 16}, "Misc_PhysicalAddress": {"FileOffset": 384, "Value": 8106852, "Offset": 8}, "PointerToRelocations": {"FileOffset": 400, "Value": 0, "Offset": 24}, "Flags": ["IMAGE_SCN_MEM_EXECUTE", "IMAGE_SCN_CNT_CODE", "IMAGE_SCN_MEM_READ"], "SHA512": "65e7495957d2ddcde4bd22dba18f1ca6a481a0b42827d20503d5220e826ac38076461ada83e804173caf28582b287787a7780aff08c52dffc32a1666d232f06f", "MD5": "ce513e8d61a631d6800b69a5a7a81307", "Entropy": 7.998168486127869, "VirtualAddress": {"FileOffset": 388, "Value": 8192, "Offset": 12}, "Structure": "IMAGE_SECTION_HEADER", "NumberOfLinenumbers": {"FileOffset": 410, "Value": 0, "Offset": 34}}, {"PointerToRawData": {"FileOffset": 436, "Value": 8107520, "Offset": 20}, "SHA1": "c858fad21f98c1d2866eb133ef1ea8b93ac4a85c", "SHA256": "a37a1517c7d20f1b5bce3fdd1926c6dfbc4375e2d5d1125a5bf72f18fcc80e46", "Name": {"FileOffset": 416, "Value": ".rsrc", "Offset": 0}, "NumberOfRelocations": {"FileOffset": 448, "Value": 0, "Offset": 32}, "Misc_VirtualSize": {"FileOffset": 424, "Value": 4504, "Offset": 8}, "Characteristics": {"FileOffset": 452, "Value": 1073741888, "Offset": 36}, "Misc": {"FileOffset": 424, "Value": 4504, "Offset": 8}, "PointerToLinenumbers": {"FileOffset": 444, "Value": 0, "Offset": 28}, "SizeOfRawData": {"FileOffset": 432, "Value": 4608, "Offset": 16}, "Misc_PhysicalAddress": {"FileOffset": 424, "Value": 4504, "Offset": 8}, "PointerToRelocations": {"FileOffset": 440, "Value": 0, "Offset": 24}, "Flags": ["IMAGE_SCN_CNT_INITIALIZED_DATA", "IMAGE_SCN_MEM_READ"], "SHA512": "9e833afe60cd7aedb1a7f18b762e6c03b907a7e25596ba0e5ac5bedb386eb7d3740ccd5e6ddde6818a518c890f8e8a684ede40ff8555f3eea6714670b451b9f4", "MD5": "39629c39a965b8ec51ce042f817c85a8", "Entropy": 4.883959971071378, "VirtualAddress": {"FileOffset": 428, "Value": 8118272, "Offset": 12}, "Structure": "IMAGE_SECTION_HEADER", "NumberOfLinenumbers": {"FileOffset": 450, "Value": 0, "Offset": 34}}, {"PointerToRawData": {"FileOffset": 476, "Value": 8112128, "Offset": 20}, "SHA1": "ac493806e49059e599ce0feb2b8bc1c073d6d70b", "SHA256": "afa32a7ebec82fcc9e22de2de50671dae10970dfbb07cc8daeb485b5685fea5b", "Name": {"FileOffset": 456, "Value": ".reloc", "Offset": 0}, "NumberOfRelocations": {"FileOffset": 488, "Value": 0, "Offset": 32}, "Misc_VirtualSize": {"FileOffset": 464, "Value": 12, "Offset": 8}, "Characteristics": {"FileOffset": 492, "Value": 1107296320, "Offset": 36}, "Misc": {"FileOffset": 464, "Value": 12, "Offset": 8}, "PointerToLinenumbers": {"FileOffset": 484, "Value": 0, "Offset": 28}, "SizeOfRawData": {"FileOffset": 472, "Value": 512, "Offset": 16}, "Misc_PhysicalAddress": {"FileOffset": 464, "Value": 12, "Offset": 8}, "PointerToRelocations": {"FileOffset": 480, "Value": 0, "Offset": 24}, "Flags": ["IMAGE_SCN_CNT_INITIALIZED_DATA", "IMAGE_SCN_MEM_DISCARDABLE", "IMAGE_SCN_MEM_READ"], "SHA512": "6f21104111e6f8edbf6b3eff255c2d2a76c19607fbcb370c2242e1cb58eeacb6bdbe39da45e4b9f31b59d53af828403924ece3b5bf93f32f141f1293f94a4c29", "MD5": "96e43636e5e6686404302814933814e8", "Entropy": 0.10191042566270775, "VirtualAddress": {"FileOffset": 468, "Value": 8126464, "Offset": 12}, "Structure": "IMAGE_SECTION_HEADER", "NumberOfLinenumbers": {"FileOffset": 490, "Value": 0, "Offset": 34}}], "Resource directory": [{"MajorVersion": {"FileOffset": 8107528, "Value": 0, "Offset": 8}, "NumberOfIdEntries": {"FileOffset": 8107534, "Value": 4, "Offset": 14}, "MinorVersion": {"FileOffset": 8107530, "Value": 0, "Offset": 10}, "TimeDateStamp": {"FileOffset": 8107524, "Value": "0x0        [Thu Jan  1 00:00:00 1970 UTC]", "Offset": 4}, "Characteristics": {"FileOffset": 8107520, "Value": 0, "Offset": 0}, "NumberOfNamedEntries": {"FileOffset": 8107532, "Value": 0, "Offset": 12}, "Structure": "IMAGE_RESOURCE_DIRECTORY"}, {"Structure": "IMAGE_RESOURCE_DIRECTORY_ENTRY", "Id": [3, "RT_ICON"], "OffsetToData": {"FileOffset": 8107540, "Value": 2147483696, "Offset": 4}, "Name": {"FileOffset": 8107536, "Value": 3, "Offset": 0}}, [{"MajorVersion": {"FileOffset": 8107576, "Value": 0, "Offset": 8}, "NumberOfIdEntries": {"FileOffset": 8107582, "Value": 2, "Offset": 14}, "MinorVersion": {"FileOffset": 8107578, "Value": 0, "Offset": 10}, "TimeDateStamp": {"FileOffset": 8107572, "Value": "0x0        [Thu Jan  1 00:00:00 1970 UTC]", "Offset": 4}, "Characteristics": {"FileOffset": 8107568, "Value": 0, "Offset": 0}, "NumberOfNamedEntries": {"FileOffset": 8107580, "Value": 0, "Offset": 12}, "Structure": "IMAGE_RESOURCE_DIRECTORY"}, {"Structure": "IMAGE_RESOURCE_DIRECTORY_ENTRY", "Id": 2, "OffsetToData": {"FileOffset": 8107588, "Value": 2147483800, "Offset": 4}, "Name": {"FileOffset": 8107584, "Value": 2, "Offset": 0}}, [{"MajorVersion": {"FileOffset": 8107680, "Value": 0, "Offset": 8}, "NumberOfIdEntries": {"FileOffset": 8107686, "Value": 1, "Offset": 14}, "MinorVersion": {"FileOffset": 8107682, "Value": 0, "Offset": 10}, "TimeDateStamp": {"FileOffset": 8107676, "Value": "0x0        [Thu Jan  1 00:00:00 1970 UTC]", "Offset": 4}, "Characteristics": {"FileOffset": 8107672, "Value": 0, "Offset": 0}, "NumberOfNamedEntries": {"FileOffset": 8107684, "Value": 0, "Offset": 12}, "Structure": "IMAGE_RESOURCE_DIRECTORY"}, {"LANG": 0, "SUBLANG_NAME": "SUBLANG_NEUTRAL", "Name": {"FileOffset": 8107688, "Value": 0, "Offset": 0}, "CodePage": {"FileOffset": 8107800, "Value": 0, "Offset": 8}, "LANG_NAME": "LANG_NEUTRAL", "OffsetToData": {"FileOffset": 8107792, "Value": 8119424, "Offset": 0}, "Reserved": {"FileOffset": 8107804, "Value": 0, "Offset": 12}, "SUBLANG": 0, "Structure": "IMAGE_RESOURCE_DATA_ENTRY", "Size": {"FileOffset": 8107796, "Value": 744, "Offset": 4}}], {"Structure": "IMAGE_RESOURCE_DIRECTORY_ENTRY", "Id": 3, "OffsetToData": {"FileOffset": 8107596, "Value": 2147483824, "Offset": 4}, "Name": {"FileOffset": 8107592, "Value": 3, "Offset": 0}}, [{"MajorVersion": {"FileOffset": 8107704, "Value": 0, "Offset": 8}, "NumberOfIdEntries": {"FileOffset": 8107710, "Value": 1, "Offset": 14}, "MinorVersion": {"FileOffset": 8107706, "Value": 0, "Offset": 10}, "TimeDateStamp": {"FileOffset": 8107700, "Value": "0x0        [Thu Jan  1 00:00:00 1970 UTC]", "Offset": 4}, "Characteristics": {"FileOffset": 8107696, "Value": 0, "Offset": 0}, "NumberOfNamedEntries": {"FileOffset": 8107708, "Value": 0, "Offset": 12}, "Structure": "IMAGE_RESOURCE_DIRECTORY"}, {"LANG": 0, "SUBLANG_NAME": "SUBLANG_NEUTRAL", "Name": {"FileOffset": 8107712, "Value": 0, "Offset": 0}, "CodePage": {"FileOffset": 8107816, "Value": 0, "Offset": 8}, "LANG_NAME": "LANG_NEUTRAL", "OffsetToData": {"FileOffset": 8107808, "Value": 8120168, "Offset": 0}, "Reserved": {"FileOffset": 8107820, "Value": 0, "Offset": 12}, "SUBLANG": 0, "Structure": "IMAGE_RESOURCE_DATA_ENTRY", "Size": {"FileOffset": 8107812, "Value": 296, "Offset": 4}}]], {"Structure": "IMAGE_RESOURCE_DIRECTORY_ENTRY", "Id": [14, "RT_GROUP_ICON"], "OffsetToData": {"FileOffset": 8107548, "Value": 2147483728, "Offset": 4}, "Name": {"FileOffset": 8107544, "Value": 14, "Offset": 0}}, [{"MajorVersion": {"FileOffset": 8107608, "Value": 0, "Offset": 8}, "NumberOfIdEntries": {"FileOffset": 8107614, "Value": 1, "Offset": 14}, "MinorVersion": {"FileOffset": 8107610, "Value": 0, "Offset": 10}, "TimeDateStamp": {"FileOffset": 8107604, "Value": "0x0        [Thu Jan  1 00:00:00 1970 UTC]", "Offset": 4}, "Characteristics": {"FileOffset": 8107600, "Value": 0, "Offset": 0}, "NumberOfNamedEntries": {"FileOffset": 8107612, "Value": 0, "Offset": 12}, "Structure": "IMAGE_RESOURCE_DIRECTORY"}, {"Structure": "IMAGE_RESOURCE_DIRECTORY_ENTRY", "Id": 32512, "OffsetToData": {"FileOffset": 8107620, "Value": 2147483848, "Offset": 4}, "Name": {"FileOffset": 8107616, "Value": 32512, "Offset": 0}}, [{"MajorVersion": {"FileOffset": 8107728, "Value": 0, "Offset": 8}, "NumberOfIdEntries": {"FileOffset": 8107734, "Value": 1, "Offset": 14}, "MinorVersion": {"FileOffset": 8107730, "Value": 0, "Offset": 10}, "TimeDateStamp": {"FileOffset": 8107724, "Value": "0x0        [Thu Jan  1 00:00:00 1970 UTC]", "Offset": 4}, "Characteristics": {"FileOffset": 8107720, "Value": 0, "Offset": 0}, "NumberOfNamedEntries": {"FileOffset": 8107732, "Value": 0, "Offset": 12}, "Structure": "IMAGE_RESOURCE_DIRECTORY"}, {"LANG": 0, "SUBLANG_NAME": "SUBLANG_NEUTRAL", "Name": {"FileOffset": 8107736, "Value": 0, "Offset": 0}, "CodePage": {"FileOffset": 8107832, "Value": 0, "Offset": 8}, "LANG_NAME": "LANG_NEUTRAL", "OffsetToData": {"FileOffset": 8107824, "Value": 8120464, "Offset": 0}, "Reserved": {"FileOffset": 8107836, "Value": 0, "Offset": 12}, "SUBLANG": 0, "Structure": "IMAGE_RESOURCE_DATA_ENTRY", "Size": {"FileOffset": 8107828, "Value": 34, "Offset": 4}}]], {"Structure": "IMAGE_RESOURCE_DIRECTORY_ENTRY", "Id": [16, "RT_VERSION"], "OffsetToData": {"FileOffset": 8107556, "Value": 2147483752, "Offset": 4}, "Name": {"FileOffset": 8107552, "Value": 16, "Offset": 0}}, [{"MajorVersion": {"FileOffset": 8107632, "Value": 0, "Offset": 8}, "NumberOfIdEntries": {"FileOffset": 8107638, "Value": 1, "Offset": 14}, "MinorVersion": {"FileOffset": 8107634, "Value": 0, "Offset": 10}, "TimeDateStamp": {"FileOffset": 8107628, "Value": "0x0        [Thu Jan  1 00:00:00 1970 UTC]", "Offset": 4}, "Characteristics": {"FileOffset": 8107624, "Value": 0, "Offset": 0}, "NumberOfNamedEntries": {"FileOffset": 8107636, "Value": 0, "Offset": 12}, "Structure": "IMAGE_RESOURCE_DIRECTORY"}, {"Structure": "IMAGE_RESOURCE_DIRECTORY_ENTRY", "Id": 1, "OffsetToData": {"FileOffset": 8107644, "Value": 2147483872, "Offset": 4}, "Name": {"FileOffset": 8107640, "Value": 1, "Offset": 0}}, [{"MajorVersion": {"FileOffset": 8107752, "Value": 0, "Offset": 8}, "NumberOfIdEntries": {"FileOffset": 8107758, "Value": 1, "Offset": 14}, "MinorVersion": {"FileOffset": 8107754, "Value": 0, "Offset": 10}, "TimeDateStamp": {"FileOffset": 8107748, "Value": "0x0        [Thu Jan  1 00:00:00 1970 UTC]", "Offset": 4}, "Characteristics": {"FileOffset": 8107744, "Value": 0, "Offset": 0}, "NumberOfNamedEntries": {"FileOffset": 8107756, "Value": 0, "Offset": 12}, "Structure": "IMAGE_RESOURCE_DIRECTORY"}, {"LANG": 0, "SUBLANG_NAME": "SUBLANG_NEUTRAL", "Name": {"FileOffset": 8107760, "Value": 0, "Offset": 0}, "CodePage": {"FileOffset": 8107848, "Value": 0, "Offset": 8}, "LANG_NAME": "LANG_NEUTRAL", "OffsetToData": {"FileOffset": 8107840, "Value": 8118624, "Offset": 0}, "Reserved": {"FileOffset": 8107852, "Value": 0, "Offset": 12}, "SUBLANG": 0, "Structure": "IMAGE_RESOURCE_DATA_ENTRY", "Size": {"FileOffset": 8107844, "Value": 796, "Offset": 4}}]], {"Structure": "IMAGE_RESOURCE_DIRECTORY_ENTRY", "Id": [24, "RT_MANIFEST"], "OffsetToData": {"FileOffset": 8107564, "Value": 2147483776, "Offset": 4}, "Name": {"FileOffset": 8107560, "Value": 24, "Offset": 0}}, [{"MajorVersion": {"FileOffset": 8107656, "Value": 0, "Offset": 8}, "NumberOfIdEntries": {"FileOffset": 8107662, "Value": 1, "Offset": 14}, "MinorVersion": {"FileOffset": 8107658, "Value": 0, "Offset": 10}, "TimeDateStamp": {"FileOffset": 8107652, "Value": "0x0        [Thu Jan  1 00:00:00 1970 UTC]", "Offset": 4}, "Characteristics": {"FileOffset": 8107648, "Value": 0, "Offset": 0}, "NumberOfNamedEntries": {"FileOffset": 8107660, "Value": 0, "Offset": 12}, "Structure": "IMAGE_RESOURCE_DIRECTORY"}, {"Structure": "IMAGE_RESOURCE_DIRECTORY_ENTRY", "Id": 1, "OffsetToData": {"FileOffset": 8107668, "Value": 2147483896, "Offset": 4}, "Name": {"FileOffset": 8107664, "Value": 1, "Offset": 0}}, [{"MajorVersion": {"FileOffset": 8107776, "Value": 0, "Offset": 8}, "NumberOfIdEntries": {"FileOffset": 8107782, "Value": 1, "Offset": 14}, "MinorVersion": {"FileOffset": 8107778, "Value": 0, "Offset": 10}, "TimeDateStamp": {"FileOffset": 8107772, "Value": "0x0        [Thu Jan  1 00:00:00 1970 UTC]", "Offset": 4}, "Characteristics": {"FileOffset": 8107768, "Value": 0, "Offset": 0}, "NumberOfNamedEntries": {"FileOffset": 8107780, "Value": 0, "Offset": 12}, "Structure": "IMAGE_RESOURCE_DIRECTORY"}, {"LANG": 0, "SUBLANG_NAME": "SUBLANG_NEUTRAL", "Name": {"FileOffset": 8107784, "Value": 0, "Offset": 0}, "CodePage": {"FileOffset": 8107864, "Value": 0, "Offset": 8}, "LANG_NAME": "LANG_NEUTRAL", "OffsetToData": {"FileOffset": 8107856, "Value": 8120504, "Offset": 0}, "Reserved": {"FileOffset": 8107868, "Value": 0, "Offset": 12}, "SUBLANG": 0, "Structure": "IMAGE_RESOURCE_DATA_ENTRY", "Size": {"FileOffset": 8107860, "Value": 2270, "Offset": 4}}]]]}
