{"DllCharacteristics": ["IMAGE_DLLCHARACTERISTICS_NO_SEH", "IMAGE_DLLCHARACTERISTICS_TERMINAL_SERVER_AWARE", "IMAGE_DLLCHARACTERISTICS_DYNAMIC_BASE", "IMAGE_DLLCHARACTERISTICS_NX_COMPAT"], "FILE_HEADER": {"NumberOfSections": {"FileOffset": 134, "Value": 3, "Offset": 2}, "TimeDateStamp": {"FileOffset": 136, "Value": "0x54123A1D [Fri Sep 12 00:11:09 2014 UTC]", "Offset": 4}, "PointerToSymbolTable": {"FileOffset": 140, "Value": 0, "Offset": 8}, "NumberOfSymbols": {"FileOffset": 144, "Value": 0, "Offset": 12}, "Machine": {"FileOffset": 132, "Value": 332, "Offset": 0}, "Characteristics": {"FileOffset": 150, "Value": 258, "Offset": 18}, "SizeOfOptionalHeader": {"FileOffset": 148, "Value": 224, "Offset": 16}, "Structure": "IMAGE_FILE_HEADER"}, "Directories": [{"VirtualAddress": {"FileOffset": 248, "Value": 0, "Offset": 0}, "Structure": "IMAGE_DIRECTORY_ENTRY_EXPORT", "Size": {"FileOffset": 252, "Value": 0, "Offset": 4}}, {"VirtualAddress": {"FileOffset": 256, "Value": 14492, "Offset": 0}, "Structure": "IMAGE_DIRECTORY_ENTRY_IMPORT", "Size": {"FileOffset": 260, "Value": 79, "Offset": 4}}, {"VirtualAddress": {"FileOffset": 264, "Value": 16384, "Offset": 0}, "Structure": "IMAGE_DIRECTORY_ENTRY_RESOURCE", "Size": {"FileOffset": 268, "Value": 1480, "Offset": 4}}, {"VirtualAddress": {"FileOffset": 272, "Value": 0, "Offset": 0}, "Structure": "IMAGE_DIRECTORY_ENTRY_EXCEPTION", "Size": {"FileOffset": 276, "Value": 0, "Offset": 4}}, {"VirtualAddress": {"FileOffset": 280, "Value": 0, "Offset": 0}, "Structure": "IMAGE_DIRECTORY_ENTRY_SECURITY", "Size": {"FileOffset": 284, "Value": 0, "Offset": 4}}, {"VirtualAddress": {"FileOffset": 288, "Value": 24576, "Offset": 0}, "Structure": "IMAGE_DIRECTORY_ENTRY_BASERELOC", "Size": {"FileOffset": 292, "Value": 12, "Offset": 4}}, {"VirtualAddress": {"FileOffset": 296, "Value": 14180, "Offset": 0}, "Structure": "IMAGE_DIRECTORY_ENTRY_DEBUG", "Size": {"FileOffset": 300, "Value": 28, "Offset": 4}}, {"VirtualAddress": {"FileOffset": 304, "Value": 0, "Offset": 0}, "Structure": "IMAGE_DIRECTORY_ENTRY_COPYRIGHT", "Size": {"FileOffset": 308, "Value": 0, "Offset": 4}}, {"VirtualAddress": {"FileOffset": 312, "Value": 0, "Offset": 0}, "Structure": "IMAGE_DIRECTORY_ENTRY_GLOBALPTR", "Size": {"FileOffset": 316, "Value": 0, "Offset": 4}}, {"VirtualAddress": {"FileOffset": 320, "Value": 0, "Offset": 0}, "Structure": "IMAGE_DIRECTORY_ENTRY_TLS", "Size": {"FileOffset": 324, "Value": 0, "Offset": 4}}, {"VirtualAddress": {"FileOffset": 328, "Value": 0, "Offset": 0}, "Structure": "IMAGE_DIRECTORY_ENTRY_LOAD_CONFIG", "Size": {"FileOffset": 332, "Value": 0, "Offset": 4}}, {"VirtualAddress": {"FileOffset": 336, "Value": 0, "Offset": 0}, "Structure": "IMAGE_DIRECTORY_ENTRY_BOUND_IMPORT", "Size": {"FileOffset": 340, "Value": 0, "Offset": 4}}, {"VirtualAddress": {"FileOffset": 344, "Value": 8192, "Offset": 0}, "Structure": "IMAGE_DIRECTORY_ENTRY_IAT", "Size": {"FileOffset": 348, "Value": 8, "Offset": 4}}, {"VirtualAddress": {"FileOffset": 352, "Value": 0, "Offset": 0}, "Structure": "IMAGE_DIRECTORY_ENTRY_DELAY_IMPORT", "Size": {"FileOffset": 356, "Value": 0, "Offset": 4}}, {"VirtualAddress": {"FileOffset": 360, "Value": 8200, "Offset": 0}, "Structure": "IMAGE_DIRECTORY_ENTRY_COM_DESCRIPTOR", "Size": {"FileOffset": 364, "Value": 72, "Offset": 4}}, {"VirtualAddress": {"FileOffset": 368, "Value": 0, "Offset": 0}, "Structure": "IMAGE_DIRECTORY_ENTRY_RESERVED", "Size": {"FileOffset": 372, "Value": 0, "Offset": 4}}], "OPTIONAL_HEADER": {"DllCharacteristics": {"FileOffset": 222, "Value": 34112, "Offset": 70}, "BaseOfCode": {"FileOffset": 172, "Value": 8192, "Offset": 20}, "MajorLinkerVersion": {"FileOffset": 154, "Value": 11, "Offset": 2}, "MinorOperatingSystemVersion": {"FileOffset": 194, "Value": 0, "Offset": 42}, "MinorLinkerVersion": {"FileOffset": 155, "Value": 0, "Offset": 3}, "MajorSubsystemVersion": {"FileOffset": 200, "Value": 4, "Offset": 48}, "MajorOperatingSystemVersion": {"FileOffset": 192, "Value": 4, "Offset": 40}, "SizeOfStackCommit": {"FileOffset": 228, "Value": 4096, "Offset": 76}, "SizeOfUninitializedData": {"FileOffset": 164, "Value": 0, "Offset": 12}, "NumberOfRvaAndSizes": {"FileOffset": 244, "Value": 16, "Offset": 92}, "SizeOfHeapReserve": {"FileOffset": 232, "Value": 1048576, "Offset": 80}, "LoaderFlags": {"FileOffset": 240, "Value": 0, "Offset": 88}, "SizeOfHeapCommit": {"FileOffset": 236, "Value": 4096, "Offset": 84}, "SizeOfStackReserve": {"FileOffset": 224, "Value": 1048576, "Offset": 72}, "Structure": "IMAGE_OPTIONAL_HEADER", "SizeOfHeaders": {"FileOffset": 212, "Value": 512, "Offset": 60}, "Subsystem": {"FileOffset": 220, "Value": 3, "Offset": 68}, "Magic": {"FileOffset": 152, "Value": 267, "Offset": 0}, "MinorImageVersion": {"FileOffset": 198, "Value": 0, "Offset": 46}, "MajorImageVersion": {"FileOffset": 196, "Value": 0, "Offset": 44}, "FileAlignment": {"FileOffset": 188, "Value": 512, "Offset": 36}, "BaseOfData": {"FileOffset": 176, "Value": 16384, "Offset": 24}, "AddressOfEntryPoint": {"FileOffset": 168, "Value": 14574, "Offset": 16}, "SectionAlignment": {"FileOffset": 184, "Value": 8192, "Offset": 32}, "SizeOfCode": {"FileOffset": 156, "Value": 6656, "Offset": 4}, "ImageBase": {"FileOffset": 180, "Value": 4194304, "Offset": 28}, "SizeOfInitializedData": {"FileOffset": 160, "Value": 2048, "Offset": 8}, "SizeOfImage": {"FileOffset": 208, "Value": 32768, "Offset": 56}, "MinorSubsystemVersion": {"FileOffset": 202, "Value": 0, "Offset": 50}, "CheckSum": {"FileOffset": 216, "Value": 0, "Offset": 64}, "Reserved1": {"FileOffset": 204, "Value": 0, "Offset": 52}}, "DOS_HEADER": {"e_cblp": {"FileOffset": 2, "Value": 144, "Offset": 2}, "e_crlc": {"FileOffset": 6, "Value": 0, "Offset": 6}, "e_ovno": {"FileOffset": 26, "Value": 0, "Offset": 26}, "e_minalloc": {"FileOffset": 10, "Value": 0, "Offset": 10}, "e_csum": {"FileOffset": 18, "Value": 0, "Offset": 18}, "e_cparhdr": {"FileOffset": 8, "Value": 4, "Offset": 8}, "e_cp": {"FileOffset": 4, "Value": 3, "Offset": 4}, "e_cs": {"FileOffset": 22, "Value": 0, "Offset": 22}, "e_maxalloc": {"FileOffset": 12, "Value": 65535, "Offset": 12}, "e_lfarlc": {"FileOffset": 24, "Value": 64, "Offset": 24}, "e_oemid": {"FileOffset": 36, "Value": 0, "Offset": 36}, "e_lfanew": {"FileOffset": 60, "Value": 128, "Offset": 60}, "e_ss": {"FileOffset": 14, "Value": 0, "Offset": 14}, "e_magic": {"FileOffset": 0, "Value": 23117, "Offset": 0}, "e_oeminfo": {"FileOffset": 38, "Value": 0, "Offset": 38}, "e_res2": {"FileOffset": 40, "Value": "", "Offset": 40}, "e_res": {"FileOffset": 28, "Value": "", "Offset": 28}, "e_sp": {"FileOffset": 16, "Value": 184, "Offset": 16}, "Structure": "IMAGE_DOS_HEADER", "e_ip": {"FileOffset": 20, "Value": 0, "Offset": 20}}, "Base relocations": [[{"SizeOfBlock": {"FileOffset": 8708, "Value": 12, "Offset": 4}, "VirtualAddress": {"FileOffset": 8704, "Value": 12288, "Offset": 0}, "Structure": "IMAGE_BASE_RELOCATION"}, {"RVA": 14576, "Type": "HIGHLOW"}, {"RVA": 12288, "Type": "ABSOLUTE"}]], "NT_HEADERS": {"Structure": "IMAGE_NT_HEADERS", "Signature": {"FileOffset": 128, "Value": 17744, "Offset": 0}}, "Flags": ["IMAGE_FILE_32BIT_MACHINE", "IMAGE_FILE_EXECUTABLE_IMAGE"], "Version Information": [{"ValueLength": {"FileOffset": 7330, "Value": 52, "Offset": 2}, "Length": {"FileOffset": 7328, "Value": 824, "Offset": 0}, "Type": {"FileOffset": 7332, "Value": 0, "Offset": 4}, "Structure": "VS_VERSIONINFO"}, {"FileFlagsMask": {"FileOffset": 7392, "Value": 63, "Offset": 24}, "FileType": {"FileOffset": 7404, "Value": 1, "Offset": 36}, "FileVersionMS": {"FileOffset": 7376, "Value": 65536, "Offset": 8}, "FileVersionLS": {"FileOffset": 7380, "Value": 0, "Offset": 12}, "Signature": {"FileOffset": 7368, "Value": 4277077181, "Offset": 0}, "FileSubtype": {"FileOffset": 7408, "Value": 0, "Offset": 40}, "FileFlags": {"FileOffset": 7396, "Value": 0, "Offset": 28}, "FileDateLS": {"FileOffset": 7416, "Value": 0, "Offset": 48}, "ProductVersionLS": {"FileOffset": 7388, "Value": 0, "Offset": 20}, "FileOS": {"FileOffset": 7400, "Value": 4, "Offset": 32}, "ProductVersionMS": {"FileOffset": 7384, "Value": 65536, "Offset": 16}, "FileDateMS": {"FileOffset": 7412, "Value": 0, "Offset": 44}, "Structure": "VS_FIXEDFILEINFO", "StrucVersion": {"FileOffset": 7372, "Value": 65536, "Offset": 4}}], "Debug information": [{"MajorVersion": {"FileOffset": 6508, "Value": 0, "Offset": 8}, "PointerToRawData": {"FileOffset": 6524, "Value": 6528, "Offset": 24}, "MinorVersion": {"FileOffset": 6510, "Value": 0, "Offset": 10}, "TimeDateStamp": {"FileOffset": 6504, "Value": "0x54123A1D [Fri Sep 12 00:11:09 2014 UTC]", "Offset": 4}, "Characteristics": {"FileOffset": 6500, "Value": 0, "Offset": 0}, "Structure": "IMAGE_DEBUG_DIRECTORY", "Type": "IMAGE_DEBUG_TYPE_CODEVIEW", "SizeOfData": {"FileOffset": 6516, "Value": 284, "Offset": 16}, "AddressOfRawData": {"FileOffset": 6520, "Value": 14208, "Offset": 20}}], "Imported symbols": [[{"TimeDateStamp": {"FileOffset": 6816, "Value": "0x0        [Thu Jan  1 00:00:00 1970 UTC]", "Offset": 4}, "Name": {"FileOffset": 6824, "Value": 14558, "Offset": 12}, "ForwarderChain": {"FileOffset": 6820, "Value": 0, "Offset": 8}, "OriginalFirstThunk": {"FileOffset": 6812, "Value": 14532, "Offset": 0}, "FirstThunk": {"FileOffset": 6828, "Value": 8192, "Offset": 16}, "Characteristics": {"FileOffset": 6812, "Value": 14532, "Offset": 0}, "Structure": "IMAGE_IMPORT_DESCRIPTOR"}, {"Hint": 0, "Name": "_CorExeMain", "DLL": "mscoree.dll"}]], "PE Sections": [{"PointerToRawData": {"FileOffset": 396, "Value": 512, "Offset": 20}, "SHA1": "eb4bdb7b3c9eb26dfb3fe789412128b814370020", "SHA256": "bad8de8d5fa856ed91b6c7323b8c0c799da98a877d639d2c27b5a689677eff58", "Name": {"FileOffset": 376, "Value": ".text", "Offset": 0}, "NumberOfRelocations": {"FileOffset": 408, "Value": 0, "Offset": 32}, "Misc_VirtualSize": {"FileOffset": 384, "Value": 6388, "Offset": 8}, "Characteristics": {"FileOffset": 412, "Value": 1610612768, "Offset": 36}, "Misc": {"FileOffset": 384, "Value": 6388, "Offset": 8}, "PointerToLinenumbers": {"FileOffset": 404, "Value": 0, "Offset": 28}, "SizeOfRawData": {"FileOffset": 392, "Value": 6656, "Offset": 16}, "Misc_PhysicalAddress": {"FileOffset": 384, "Value": 6388, "Offset": 8}, "PointerToRelocations": {"FileOffset": 400, "Value": 0, "Offset": 24}, "Flags": ["IMAGE_SCN_MEM_EXECUTE", "IMAGE_SCN_CNT_CODE", "IMAGE_SCN_MEM_READ"], "SHA512": "209da93ea9fd66c608a55934889a84a04973ec19bffaea99fb891190e87f9cf7fb14368df9fdfd434bca47d26a26dd5f74f8ae3b69593110356bf2adb029b4f6", "MD5": "498aa381b0d1b05210bdde4a6a63da31", "Entropy": 5.251482610653608, "VirtualAddress": {"FileOffset": 388, "Value": 8192, "Offset": 12}, "Structure": "IMAGE_SECTION_HEADER", "NumberOfLinenumbers": {"FileOffset": 410, "Value": 0, "Offset": 34}}, {"PointerToRawData": {"FileOffset": 436, "Value": 7168, "Offset": 20}, "SHA1": "6015b7fb33b891b03f01cc87b02697a26584e181", "SHA256": "08b0f45e77770ac8a0169c67fd3f046155887b91af970e014f2b597005812b0e", "Name": {"FileOffset": 416, "Value": ".rsrc", "Offset": 0}, "NumberOfRelocations": {"FileOffset": 448, "Value": 0, "Offset": 32}, "Misc_VirtualSize": {"FileOffset": 424, "Value": 1480, "Offset": 8}, "Characteristics": {"FileOffset": 452, "Value": 1073741888, "Offset": 36}, "Misc": {"FileOffset": 424, "Value": 1480, "Offset": 8}, "PointerToLinenumbers": {"FileOffset": 444, "Value": 0, "Offset": 28}, "SizeOfRawData": {"FileOffset": 432, "Value": 1536, "Offset": 16}, "Misc_PhysicalAddress": {"FileOffset": 424, "Value": 1480, "Offset": 8}, "PointerToRelocations": {"FileOffset": 440, "Value": 0, "Offset": 24}, "Flags": ["IMAGE_SCN_CNT_INITIALIZED_DATA", "IMAGE_SCN_MEM_READ"], "SHA512": "ad1eaebffbcc4ea92d89699625f260869c8d406517b101192486b815d8fb9e274dfd50d83872fea6cc7ad2417320546fce79392a7a319bf1ea41fa3017ab5175", "MD5": "1cae58cbe7814c808b7c016d6e5c5828", "Entropy": 4.1095956654459025, "VirtualAddress": {"FileOffset": 428, "Value": 16384, "Offset": 12}, "Structure": "IMAGE_SECTION_HEADER", "NumberOfLinenumbers": {"FileOffset": 450, "Value": 0, "Offset": 34}}, {"PointerToRawData": {"FileOffset": 476, "Value": 8704, "Offset": 20}, "SHA1": "6574068d831ee6ac78dcb87094a427cf4af074c0", "SHA256": "9914c74a730fb91bb64aea692b8ce562e4da548817fec2a282c27b14c3885dd4", "Name": {"FileOffset": 456, "Value": ".reloc", "Offset": 0}, "NumberOfRelocations": {"FileOffset": 488, "Value": 0, "Offset": 32}, "Misc_VirtualSize": {"FileOffset": 464, "Value": 12, "Offset": 8}, "Characteristics": {"FileOffset": 492, "Value": 1107296320, "Offset": 36}, "Misc": {"FileOffset": 464, "Value": 12, "Offset": 8}, "PointerToLinenumbers": {"FileOffset": 484, "Value": 0, "Offset": 28}, "SizeOfRawData": {"FileOffset": 472, "Value": 512, "Offset": 16}, "Misc_PhysicalAddress": {"FileOffset": 464, "Value": 12, "Offset": 8}, "PointerToRelocations": {"FileOffset": 480, "Value": 0, "Offset": 24}, "Flags": ["IMAGE_SCN_CNT_INITIALIZED_DATA", "IMAGE_SCN_MEM_DISCARDABLE", "IMAGE_SCN_MEM_READ"], "SHA512": "9893d6cb0bdefa94ffc330912dd4f7010d4696fa80f61af0b6253a72d700f64e4d83e80217ef1bca660f1a0bc6b4ec8e515538cad397e5271c37fd9f16621c15", "MD5": "241920a5137dc94f0ecb70a7926ee61c", "Entropy": 0.08153941234324169, "VirtualAddress": {"FileOffset": 468, "Value": 24576, "Offset": 12}, "Structure": "IMAGE_SECTION_HEADER", "NumberOfLinenumbers": {"FileOffset": 490, "Value": 0, "Offset": 34}}], "Resource directory": [{"MajorVersion": {"FileOffset": 7176, "Value": 0, "Offset": 8}, "NumberOfIdEntries": {"FileOffset": 7182, "Value": 2, "Offset": 14}, "MinorVersion": {"FileOffset": 7178, "Value": 0, "Offset": 10}, "TimeDateStamp": {"FileOffset": 7172, "Value": "0x0        [Thu Jan  1 00:00:00 1970 UTC]", "Offset": 4}, "Characteristics": {"FileOffset": 7168, "Value": 0, "Offset": 0}, "NumberOfNamedEntries": {"FileOffset": 7180, "Value": 0, "Offset": 12}, "Structure": "IMAGE_RESOURCE_DIRECTORY"}, {"Structure": "IMAGE_RESOURCE_DIRECTORY_ENTRY", "Id": [16, "RT_VERSION"], "OffsetToData": {"FileOffset": 7188, "Value": 2147483680, "Offset": 4}, "Name": {"FileOffset": 7184, "Value": 16, "Offset": 0}}, [{"MajorVersion": {"FileOffset": 7208, "Value": 0, "Offset": 8}, "NumberOfIdEntries": {"FileOffset": 7214, "Value": 1, "Offset": 14}, "MinorVersion": {"FileOffset": 7210, "Value": 0, "Offset": 10}, "TimeDateStamp": {"FileOffset": 7204, "Value": "0x0        [Thu Jan  1 00:00:00 1970 UTC]", "Offset": 4}, "Characteristics": {"FileOffset": 7200, "Value": 0, "Offset": 0}, "NumberOfNamedEntries": {"FileOffset": 7212, "Value": 0, "Offset": 12}, "Structure": "IMAGE_RESOURCE_DIRECTORY"}, {"Structure": "IMAGE_RESOURCE_DIRECTORY_ENTRY", "Id": 1, "OffsetToData": {"FileOffset": 7220, "Value": 2147483728, "Offset": 4}, "Name": {"FileOffset": 7216, "Value": 1, "Offset": 0}}, [{"MajorVersion": {"FileOffset": 7256, "Value": 0, "Offset": 8}, "NumberOfIdEntries": {"FileOffset": 7262, "Value": 1, "Offset": 14}, "MinorVersion": {"FileOffset": 7258, "Value": 0, "Offset": 10}, "TimeDateStamp": {"FileOffset": 7252, "Value": "0x0        [Thu Jan  1 00:00:00 1970 UTC]", "Offset": 4}, "Characteristics": {"FileOffset": 7248, "Value": 0, "Offset": 0}, "NumberOfNamedEntries": {"FileOffset": 7260, "Value": 0, "Offset": 12}, "Structure": "IMAGE_RESOURCE_DIRECTORY"}, {"LANG": 0, "SUBLANG_NAME": "SUBLANG_NEUTRAL", "Name": {"FileOffset": 7264, "Value": 0, "Offset": 0}, "CodePage": {"FileOffset": 7304, "Value": 0, "Offset": 8}, "LANG_NAME": "LANG_NEUTRAL", "OffsetToData": {"FileOffset": 7296, "Value": 16544, "Offset": 0}, "Reserved": {"FileOffset": 7308, "Value": 0, "Offset": 12}, "SUBLANG": 0, "Structure": "IMAGE_RESOURCE_DATA_ENTRY", "Size": {"FileOffset": 7300, "Value": 824, "Offset": 4}}]], {"Structure": "IMAGE_RESOURCE_DIRECTORY_ENTRY", "Id": [24, "RT_MANIFEST"], "OffsetToData": {"FileOffset": 7196, "Value": 2147483704, "Offset": 4}, "Name": {"FileOffset": 7192, "Value": 24, "Offset": 0}}, [{"MajorVersion": {"FileOffset": 7232, "Value": 0, "Offset": 8}, "NumberOfIdEntries": {"FileOffset": 7238, "Value": 1, "Offset": 14}, "MinorVersion": {"FileOffset": 7234, "Value": 0, "Offset": 10}, "TimeDateStamp": {"FileOffset": 7228, "Value": "0x0        [Thu Jan  1 00:00:00 1970 UTC]", "Offset": 4}, "Characteristics": {"FileOffset": 7224, "Value": 0, "Offset": 0}, "NumberOfNamedEntries": {"FileOffset": 7236, "Value": 0, "Offset": 12}, "Structure": "IMAGE_RESOURCE_DIRECTORY"}, {"Structure": "IMAGE_RESOURCE_DIRECTORY_ENTRY", "Id": 1, "OffsetToData": {"FileOffset": 7244, "Value": 2147483752, "Offset": 4}, "Name": {"FileOffset": 7240, "Value": 1, "Offset": 0}}, [{"MajorVersion": {"FileOffset": 7280, "Value": 0, "Offset": 8}, "NumberOfIdEntries": {"FileOffset": 7286, "Value": 1, "Offset": 14}, "MinorVersion": {"FileOffset": 7282, "Value": 0, "Offset": 10}, "TimeDateStamp": {"FileOffset": 7276, "Value": "0x0        [Thu Jan  1 00:00:00 1970 UTC]", "Offset": 4}, "Characteristics": {"FileOffset": 7272, "Value": 0, "Offset": 0}, "NumberOfNamedEntries": {"FileOffset": 7284, "Value": 0, "Offset": 12}, "Structure": "IMAGE_RESOURCE_DIRECTORY"}, {"LANG": 0, "SUBLANG_NAME": "SUBLANG_NEUTRAL", "Name": {"FileOffset": 7288, "Value": 0, "Offset": 0}, "CodePage": {"FileOffset": 7320, "Value": 0, "Offset": 8}, "LANG_NAME": "LANG_NEUTRAL", "OffsetToData": {"FileOffset": 7312, "Value": 17368, "Offset": 0}, "Reserved": {"FileOffset": 7324, "Value": 0, "Offset": 12}, "SUBLANG": 0, "Structure": "IMAGE_RESOURCE_DATA_ENTRY", "Size": {"FileOffset": 7316, "Value": 490, "Offset": 4}}]]]}
