{"DllCharacteristics": ["IMAGE_DLLCHARACTERISTICS_TERMINAL_SERVER_AWARE", "IMAGE_DLLCHARACTERISTICS_DYNAMIC_BASE", "IMAGE_DLLCHARACTERISTICS_NX_COMPAT"], "FILE_HEADER": {"NumberOfSections": {"FileOffset": 246, "Value": 5, "Offset": 2}, "TimeDateStamp": {"FileOffset": 248, "Value": "0x50D6A1F7 [Sun Dec 23 06:17:27 2012 UTC]", "Offset": 4}, "PointerToSymbolTable": {"FileOffset": 252, "Value": 0, "Offset": 8}, "NumberOfSymbols": {"FileOffset": 256, "Value": 0, "Offset": 12}, "Machine": {"FileOffset": 244, "Value": 332, "Offset": 0}, "Characteristics": {"FileOffset": 262, "Value": 258, "Offset": 18}, "SizeOfOptionalHeader": {"FileOffset": 260, "Value": 224, "Offset": 16}, "Structure": "IMAGE_FILE_HEADER"}, "Directories": [{"VirtualAddress": {"FileOffset": 360, "Value": 0, "Offset": 0}, "Structure": "IMAGE_DIRECTORY_ENTRY_EXPORT", "Size": {"FileOffset": 364, "Value": 0, "Offset": 4}}, {"VirtualAddress": {"FileOffset": 368, "Value": 52356, "Offset": 0}, "Structure": "IMAGE_DIRECTORY_ENTRY_IMPORT", "Size": {"FileOffset": 372, "Value": 60, "Offset": 4}}, {"VirtualAddress": {"FileOffset": 376, "Value": 69632, "Offset": 0}, "Structure": "IMAGE_DIRECTORY_ENTRY_RESOURCE", "Size": {"FileOffset": 380, "Value": 1220, "Offset": 4}}, {"VirtualAddress": {"FileOffset": 384, "Value": 0, "Offset": 0}, "Structure": "IMAGE_DIRECTORY_ENTRY_EXCEPTION", "Size": {"FileOffset": 388, "Value": 0, "Offset": 4}}, {"VirtualAddress": {"FileOffset": 392, "Value": 0, "Offset": 0}, "Structure": "IMAGE_DIRECTORY_ENTRY_SECURITY", "Size": {"FileOffset": 396, "Value": 0, "Offset": 4}}, {"VirtualAddress": {"FileOffset": 400, "Value": 73728, "Offset": 0}, "Structure": "IMAGE_DIRECTORY_ENTRY_BASERELOC", "Size": {"FileOffset": 404, "Value": 2348, "Offset": 4}}, {"VirtualAddress": {"FileOffset": 408, "Value": 41360, "Offset": 0}, "Structure": "IMAGE_DIRECTORY_ENTRY_DEBUG", "Size": {"FileOffset": 412, "Value": 28, "Offset": 4}}, {"VirtualAddress": {"FileOffset": 416, "Value": 0, "Offset": 0}, "Structure": "IMAGE_DIRECTORY_ENTRY_COPYRIGHT", "Size": {"FileOffset": 420, "Value": 0, "Offset": 4}}, {"VirtualAddress": {"FileOffset": 424, "Value": 0, "Offset": 0}, "Structure": "IMAGE_DIRECTORY_ENTRY_GLOBALPTR", "Size": {"FileOffset": 428, "Value": 0, "Offset": 4}}, {"VirtualAddress": {"FileOffset": 432, "Value": 0, "Offset": 0}, "Structure": "IMAGE_DIRECTORY_ENTRY_TLS", "Size": {"FileOffset": 436, "Value": 0, "Offset": 4}}, {"VirtualAddress": {"FileOffset": 440, "Value": 50976, "Offset": 0}, "Structure": "IMAGE_DIRECTORY_ENTRY_LOAD_CONFIG", "Size": {"FileOffset": 444, "Value": 64, "Offset": 4}}, {"VirtualAddress": {"FileOffset": 448, "Value": 0, "Offset": 0}, "Structure": "IMAGE_DIRECTORY_ENTRY_BOUND_IMPORT", "Size": {"FileOffset": 452, "Value": 0, "Offset": 4}}, {"VirtualAddress": {"FileOffset": 456, "Value": 40960, "Offset": 0}, "Structure": "IMAGE_DIRECTORY_ENTRY_IAT", "Size": {"FileOffset": 460, "Value": 324, "Offset": 4}}, {"VirtualAddress": {"FileOffset": 464, "Value": 0, "Offset": 0}, "Structure": "IMAGE_DIRECTORY_ENTRY_DELAY_IMPORT", "Size": {"FileOffset": 468, "Value": 0, "Offset": 4}}, {"VirtualAddress": {"FileOffset": 472, "Value": 0, "Offset": 0}, "Structure": "IMAGE_DIRECTORY_ENTRY_COM_DESCRIPTOR", "Size": {"FileOffset": 476, "Value": 0, "Offset": 4}}, {"VirtualAddress": {"FileOffset": 480, "Value": 0, "Offset": 0}, "Structure": "IMAGE_DIRECTORY_ENTRY_RESERVED", "Size": {"FileOffset": 484, "Value": 0, "Offset": 4}}], "OPTIONAL_HEADER": {"DllCharacteristics": {"FileOffset": 334, "Value": 33088, "Offset": 70}, "BaseOfCode": {"FileOffset": 284, "Value": 4096, "Offset": 20}, "MajorLinkerVersion": {"FileOffset": 266, "Value": 10, "Offset": 2}, "MinorOperatingSystemVersion": {"FileOffset": 306, "Value": 1, "Offset": 42}, "MinorLinkerVersion": {"FileOffset": 267, "Value": 0, "Offset": 3}, "MajorSubsystemVersion": {"FileOffset": 312, "Value": 5, "Offset": 48}, "MajorOperatingSystemVersion": {"FileOffset": 304, "Value": 5, "Offset": 40}, "SizeOfStackCommit": {"FileOffset": 340, "Value": 4096, "Offset": 76}, "SizeOfUninitializedData": {"FileOffset": 276, "Value": 0, "Offset": 12}, "NumberOfRvaAndSizes": {"FileOffset": 356, "Value": 16, "Offset": 92}, "SizeOfHeapReserve": {"FileOffset": 344, "Value": 1048576, "Offset": 80}, "LoaderFlags": {"FileOffset": 352, "Value": 0, "Offset": 88}, "SizeOfHeapCommit": {"FileOffset": 348, "Value": 4096, "Offset": 84}, "SizeOfStackReserve": {"FileOffset": 336, "Value": 1048576, "Offset": 72}, "Structure": "IMAGE_OPTIONAL_HEADER", "SizeOfHeaders": {"FileOffset": 324, "Value": 1024, "Offset": 60}, "Subsystem": {"FileOffset": 332, "Value": 3, "Offset": 68}, "Magic": {"FileOffset": 264, "Value": 267, "Offset": 0}, "MinorImageVersion": {"FileOffset": 310, "Value": 0, "Offset": 46}, "MajorImageVersion": {"FileOffset": 308, "Value": 0, "Offset": 44}, "FileAlignment": {"FileOffset": 300, "Value": 512, "Offset": 36}, "BaseOfData": {"FileOffset": 288, "Value": 40960, "Offset": 24}, "AddressOfEntryPoint": {"FileOffset": 280, "Value": 8875, "Offset": 16}, "SectionAlignment": {"FileOffset": 296, "Value": 4096, "Offset": 32}, "SizeOfCode": {"FileOffset": 268, "Value": 34304, "Offset": 4}, "ImageBase": {"FileOffset": 292, "Value": 4194304, "Offset": 28}, "SizeOfInitializedData": {"FileOffset": 272, "Value": 24064, "Offset": 8}, "SizeOfImage": {"FileOffset": 320, "Value": 81920, "Offset": 56}, "MinorSubsystemVersion": {"FileOffset": 314, "Value": 1, "Offset": 50}, "CheckSum": {"FileOffset": 328, "Value": 74256, "Offset": 64}, "Reserved1": {"FileOffset": 316, "Value": 0, "Offset": 52}}, "DOS_HEADER": {"e_cblp": {"FileOffset": 2, "Value": 144, "Offset": 2}, "e_crlc": {"FileOffset": 6, "Value": 0, "Offset": 6}, "e_ovno": {"FileOffset": 26, "Value": 0, "Offset": 26}, "e_minalloc": {"FileOffset": 10, "Value": 0, "Offset": 10}, "e_csum": {"FileOffset": 18, "Value": 0, "Offset": 18}, "e_cparhdr": {"FileOffset": 8, "Value": 4, "Offset": 8}, "e_cp": {"FileOffset": 4, "Value": 3, "Offset": 4}, "e_cs": {"FileOffset": 22, "Value": 0, "Offset": 22}, "e_maxalloc": {"FileOffset": 12, "Value": 65535, "Offset": 12}, "e_lfarlc": {"FileOffset": 24, "Value": 64, "Offset": 24}, "e_oemid": {"FileOffset": 36, "Value": 0, "Offset": 36}, "e_lfanew": {"FileOffset": 60, "Value": 240, "Offset": 60}, "e_ss": {"FileOffset": 14, "Value": 0, "Offset": 14}, "e_magic": {"FileOffset": 0, "Value": 23117, "Offset": 0}, "e_oeminfo": {"FileOffset": 38, "Value": 0, "Offset": 38}, "e_res2": {"FileOffset": 40, "Value": "", "Offset": 40}, "e_res": {"FileOffset": 28, "Value": "", "Offset": 28}, "e_sp": {"FileOffset": 16, "Value": 184, "Offset": 16}, "Structure": "IMAGE_DOS_HEADER", "e_ip": {"FileOffset": 20, "Value": 0, "Offset": 20}}, "Base relocations": [[{"SizeOfBlock": {"FileOffset": 54276, "Value": 264, "Offset": 4}, "VirtualAddress": {"FileOffset": 54272, "Value": 4096, "Offset": 0}, "Structure": "IMAGE_BASE_RELOCATION"}, {"RVA": 4106, "Type": "HIGHLOW"}, {"RVA": 4126, "Type": "HIGHLOW"}, {"RVA": 4148, "Type": "HIGHLOW"}, {"RVA": 4166, "Type": "HIGHLOW"}, {"RVA": 4221, "Type": "HIGHLOW"}, {"RVA": 4271, "Type": "HIGHLOW"}, {"RVA": 4301, "Type": "HIGHLOW"}, {"RVA": 4307, "Type": "HIGHLOW"}, {"RVA": 4324, "Type": "HIGHLOW"}, {"RVA": 4379, "Type": "HIGHLOW"}, {"RVA": 4398, "Type": "HIGHLOW"}, {"RVA": 4429, "Type": "HIGHLOW"}, {"RVA": 4461, "Type": "HIGHLOW"}, {"RVA": 4633, "Type": "HIGHLOW"}, {"RVA": 4712, "Type": "HIGHLOW"}, {"RVA": 4727, "Type": "HIGHLOW"}, {"RVA": 4772, "Type": "HIGHLOW"}, {"RVA": 4829, "Type": "HIGHLOW"}, {"RVA": 4841, "Type": "HIGHLOW"}, {"RVA": 4864, "Type": "HIGHLOW"}, {"RVA": 4888, "Type": "HIGHLOW"}, {"RVA": 4897, "Type": "HIGHLOW"}, {"RVA": 4926, "Type": "HIGHLOW"}, {"RVA": 4939, "Type": "HIGHLOW"}, {"RVA": 4962, "Type": "HIGHLOW"}, {"RVA": 4978, "Type": "HIGHLOW"}, {"RVA": 5014, "Type": "HIGHLOW"}, {"RVA": 5027, "Type": "HIGHLOW"}, {"RVA": 5053, "Type": "HIGHLOW"}, {"RVA": 5063, "Type": "HIGHLOW"}, {"RVA": 5099, "Type": "HIGHLOW"}, {"RVA": 5112, "Type": "HIGHLOW"}, {"RVA": 5131, "Type": "HIGHLOW"}, {"RVA": 5145, "Type": "HIGHLOW"}, {"RVA": 5152, "Type": "HIGHLOW"}, {"RVA": 5189, "Type": "HIGHLOW"}, {"RVA": 5241, "Type": "HIGHLOW"}, {"RVA": 5290, "Type": "HIGHLOW"}, {"RVA": 5297, "Type": "HIGHLOW"}, {"RVA": 5327, "Type": "HIGHLOW"}, {"RVA": 5386, "Type": "HIGHLOW"}, {"RVA": 5415, "Type": "HIGHLOW"}, {"RVA": 5443, "Type": "HIGHLOW"}, {"RVA": 5462, "Type": "HIGHLOW"}, {"RVA": 5536, "Type": "HIGHLOW"}, {"RVA": 5547, "Type": "HIGHLOW"}, {"RVA": 5557, "Type": "HIGHLOW"}, {"RVA": 5593, "Type": "HIGHLOW"}, {"RVA": 5603, "Type": "HIGHLOW"}, {"RVA": 5645, "Type": "HIGHLOW"}, {"RVA": 5674, "Type": "HIGHLOW"}, {"RVA": 5680, "Type": "HIGHLOW"}, {"RVA": 5698, "Type": "HIGHLOW"}, {"RVA": 5717, "Type": "HIGHLOW"}, {"RVA": 5746, "Type": "HIGHLOW"}, {"RVA": 5799, "Type": "HIGHLOW"}, {"RVA": 5945, "Type": "HIGHLOW"}, {"RVA": 5951, "Type": "HIGHLOW"}, {"RVA": 5977, "Type": "HIGHLOW"}, {"RVA": 5992, "Type": "HIGHLOW"}, {"RVA": 6005, "Type": "HIGHLOW"}, {"RVA": 6017, "Type": "HIGHLOW"}, {"RVA": 6033, "Type": "HIGHLOW"}, {"RVA": 6040, "Type": "HIGHLOW"}, {"RVA": 6055, "Type": "HIGHLOW"}, {"RVA": 6067, "Type": "HIGHLOW"}, {"RVA": 6080, "Type": "HIGHLOW"}, {"RVA": 6116, "Type": "HIGHLOW"}, {"RVA": 6134, "Type": "HIGHLOW"}, {"RVA": 6148, "Type": "HIGHLOW"}, {"RVA": 6169, "Type": "HIGHLOW"}, {"RVA": 6179, "Type": "HIGHLOW"}, {"RVA": 6217, "Type": "HIGHLOW"}, {"RVA": 6268, "Type": "HIGHLOW"}, {"RVA": 6283, "Type": "HIGHLOW"}, {"RVA": 6292, "Type": "HIGHLOW"}, {"RVA": 6328, "Type": "HIGHLOW"}, {"RVA": 6375, "Type": "HIGHLOW"}, {"RVA": 6417, "Type": "HIGHLOW"}, {"RVA": 6582, "Type": "HIGHLOW"}, {"RVA": 6593, "Type": "HIGHLOW"}, {"RVA": 6606, "Type": "HIGHLOW"}, {"RVA": 6722, "Type": "HIGHLOW"}, {"RVA": 6729, "Type": "HIGHLOW"}, {"RVA": 6763, "Type": "HIGHLOW"}, {"RVA": 6770, "Type": "HIGHLOW"}, {"RVA": 6988, "Type": "HIGHLOW"}, {"RVA": 7015, "Type": "HIGHLOW"}, {"RVA": 7028, "Type": "HIGHLOW"}, {"RVA": 7041, "Type": "HIGHLOW"}, {"RVA": 7049, "Type": "HIGHLOW"}, {"RVA": 7069, "Type": "HIGHLOW"}, {"RVA": 7083, "Type": "HIGHLOW"}, {"RVA": 7097, "Type": "HIGHLOW"}, {"RVA": 7106, "Type": "HIGHLOW"}, {"RVA": 7142, "Type": "HIGHLOW"}, {"RVA": 7157, "Type": "HIGHLOW"}, {"RVA": 7177, "Type": "HIGHLOW"}, {"RVA": 7190, "Type": "HIGHLOW"}, {"RVA": 7210, "Type": "HIGHLOW"}, {"RVA": 7317, "Type": "HIGHLOW"}, {"RVA": 7323, "Type": "HIGHLOW"}, {"RVA": 7432, "Type": "HIGHLOW"}, {"RVA": 7603, "Type": "HIGHLOW"}, {"RVA": 7722, "Type": "HIGHLOW"}, {"RVA": 7728, "Type": "HIGHLOW"}, {"RVA": 7737, "Type": "HIGHLOW"}, {"RVA": 7744, "Type": "HIGHLOW"}, {"RVA": 7778, "Type": "HIGHLOW"}, {"RVA": 7895, "Type": "HIGHLOW"}, {"RVA": 7903, "Type": "HIGHLOW"}, {"RVA": 7922, "Type": "HIGHLOW"}, {"RVA": 7933, "Type": "HIGHLOW"}, {"RVA": 7938, "Type": "HIGHLOW"}, {"RVA": 7956, "Type": "HIGHLOW"}, {"RVA": 7966, "Type": "HIGHLOW"}, {"RVA": 7971, "Type": "HIGHLOW"}, {"RVA": 7999, "Type": "HIGHLOW"}, {"RVA": 8009, "Type": "HIGHLOW"}, {"RVA": 8031, "Type": "HIGHLOW"}, {"RVA": 8042, "Type": "HIGHLOW"}, {"RVA": 8068, "Type": "HIGHLOW"}, {"RVA": 8079, "Type": "HIGHLOW"}, {"RVA": 8087, "Type": "HIGHLOW"}, {"RVA": 8103, "Type": "HIGHLOW"}, {"RVA": 8109, "Type": "HIGHLOW"}, {"RVA": 8126, "Type": "HIGHLOW"}, {"RVA": 8183, "Type": "HIGHLOW"}], [{"SizeOfBlock": {"FileOffset": 54540, "Value": 176, "Offset": 4}, "VirtualAddress": {"FileOffset": 54536, "Value": 8192, "Offset": 0}, "Structure": "IMAGE_BASE_RELOCATION"}, {"RVA": 8193, "Type": "HIGHLOW"}, {"RVA": 8231, "Type": "HIGHLOW"}, {"RVA": 8238, "Type": "HIGHLOW"}, {"RVA": 8264, "Type": "HIGHLOW"}, {"RVA": 8271, "Type": "HIGHLOW"}, {"RVA": 8314, "Type": "HIGHLOW"}, {"RVA": 8488, "Type": "HIGHLOW"}, {"RVA": 8525, "Type": "HIGHLOW"}, {"RVA": 8538, "Type": "HIGHLOW"}, {"RVA": 8551, "Type": "HIGHLOW"}, {"RVA": 8563, "Type": "HIGHLOW"}, {"RVA": 8575, "Type": "HIGHLOW"}, {"RVA": 8581, "Type": "HIGHLOW"}, {"RVA": 8599, "Type": "HIGHLOW"}, {"RVA": 8607, "Type": "HIGHLOW"}, {"RVA": 8618, "Type": "HIGHLOW"}, {"RVA": 8689, "Type": "HIGHLOW"}, {"RVA": 8694, "Type": "HIGHLOW"}, {"RVA": 8704, "Type": "HIGHLOW"}, {"RVA": 8762, "Type": "HIGHLOW"}, {"RVA": 8767, "Type": "HIGHLOW"}, {"RVA": 8774, "Type": "HIGHLOW"}, {"RVA": 8780, "Type": "HIGHLOW"}, {"RVA": 8887, "Type": "HIGHLOW"}, {"RVA": 8906, "Type": "HIGHLOW"}, {"RVA": 8953, "Type": "HIGHLOW"}, {"RVA": 9004, "Type": "HIGHLOW"}, {"RVA": 9010, "Type": "HIGHLOW"}, {"RVA": 9015, "Type": "HIGHLOW"}, {"RVA": 9023, "Type": "HIGHLOW"}, {"RVA": 9039, "Type": "HIGHLOW"}, {"RVA": 9049, "Type": "HIGHLOW"}, {"RVA": 9055, "Type": "HIGHLOW"}, {"RVA": 9075, "Type": "HIGHLOW"}, {"RVA": 9104, "Type": "HIGHLOW"}, {"RVA": 9110, "Type": "HIGHLOW"}, {"RVA": 9116, "Type": "HIGHLOW"}, {"RVA": 9122, "Type": "HIGHLOW"}, {"RVA": 9128, "Type": "HIGHLOW"}, {"RVA": 9134, "Type": "HIGHLOW"}, {"RVA": 9141, "Type": "HIGHLOW"}, {"RVA": 9148, "Type": "HIGHLOW"}, {"RVA": 9155, "Type": "HIGHLOW"}, {"RVA": 9162, "Type": "HIGHLOW"}, {"RVA": 9169, "Type": "HIGHLOW"}, {"RVA": 9176, "Type": "HIGHLOW"}, {"RVA": 9183, "Type": "HIGHLOW"}, {"RVA": 9191, "Type": "HIGHLOW"}, {"RVA": 9199, "Type": "HIGHLOW"}, {"RVA": 9207, "Type": "HIGHLOW"}, {"RVA": 9219, "Type": "HIGHLOW"}, {"RVA": 9228, "Type": "HIGHLOW"}, {"RVA": 9233, "Type": "HIGHLOW"}, {"RVA": 9239, "Type": "HIGHLOW"}, {"RVA": 9249, "Type": "HIGHLOW"}, {"RVA": 9258, "Type": "HIGHLOW"}, {"RVA": 9269, "Type": "HIGHLOW"}, {"RVA": 9281, "Type": "HIGHLOW"}, {"RVA": 9286, "Type": "HIGHLOW"}, {"RVA": 9302, "Type": "HIGHLOW"}, {"RVA": 9307, "Type": "HIGHLOW"}, {"RVA": 9313, "Type": "HIGHLOW"}, {"RVA": 9319, "Type": "HIGHLOW"}, {"RVA": 9341, "Type": "HIGHLOW"}, {"RVA": 9348, "Type": "HIGHLOW"}, {"RVA": 9614, "Type": "HIGHLOW"}, {"RVA": 9621, "Type": "HIGHLOW"}, {"RVA": 9752, "Type": "HIGHLOW"}, {"RVA": 9760, "Type": "HIGHLOW"}, {"RVA": 9781, "Type": "HIGHLOW"}, {"RVA": 9792, "Type": "HIGHLOW"}, {"RVA": 10024, "Type": "HIGHLOW"}, {"RVA": 10176, "Type": "HIGHLOW"}, {"RVA": 10206, "Type": "HIGHLOW"}, {"RVA": 10244, "Type": "HIGHLOW"}, {"RVA": 10340, "Type": "HIGHLOW"}, {"RVA": 10355, "Type": "HIGHLOW"}, {"RVA": 10382, "Type": "HIGHLOW"}, {"RVA": 11228, "Type": "HIGHLOW"}, {"RVA": 11468, "Type": "HIGHLOW"}, {"RVA": 11799, "Type": "HIGHLOW"}, {"RVA": 11866, "Type": "HIGHLOW"}, {"RVA": 11910, "Type": "HIGHLOW"}, {"RVA": 11943, "Type": "HIGHLOW"}], [{"SizeOfBlock": {"FileOffset": 54716, "Value": 188, "Offset": 4}, "VirtualAddress": {"FileOffset": 54712, "Value": 12288, "Offset": 0}, "Structure": "IMAGE_BASE_RELOCATION"}, {"RVA": 12423, "Type": "HIGHLOW"}, {"RVA": 12968, "Type": "HIGHLOW"}, {"RVA": 12972, "Type": "HIGHLOW"}, {"RVA": 12976, "Type": "HIGHLOW"}, {"RVA": 12980, "Type": "HIGHLOW"}, {"RVA": 12984, "Type": "HIGHLOW"}, {"RVA": 12988, "Type": "HIGHLOW"}, {"RVA": 12992, "Type": "HIGHLOW"}, {"RVA": 12996, "Type": "HIGHLOW"}, {"RVA": 13009, "Type": "HIGHLOW"}, {"RVA": 13027, "Type": "HIGHLOW"}, {"RVA": 13251, "Type": "HIGHLOW"}, {"RVA": 13261, "Type": "HIGHLOW"}, {"RVA": 13274, "Type": "HIGHLOW"}, {"RVA": 13336, "Type": "HIGHLOW"}, {"RVA": 13343, "Type": "HIGHLOW"}, {"RVA": 13356, "Type": "HIGHLOW"}, {"RVA": 13362, "Type": "HIGHLOW"}, {"RVA": 13423, "Type": "HIGHLOW"}, {"RVA": 13451, "Type": "HIGHLOW"}, {"RVA": 13486, "Type": "HIGHLOW"}, {"RVA": 13505, "Type": "HIGHLOW"}, {"RVA": 13564, "Type": "HIGHLOW"}, {"RVA": 13602, "Type": "HIGHLOW"}, {"RVA": 13608, "Type": "HIGHLOW"}, {"RVA": 13650, "Type": "HIGHLOW"}, {"RVA": 13719, "Type": "HIGHLOW"}, {"RVA": 13726, "Type": "HIGHLOW"}, {"RVA": 13747, "Type": "HIGHLOW"}, {"RVA": 13818, "Type": "HIGHLOW"}, {"RVA": 13828, "Type": "HIGHLOW"}, {"RVA": 13871, "Type": "HIGHLOW"}, {"RVA": 13895, "Type": "HIGHLOW"}, {"RVA": 13925, "Type": "HIGHLOW"}, {"RVA": 13961, "Type": "HIGHLOW"}, {"RVA": 14009, "Type": "HIGHLOW"}, {"RVA": 14027, "Type": "HIGHLOW"}, {"RVA": 14073, "Type": "HIGHLOW"}, {"RVA": 14108, "Type": "HIGHLOW"}, {"RVA": 14114, "Type": "HIGHLOW"}, {"RVA": 14156, "Type": "HIGHLOW"}, {"RVA": 14165, "Type": "HIGHLOW"}, {"RVA": 14177, "Type": "HIGHLOW"}, {"RVA": 14232, "Type": "HIGHLOW"}, {"RVA": 14241, "Type": "HIGHLOW"}, {"RVA": 14253, "Type": "HIGHLOW"}, {"RVA": 14310, "Type": "HIGHLOW"}, {"RVA": 14319, "Type": "HIGHLOW"}, {"RVA": 14331, "Type": "HIGHLOW"}, {"RVA": 14371, "Type": "HIGHLOW"}, {"RVA": 14377, "Type": "HIGHLOW"}, {"RVA": 14395, "Type": "HIGHLOW"}, {"RVA": 14414, "Type": "HIGHLOW"}, {"RVA": 14447, "Type": "HIGHLOW"}, {"RVA": 14456, "Type": "HIGHLOW"}, {"RVA": 14495, "Type": "HIGHLOW"}, {"RVA": 14508, "Type": "HIGHLOW"}, {"RVA": 14513, "Type": "HIGHLOW"}, {"RVA": 14527, "Type": "HIGHLOW"}, {"RVA": 14746, "Type": "HIGHLOW"}, {"RVA": 14781, "Type": "HIGHLOW"}, {"RVA": 14792, "Type": "HIGHLOW"}, {"RVA": 14827, "Type": "HIGHLOW"}, {"RVA": 14906, "Type": "HIGHLOW"}, {"RVA": 14977, "Type": "HIGHLOW"}, {"RVA": 14984, "Type": "HIGHLOW"}, {"RVA": 14994, "Type": "HIGHLOW"}, {"RVA": 15012, "Type": "HIGHLOW"}, {"RVA": 15035, "Type": "HIGHLOW"}, {"RVA": 15049, "Type": "HIGHLOW"}, {"RVA": 15055, "Type": "HIGHLOW"}, {"RVA": 15090, "Type": "HIGHLOW"}, {"RVA": 15097, "Type": "HIGHLOW"}, {"RVA": 15122, "Type": "HIGHLOW"}, {"RVA": 15142, "Type": "HIGHLOW"}, {"RVA": 15148, "Type": "HIGHLOW"}, {"RVA": 15157, "Type": "HIGHLOW"}, {"RVA": 15176, "Type": "HIGHLOW"}, {"RVA": 15212, "Type": "HIGHLOW"}, {"RVA": 15276, "Type": "HIGHLOW"}, {"RVA": 15360, "Type": "HIGHLOW"}, {"RVA": 15392, "Type": "HIGHLOW"}, {"RVA": 15973, "Type": "HIGHLOW"}, {"RVA": 15980, "Type": "HIGHLOW"}, {"RVA": 16057, "Type": "HIGHLOW"}, {"RVA": 16075, "Type": "HIGHLOW"}, {"RVA": 16209, "Type": "HIGHLOW"}, {"RVA": 16238, "Type": "HIGHLOW"}, {"RVA": 16322, "Type": "HIGHLOW"}, {"RVA": 12288, "Type": "ABSOLUTE"}], [{"SizeOfBlock": {"FileOffset": 54904, "Value": 324, "Offset": 4}, "VirtualAddress": {"FileOffset": 54900, "Value": 16384, "Offset": 0}, "Structure": "IMAGE_BASE_RELOCATION"}, {"RVA": 16540, "Type": "HIGHLOW"}, {"RVA": 16548, "Type": "HIGHLOW"}, {"RVA": 16572, "Type": "HIGHLOW"}, {"RVA": 16599, "Type": "HIGHLOW"}, {"RVA": 16686, "Type": "HIGHLOW"}, {"RVA": 16725, "Type": "HIGHLOW"}, {"RVA": 16737, "Type": "HIGHLOW"}, {"RVA": 17004, "Type": "HIGHLOW"}, {"RVA": 17095, "Type": "HIGHLOW"}, {"RVA": 17102, "Type": "HIGHLOW"}, {"RVA": 17114, "Type": "HIGHLOW"}, {"RVA": 17120, "Type": "HIGHLOW"}, {"RVA": 17132, "Type": "HIGHLOW"}, {"RVA": 17138, "Type": "HIGHLOW"}, {"RVA": 17147, "Type": "HIGHLOW"}, {"RVA": 17153, "Type": "HIGHLOW"}, {"RVA": 17162, "Type": "HIGHLOW"}, {"RVA": 17174, "Type": "HIGHLOW"}, {"RVA": 17180, "Type": "HIGHLOW"}, {"RVA": 17188, "Type": "HIGHLOW"}, {"RVA": 17194, "Type": "HIGHLOW"}, {"RVA": 17206, "Type": "HIGHLOW"}, {"RVA": 17212, "Type": "HIGHLOW"}, {"RVA": 17225, "Type": "HIGHLOW"}, {"RVA": 17235, "Type": "HIGHLOW"}, {"RVA": 17241, "Type": "HIGHLOW"}, {"RVA": 17251, "Type": "HIGHLOW"}, {"RVA": 17285, "Type": "HIGHLOW"}, {"RVA": 17306, "Type": "HIGHLOW"}, {"RVA": 17344, "Type": "HIGHLOW"}, {"RVA": 17408, "Type": "HIGHLOW"}, {"RVA": 17414, "Type": "HIGHLOW"}, {"RVA": 17456, "Type": "HIGHLOW"}, {"RVA": 17462, "Type": "HIGHLOW"}, {"RVA": 17468, "Type": "HIGHLOW"}, {"RVA": 17490, "Type": "HIGHLOW"}, {"RVA": 17514, "Type": "HIGHLOW"}, {"RVA": 17552, "Type": "HIGHLOW"}, {"RVA": 17674, "Type": "HIGHLOW"}, {"RVA": 17709, "Type": "HIGHLOW"}, {"RVA": 17719, "Type": "HIGHLOW"}, {"RVA": 17775, "Type": "HIGHLOW"}, {"RVA": 17783, "Type": "HIGHLOW"}, {"RVA": 17856, "Type": "HIGHLOW"}, {"RVA": 17862, "Type": "HIGHLOW"}, {"RVA": 17884, "Type": "HIGHLOW"}, {"RVA": 17889, "Type": "HIGHLOW"}, {"RVA": 17897, "Type": "HIGHLOW"}, {"RVA": 17903, "Type": "HIGHLOW"}, {"RVA": 17910, "Type": "HIGHLOW"}, {"RVA": 17916, "Type": "HIGHLOW"}, {"RVA": 17923, "Type": "HIGHLOW"}, {"RVA": 17929, "Type": "HIGHLOW"}, {"RVA": 17937, "Type": "HIGHLOW"}, {"RVA": 17944, "Type": "HIGHLOW"}, {"RVA": 17949, "Type": "HIGHLOW"}, {"RVA": 17957, "Type": "HIGHLOW"}, {"RVA": 17966, "Type": "HIGHLOW"}, {"RVA": 17978, "Type": "HIGHLOW"}, {"RVA": 17983, "Type": "HIGHLOW"}, {"RVA": 17988, "Type": "HIGHLOW"}, {"RVA": 17994, "Type": "HIGHLOW"}, {"RVA": 17998, "Type": "HIGHLOW"}, {"RVA": 18004, "Type": "HIGHLOW"}, {"RVA": 18009, "Type": "HIGHLOW"}, {"RVA": 18015, "Type": "HIGHLOW"}, {"RVA": 18020, "Type": "HIGHLOW"}, {"RVA": 18035, "Type": "HIGHLOW"}, {"RVA": 18057, "Type": "HIGHLOW"}, {"RVA": 18063, "Type": "HIGHLOW"}, {"RVA": 18071, "Type": "HIGHLOW"}, {"RVA": 18076, "Type": "HIGHLOW"}, {"RVA": 18084, "Type": "HIGHLOW"}, {"RVA": 18089, "Type": "HIGHLOW"}, {"RVA": 18097, "Type": "HIGHLOW"}, {"RVA": 18102, "Type": "HIGHLOW"}, {"RVA": 18109, "Type": "HIGHLOW"}, {"RVA": 18124, "Type": "HIGHLOW"}, {"RVA": 18129, "Type": "HIGHLOW"}, {"RVA": 18135, "Type": "HIGHLOW"}, {"RVA": 18144, "Type": "HIGHLOW"}, {"RVA": 18176, "Type": "HIGHLOW"}, {"RVA": 18182, "Type": "HIGHLOW"}, {"RVA": 18206, "Type": "HIGHLOW"}, {"RVA": 18246, "Type": "HIGHLOW"}, {"RVA": 18252, "Type": "HIGHLOW"}, {"RVA": 18257, "Type": "HIGHLOW"}, {"RVA": 18263, "Type": "HIGHLOW"}, {"RVA": 18280, "Type": "HIGHLOW"}, {"RVA": 18303, "Type": "HIGHLOW"}, {"RVA": 18350, "Type": "HIGHLOW"}, {"RVA": 18356, "Type": "HIGHLOW"}, {"RVA": 18371, "Type": "HIGHLOW"}, {"RVA": 18515, "Type": "HIGHLOW"}, {"RVA": 18576, "Type": "HIGHLOW"}, {"RVA": 18586, "Type": "HIGHLOW"}, {"RVA": 18610, "Type": "HIGHLOW"}, {"RVA": 18651, "Type": "HIGHLOW"}, {"RVA": 18701, "Type": "HIGHLOW"}, {"RVA": 18741, "Type": "HIGHLOW"}, {"RVA": 18896, "Type": "HIGHLOW"}, {"RVA": 18951, "Type": "HIGHLOW"}, {"RVA": 18957, "Type": "HIGHLOW"}, {"RVA": 18962, "Type": "HIGHLOW"}, {"RVA": 18976, "Type": "HIGHLOW"}, {"RVA": 18981, "Type": "HIGHLOW"}, {"RVA": 18986, "Type": "HIGHLOW"}, {"RVA": 18991, "Type": "HIGHLOW"}, {"RVA": 19007, "Type": "HIGHLOW"}, {"RVA": 19054, "Type": "HIGHLOW"}, {"RVA": 19060, "Type": "HIGHLOW"}, {"RVA": 19068, "Type": "HIGHLOW"}, {"RVA": 19139, "Type": "HIGHLOW"}, {"RVA": 19144, "Type": "HIGHLOW"}, {"RVA": 19202, "Type": "HIGHLOW"}, {"RVA": 19207, "Type": "HIGHLOW"}, {"RVA": 19214, "Type": "HIGHLOW"}, {"RVA": 19219, "Type": "HIGHLOW"}, {"RVA": 19226, "Type": "HIGHLOW"}, {"RVA": 19231, "Type": "HIGHLOW"}, {"RVA": 19245, "Type": "HIGHLOW"}, {"RVA": 19342, "Type": "HIGHLOW"}, {"RVA": 19351, "Type": "HIGHLOW"}, {"RVA": 19357, "Type": "HIGHLOW"}, {"RVA": 19493, "Type": "HIGHLOW"}, {"RVA": 19508, "Type": "HIGHLOW"}, {"RVA": 19523, "Type": "HIGHLOW"}, {"RVA": 19536, "Type": "HIGHLOW"}, {"RVA": 19542, "Type": "HIGHLOW"}, {"RVA": 19579, "Type": "HIGHLOW"}, {"RVA": 19586, "Type": "HIGHLOW"}, {"RVA": 19594, "Type": "HIGHLOW"}, {"RVA": 19706, "Type": "HIGHLOW"}, {"RVA": 19711, "Type": "HIGHLOW"}, {"RVA": 19720, "Type": "HIGHLOW"}, {"RVA": 19735, "Type": "HIGHLOW"}, {"RVA": 19770, "Type": "HIGHLOW"}, {"RVA": 19775, "Type": "HIGHLOW"}, {"RVA": 19780, "Type": "HIGHLOW"}, {"RVA": 19803, "Type": "HIGHLOW"}, {"RVA": 19887, "Type": "HIGHLOW"}, {"RVA": 19892, "Type": "HIGHLOW"}, {"RVA": 19925, "Type": "HIGHLOW"}, {"RVA": 19930, "Type": "HIGHLOW"}, {"RVA": 19967, "Type": "HIGHLOW"}, {"RVA": 19973, "Type": "HIGHLOW"}, {"RVA": 19979, "Type": "HIGHLOW"}, {"RVA": 20152, "Type": "HIGHLOW"}, {"RVA": 20157, "Type": "HIGHLOW"}, {"RVA": 20175, "Type": "HIGHLOW"}, {"RVA": 20205, "Type": "HIGHLOW"}, {"RVA": 20225, "Type": "HIGHLOW"}, {"RVA": 20231, "Type": "HIGHLOW"}, {"RVA": 20345, "Type": "HIGHLOW"}, {"RVA": 20364, "Type": "HIGHLOW"}, {"RVA": 20385, "Type": "HIGHLOW"}, {"RVA": 20456, "Type": "HIGHLOW"}, {"RVA": 16384, "Type": "ABSOLUTE"}], [{"SizeOfBlock": {"FileOffset": 55228, "Value": 160, "Offset": 4}, "VirtualAddress": {"FileOffset": 55224, "Value": 20480, "Offset": 0}, "Structure": "IMAGE_BASE_RELOCATION"}, {"RVA": 20480, "Type": "HIGHLOW"}, {"RVA": 20490, "Type": "HIGHLOW"}, {"RVA": 20517, "Type": "HIGHLOW"}, {"RVA": 20525, "Type": "HIGHLOW"}, {"RVA": 20531, "Type": "HIGHLOW"}, {"RVA": 20545, "Type": "HIGHLOW"}, {"RVA": 20597, "Type": "HIGHLOW"}, {"RVA": 20610, "Type": "HIGHLOW"}, {"RVA": 20631, "Type": "HIGHLOW"}, {"RVA": 20680, "Type": "HIGHLOW"}, {"RVA": 20709, "Type": "HIGHLOW"}, {"RVA": 20785, "Type": "HIGHLOW"}, {"RVA": 20831, "Type": "HIGHLOW"}, {"RVA": 20864, "Type": "HIGHLOW"}, {"RVA": 20965, "Type": "HIGHLOW"}, {"RVA": 20972, "Type": "HIGHLOW"}, {"RVA": 21006, "Type": "HIGHLOW"}, {"RVA": 21013, "Type": "HIGHLOW"}, {"RVA": 21172, "Type": "HIGHLOW"}, {"RVA": 21178, "Type": "HIGHLOW"}, {"RVA": 21517, "Type": "HIGHLOW"}, {"RVA": 21532, "Type": "HIGHLOW"}, {"RVA": 21588, "Type": "HIGHLOW"}, {"RVA": 21598, "Type": "HIGHLOW"}, {"RVA": 21663, "Type": "HIGHLOW"}, {"RVA": 21674, "Type": "HIGHLOW"}, {"RVA": 21684, "Type": "HIGHLOW"}, {"RVA": 21701, "Type": "HIGHLOW"}, {"RVA": 21712, "Type": "HIGHLOW"}, {"RVA": 22160, "Type": "HIGHLOW"}, {"RVA": 22177, "Type": "HIGHLOW"}, {"RVA": 22185, "Type": "HIGHLOW"}, {"RVA": 22191, "Type": "HIGHLOW"}, {"RVA": 22196, "Type": "HIGHLOW"}, {"RVA": 22202, "Type": "HIGHLOW"}, {"RVA": 22310, "Type": "HIGHLOW"}, {"RVA": 22316, "Type": "HIGHLOW"}, {"RVA": 22344, "Type": "HIGHLOW"}, {"RVA": 22384, "Type": "HIGHLOW"}, {"RVA": 22460, "Type": "HIGHLOW"}, {"RVA": 22472, "Type": "HIGHLOW"}, {"RVA": 22494, "Type": "HIGHLOW"}, {"RVA": 22506, "Type": "HIGHLOW"}, {"RVA": 22522, "Type": "HIGHLOW"}, {"RVA": 22557, "Type": "HIGHLOW"}, {"RVA": 22570, "Type": "HIGHLOW"}, {"RVA": 22582, "Type": "HIGHLOW"}, {"RVA": 22590, "Type": "HIGHLOW"}, {"RVA": 22598, "Type": "HIGHLOW"}, {"RVA": 22610, "Type": "HIGHLOW"}, {"RVA": 22651, "Type": "HIGHLOW"}, {"RVA": 22659, "Type": "HIGHLOW"}, {"RVA": 22680, "Type": "HIGHLOW"}, {"RVA": 22705, "Type": "HIGHLOW"}, {"RVA": 22859, "Type": "HIGHLOW"}, {"RVA": 22878, "Type": "HIGHLOW"}, {"RVA": 22924, "Type": "HIGHLOW"}, {"RVA": 22949, "Type": "HIGHLOW"}, {"RVA": 23010, "Type": "HIGHLOW"}, {"RVA": 23061, "Type": "HIGHLOW"}, {"RVA": 23071, "Type": "HIGHLOW"}, {"RVA": 23145, "Type": "HIGHLOW"}, {"RVA": 23158, "Type": "HIGHLOW"}, {"RVA": 23183, "Type": "HIGHLOW"}, {"RVA": 23213, "Type": "HIGHLOW"}, {"RVA": 23273, "Type": "HIGHLOW"}, {"RVA": 23313, "Type": "HIGHLOW"}, {"RVA": 23460, "Type": "HIGHLOW"}, {"RVA": 23555, "Type": "HIGHLOW"}, {"RVA": 23718, "Type": "HIGHLOW"}, {"RVA": 23750, "Type": "HIGHLOW"}, {"RVA": 23990, "Type": "HIGHLOW"}, {"RVA": 24031, "Type": "HIGHLOW"}, {"RVA": 24120, "Type": "HIGHLOW"}, {"RVA": 24486, "Type": "HIGHLOW"}, {"RVA": 20480, "Type": "ABSOLUTE"}], [{"SizeOfBlock": {"FileOffset": 55388, "Value": 148, "Offset": 4}, "VirtualAddress": {"FileOffset": 55384, "Value": 24576, "Offset": 0}, "Structure": "IMAGE_BASE_RELOCATION"}, {"RVA": 24704, "Type": "HIGHLOW"}, {"RVA": 24912, "Type": "HIGHLOW"}, {"RVA": 24961, "Type": "HIGHLOW"}, {"RVA": 24983, "Type": "HIGHLOW"}, {"RVA": 25048, "Type": "HIGHLOW"}, {"RVA": 25079, "Type": "HIGHLOW"}, {"RVA": 25236, "Type": "HIGHLOW"}, {"RVA": 25286, "Type": "HIGHLOW"}, {"RVA": 25326, "Type": "HIGHLOW"}, {"RVA": 25452, "Type": "HIGHLOW"}, {"RVA": 25552, "Type": "HIGHLOW"}, {"RVA": 25587, "Type": "HIGHLOW"}, {"RVA": 25702, "Type": "HIGHLOW"}, {"RVA": 25763, "Type": "HIGHLOW"}, {"RVA": 25786, "Type": "HIGHLOW"}, {"RVA": 26154, "Type": "HIGHLOW"}, {"RVA": 26171, "Type": "HIGHLOW"}, {"RVA": 26229, "Type": "HIGHLOW"}, {"RVA": 26242, "Type": "HIGHLOW"}, {"RVA": 26252, "Type": "HIGHLOW"}, {"RVA": 26266, "Type": "HIGHLOW"}, {"RVA": 26275, "Type": "HIGHLOW"}, {"RVA": 26285, "Type": "HIGHLOW"}, {"RVA": 26337, "Type": "HIGHLOW"}, {"RVA": 26348, "Type": "HIGHLOW"}, {"RVA": 26358, "Type": "HIGHLOW"}, {"RVA": 26383, "Type": "HIGHLOW"}, {"RVA": 26393, "Type": "HIGHLOW"}, {"RVA": 26412, "Type": "HIGHLOW"}, {"RVA": 26448, "Type": "HIGHLOW"}, {"RVA": 26503, "Type": "HIGHLOW"}, {"RVA": 26556, "Type": "HIGHLOW"}, {"RVA": 26575, "Type": "HIGHLOW"}, {"RVA": 26687, "Type": "HIGHLOW"}, {"RVA": 26716, "Type": "HIGHLOW"}, {"RVA": 26789, "Type": "HIGHLOW"}, {"RVA": 26900, "Type": "HIGHLOW"}, {"RVA": 26931, "Type": "HIGHLOW"}, {"RVA": 27048, "Type": "HIGHLOW"}, {"RVA": 27060, "Type": "HIGHLOW"}, {"RVA": 27079, "Type": "HIGHLOW"}, {"RVA": 27097, "Type": "HIGHLOW"}, {"RVA": 27124, "Type": "HIGHLOW"}, {"RVA": 27132, "Type": "HIGHLOW"}, {"RVA": 27140, "Type": "HIGHLOW"}, {"RVA": 27163, "Type": "HIGHLOW"}, {"RVA": 27188, "Type": "HIGHLOW"}, {"RVA": 27216, "Type": "HIGHLOW"}, {"RVA": 27225, "Type": "HIGHLOW"}, {"RVA": 27231, "Type": "HIGHLOW"}, {"RVA": 27240, "Type": "HIGHLOW"}, {"RVA": 27245, "Type": "HIGHLOW"}, {"RVA": 27260, "Type": "HIGHLOW"}, {"RVA": 27299, "Type": "HIGHLOW"}, {"RVA": 27340, "Type": "HIGHLOW"}, {"RVA": 27357, "Type": "HIGHLOW"}, {"RVA": 27377, "Type": "HIGHLOW"}, {"RVA": 27453, "Type": "HIGHLOW"}, {"RVA": 27532, "Type": "HIGHLOW"}, {"RVA": 27604, "Type": "HIGHLOW"}, {"RVA": 27688, "Type": "HIGHLOW"}, {"RVA": 27883, "Type": "HIGHLOW"}, {"RVA": 27929, "Type": "HIGHLOW"}, {"RVA": 28049, "Type": "HIGHLOW"}, {"RVA": 28075, "Type": "HIGHLOW"}, {"RVA": 28092, "Type": "HIGHLOW"}, {"RVA": 28149, "Type": "HIGHLOW"}, {"RVA": 28613, "Type": "HIGHLOW"}, {"RVA": 28643, "Type": "HIGHLOW"}, {"RVA": 24576, "Type": "ABSOLUTE"}], [{"SizeOfBlock": {"FileOffset": 55536, "Value": 232, "Offset": 4}, "VirtualAddress": {"FileOffset": 55532, "Value": 28672, "Offset": 0}, "Structure": "IMAGE_BASE_RELOCATION"}, {"RVA": 28992, "Type": "HIGHLOW"}, {"RVA": 29145, "Type": "HIGHLOW"}, {"RVA": 29151, "Type": "HIGHLOW"}, {"RVA": 29161, "Type": "HIGHLOW"}, {"RVA": 29271, "Type": "HIGHLOW"}, {"RVA": 29277, "Type": "HIGHLOW"}, {"RVA": 29289, "Type": "HIGHLOW"}, {"RVA": 29344, "Type": "HIGHLOW"}, {"RVA": 29368, "Type": "HIGHLOW"}, {"RVA": 29388, "Type": "HIGHLOW"}, {"RVA": 29430, "Type": "HIGHLOW"}, {"RVA": 29462, "Type": "HIGHLOW"}, {"RVA": 29516, "Type": "HIGHLOW"}, {"RVA": 29526, "Type": "HIGHLOW"}, {"RVA": 29868, "Type": "HIGHLOW"}, {"RVA": 29969, "Type": "HIGHLOW"}, {"RVA": 29981, "Type": "HIGHLOW"}, {"RVA": 30101, "Type": "HIGHLOW"}, {"RVA": 30127, "Type": "HIGHLOW"}, {"RVA": 30136, "Type": "HIGHLOW"}, {"RVA": 30175, "Type": "HIGHLOW"}, {"RVA": 30188, "Type": "HIGHLOW"}, {"RVA": 30219, "Type": "HIGHLOW"}, {"RVA": 30387, "Type": "HIGHLOW"}, {"RVA": 30497, "Type": "HIGHLOW"}, {"RVA": 30606, "Type": "HIGHLOW"}, {"RVA": 30625, "Type": "HIGHLOW"}, {"RVA": 30649, "Type": "HIGHLOW"}, {"RVA": 30681, "Type": "HIGHLOW"}, {"RVA": 30764, "Type": "HIGHLOW"}, {"RVA": 30804, "Type": "HIGHLOW"}, {"RVA": 30829, "Type": "HIGHLOW"}, {"RVA": 30857, "Type": "HIGHLOW"}, {"RVA": 30902, "Type": "HIGHLOW"}, {"RVA": 30947, "Type": "HIGHLOW"}, {"RVA": 30958, "Type": "HIGHLOW"}, {"RVA": 31004, "Type": "HIGHLOW"}, {"RVA": 31018, "Type": "HIGHLOW"}, {"RVA": 31043, "Type": "HIGHLOW"}, {"RVA": 31130, "Type": "HIGHLOW"}, {"RVA": 31180, "Type": "HIGHLOW"}, {"RVA": 31204, "Type": "HIGHLOW"}, {"RVA": 31211, "Type": "HIGHLOW"}, {"RVA": 31219, "Type": "HIGHLOW"}, {"RVA": 31224, "Type": "HIGHLOW"}, {"RVA": 31228, "Type": "HIGHLOW"}, {"RVA": 31232, "Type": "HIGHLOW"}, {"RVA": 31273, "Type": "HIGHLOW"}, {"RVA": 31311, "Type": "HIGHLOW"}, {"RVA": 31341, "Type": "HIGHLOW"}, {"RVA": 31348, "Type": "HIGHLOW"}, {"RVA": 31352, "Type": "HIGHLOW"}, {"RVA": 31356, "Type": "HIGHLOW"}, {"RVA": 31360, "Type": "HIGHLOW"}, {"RVA": 31364, "Type": "HIGHLOW"}, {"RVA": 31368, "Type": "HIGHLOW"}, {"RVA": 31372, "Type": "HIGHLOW"}, {"RVA": 31376, "Type": "HIGHLOW"}, {"RVA": 31450, "Type": "HIGHLOW"}, {"RVA": 31456, "Type": "HIGHLOW"}, {"RVA": 31460, "Type": "HIGHLOW"}, {"RVA": 31464, "Type": "HIGHLOW"}, {"RVA": 31468, "Type": "HIGHLOW"}, {"RVA": 31570, "Type": "HIGHLOW"}, {"RVA": 31581, "Type": "HIGHLOW"}, {"RVA": 31608, "Type": "HIGHLOW"}, {"RVA": 31615, "Type": "HIGHLOW"}, {"RVA": 31620, "Type": "HIGHLOW"}, {"RVA": 31624, "Type": "HIGHLOW"}, {"RVA": 31628, "Type": "HIGHLOW"}, {"RVA": 31661, "Type": "HIGHLOW"}, {"RVA": 31703, "Type": "HIGHLOW"}, {"RVA": 31753, "Type": "HIGHLOW"}, {"RVA": 31760, "Type": "HIGHLOW"}, {"RVA": 31764, "Type": "HIGHLOW"}, {"RVA": 31768, "Type": "HIGHLOW"}, {"RVA": 31772, "Type": "HIGHLOW"}, {"RVA": 31776, "Type": "HIGHLOW"}, {"RVA": 31780, "Type": "HIGHLOW"}, {"RVA": 31784, "Type": "HIGHLOW"}, {"RVA": 31788, "Type": "HIGHLOW"}, {"RVA": 31862, "Type": "HIGHLOW"}, {"RVA": 31868, "Type": "HIGHLOW"}, {"RVA": 31872, "Type": "HIGHLOW"}, {"RVA": 31876, "Type": "HIGHLOW"}, {"RVA": 31880, "Type": "HIGHLOW"}, {"RVA": 31992, "Type": "HIGHLOW"}, {"RVA": 31998, "Type": "HIGHLOW"}, {"RVA": 32022, "Type": "HIGHLOW"}, {"RVA": 32057, "Type": "HIGHLOW"}, {"RVA": 32068, "Type": "HIGHLOW"}, {"RVA": 32074, "Type": "HIGHLOW"}, {"RVA": 32090, "Type": "HIGHLOW"}, {"RVA": 32095, "Type": "HIGHLOW"}, {"RVA": 32112, "Type": "HIGHLOW"}, {"RVA": 32120, "Type": "HIGHLOW"}, {"RVA": 32126, "Type": "HIGHLOW"}, {"RVA": 32136, "Type": "HIGHLOW"}, {"RVA": 32142, "Type": "HIGHLOW"}, {"RVA": 32152, "Type": "HIGHLOW"}, {"RVA": 32158, "Type": "HIGHLOW"}, {"RVA": 32168, "Type": "HIGHLOW"}, {"RVA": 32177, "Type": "HIGHLOW"}, {"RVA": 32188, "Type": "HIGHLOW"}, {"RVA": 32193, "Type": "HIGHLOW"}, {"RVA": 32202, "Type": "HIGHLOW"}, {"RVA": 32212, "Type": "HIGHLOW"}, {"RVA": 32223, "Type": "HIGHLOW"}, {"RVA": 32282, "Type": "HIGHLOW"}, {"RVA": 32308, "Type": "HIGHLOW"}, {"RVA": 32334, "Type": "HIGHLOW"}, {"RVA": 28672, "Type": "ABSOLUTE"}], [{"SizeOfBlock": {"FileOffset": 55768, "Value": 88, "Offset": 4}, "VirtualAddress": {"FileOffset": 55764, "Value": 32768, "Offset": 0}, "Structure": "IMAGE_BASE_RELOCATION"}, {"RVA": 32848, "Type": "HIGHLOW"}, {"RVA": 32855, "Type": "HIGHLOW"}, {"RVA": 32861, "Type": "HIGHLOW"}, {"RVA": 33069, "Type": "HIGHLOW"}, {"RVA": 33092, "Type": "HIGHLOW"}, {"RVA": 33383, "Type": "HIGHLOW"}, {"RVA": 33415, "Type": "HIGHLOW"}, {"RVA": 33420, "Type": "HIGHLOW"}, {"RVA": 33649, "Type": "HIGHLOW"}, {"RVA": 33722, "Type": "HIGHLOW"}, {"RVA": 33875, "Type": "HIGHLOW"}, {"RVA": 34083, "Type": "HIGHLOW"}, {"RVA": 34205, "Type": "HIGHLOW"}, {"RVA": 34240, "Type": "HIGHLOW"}, {"RVA": 34393, "Type": "HIGHLOW"}, {"RVA": 35396, "Type": "HIGHLOW"}, {"RVA": 35414, "Type": "HIGHLOW"}, {"RVA": 35432, "Type": "HIGHLOW"}, {"RVA": 35450, "Type": "HIGHLOW"}, {"RVA": 35468, "Type": "HIGHLOW"}, {"RVA": 35506, "Type": "HIGHLOW"}, {"RVA": 35524, "Type": "HIGHLOW"}, {"RVA": 35542, "Type": "HIGHLOW"}, {"RVA": 35560, "Type": "HIGHLOW"}, {"RVA": 35578, "Type": "HIGHLOW"}, {"RVA": 35596, "Type": "HIGHLOW"}, {"RVA": 35614, "Type": "HIGHLOW"}, {"RVA": 35632, "Type": "HIGHLOW"}, {"RVA": 35650, "Type": "HIGHLOW"}, {"RVA": 35668, "Type": "HIGHLOW"}, {"RVA": 35686, "Type": "HIGHLOW"}, {"RVA": 35704, "Type": "HIGHLOW"}, {"RVA": 35722, "Type": "HIGHLOW"}, {"RVA": 35928, "Type": "HIGHLOW"}, {"RVA": 35933, "Type": "HIGHLOW"}, {"RVA": 36160, "Type": "HIGHLOW"}, {"RVA": 36209, "Type": "HIGHLOW"}, {"RVA": 36598, "Type": "HIGHLOW"}, {"RVA": 36780, "Type": "HIGHLOW"}, {"RVA": 36790, "Type": "HIGHLOW"}], [{"SizeOfBlock": {"FileOffset": 55856, "Value": 52, "Offset": 4}, "VirtualAddress": {"FileOffset": 55852, "Value": 36864, "Offset": 0}, "Structure": "IMAGE_BASE_RELOCATION"}, {"RVA": 36970, "Type": "HIGHLOW"}, {"RVA": 36985, "Type": "HIGHLOW"}, {"RVA": 37104, "Type": "HIGHLOW"}, {"RVA": 37117, "Type": "HIGHLOW"}, {"RVA": 37330, "Type": "HIGHLOW"}, {"RVA": 37340, "Type": "HIGHLOW"}, {"RVA": 37500, "Type": "HIGHLOW"}, {"RVA": 37562, "Type": "HIGHLOW"}, {"RVA": 37612, "Type": "HIGHLOW"}, {"RVA": 37652, "Type": "HIGHLOW"}, {"RVA": 37820, "Type": "HIGHLOW"}, {"RVA": 37826, "Type": "HIGHLOW"}, {"RVA": 37831, "Type": "HIGHLOW"}, {"RVA": 37837, "Type": "HIGHLOW"}, {"RVA": 37854, "Type": "HIGHLOW"}, {"RVA": 38228, "Type": "HIGHLOW"}, {"RVA": 38254, "Type": "HIGHLOW"}, {"RVA": 38286, "Type": "HIGHLOW"}, {"RVA": 38293, "Type": "HIGHLOW"}, {"RVA": 38297, "Type": "HIGHLOW"}, {"RVA": 38302, "Type": "HIGHLOW"}, {"RVA": 36864, "Type": "ABSOLUTE"}], [{"SizeOfBlock": {"FileOffset": 55908, "Value": 84, "Offset": 4}, "VirtualAddress": {"FileOffset": 55904, "Value": 40960, "Offset": 0}, "Structure": "IMAGE_BASE_RELOCATION"}, {"RVA": 41288, "Type": "HIGHLOW"}, {"RVA": 41292, "Type": "HIGHLOW"}, {"RVA": 41304, "Type": "HIGHLOW"}, {"RVA": 41308, "Type": "HIGHLOW"}, {"RVA": 41312, "Type": "HIGHLOW"}, {"RVA": 41316, "Type": "HIGHLOW"}, {"RVA": 41320, "Type": "HIGHLOW"}, {"RVA": 41332, "Type": "HIGHLOW"}, {"RVA": 41336, "Type": "HIGHLOW"}, {"RVA": 41340, "Type": "HIGHLOW"}, {"RVA": 42264, "Type": "HIGHLOW"}, {"RVA": 42268, "Type": "HIGHLOW"}, {"RVA": 42272, "Type": "HIGHLOW"}, {"RVA": 42292, "Type": "HIGHLOW"}, {"RVA": 42296, "Type": "HIGHLOW"}, {"RVA": 44724, "Type": "HIGHLOW"}, {"RVA": 44732, "Type": "HIGHLOW"}, {"RVA": 44740, "Type": "HIGHLOW"}, {"RVA": 44748, "Type": "HIGHLOW"}, {"RVA": 44756, "Type": "HIGHLOW"}, {"RVA": 44764, "Type": "HIGHLOW"}, {"RVA": 44772, "Type": "HIGHLOW"}, {"RVA": 44780, "Type": "HIGHLOW"}, {"RVA": 44788, "Type": "HIGHLOW"}, {"RVA": 44796, "Type": "HIGHLOW"}, {"RVA": 44804, "Type": "HIGHLOW"}, {"RVA": 44812, "Type": "HIGHLOW"}, {"RVA": 44820, "Type": "HIGHLOW"}, {"RVA": 44828, "Type": "HIGHLOW"}, {"RVA": 44836, "Type": "HIGHLOW"}, {"RVA": 44844, "Type": "HIGHLOW"}, {"RVA": 44852, "Type": "HIGHLOW"}, {"RVA": 44860, "Type": "HIGHLOW"}, {"RVA": 44868, "Type": "HIGHLOW"}, {"RVA": 44876, "Type": "HIGHLOW"}, {"RVA": 44884, "Type": "HIGHLOW"}, {"RVA": 44892, "Type": "HIGHLOW"}, {"RVA": 40960, "Type": "ABSOLUTE"}], [{"SizeOfBlock": {"FileOffset": 55992, "Value": 20, "Offset": 4}, "VirtualAddress": {"FileOffset": 55988, "Value": 45056, "Offset": 0}, "Structure": "IMAGE_BASE_RELOCATION"}, {"RVA": 45248, "Type": "HIGHLOW"}, {"RVA": 45252, "Type": "HIGHLOW"}, {"RVA": 45256, "Type": "HIGHLOW"}, {"RVA": 45280, "Type": "HIGHLOW"}, {"RVA": 45284, "Type": "HIGHLOW"}, {"RVA": 45056, "Type": "ABSOLUTE"}], [{"SizeOfBlock": {"FileOffset": 56012, "Value": 324, "Offset": 4}, "VirtualAddress": {"FileOffset": 56008, "Value": 49152, "Offset": 0}, "Structure": "IMAGE_BASE_RELOCATION"}, {"RVA": 50032, "Type": "HIGHLOW"}, {"RVA": 50036, "Type": "HIGHLOW"}, {"RVA": 50040, "Type": "HIGHLOW"}, {"RVA": 50044, "Type": "HIGHLOW"}, {"RVA": 50048, "Type": "HIGHLOW"}, {"RVA": 50052, "Type": "HIGHLOW"}, {"RVA": 50056, "Type": "HIGHLOW"}, {"RVA": 50060, "Type": "HIGHLOW"}, {"RVA": 50064, "Type": "HIGHLOW"}, {"RVA": 50068, "Type": "HIGHLOW"}, {"RVA": 50072, "Type": "HIGHLOW"}, {"RVA": 50076, "Type": "HIGHLOW"}, {"RVA": 50080, "Type": "HIGHLOW"}, {"RVA": 50084, "Type": "HIGHLOW"}, {"RVA": 50088, "Type": "HIGHLOW"}, {"RVA": 50092, "Type": "HIGHLOW"}, {"RVA": 50096, "Type": "HIGHLOW"}, {"RVA": 50100, "Type": "HIGHLOW"}, {"RVA": 50104, "Type": "HIGHLOW"}, {"RVA": 50108, "Type": "HIGHLOW"}, {"RVA": 50112, "Type": "HIGHLOW"}, {"RVA": 50116, "Type": "HIGHLOW"}, {"RVA": 50120, "Type": "HIGHLOW"}, {"RVA": 50124, "Type": "HIGHLOW"}, {"RVA": 50128, "Type": "HIGHLOW"}, {"RVA": 50132, "Type": "HIGHLOW"}, {"RVA": 50136, "Type": "HIGHLOW"}, {"RVA": 50140, "Type": "HIGHLOW"}, {"RVA": 50144, "Type": "HIGHLOW"}, {"RVA": 50148, "Type": "HIGHLOW"}, {"RVA": 50152, "Type": "HIGHLOW"}, {"RVA": 50156, "Type": "HIGHLOW"}, {"RVA": 50160, "Type": "HIGHLOW"}, {"RVA": 50164, "Type": "HIGHLOW"}, {"RVA": 50168, "Type": "HIGHLOW"}, {"RVA": 50172, "Type": "HIGHLOW"}, {"RVA": 50176, "Type": "HIGHLOW"}, {"RVA": 50180, "Type": "HIGHLOW"}, {"RVA": 50184, "Type": "HIGHLOW"}, {"RVA": 50188, "Type": "HIGHLOW"}, {"RVA": 50192, "Type": "HIGHLOW"}, {"RVA": 50196, "Type": "HIGHLOW"}, {"RVA": 50200, "Type": "HIGHLOW"}, {"RVA": 50204, "Type": "HIGHLOW"}, {"RVA": 50208, "Type": "HIGHLOW"}, {"RVA": 50212, "Type": "HIGHLOW"}, {"RVA": 50216, "Type": "HIGHLOW"}, {"RVA": 50220, "Type": "HIGHLOW"}, {"RVA": 50224, "Type": "HIGHLOW"}, {"RVA": 50228, "Type": "HIGHLOW"}, {"RVA": 50232, "Type": "HIGHLOW"}, {"RVA": 50236, "Type": "HIGHLOW"}, {"RVA": 50240, "Type": "HIGHLOW"}, {"RVA": 50244, "Type": "HIGHLOW"}, {"RVA": 50248, "Type": "HIGHLOW"}, {"RVA": 50252, "Type": "HIGHLOW"}, {"RVA": 50256, "Type": "HIGHLOW"}, {"RVA": 50260, "Type": "HIGHLOW"}, {"RVA": 50264, "Type": "HIGHLOW"}, {"RVA": 50268, "Type": "HIGHLOW"}, {"RVA": 50272, "Type": "HIGHLOW"}, {"RVA": 50276, "Type": "HIGHLOW"}, {"RVA": 50280, "Type": "HIGHLOW"}, {"RVA": 50284, "Type": "HIGHLOW"}, {"RVA": 50288, "Type": "HIGHLOW"}, {"RVA": 50292, "Type": "HIGHLOW"}, {"RVA": 50296, "Type": "HIGHLOW"}, {"RVA": 50300, "Type": "HIGHLOW"}, {"RVA": 50304, "Type": "HIGHLOW"}, {"RVA": 50308, "Type": "HIGHLOW"}, {"RVA": 50312, "Type": "HIGHLOW"}, {"RVA": 50316, "Type": "HIGHLOW"}, {"RVA": 50320, "Type": "HIGHLOW"}, {"RVA": 50324, "Type": "HIGHLOW"}, {"RVA": 50328, "Type": "HIGHLOW"}, {"RVA": 50332, "Type": "HIGHLOW"}, {"RVA": 50336, "Type": "HIGHLOW"}, {"RVA": 50340, "Type": "HIGHLOW"}, {"RVA": 50344, "Type": "HIGHLOW"}, {"RVA": 50348, "Type": "HIGHLOW"}, {"RVA": 50352, "Type": "HIGHLOW"}, {"RVA": 50356, "Type": "HIGHLOW"}, {"RVA": 50360, "Type": "HIGHLOW"}, {"RVA": 50364, "Type": "HIGHLOW"}, {"RVA": 50368, "Type": "HIGHLOW"}, {"RVA": 50372, "Type": "HIGHLOW"}, {"RVA": 50376, "Type": "HIGHLOW"}, {"RVA": 50380, "Type": "HIGHLOW"}, {"RVA": 50384, "Type": "HIGHLOW"}, {"RVA": 50388, "Type": "HIGHLOW"}, {"RVA": 50392, "Type": "HIGHLOW"}, {"RVA": 50396, "Type": "HIGHLOW"}, {"RVA": 50400, "Type": "HIGHLOW"}, {"RVA": 50404, "Type": "HIGHLOW"}, {"RVA": 50408, "Type": "HIGHLOW"}, {"RVA": 50412, "Type": "HIGHLOW"}, {"RVA": 50416, "Type": "HIGHLOW"}, {"RVA": 51036, "Type": "HIGHLOW"}, {"RVA": 51040, "Type": "HIGHLOW"}, {"RVA": 51176, "Type": "HIGHLOW"}, {"RVA": 51180, "Type": "HIGHLOW"}, {"RVA": 51196, "Type": "HIGHLOW"}, {"RVA": 51200, "Type": "HIGHLOW"}, {"RVA": 51204, "Type": "HIGHLOW"}, {"RVA": 51212, "Type": "HIGHLOW"}, {"RVA": 51236, "Type": "HIGHLOW"}, {"RVA": 51240, "Type": "HIGHLOW"}, {"RVA": 51264, "Type": "HIGHLOW"}, {"RVA": 51280, "Type": "HIGHLOW"}, {"RVA": 51284, "Type": "HIGHLOW"}, {"RVA": 51304, "Type": "HIGHLOW"}, {"RVA": 51308, "Type": "HIGHLOW"}, {"RVA": 51324, "Type": "HIGHLOW"}, {"RVA": 51328, "Type": "HIGHLOW"}, {"RVA": 51344, "Type": "HIGHLOW"}, {"RVA": 51348, "Type": "HIGHLOW"}, {"RVA": 51356, "Type": "HIGHLOW"}, {"RVA": 51380, "Type": "HIGHLOW"}, {"RVA": 51448, "Type": "HIGHLOW"}, {"RVA": 51480, "Type": "HIGHLOW"}, {"RVA": 51512, "Type": "HIGHLOW"}, {"RVA": 51544, "Type": "HIGHLOW"}, {"RVA": 51576, "Type": "HIGHLOW"}, {"RVA": 51604, "Type": "HIGHLOW"}, {"RVA": 51608, "Type": "HIGHLOW"}, {"RVA": 51616, "Type": "HIGHLOW"}, {"RVA": 51624, "Type": "HIGHLOW"}, {"RVA": 51632, "Type": "HIGHLOW"}, {"RVA": 51636, "Type": "HIGHLOW"}, {"RVA": 51644, "Type": "HIGHLOW"}, {"RVA": 51664, "Type": "HIGHLOW"}, {"RVA": 51672, "Type": "HIGHLOW"}, {"RVA": 51692, "Type": "HIGHLOW"}, {"RVA": 51720, "Type": "HIGHLOW"}, {"RVA": 51752, "Type": "HIGHLOW"}, {"RVA": 51764, "Type": "HIGHLOW"}, {"RVA": 51792, "Type": "HIGHLOW"}, {"RVA": 51824, "Type": "HIGHLOW"}, {"RVA": 51836, "Type": "HIGHLOW"}, {"RVA": 51864, "Type": "HIGHLOW"}, {"RVA": 51876, "Type": "HIGHLOW"}, {"RVA": 51904, "Type": "HIGHLOW"}, {"RVA": 51932, "Type": "HIGHLOW"}, {"RVA": 51936, "Type": "HIGHLOW"}, {"RVA": 51968, "Type": "HIGHLOW"}, {"RVA": 52000, "Type": "HIGHLOW"}, {"RVA": 52028, "Type": "HIGHLOW"}, {"RVA": 52032, "Type": "HIGHLOW"}, {"RVA": 52064, "Type": "HIGHLOW"}, {"RVA": 52096, "Type": "HIGHLOW"}, {"RVA": 52128, "Type": "HIGHLOW"}, {"RVA": 52160, "Type": "HIGHLOW"}, {"RVA": 52192, "Type": "HIGHLOW"}, {"RVA": 52224, "Type": "HIGHLOW"}, {"RVA": 52256, "Type": "HIGHLOW"}, {"RVA": 52288, "Type": "HIGHLOW"}, {"RVA": 52320, "Type": "HIGHLOW"}, {"RVA": 52352, "Type": "HIGHLOW"}], [{"SizeOfBlock": {"FileOffset": 56336, "Value": 288, "Offset": 4}, "VirtualAddress": {"FileOffset": 56332, "Value": 57344, "Offset": 0}, "Structure": "IMAGE_BASE_RELOCATION"}, {"RVA": 57344, "Type": "HIGHLOW"}, {"RVA": 57352, "Type": "HIGHLOW"}, {"RVA": 57992, "Type": "HIGHLOW"}, {"RVA": 58020, "Type": "HIGHLOW"}, {"RVA": 58056, "Type": "HIGHLOW"}, {"RVA": 58060, "Type": "HIGHLOW"}, {"RVA": 58800, "Type": "HIGHLOW"}, {"RVA": 58804, "Type": "HIGHLOW"}, {"RVA": 58808, "Type": "HIGHLOW"}, {"RVA": 58812, "Type": "HIGHLOW"}, {"RVA": 58816, "Type": "HIGHLOW"}, {"RVA": 58820, "Type": "HIGHLOW"}, {"RVA": 58824, "Type": "HIGHLOW"}, {"RVA": 58828, "Type": "HIGHLOW"}, {"RVA": 58832, "Type": "HIGHLOW"}, {"RVA": 58836, "Type": "HIGHLOW"}, {"RVA": 58840, "Type": "HIGHLOW"}, {"RVA": 59928, "Type": "HIGHLOW"}, {"RVA": 60184, "Type": "HIGHLOW"}, {"RVA": 60188, "Type": "HIGHLOW"}, {"RVA": 60192, "Type": "HIGHLOW"}, {"RVA": 60196, "Type": "HIGHLOW"}, {"RVA": 60200, "Type": "HIGHLOW"}, {"RVA": 60204, "Type": "HIGHLOW"}, {"RVA": 60208, "Type": "HIGHLOW"}, {"RVA": 60212, "Type": "HIGHLOW"}, {"RVA": 60216, "Type": "HIGHLOW"}, {"RVA": 60220, "Type": "HIGHLOW"}, {"RVA": 60224, "Type": "HIGHLOW"}, {"RVA": 60228, "Type": "HIGHLOW"}, {"RVA": 60232, "Type": "HIGHLOW"}, {"RVA": 60236, "Type": "HIGHLOW"}, {"RVA": 60240, "Type": "HIGHLOW"}, {"RVA": 60244, "Type": "HIGHLOW"}, {"RVA": 60248, "Type": "HIGHLOW"}, {"RVA": 60252, "Type": "HIGHLOW"}, {"RVA": 60256, "Type": "HIGHLOW"}, {"RVA": 60260, "Type": "HIGHLOW"}, {"RVA": 60264, "Type": "HIGHLOW"}, {"RVA": 60268, "Type": "HIGHLOW"}, {"RVA": 60272, "Type": "HIGHLOW"}, {"RVA": 60276, "Type": "HIGHLOW"}, {"RVA": 60280, "Type": "HIGHLOW"}, {"RVA": 60284, "Type": "HIGHLOW"}, {"RVA": 60288, "Type": "HIGHLOW"}, {"RVA": 60292, "Type": "HIGHLOW"}, {"RVA": 60296, "Type": "HIGHLOW"}, {"RVA": 60300, "Type": "HIGHLOW"}, {"RVA": 60304, "Type": "HIGHLOW"}, {"RVA": 60308, "Type": "HIGHLOW"}, {"RVA": 60312, "Type": "HIGHLOW"}, {"RVA": 60316, "Type": "HIGHLOW"}, {"RVA": 60320, "Type": "HIGHLOW"}, {"RVA": 60324, "Type": "HIGHLOW"}, {"RVA": 60328, "Type": "HIGHLOW"}, {"RVA": 60332, "Type": "HIGHLOW"}, {"RVA": 60336, "Type": "HIGHLOW"}, {"RVA": 60340, "Type": "HIGHLOW"}, {"RVA": 60344, "Type": "HIGHLOW"}, {"RVA": 60348, "Type": "HIGHLOW"}, {"RVA": 60352, "Type": "HIGHLOW"}, {"RVA": 60368, "Type": "HIGHLOW"}, {"RVA": 60372, "Type": "HIGHLOW"}, {"RVA": 60376, "Type": "HIGHLOW"}, {"RVA": 60380, "Type": "HIGHLOW"}, {"RVA": 60384, "Type": "HIGHLOW"}, {"RVA": 60388, "Type": "HIGHLOW"}, {"RVA": 60392, "Type": "HIGHLOW"}, {"RVA": 60396, "Type": "HIGHLOW"}, {"RVA": 60400, "Type": "HIGHLOW"}, {"RVA": 60404, "Type": "HIGHLOW"}, {"RVA": 60408, "Type": "HIGHLOW"}, {"RVA": 60412, "Type": "HIGHLOW"}, {"RVA": 60416, "Type": "HIGHLOW"}, {"RVA": 60420, "Type": "HIGHLOW"}, {"RVA": 60424, "Type": "HIGHLOW"}, {"RVA": 60428, "Type": "HIGHLOW"}, {"RVA": 60432, "Type": "HIGHLOW"}, {"RVA": 60436, "Type": "HIGHLOW"}, {"RVA": 60440, "Type": "HIGHLOW"}, {"RVA": 60444, "Type": "HIGHLOW"}, {"RVA": 60448, "Type": "HIGHLOW"}, {"RVA": 60452, "Type": "HIGHLOW"}, {"RVA": 60456, "Type": "HIGHLOW"}, {"RVA": 60460, "Type": "HIGHLOW"}, {"RVA": 60464, "Type": "HIGHLOW"}, {"RVA": 60468, "Type": "HIGHLOW"}, {"RVA": 60472, "Type": "HIGHLOW"}, {"RVA": 60476, "Type": "HIGHLOW"}, {"RVA": 60480, "Type": "HIGHLOW"}, {"RVA": 60484, "Type": "HIGHLOW"}, {"RVA": 60488, "Type": "HIGHLOW"}, {"RVA": 60492, "Type": "HIGHLOW"}, {"RVA": 60496, "Type": "HIGHLOW"}, {"RVA": 60500, "Type": "HIGHLOW"}, {"RVA": 60504, "Type": "HIGHLOW"}, {"RVA": 60508, "Type": "HIGHLOW"}, {"RVA": 60512, "Type": "HIGHLOW"}, {"RVA": 60516, "Type": "HIGHLOW"}, {"RVA": 60520, "Type": "HIGHLOW"}, {"RVA": 60524, "Type": "HIGHLOW"}, {"RVA": 60528, "Type": "HIGHLOW"}, {"RVA": 60532, "Type": "HIGHLOW"}, {"RVA": 60536, "Type": "HIGHLOW"}, {"RVA": 60632, "Type": "HIGHLOW"}, {"RVA": 60648, "Type": "HIGHLOW"}, {"RVA": 60664, "Type": "HIGHLOW"}, {"RVA": 60680, "Type": "HIGHLOW"}, {"RVA": 60696, "Type": "HIGHLOW"}, {"RVA": 60732, "Type": "HIGHLOW"}, {"RVA": 60744, "Type": "HIGHLOW"}, {"RVA": 60748, "Type": "HIGHLOW"}, {"RVA": 60752, "Type": "HIGHLOW"}, {"RVA": 60756, "Type": "HIGHLOW"}, {"RVA": 60760, "Type": "HIGHLOW"}, {"RVA": 60764, "Type": "HIGHLOW"}, {"RVA": 60768, "Type": "HIGHLOW"}, {"RVA": 60784, "Type": "HIGHLOW"}, {"RVA": 60840, "Type": "HIGHLOW"}, {"RVA": 60844, "Type": "HIGHLOW"}, {"RVA": 60848, "Type": "HIGHLOW"}, {"RVA": 60852, "Type": "HIGHLOW"}, {"RVA": 60856, "Type": "HIGHLOW"}, {"RVA": 60860, "Type": "HIGHLOW"}, {"RVA": 60864, "Type": "HIGHLOW"}, {"RVA": 60868, "Type": "HIGHLOW"}, {"RVA": 60872, "Type": "HIGHLOW"}, {"RVA": 60876, "Type": "HIGHLOW"}, {"RVA": 60888, "Type": "HIGHLOW"}, {"RVA": 60892, "Type": "HIGHLOW"}, {"RVA": 60896, "Type": "HIGHLOW"}, {"RVA": 60900, "Type": "HIGHLOW"}, {"RVA": 60904, "Type": "HIGHLOW"}, {"RVA": 60908, "Type": "HIGHLOW"}, {"RVA": 60912, "Type": "HIGHLOW"}, {"RVA": 60916, "Type": "HIGHLOW"}, {"RVA": 60920, "Type": "HIGHLOW"}, {"RVA": 60924, "Type": "HIGHLOW"}, {"RVA": 60928, "Type": "HIGHLOW"}, {"RVA": 57344, "Type": "ABSOLUTE"}]], "NT_HEADERS": {"Structure": "IMAGE_NT_HEADERS", "Signature": {"FileOffset": 240, "Value": 17744, "Offset": 0}}, "LOAD_CONFIG": {"TimeDateStamp": {"FileOffset": 45348, "Value": "0x0        [Thu Jan  1 00:00:00 1970 UTC]", "Offset": 4}, "ProcessHeapFlags": {"FileOffset": 45388, "Value": 0, "Offset": 44}, "CSDVersion": {"FileOffset": 45396, "Value": 0, "Offset": 52}, "GuardCFFunctionCount": {"FileOffset": 45428, "Value": 3090582915, "Offset": 84}, "SEHandlerCount": {"FileOffset": 45412, "Value": 3, "Offset": 68}, "GuardCFCheckFunctionPointer": {"FileOffset": 45416, "Value": 1396986706, "Offset": 72}, "GlobalFlagsClear": {"FileOffset": 45356, "Value": 0, "Offset": 12}, "ProcessAffinityMask": {"FileOffset": 45392, "Value": 0, "Offset": 48}, "VirtualMemoryThreshold": {"FileOffset": 45384, "Value": 0, "Offset": 40}, "LockPrefixTable": {"FileOffset": 45376, "Value": 0, "Offset": 32}, "MaximumAllocationSize": {"FileOffset": 45380, "Value": 0, "Offset": 36}, "Structure": "IMAGE_LOAD_CONFIG_DIRECTORY", "SEHandlerTable": {"FileOffset": 45408, "Value": 4245696, "Offset": 64}, "GuardCFFunctionTable": {"FileOffset": 45424, "Value": 1161513988, "Offset": 80}, "DeCommitFreeBlockThreshold": {"FileOffset": 45368, "Value": 0, "Offset": 24}, "MinorVersion": {"FileOffset": 45354, "Value": 0, "Offset": 10}, "MajorVersion": {"FileOffset": 45352, "Value": 0, "Offset": 8}, "Reserved1": {"FileOffset": 45398, "Value": 0, "Offset": 54}, "SecurityCookie": {"FileOffset": 45404, "Value": 4252352, "Offset": 60}, "GlobalFlagsSet": {"FileOffset": 45360, "Value": 0, "Offset": 16}, "CriticalSectionDefaultTimeout": {"FileOffset": 45364, "Value": 0, "Offset": 20}, "DeCommitTotalFreeThreshold": {"FileOffset": 45372, "Value": 0, "Offset": 28}, "Reserved2": {"FileOffset": 45420, "Value": 3414105212, "Offset": 76}, "EditList": {"FileOffset": 45400, "Value": 0, "Offset": 56}, "GuardFlags": {"FileOffset": 45432, "Value": 3157177335, "Offset": 88}, "Size": {"FileOffset": 45344, "Value": 72, "Offset": 0}}, "Flags": ["IMAGE_FILE_32BIT_MACHINE", "IMAGE_FILE_EXECUTABLE_IMAGE"], "Version Information": [{"ValueLength": {"FileOffset": 52898, "Value": 52, "Offset": 2}, "Length": {"FileOffset": 52896, "Value": 712, "Offset": 0}, "Type": {"FileOffset": 52900, "Value": 0, "Offset": 4}, "Structure": "VS_VERSIONINFO"}, {"FileFlagsMask": {"FileOffset": 52960, "Value": 63, "Offset": 24}, "FileType": {"FileOffset": 52972, "Value": 1, "Offset": 36}, "FileVersionMS": {"FileOffset": 52944, "Value": 131072, "Offset": 8}, "FileVersionLS": {"FileOffset": 52948, "Value": 4, "Offset": 12}, "Signature": {"FileOffset": 52936, "Value": 4277077181, "Offset": 0}, "FileSubtype": {"FileOffset": 52976, "Value": 0, "Offset": 40}, "FileFlags": {"FileOffset": 52964, "Value": 0, "Offset": 28}, "FileDateLS": {"FileOffset": 52984, "Value": 0, "Offset": 48}, "ProductVersionLS": {"FileOffset": 52956, "Value": 4, "Offset": 20}, "FileOS": {"FileOffset": 52968, "Value": 262148, "Offset": 32}, "ProductVersionMS": {"FileOffset": 52952, "Value": 131072, "Offset": 16}, "FileDateMS": {"FileOffset": 52980, "Value": 0, "Offset": 44}, "Structure": "VS_FIXEDFILEINFO", "StrucVersion": {"FileOffset": 52940, "Value": 65536, "Offset": 4}}], "Debug information": [{"MajorVersion": {"FileOffset": 35736, "Value": 0, "Offset": 8}, "PointerToRawData": {"FileOffset": 35752, "Value": 45416, "Offset": 24}, "MinorVersion": {"FileOffset": 35738, "Value": 0, "Offset": 10}, "TimeDateStamp": {"FileOffset": 35732, "Value": "0x50D6A1F7 [Sun Dec 23 06:17:27 2012 UTC]", "Offset": 4}, "Characteristics": {"FileOffset": 35728, "Value": 0, "Offset": 0}, "Structure": "IMAGE_DEBUG_DIRECTORY", "Type": "IMAGE_DEBUG_TYPE_CODEVIEW", "SizeOfData": {"FileOffset": 35744, "Value": 114, "Offset": 16}, "AddressOfRawData": {"FileOffset": 35748, "Value": 51048, "Offset": 20}}], "Imported symbols": [[{"TimeDateStamp": {"FileOffset": 46728, "Value": "0x0        [Thu Jan  1 00:00:00 1970 UTC]", "Offset": 4}, "Name": {"FileOffset": 46736, "Value": 52780, "Offset": 12}, "ForwarderChain": {"FileOffset": 46732, "Value": 0, "Offset": 8}, "OriginalFirstThunk": {"FileOffset": 46724, "Value": 52416, "Offset": 0}, "FirstThunk": {"FileOffset": 46740, "Value": 40960, "Offset": 16}, "Characteristics": {"FileOffset": 46724, "Value": 52416, "Offset": 0}, "Structure": "IMAGE_IMPORT_DESCRIPTOR"}, {"Hint": 659, "Name": "GetTickCount", "DLL": "KERNEL32.dll"}, {"Hint": 1202, "Name": "Sleep", "DLL": "KERNEL32.dll"}, {"Hint": 631, "Name": "GetSystemTime", "DLL": "KERNEL32.dll"}, {"Hint": 772, "Name": "IsProcessorFeaturePresent", "DLL": "KERNEL32.dll"}, {"Hint": 617, "Name": "GetStringTypeW", "DLL": "KERNEL32.dll"}, {"Hint": 813, "Name": "LCMapStringW", "DLL": "KERNEL32.dll"}, {"Hint": 724, "Name": "HeapSize", "DLL": "KERNEL32.dll"}, {"Hint": 1159, "Name": "SetStdHandle", "DLL": "KERNEL32.dll"}, {"Hint": 871, "Name": "MultiByteToWideChar", "DLL": "KERNEL32.dll"}, {"Hint": 1316, "Name": "WriteConsoleW", "DLL": "KERNEL32.dll"}, {"Hint": 343, "Name": "FlushFileBuffers", "DLL": "KERNEL32.dll"}, {"Hint": 722, "Name": "HeapReAlloc", "DLL": "KERNEL32.dll"}, {"Hint": 238, "Name": "EnterCriticalSection", "DLL": "KERNEL32.dll"}, {"Hint": 825, "Name": "LeaveCriticalSection", "DLL": "KERNEL32.dll"}, {"Hint": 428, "Name": "GetConsoleMode", "DLL": "KERNEL32.dll"}, {"Hint": 907, "Name": "PeekConsoleInputA", "DLL": "KERNEL32.dll"}, {"Hint": 565, "Name": "GetNumberOfConsoleInputEvents", "DLL": "KERNEL32.dll"}, {"Hint": 581, "Name": "GetProcAddress", "DLL": "KERNEL32.dll"}, {"Hint": 536, "Name": "GetModuleHandleW", "DLL": "KERNEL32.dll"}, {"Hint": 281, "Name": "ExitProcess", "DLL": "KERNEL32.dll"}, {"Hint": 202, "Name": "DecodePointer", "DLL": "KERNEL32.dll"}, {"Hint": 390, "Name": "GetCommandLineA", "DLL": "KERNEL32.dll"}, {"Hint": 723, "Name": "HeapSetInformation", "DLL": "KERNEL32.dll"}, {"Hint": 1216, "Name": "TerminateProcess", "DLL": "KERNEL32.dll"}, {"Hint": 448, "Name": "GetCurrentProcess", "DLL": "KERNEL32.dll"}, {"Hint": 1235, "Name": "UnhandledExceptionFilter", "DLL": "KERNEL32.dll"}, {"Hint": 1189, "Name": "SetUnhandledExceptionFilter", "DLL": "KERNEL32.dll"}, {"Hint": 768, "Name": "IsDebuggerPresent", "DLL": "KERNEL32.dll"}, {"Hint": 234, "Name": "EncodePointer", "DLL": "KERNEL32.dll"}, {"Hint": 1135, "Name": "SetHandleCount", "DLL": "KERNEL32.dll"}, {"Hint": 612, "Name": "GetStdHandle", "DLL": "KERNEL32.dll"}, {"Hint": 739, "Name": "InitializeCriticalSectionAndSpinCount", "DLL": "KERNEL32.dll"}, {"Hint": 499, "Name": "GetFileType", "DLL": "KERNEL32.dll"}, {"Hint": 611, "Name": "GetStartupInfoW", "DLL": "KERNEL32.dll"}, {"Hint": 209, "Name": "DeleteCriticalSection", "DLL": "KERNEL32.dll"}, {"Hint": 514, "Name": "GetLastError", "DLL": "KERNEL32.dll"}, {"Hint": 719, "Name": "HeapFree", "DLL": "KERNEL32.dll"}, {"Hint": 1048, "Name": "RtlUnwind", "DLL": "KERNEL32.dll"}, {"Hint": 1221, "Name": "TlsAlloc", "DLL": "KERNEL32.dll"}, {"Hint": 1223, "Name": "TlsGetValue", "DLL": "KERNEL32.dll"}, {"Hint": 1224, "Name": "TlsSetValue", "DLL": "KERNEL32.dll"}, {"Hint": 1222, "Name": "TlsFree", "DLL": "KERNEL32.dll"}, {"Hint": 751, "Name": "InterlockedIncrement", "DLL": "KERNEL32.dll"}, {"Hint": 1139, "Name": "SetLastError", "DLL": "KERNEL32.dll"}, {"Hint": 453, "Name": "GetCurrentThreadId", "DLL": "KERNEL32.dll"}, {"Hint": 747, "Name": "InterlockedDecrement", "DLL": "KERNEL32.dll"}, {"Hint": 143, "Name": "CreateFileW", "DLL": "KERNEL32.dll"}, {"Hint": 82, "Name": "CloseHandle", "DLL": "KERNEL32.dll"}, {"Hint": 715, "Name": "HeapAlloc", "DLL": "KERNEL32.dll"}, {"Hint": 831, "Name": "LoadLibraryW", "DLL": "KERNEL32.dll"}, {"Hint": 1317, "Name": "WriteFile", "DLL": "KERNEL32.dll"}, {"Hint": 532, "Name": "GetModuleFileNameW", "DLL": "KERNEL32.dll"}, {"Hint": 531, "Name": "GetModuleFileNameA", "DLL": "KERNEL32.dll"}, {"Hint": 353, "Name": "FreeEnvironmentStringsW", "DLL": "KERNEL32.dll"}, {"Hint": 1297, "Name": "WideCharToMultiByte", "DLL": "KERNEL32.dll"}, {"Hint": 474, "Name": "GetEnvironmentStringsW", "DLL": "KERNEL32.dll"}, {"Hint": 717, "Name": "HeapCreate", "DLL": "KERNEL32.dll"}, {"Hint": 935, "Name": "QueryPerformanceCounter", "DLL": "KERNEL32.dll"}, {"Hint": 449, "Name": "GetCurrentProcessId", "DLL": "KERNEL32.dll"}, {"Hint": 633, "Name": "GetSystemTimeAsFileTime", "DLL": "KERNEL32.dll"}, {"Hint": 945, "Name": "RaiseException", "DLL": "KERNEL32.dll"}, {"Hint": 1126, "Name": "SetFilePointer", "DLL": "KERNEL32.dll"}, {"Hint": 410, "Name": "GetConsoleCP", "DLL": "KERNEL32.dll"}, {"Hint": 370, "Name": "GetCPInfo", "DLL": "KERNEL32.dll"}, {"Hint": 360, "Name": "GetACP", "DLL": "KERNEL32.dll"}, {"Hint": 567, "Name": "GetOEMCP", "DLL": "KERNEL32.dll"}, {"Hint": 778, "Name": "IsValidCodePage", "DLL": "KERNEL32.dll"}, {"Hint": 960, "Name": "ReadFile", "DLL": "KERNEL32.dll"}], [{"TimeDateStamp": {"FileOffset": 46748, "Value": "0x0        [Thu Jan  1 00:00:00 1970 UTC]", "Offset": 4}, "Name": {"FileOffset": 46756, "Value": 52794, "Offset": 12}, "ForwarderChain": {"FileOffset": 46752, "Value": 0, "Offset": 8}, "OriginalFirstThunk": {"FileOffset": 46744, "Value": 52692, "Offset": 0}, "FirstThunk": {"FileOffset": 46760, "Value": 41236, "Offset": 16}, "Characteristics": {"FileOffset": 46744, "Value": 52692, "Offset": 0}, "Structure": "IMAGE_IMPORT_DESCRIPTOR"}, {"Ordinal": 57, "DLL": "WS2_32.dll"}, {"Ordinal": 12, "DLL": "WS2_32.dll"}, {"Ordinal": 115, "DLL": "WS2_32.dll"}, {"Ordinal": 11, "DLL": "WS2_32.dll"}, {"Ordinal": 9, "DLL": "WS2_32.dll"}, {"Ordinal": 21, "DLL": "WS2_32.dll"}, {"Ordinal": 20, "DLL": "WS2_32.dll"}, {"Ordinal": 116, "DLL": "WS2_32.dll"}, {"Ordinal": 23, "DLL": "WS2_32.dll"}, {"Ordinal": 52, "DLL": "WS2_32.dll"}, {"Ordinal": 111, "DLL": "WS2_32.dll"}]], "PE Sections": [{"PointerToRawData": {"FileOffset": 508, "Value": 1024, "Offset": 20}, "SHA1": "43a580e47e8bf8e339594bf5797f57f41e3e4f3a", "SHA256": "a06b3790b37bf7a29a6a745f1a17035928599c8c29dd043a7cfb0706527e6b2d", "Name": {"FileOffset": 488, "Value": ".text", "Offset": 0}, "NumberOfRelocations": {"FileOffset": 520, "Value": 0, "Offset": 32}, "Misc_VirtualSize": {"FileOffset": 496, "Value": 34215, "Offset": 8}, "Characteristics": {"FileOffset": 524, "Value": 1610612768, "Offset": 36}, "Misc": {"FileOffset": 496, "Value": 34215, "Offset": 8}, "PointerToLinenumbers": {"FileOffset": 516, "Value": 0, "Offset": 28}, "SizeOfRawData": {"FileOffset": 504, "Value": 34304, "Offset": 16}, "Misc_PhysicalAddress": {"FileOffset": 496, "Value": 34215, "Offset": 8}, "PointerToRelocations": {"FileOffset": 512, "Value": 0, "Offset": 24}, "Flags": ["IMAGE_SCN_MEM_EXECUTE", "IMAGE_SCN_CNT_CODE", "IMAGE_SCN_MEM_READ"], "SHA512": "68b50eeb08af574e24cd8c0d7cf63cbc1f6e90d35d530ea626bc5af570222483c53e520a20717e4a4d3b72f8f5eb86502531e8a2893bd1a2a1bf7010d05f51e6", "MD5": "c4d8c9fd3ac28b9fc482c6a9509d7493", "Entropy": 6.522767868987511, "VirtualAddress": {"FileOffset": 500, "Value": 4096, "Offset": 12}, "Structure": "IMAGE_SECTION_HEADER", "NumberOfLinenumbers": {"FileOffset": 522, "Value": 0, "Offset": 34}}, {"PointerToRawData": {"FileOffset": 548, "Value": 35328, "Offset": 20}, "SHA1": "fddce5dcb3582c788558cab8e97f1faaf0162df4", "SHA256": "1789c7e970157375999f0d90e0e1c6936107b2bf3a856dd7c32c13c870143f98", "Name": {"FileOffset": 528, "Value": ".rdata", "Offset": 0}, "NumberOfRelocations": {"FileOffset": 560, "Value": 0, "Offset": 32}, "Misc_VirtualSize": {"FileOffset": 536, "Value": 13064, "Offset": 8}, "Characteristics": {"FileOffset": 564, "Value": 1073741888, "Offset": 36}, "Misc": {"FileOffset": 536, "Value": 13064, "Offset": 8}, "PointerToLinenumbers": {"FileOffset": 556, "Value": 0, "Offset": 28}, "SizeOfRawData": {"FileOffset": 544, "Value": 13312, "Offset": 16}, "Misc_PhysicalAddress": {"FileOffset": 536, "Value": 13064, "Offset": 8}, "PointerToRelocations": {"FileOffset": 552, "Value": 0, "Offset": 24}, "Flags": ["IMAGE_SCN_CNT_INITIALIZED_DATA", "IMAGE_SCN_MEM_READ"], "SHA512": "b1ec2c82d08ab9e38b89e9dd678a1e8dc894bd0416681fe1b2dc4300eb30004181c97ab2ab2309f8df6354565174d23f76957459d6b049ae7131dd68c7de8f1e", "MD5": "b692edbed88136cb7b87076f53291e6a", "Entropy": 4.9729201963518435, "VirtualAddress": {"FileOffset": 540, "Value": 40960, "Offset": 12}, "Structure": "IMAGE_SECTION_HEADER", "NumberOfLinenumbers": {"FileOffset": 562, "Value": 0, "Offset": 34}}, {"PointerToRawData": {"FileOffset": 588, "Value": 48640, "Offset": 20}, "SHA1": "a75f74000c04570da64da58e5dfc4784c87594ac", "SHA256": "b98547a5157b5cb833d4091b42d7811e3e8e896e2787637ee5501ca7f9ace4aa", "Name": {"FileOffset": 568, "Value": ".data", "Offset": 0}, "NumberOfRelocations": {"FileOffset": 600, "Value": 0, "Offset": 32}, "Misc_VirtualSize": {"FileOffset": 576, "Value": 11620, "Offset": 8}, "Characteristics": {"FileOffset": 604, "Value": 3221225536, "Offset": 36}, "Misc": {"FileOffset": 576, "Value": 11620, "Offset": 8}, "PointerToLinenumbers": {"FileOffset": 596, "Value": 0, "Offset": 28}, "SizeOfRawData": {"FileOffset": 584, "Value": 4096, "Offset": 16}, "Misc_PhysicalAddress": {"FileOffset": 576, "Value": 11620, "Offset": 8}, "PointerToRelocations": {"FileOffset": 592, "Value": 0, "Offset": 24}, "Flags": ["IMAGE_SCN_CNT_INITIALIZED_DATA", "IMAGE_SCN_MEM_WRITE", "IMAGE_SCN_MEM_READ"], "SHA512": "2cc301db880c70f64be15ee53db9e934ca787f81e0cb7f46968406384ee8f2e5395ca2a1240317b4003e47983dcb4052b320a320731e14af1348737c4ead4d77", "MD5": "5aaa28933a86239b19b66aca8f8b1f93", "Entropy": 2.2713875935463084, "VirtualAddress": {"FileOffset": 580, "Value": 57344, "Offset": 12}, "Structure": "IMAGE_SECTION_HEADER", "NumberOfLinenumbers": {"FileOffset": 602, "Value": 0, "Offset": 34}}, {"PointerToRawData": {"FileOffset": 628, "Value": 52736, "Offset": 20}, "SHA1": "e2d4aa98282af6a74a081ea1647142a59823aff5", "SHA256": "42e57d3e292ace989239485a952a8d9111ae5fa599f5ef2098246089ecc9b1d5", "Name": {"FileOffset": 608, "Value": ".rsrc", "Offset": 0}, "NumberOfRelocations": {"FileOffset": 640, "Value": 0, "Offset": 32}, "Misc_VirtualSize": {"FileOffset": 616, "Value": 1220, "Offset": 8}, "Characteristics": {"FileOffset": 644, "Value": 1073741888, "Offset": 36}, "Misc": {"FileOffset": 616, "Value": 1220, "Offset": 8}, "PointerToLinenumbers": {"FileOffset": 636, "Value": 0, "Offset": 28}, "SizeOfRawData": {"FileOffset": 624, "Value": 1536, "Offset": 16}, "Misc_PhysicalAddress": {"FileOffset": 616, "Value": 1220, "Offset": 8}, "PointerToRelocations": {"FileOffset": 632, "Value": 0, "Offset": 24}, "Flags": ["IMAGE_SCN_CNT_INITIALIZED_DATA", "IMAGE_SCN_MEM_READ"], "SHA512": "dfea31a8daf284013ffb08b6c4e875d980989236173c42b3237cb93b6517d4d7b25a66c0fb2b1f4c5d10beddb3f325b69d8526867450e1df85d59a5bd14d16a6", "MD5": "a1653e925b84625deee5ed8db0f16fe5", "Entropy": 4.572027331158477, "VirtualAddress": {"FileOffset": 620, "Value": 69632, "Offset": 12}, "Structure": "IMAGE_SECTION_HEADER", "NumberOfLinenumbers": {"FileOffset": 642, "Value": 0, "Offset": 34}}, {"PointerToRawData": {"FileOffset": 668, "Value": 54272, "Offset": 20}, "SHA1": "28f5b8d5eb69f9fea7b19dba2e49eb509738b3f9", "SHA256": "b08a037cb4e1bd1e37e4a6b60766fa88844529746972a8cd6de278ff01544b9f", "Name": {"FileOffset": 648, "Value": ".reloc", "Offset": 0}, "NumberOfRelocations": {"FileOffset": 680, "Value": 0, "Offset": 32}, "Misc_VirtualSize": {"FileOffset": 656, "Value": 5054, "Offset": 8}, "Characteristics": {"FileOffset": 684, "Value": 1107296320, "Offset": 36}, "Misc": {"FileOffset": 656, "Value": 5054, "Offset": 8}, "PointerToLinenumbers": {"FileOffset": 676, "Value": 0, "Offset": 28}, "SizeOfRawData": {"FileOffset": 664, "Value": 5120, "Offset": 16}, "Misc_PhysicalAddress": {"FileOffset": 656, "Value": 5054, "Offset": 8}, "PointerToRelocations": {"FileOffset": 672, "Value": 0, "Offset": 24}, "Flags": ["IMAGE_SCN_CNT_INITIALIZED_DATA", "IMAGE_SCN_MEM_DISCARDABLE", "IMAGE_SCN_MEM_READ"], "SHA512": "c163e4b5260bd8d7c81e7454b432e8d81c0f5c7e55a376509fac13f84b13e67c9de95f9c6b93a241cb00a26f27926e1faabd0d3f749d0614b0b4d5f8e726b9a8", "MD5": "e0ead4e4a4ac223246f39fd8038272c1", "Entropy": 3.891413277875938, "VirtualAddress": {"FileOffset": 660, "Value": 73728, "Offset": 12}, "Structure": "IMAGE_SECTION_HEADER", "NumberOfLinenumbers": {"FileOffset": 682, "Value": 0, "Offset": 34}}], "Resource directory": [{"MajorVersion": {"FileOffset": 52744, "Value": 4, "Offset": 8}, "NumberOfIdEntries": {"FileOffset": 52750, "Value": 2, "Offset": 14}, "MinorVersion": {"FileOffset": 52746, "Value": 0, "Offset": 10}, "TimeDateStamp": {"FileOffset": 52740, "Value": "0x0        [Thu Jan  1 00:00:00 1970 UTC]", "Offset": 4}, "Characteristics": {"FileOffset": 52736, "Value": 0, "Offset": 0}, "NumberOfNamedEntries": {"FileOffset": 52748, "Value": 0, "Offset": 12}, "Structure": "IMAGE_RESOURCE_DIRECTORY"}, {"Structure": "IMAGE_RESOURCE_DIRECTORY_ENTRY", "Id": [16, "RT_VERSION"], "OffsetToData": {"FileOffset": 52756, "Value": 2147483680, "Offset": 4}, "Name": {"FileOffset": 52752, "Value": 16, "Offset": 0}}, [{"MajorVersion": {"FileOffset": 52776, "Value": 4, "Offset": 8}, "NumberOfIdEntries": {"FileOffset": 52782, "Value": 1, "Offset": 14}, "MinorVersion": {"FileOffset": 52778, "Value": 0, "Offset": 10}, "TimeDateStamp": {"FileOffset": 52772, "Value": "0x0        [Thu Jan  1 00:00:00 1970 UTC]", "Offset": 4}, "Characteristics": {"FileOffset": 52768, "Value": 0, "Offset": 0}, "NumberOfNamedEntries": {"FileOffset": 52780, "Value": 0, "Offset": 12}, "Structure": "IMAGE_RESOURCE_DIRECTORY"}, {"Structure": "IMAGE_RESOURCE_DIRECTORY_ENTRY", "Id": 1, "OffsetToData": {"FileOffset": 52788, "Value": 2147483728, "Offset": 4}, "Name": {"FileOffset": 52784, "Value": 1, "Offset": 0}}, [{"MajorVersion": {"FileOffset": 52824, "Value": 4, "Offset": 8}, "NumberOfIdEntries": {"FileOffset": 52830, "Value": 1, "Offset": 14}, "MinorVersion": {"FileOffset": 52826, "Value": 0, "Offset": 10}, "TimeDateStamp": {"FileOffset": 52820, "Value": "0x0        [Thu Jan  1 00:00:00 1970 UTC]", "Offset": 4}, "Characteristics": {"FileOffset": 52816, "Value": 0, "Offset": 0}, "NumberOfNamedEntries": {"FileOffset": 52828, "Value": 0, "Offset": 12}, "Structure": "IMAGE_RESOURCE_DIRECTORY"}, {"LANG": 9, "SUBLANG_NAME": "SUBLANG_ENGLISH_US", "Name": {"FileOffset": 52832, "Value": 1033, "Offset": 0}, "CodePage": {"FileOffset": 52872, "Value": 1252, "Offset": 8}, "LANG_NAME": "LANG_ENGLISH", "OffsetToData": {"FileOffset": 52864, "Value": 69792, "Offset": 0}, "Reserved": {"FileOffset": 52876, "Value": 0, "Offset": 12}, "SUBLANG": 1, "Structure": "IMAGE_RESOURCE_DATA_ENTRY", "Size": {"FileOffset": 52868, "Value": 712, "Offset": 4}}]], {"Structure": "IMAGE_RESOURCE_DIRECTORY_ENTRY", "Id": [24, "RT_MANIFEST"], "OffsetToData": {"FileOffset": 52764, "Value": 2147483704, "Offset": 4}, "Name": {"FileOffset": 52760, "Value": 24, "Offset": 0}}, [{"MajorVersion": {"FileOffset": 52800, "Value": 4, "Offset": 8}, "NumberOfIdEntries": {"FileOffset": 52806, "Value": 1, "Offset": 14}, "MinorVersion": {"FileOffset": 52802, "Value": 0, "Offset": 10}, "TimeDateStamp": {"FileOffset": 52796, "Value": "0x0        [Thu Jan  1 00:00:00 1970 UTC]", "Offset": 4}, "Characteristics": {"FileOffset": 52792, "Value": 0, "Offset": 0}, "NumberOfNamedEntries": {"FileOffset": 52804, "Value": 0, "Offset": 12}, "Structure": "IMAGE_RESOURCE_DIRECTORY"}, {"Structure": "IMAGE_RESOURCE_DIRECTORY_ENTRY", "Id": 1, "OffsetToData": {"FileOffset": 52812, "Value": 2147483752, "Offset": 4}, "Name": {"FileOffset": 52808, "Value": 1, "Offset": 0}}, [{"MajorVersion": {"FileOffset": 52848, "Value": 4, "Offset": 8}, "NumberOfIdEntries": {"FileOffset": 52854, "Value": 1, "Offset": 14}, "MinorVersion": {"FileOffset": 52850, "Value": 0, "Offset": 10}, "TimeDateStamp": {"FileOffset": 52844, "Value": "0x0        [Thu Jan  1 00:00:00 1970 UTC]", "Offset": 4}, "Characteristics": {"FileOffset": 52840, "Value": 0, "Offset": 0}, "NumberOfNamedEntries": {"FileOffset": 52852, "Value": 0, "Offset": 12}, "Structure": "IMAGE_RESOURCE_DIRECTORY"}, {"LANG": 9, "SUBLANG_NAME": "SUBLANG_ENGLISH_US", "Name": {"FileOffset": 52856, "Value": 1033, "Offset": 0}, "CodePage": {"FileOffset": 52888, "Value": 1252, "Offset": 8}, "LANG_NAME": "LANG_ENGLISH", "OffsetToData": {"FileOffset": 52880, "Value": 70504, "Offset": 0}, "Reserved": {"FileOffset": 52892, "Value": 0, "Offset": 12}, "SUBLANG": 1, "Structure": "IMAGE_RESOURCE_DATA_ENTRY", "Size": {"FileOffset": 52884, "Value": 346, "Offset": 4}}]]]}
