{"DllCharacteristics": ["IMAGE_DLLCHARACTERISTICS_NO_SEH", "IMAGE_DLLCHARACTERISTICS_TERMINAL_SERVER_AWARE", "IMAGE_DLLCHARACTERISTICS_DYNAMIC_BASE", "IMAGE_DLLCHARACTERISTICS_NX_COMPAT"], "FILE_HEADER": {"NumberOfSections": {"FileOffset": 134, "Value": 3, "Offset": 2}, "TimeDateStamp": {"FileOffset": 136, "Value": "0x5393254F [Sat Jun  7 14:44:31 2014 UTC]", "Offset": 4}, "PointerToSymbolTable": {"FileOffset": 140, "Value": 0, "Offset": 8}, "NumberOfSymbols": {"FileOffset": 144, "Value": 0, "Offset": 12}, "Machine": {"FileOffset": 132, "Value": 332, "Offset": 0}, "Characteristics": {"FileOffset": 150, "Value": 258, "Offset": 18}, "SizeOfOptionalHeader": {"FileOffset": 148, "Value": 224, "Offset": 16}, "Structure": "IMAGE_FILE_HEADER"}, "Directories": [{"VirtualAddress": {"FileOffset": 248, "Value": 0, "Offset": 0}, "Structure": "IMAGE_DIRECTORY_ENTRY_EXPORT", "Size": {"FileOffset": 252, "Value": 0, "Offset": 4}}, {"VirtualAddress": {"FileOffset": 256, "Value": 184225, "Offset": 0}, "Structure": "IMAGE_DIRECTORY_ENTRY_IMPORT", "Size": {"FileOffset": 260, "Value": 74, "Offset": 4}}, {"VirtualAddress": {"FileOffset": 264, "Value": 188416, "Offset": 0}, "Structure": "IMAGE_DIRECTORY_ENTRY_RESOURCE", "Size": {"FileOffset": 268, "Value": 1400, "Offset": 4}}, {"VirtualAddress": {"FileOffset": 272, "Value": 0, "Offset": 0}, "Structure": "IMAGE_DIRECTORY_ENTRY_EXCEPTION", "Size": {"FileOffset": 276, "Value": 0, "Offset": 4}}, {"VirtualAddress": {"FileOffset": 280, "Value": 0, "Offset": 0}, "Structure": "IMAGE_DIRECTORY_ENTRY_SECURITY", "Size": {"FileOffset": 284, "Value": 0, "Offset": 4}}, {"VirtualAddress": {"FileOffset": 288, "Value": 196608, "Offset": 0}, "Structure": "IMAGE_DIRECTORY_ENTRY_BASERELOC", "Size": {"FileOffset": 292, "Value": 12, "Offset": 4}}, {"VirtualAddress": {"FileOffset": 296, "Value": 0, "Offset": 0}, "Structure": "IMAGE_DIRECTORY_ENTRY_DEBUG", "Size": {"FileOffset": 300, "Value": 0, "Offset": 4}}, {"VirtualAddress": {"FileOffset": 304, "Value": 0, "Offset": 0}, "Structure": "IMAGE_DIRECTORY_ENTRY_COPYRIGHT", "Size": {"FileOffset": 308, "Value": 0, "Offset": 4}}, {"VirtualAddress": {"FileOffset": 312, "Value": 0, "Offset": 0}, "Structure": "IMAGE_DIRECTORY_ENTRY_GLOBALPTR", "Size": {"FileOffset": 316, "Value": 0, "Offset": 4}}, {"VirtualAddress": {"FileOffset": 320, "Value": 0, "Offset": 0}, "Structure": "IMAGE_DIRECTORY_ENTRY_TLS", "Size": {"FileOffset": 324, "Value": 0, "Offset": 4}}, {"VirtualAddress": {"FileOffset": 328, "Value": 0, "Offset": 0}, "Structure": "IMAGE_DIRECTORY_ENTRY_LOAD_CONFIG", "Size": {"FileOffset": 332, "Value": 0, "Offset": 4}}, {"VirtualAddress": {"FileOffset": 336, "Value": 0, "Offset": 0}, "Structure": "IMAGE_DIRECTORY_ENTRY_BOUND_IMPORT", "Size": {"FileOffset": 340, "Value": 0, "Offset": 4}}, {"VirtualAddress": {"FileOffset": 344, "Value": 8192, "Offset": 0}, "Structure": "IMAGE_DIRECTORY_ENTRY_IAT", "Size": {"FileOffset": 348, "Value": 8, "Offset": 4}}, {"VirtualAddress": {"FileOffset": 352, "Value": 0, "Offset": 0}, "Structure": "IMAGE_DIRECTORY_ENTRY_DELAY_IMPORT", "Size": {"FileOffset": 356, "Value": 0, "Offset": 4}}, {"VirtualAddress": {"FileOffset": 360, "Value": 8200, "Offset": 0}, "Structure": "IMAGE_DIRECTORY_ENTRY_COM_DESCRIPTOR", "Size": {"FileOffset": 364, "Value": 72, "Offset": 4}}, {"VirtualAddress": {"FileOffset": 368, "Value": 0, "Offset": 0}, "Structure": "IMAGE_DIRECTORY_ENTRY_RESERVED", "Size": {"FileOffset": 372, "Value": 0, "Offset": 4}}], "OPTIONAL_HEADER": {"DllCharacteristics": {"FileOffset": 222, "Value": 34112, "Offset": 70}, "BaseOfCode": {"FileOffset": 172, "Value": 8192, "Offset": 20}, "MajorLinkerVersion": {"FileOffset": 154, "Value": 8, "Offset": 2}, "MinorOperatingSystemVersion": {"FileOffset": 194, "Value": 0, "Offset": 42}, "MinorLinkerVersion": {"FileOffset": 155, "Value": 0, "Offset": 3}, "MajorSubsystemVersion": {"FileOffset": 200, "Value": 4, "Offset": 48}, "MajorOperatingSystemVersion": {"FileOffset": 192, "Value": 4, "Offset": 40}, "SizeOfStackCommit": {"FileOffset": 228, "Value": 4096, "Offset": 76}, "SizeOfUninitializedData": {"FileOffset": 164, "Value": 0, "Offset": 12}, "NumberOfRvaAndSizes": {"FileOffset": 244, "Value": 16, "Offset": 92}, "SizeOfHeapReserve": {"FileOffset": 232, "Value": 1048576, "Offset": 80}, "LoaderFlags": {"FileOffset": 240, "Value": 0, "Offset": 88}, "SizeOfHeapCommit": {"FileOffset": 236, "Value": 4096, "Offset": 84}, "SizeOfStackReserve": {"FileOffset": 224, "Value": 1048576, "Offset": 72}, "Structure": "IMAGE_OPTIONAL_HEADER", "SizeOfHeaders": {"FileOffset": 212, "Value": 512, "Offset": 60}, "Subsystem": {"FileOffset": 220, "Value": 2, "Offset": 68}, "Magic": {"FileOffset": 152, "Value": 267, "Offset": 0}, "MinorImageVersion": {"FileOffset": 198, "Value": 0, "Offset": 46}, "MajorImageVersion": {"FileOffset": 196, "Value": 0, "Offset": 44}, "FileAlignment": {"FileOffset": 188, "Value": 512, "Offset": 36}, "BaseOfData": {"FileOffset": 176, "Value": 188416, "Offset": 24}, "AddressOfEntryPoint": {"FileOffset": 168, "Value": 184299, "Offset": 16}, "SectionAlignment": {"FileOffset": 184, "Value": 8192, "Offset": 32}, "SizeOfCode": {"FileOffset": 156, "Value": 176128, "Offset": 4}, "ImageBase": {"FileOffset": 180, "Value": 4194304, "Offset": 28}, "SizeOfInitializedData": {"FileOffset": 160, "Value": 2048, "Offset": 8}, "SizeOfImage": {"FileOffset": 208, "Value": 204800, "Offset": 56}, "MinorSubsystemVersion": {"FileOffset": 202, "Value": 0, "Offset": 50}, "CheckSum": {"FileOffset": 216, "Value": 0, "Offset": 64}, "Reserved1": {"FileOffset": 204, "Value": 0, "Offset": 52}}, "DOS_HEADER": {"e_cblp": {"FileOffset": 2, "Value": 144, "Offset": 2}, "e_crlc": {"FileOffset": 6, "Value": 0, "Offset": 6}, "e_ovno": {"FileOffset": 26, "Value": 0, "Offset": 26}, "e_minalloc": {"FileOffset": 10, "Value": 0, "Offset": 10}, "e_csum": {"FileOffset": 18, "Value": 0, "Offset": 18}, "e_cparhdr": {"FileOffset": 8, "Value": 4, "Offset": 8}, "e_cp": {"FileOffset": 4, "Value": 3, "Offset": 4}, "e_cs": {"FileOffset": 22, "Value": 0, "Offset": 22}, "e_maxalloc": {"FileOffset": 12, "Value": 65535, "Offset": 12}, "e_lfarlc": {"FileOffset": 24, "Value": 64, "Offset": 24}, "e_oemid": {"FileOffset": 36, "Value": 0, "Offset": 36}, "e_lfanew": {"FileOffset": 60, "Value": 128, "Offset": 60}, "e_ss": {"FileOffset": 14, "Value": 0, "Offset": 14}, "e_magic": {"FileOffset": 0, "Value": 23117, "Offset": 0}, "e_oeminfo": {"FileOffset": 38, "Value": 0, "Offset": 38}, "e_res2": {"FileOffset": 40, "Value": "", "Offset": 40}, "e_res": {"FileOffset": 28, "Value": "", "Offset": 28}, "e_sp": {"FileOffset": 16, "Value": 184, "Offset": 16}, "Structure": "IMAGE_DOS_HEADER", "e_ip": {"FileOffset": 20, "Value": 0, "Offset": 20}}, "Base relocations": [[{"SizeOfBlock": {"FileOffset": 178180, "Value": 12, "Offset": 4}, "VirtualAddress": {"FileOffset": 178176, "Value": 180224, "Offset": 0}, "Structure": "IMAGE_BASE_RELOCATION"}, {"RVA": 184301, "Type": "HIGHLOW"}, {"RVA": 180224, "Type": "ABSOLUTE"}]], "NT_HEADERS": {"Structure": "IMAGE_NT_HEADERS", "Signature": {"FileOffset": 128, "Value": 17744, "Offset": 0}}, "Flags": ["IMAGE_FILE_32BIT_MACHINE", "IMAGE_FILE_EXECUTABLE_IMAGE"], "Version Information": [{"ValueLength": {"FileOffset": 177254, "Value": 52, "Offset": 2}, "Length": {"FileOffset": 177252, "Value": 788, "Offset": 0}, "Type": {"FileOffset": 177256, "Value": 0, "Offset": 4}, "Structure": "VS_VERSIONINFO"}, {"FileFlagsMask": {"FileOffset": 177316, "Value": 63, "Offset": 24}, "FileType": {"FileOffset": 177328, "Value": 1, "Offset": 36}, "FileVersionMS": {"FileOffset": 177300, "Value": 65536, "Offset": 8}, "FileVersionLS": {"FileOffset": 177304, "Value": 0, "Offset": 12}, "Signature": {"FileOffset": 177292, "Value": 4277077181, "Offset": 0}, "FileSubtype": {"FileOffset": 177332, "Value": 0, "Offset": 40}, "FileFlags": {"FileOffset": 177320, "Value": 0, "Offset": 28}, "FileDateLS": {"FileOffset": 177340, "Value": 0, "Offset": 48}, "ProductVersionLS": {"FileOffset": 177312, "Value": 0, "Offset": 20}, "FileOS": {"FileOffset": 177324, "Value": 4, "Offset": 32}, "ProductVersionMS": {"FileOffset": 177308, "Value": 65536, "Offset": 16}, "FileDateMS": {"FileOffset": 177336, "Value": 0, "Offset": 44}, "Structure": "VS_FIXEDFILEINFO", "StrucVersion": {"FileOffset": 177296, "Value": 65536, "Offset": 4}}], "Imported symbols": [[{"TimeDateStamp": {"FileOffset": 176549, "Value": "0x0        [Thu Jan  1 00:00:00 1970 UTC]", "Offset": 4}, "Name": {"FileOffset": 176557, "Value": 184287, "Offset": 12}, "ForwarderChain": {"FileOffset": 176553, "Value": 0, "Offset": 8}, "OriginalFirstThunk": {"FileOffset": 176545, "Value": 184265, "Offset": 0}, "FirstThunk": {"FileOffset": 176561, "Value": 8192, "Offset": 16}, "Characteristics": {"FileOffset": 176545, "Value": 184265, "Offset": 0}, "Structure": "IMAGE_IMPORT_DESCRIPTOR"}, {"Hint": 0, "Name": "_CorExeMain", "DLL": "mscoree.dll"}]], "PE Sections": [{"PointerToRawData": {"FileOffset": 396, "Value": 512, "Offset": 20}, "SHA1": "643a1cfe987ee3a81ebc69b2d91cd2ad40128e98", "SHA256": "b71a9c0e733366e77f0e583059a143c7269645cb55a578c253085d1cff4c2955", "Name": {"FileOffset": 376, "Value": ".text", "Offset": 0}, "NumberOfRelocations": {"FileOffset": 408, "Value": 0, "Offset": 32}, "Misc_VirtualSize": {"FileOffset": 384, "Value": 176113, "Offset": 8}, "Characteristics": {"FileOffset": 412, "Value": 1610612768, "Offset": 36}, "Misc": {"FileOffset": 384, "Value": 176113, "Offset": 8}, "PointerToLinenumbers": {"FileOffset": 404, "Value": 0, "Offset": 28}, "SizeOfRawData": {"FileOffset": 392, "Value": 176128, "Offset": 16}, "Misc_PhysicalAddress": {"FileOffset": 384, "Value": 176113, "Offset": 8}, "PointerToRelocations": {"FileOffset": 400, "Value": 0, "Offset": 24}, "Flags": ["IMAGE_SCN_MEM_EXECUTE", "IMAGE_SCN_CNT_CODE", "IMAGE_SCN_MEM_READ"], "SHA512": "3a5bf3e3e9723604e05a2391b1359751981d9bd20a73a77db105a6a7195aa4809903dfc0e9a8c862079f2d4a68f7cb38ad08a81cc0d6669b61082ccc75e0aeb0", "MD5": "7b612a76178bfac616ed85309287e5e6", "Entropy": 6.931199139468729, "VirtualAddress": {"FileOffset": 388, "Value": 8192, "Offset": 12}, "Structure": "IMAGE_SECTION_HEADER", "NumberOfLinenumbers": {"FileOffset": 410, "Value": 0, "Offset": 34}}, {"PointerToRawData": {"FileOffset": 436, "Value": 176640, "Offset": 20}, "SHA1": "821ff9a071aea05dbc1b288ef4d5cfd0d106bf6d", "SHA256": "a4a3e2f81c61f739e1c425bedf150a2c972e75947d218b274b490f7f89875d32", "Name": {"FileOffset": 416, "Value": ".rsrc", "Offset": 0}, "NumberOfRelocations": {"FileOffset": 448, "Value": 0, "Offset": 32}, "Misc_VirtualSize": {"FileOffset": 424, "Value": 1400, "Offset": 8}, "Characteristics": {"FileOffset": 452, "Value": 1073741888, "Offset": 36}, "Misc": {"FileOffset": 424, "Value": 1400, "Offset": 8}, "PointerToLinenumbers": {"FileOffset": 444, "Value": 0, "Offset": 28}, "SizeOfRawData": {"FileOffset": 432, "Value": 1536, "Offset": 16}, "Misc_PhysicalAddress": {"FileOffset": 424, "Value": 1400, "Offset": 8}, "PointerToRelocations": {"FileOffset": 440, "Value": 0, "Offset": 24}, "Flags": ["IMAGE_SCN_CNT_INITIALIZED_DATA", "IMAGE_SCN_MEM_READ"], "SHA512": "da11ca25aa8e50da55778c87778916f10483155d4811eeed6b843c1a4a4b7f74bbfc63c56f3edb0b0c2498676c5aa1ba8a1dac479a0c7d668a6b25b8ddc7a300", "MD5": "36466a614a0648990f1e24512add5c8d", "Entropy": 3.7754280384145593, "VirtualAddress": {"FileOffset": 428, "Value": 188416, "Offset": 12}, "Structure": "IMAGE_SECTION_HEADER", "NumberOfLinenumbers": {"FileOffset": 450, "Value": 0, "Offset": 34}}, {"PointerToRawData": {"FileOffset": 476, "Value": 178176, "Offset": 20}, "SHA1": "f1c647f096e6d51961b5165b61cf71ed9b5aa24c", "SHA256": "b2cb1d3998bca0644d9be3fc7823d42c51e91c39b8b6e1b7297e7d8de25b4ed9", "Name": {"FileOffset": 456, "Value": ".reloc", "Offset": 0}, "NumberOfRelocations": {"FileOffset": 488, "Value": 0, "Offset": 32}, "Misc_VirtualSize": {"FileOffset": 464, "Value": 12, "Offset": 8}, "Characteristics": {"FileOffset": 492, "Value": 1107296320, "Offset": 36}, "Misc": {"FileOffset": 464, "Value": 12, "Offset": 8}, "PointerToLinenumbers": {"FileOffset": 484, "Value": 0, "Offset": 28}, "SizeOfRawData": {"FileOffset": 472, "Value": 512, "Offset": 16}, "Misc_PhysicalAddress": {"FileOffset": 464, "Value": 12, "Offset": 8}, "PointerToRelocations": {"FileOffset": 480, "Value": 0, "Offset": 24}, "Flags": ["IMAGE_SCN_CNT_INITIALIZED_DATA", "IMAGE_SCN_MEM_DISCARDABLE", "IMAGE_SCN_MEM_READ"], "SHA512": "00c502f140082e89c35db1e45600e90e38c44f6e92f6e127f52158c3ad5569eb6d43a5c3f678642e018ff59cc8274bc6f557a582118a6fd34b02d6a7054bca81", "MD5": "14f690eeecdddc0398bb9b07ee53b832", "Entropy": 0.10191042566270775, "VirtualAddress": {"FileOffset": 468, "Value": 196608, "Offset": 12}, "Structure": "IMAGE_SECTION_HEADER", "NumberOfLinenumbers": {"FileOffset": 490, "Value": 0, "Offset": 34}}], "Resource directory": [{"MajorVersion": {"FileOffset": 176648, "Value": 4, "Offset": 8}, "NumberOfIdEntries": {"FileOffset": 176654, "Value": 1, "Offset": 14}, "MinorVersion": {"FileOffset": 176650, "Value": 0, "Offset": 10}, "TimeDateStamp": {"FileOffset": 176644, "Value": "0x0        [Thu Jan  1 00:00:00 1970 UTC]", "Offset": 4}, "Characteristics": {"FileOffset": 176640, "Value": 0, "Offset": 0}, "NumberOfNamedEntries": {"FileOffset": 176652, "Value": 1, "Offset": 12}, "Structure": "IMAGE_RESOURCE_DIRECTORY"}, {"Name": {"FileOffset": 176656, "Value": 2147483952, "Offset": 0}, "OffsetToData": {"FileOffset": 176660, "Value": 2147483680, "Offset": 4}, "Structure": "IMAGE_RESOURCE_DIRECTORY_ENTRY"}, [{"MajorVersion": {"FileOffset": 176680, "Value": 4, "Offset": 8}, "NumberOfIdEntries": {"FileOffset": 176686, "Value": 0, "Offset": 14}, "MinorVersion": {"FileOffset": 176682, "Value": 0, "Offset": 10}, "TimeDateStamp": {"FileOffset": 176676, "Value": "0x0        [Thu Jan  1 00:00:00 1970 UTC]", "Offset": 4}, "Characteristics": {"FileOffset": 176672, "Value": 0, "Offset": 0}, "NumberOfNamedEntries": {"FileOffset": 176684, "Value": 4, "Offset": 12}, "Structure": "IMAGE_RESOURCE_DIRECTORY"}, {"Name": {"FileOffset": 176688, "Value": 2147483966, "Offset": 0}, "OffsetToData": {"FileOffset": 176692, "Value": 2147483752, "Offset": 4}, "Structure": "IMAGE_RESOURCE_DIRECTORY_ENTRY"}, [{"MajorVersion": {"FileOffset": 176752, "Value": 4, "Offset": 8}, "NumberOfIdEntries": {"FileOffset": 176758, "Value": 1, "Offset": 14}, "MinorVersion": {"FileOffset": 176754, "Value": 0, "Offset": 10}, "TimeDateStamp": {"FileOffset": 176748, "Value": "0x0        [Thu Jan  1 00:00:00 1970 UTC]", "Offset": 4}, "Characteristics": {"FileOffset": 176744, "Value": 0, "Offset": 0}, "NumberOfNamedEntries": {"FileOffset": 176756, "Value": 0, "Offset": 12}, "Structure": "IMAGE_RESOURCE_DIRECTORY"}, {"LANG": 9, "SUBLANG_NAME": "SUBLANG_ENGLISH_US", "Name": {"FileOffset": 176760, "Value": 1033, "Offset": 0}, "CodePage": {"FileOffset": 176872, "Value": 1252, "Offset": 8}, "LANG_NAME": "LANG_ENGLISH", "OffsetToData": {"FileOffset": 176864, "Value": 188884, "Offset": 0}, "Reserved": {"FileOffset": 176876, "Value": 0, "Offset": 12}, "SUBLANG": 1, "Structure": "IMAGE_RESOURCE_DATA_ENTRY", "Size": {"FileOffset": 176868, "Value": 24, "Offset": 4}}], {"Name": {"FileOffset": 176696, "Value": 2147483988, "Offset": 0}, "OffsetToData": {"FileOffset": 176700, "Value": 2147483776, "Offset": 4}, "Structure": "IMAGE_RESOURCE_DIRECTORY_ENTRY"}, [{"MajorVersion": {"FileOffset": 176776, "Value": 4, "Offset": 8}, "NumberOfIdEntries": {"FileOffset": 176782, "Value": 1, "Offset": 14}, "MinorVersion": {"FileOffset": 176778, "Value": 0, "Offset": 10}, "TimeDateStamp": {"FileOffset": 176772, "Value": "0x0        [Thu Jan  1 00:00:00 1970 UTC]", "Offset": 4}, "Characteristics": {"FileOffset": 176768, "Value": 0, "Offset": 0}, "NumberOfNamedEntries": {"FileOffset": 176780, "Value": 0, "Offset": 12}, "Structure": "IMAGE_RESOURCE_DIRECTORY"}, {"LANG": 9, "SUBLANG_NAME": "SUBLANG_ENGLISH_US", "Name": {"FileOffset": 176784, "Value": 1033, "Offset": 0}, "CodePage": {"FileOffset": 176888, "Value": 1252, "Offset": 8}, "LANG_NAME": "LANG_ENGLISH", "OffsetToData": {"FileOffset": 176880, "Value": 188908, "Offset": 0}, "Reserved": {"FileOffset": 176892, "Value": 0, "Offset": 12}, "SUBLANG": 1, "Structure": "IMAGE_RESOURCE_DATA_ENTRY", "Size": {"FileOffset": 176884, "Value": 8, "Offset": 4}}], {"Name": {"FileOffset": 176704, "Value": 2147484038, "Offset": 0}, "OffsetToData": {"FileOffset": 176708, "Value": 2147483800, "Offset": 4}, "Structure": "IMAGE_RESOURCE_DIRECTORY_ENTRY"}, [{"MajorVersion": {"FileOffset": 176800, "Value": 4, "Offset": 8}, "NumberOfIdEntries": {"FileOffset": 176806, "Value": 1, "Offset": 14}, "MinorVersion": {"FileOffset": 176802, "Value": 0, "Offset": 10}, "TimeDateStamp": {"FileOffset": 176796, "Value": "0x0        [Thu Jan  1 00:00:00 1970 UTC]", "Offset": 4}, "Characteristics": {"FileOffset": 176792, "Value": 0, "Offset": 0}, "NumberOfNamedEntries": {"FileOffset": 176804, "Value": 0, "Offset": 12}, "Structure": "IMAGE_RESOURCE_DIRECTORY"}, {"LANG": 9, "SUBLANG_NAME": "SUBLANG_ENGLISH_US", "Name": {"FileOffset": 176808, "Value": 1033, "Offset": 0}, "CodePage": {"FileOffset": 176904, "Value": 1252, "Offset": 8}, "LANG_NAME": "LANG_ENGLISH", "OffsetToData": {"FileOffset": 176896, "Value": 188916, "Offset": 0}, "Reserved": {"FileOffset": 176908, "Value": 0, "Offset": 12}, "SUBLANG": 1, "Structure": "IMAGE_RESOURCE_DATA_ENTRY", "Size": {"FileOffset": 176900, "Value": 8, "Offset": 4}}], {"Name": {"FileOffset": 176712, "Value": 2147484088, "Offset": 0}, "OffsetToData": {"FileOffset": 176716, "Value": 2147483824, "Offset": 4}, "Structure": "IMAGE_RESOURCE_DIRECTORY_ENTRY"}, [{"MajorVersion": {"FileOffset": 176824, "Value": 4, "Offset": 8}, "NumberOfIdEntries": {"FileOffset": 176830, "Value": 1, "Offset": 14}, "MinorVersion": {"FileOffset": 176826, "Value": 0, "Offset": 10}, "TimeDateStamp": {"FileOffset": 176820, "Value": "0x0        [Thu Jan  1 00:00:00 1970 UTC]", "Offset": 4}, "Characteristics": {"FileOffset": 176816, "Value": 0, "Offset": 0}, "NumberOfNamedEntries": {"FileOffset": 176828, "Value": 0, "Offset": 12}, "Structure": "IMAGE_RESOURCE_DIRECTORY"}, {"LANG": 9, "SUBLANG_NAME": "SUBLANG_ENGLISH_US", "Name": {"FileOffset": 176832, "Value": 1033, "Offset": 0}, "CodePage": {"FileOffset": 176920, "Value": 1252, "Offset": 8}, "LANG_NAME": "LANG_ENGLISH", "OffsetToData": {"FileOffset": 176912, "Value": 188924, "Offset": 0}, "Reserved": {"FileOffset": 176924, "Value": 0, "Offset": 12}, "SUBLANG": 1, "Structure": "IMAGE_RESOURCE_DATA_ENTRY", "Size": {"FileOffset": 176916, "Value": 104, "Offset": 4}}]], {"Structure": "IMAGE_RESOURCE_DIRECTORY_ENTRY", "Id": [16, "RT_VERSION"], "OffsetToData": {"FileOffset": 176668, "Value": 2147483728, "Offset": 4}, "Name": {"FileOffset": 176664, "Value": 16, "Offset": 0}}, [{"MajorVersion": {"FileOffset": 176728, "Value": 4, "Offset": 8}, "NumberOfIdEntries": {"FileOffset": 176734, "Value": 1, "Offset": 14}, "MinorVersion": {"FileOffset": 176730, "Value": 0, "Offset": 10}, "TimeDateStamp": {"FileOffset": 176724, "Value": "0x0        [Thu Jan  1 00:00:00 1970 UTC]", "Offset": 4}, "Characteristics": {"FileOffset": 176720, "Value": 0, "Offset": 0}, "NumberOfNamedEntries": {"FileOffset": 176732, "Value": 0, "Offset": 12}, "Structure": "IMAGE_RESOURCE_DIRECTORY"}, {"Structure": "IMAGE_RESOURCE_DIRECTORY_ENTRY", "Id": 1, "OffsetToData": {"FileOffset": 176740, "Value": 2147483848, "Offset": 4}, "Name": {"FileOffset": 176736, "Value": 1, "Offset": 0}}, [{"MajorVersion": {"FileOffset": 176848, "Value": 4, "Offset": 8}, "NumberOfIdEntries": {"FileOffset": 176854, "Value": 1, "Offset": 14}, "MinorVersion": {"FileOffset": 176850, "Value": 0, "Offset": 10}, "TimeDateStamp": {"FileOffset": 176844, "Value": "0x0        [Thu Jan  1 00:00:00 1970 UTC]", "Offset": 4}, "Characteristics": {"FileOffset": 176840, "Value": 0, "Offset": 0}, "NumberOfNamedEntries": {"FileOffset": 176852, "Value": 0, "Offset": 12}, "Structure": "IMAGE_RESOURCE_DIRECTORY"}, {"LANG": 0, "SUBLANG_NAME": "SUBLANG_NEUTRAL", "Name": {"FileOffset": 176856, "Value": 0, "Offset": 0}, "CodePage": {"FileOffset": 176936, "Value": 1252, "Offset": 8}, "LANG_NAME": "LANG_NEUTRAL", "OffsetToData": {"FileOffset": 176928, "Value": 189028, "Offset": 0}, "Reserved": {"FileOffset": 176940, "Value": 0, "Offset": 12}, "SUBLANG": 0, "Structure": "IMAGE_RESOURCE_DATA_ENTRY", "Size": {"FileOffset": 176932, "Value": 788, "Offset": 4}}]]]}
