{"DllCharacteristics": ["IMAGE_DLLCHARACTERISTICS_NO_SEH", "IMAGE_DLLCHARACTERISTICS_TERMINAL_SERVER_AWARE", "IMAGE_DLLCHARACTERISTICS_DYNAMIC_BASE", "IMAGE_DLLCHARACTERISTICS_NX_COMPAT"], "FILE_HEADER": {"NumberOfSections": {"FileOffset": 134, "Value": 3, "Offset": 2}, "TimeDateStamp": {"FileOffset": 136, "Value": "0x5415CABF [Sun Sep 14 17:05:03 2014 UTC]", "Offset": 4}, "PointerToSymbolTable": {"FileOffset": 140, "Value": 0, "Offset": 8}, "NumberOfSymbols": {"FileOffset": 144, "Value": 0, "Offset": 12}, "Machine": {"FileOffset": 132, "Value": 332, "Offset": 0}, "Characteristics": {"FileOffset": 150, "Value": 258, "Offset": 18}, "SizeOfOptionalHeader": {"FileOffset": 148, "Value": 224, "Offset": 16}, "Structure": "IMAGE_FILE_HEADER"}, "Directories": [{"VirtualAddress": {"FileOffset": 248, "Value": 0, "Offset": 0}, "Structure": "IMAGE_DIRECTORY_ENTRY_EXPORT", "Size": {"FileOffset": 252, "Value": 0, "Offset": 4}}, {"VirtualAddress": {"FileOffset": 256, "Value": 34264, "Offset": 0}, "Structure": "IMAGE_DIRECTORY_ENTRY_IMPORT", "Size": {"FileOffset": 260, "Value": 83, "Offset": 4}}, {"VirtualAddress": {"FileOffset": 264, "Value": 40960, "Offset": 0}, "Structure": "IMAGE_DIRECTORY_ENTRY_RESOURCE", "Size": {"FileOffset": 268, "Value": 1432, "Offset": 4}}, {"VirtualAddress": {"FileOffset": 272, "Value": 0, "Offset": 0}, "Structure": "IMAGE_DIRECTORY_ENTRY_EXCEPTION", "Size": {"FileOffset": 276, "Value": 0, "Offset": 4}}, {"VirtualAddress": {"FileOffset": 280, "Value": 0, "Offset": 0}, "Structure": "IMAGE_DIRECTORY_ENTRY_SECURITY", "Size": {"FileOffset": 284, "Value": 0, "Offset": 4}}, {"VirtualAddress": {"FileOffset": 288, "Value": 49152, "Offset": 0}, "Structure": "IMAGE_DIRECTORY_ENTRY_BASERELOC", "Size": {"FileOffset": 292, "Value": 12, "Offset": 4}}, {"VirtualAddress": {"FileOffset": 296, "Value": 33952, "Offset": 0}, "Structure": "IMAGE_DIRECTORY_ENTRY_DEBUG", "Size": {"FileOffset": 300, "Value": 28, "Offset": 4}}, {"VirtualAddress": {"FileOffset": 304, "Value": 0, "Offset": 0}, "Structure": "IMAGE_DIRECTORY_ENTRY_COPYRIGHT", "Size": {"FileOffset": 308, "Value": 0, "Offset": 4}}, {"VirtualAddress": {"FileOffset": 312, "Value": 0, "Offset": 0}, "Structure": "IMAGE_DIRECTORY_ENTRY_GLOBALPTR", "Size": {"FileOffset": 316, "Value": 0, "Offset": 4}}, {"VirtualAddress": {"FileOffset": 320, "Value": 0, "Offset": 0}, "Structure": "IMAGE_DIRECTORY_ENTRY_TLS", "Size": {"FileOffset": 324, "Value": 0, "Offset": 4}}, {"VirtualAddress": {"FileOffset": 328, "Value": 0, "Offset": 0}, "Structure": "IMAGE_DIRECTORY_ENTRY_LOAD_CONFIG", "Size": {"FileOffset": 332, "Value": 0, "Offset": 4}}, {"VirtualAddress": {"FileOffset": 336, "Value": 0, "Offset": 0}, "Structure": "IMAGE_DIRECTORY_ENTRY_BOUND_IMPORT", "Size": {"FileOffset": 340, "Value": 0, "Offset": 4}}, {"VirtualAddress": {"FileOffset": 344, "Value": 8192, "Offset": 0}, "Structure": "IMAGE_DIRECTORY_ENTRY_IAT", "Size": {"FileOffset": 348, "Value": 8, "Offset": 4}}, {"VirtualAddress": {"FileOffset": 352, "Value": 0, "Offset": 0}, "Structure": "IMAGE_DIRECTORY_ENTRY_DELAY_IMPORT", "Size": {"FileOffset": 356, "Value": 0, "Offset": 4}}, {"VirtualAddress": {"FileOffset": 360, "Value": 8200, "Offset": 0}, "Structure": "IMAGE_DIRECTORY_ENTRY_COM_DESCRIPTOR", "Size": {"FileOffset": 364, "Value": 72, "Offset": 4}}, {"VirtualAddress": {"FileOffset": 368, "Value": 0, "Offset": 0}, "Structure": "IMAGE_DIRECTORY_ENTRY_RESERVED", "Size": {"FileOffset": 372, "Value": 0, "Offset": 4}}], "OPTIONAL_HEADER": {"DllCharacteristics": {"FileOffset": 222, "Value": 34112, "Offset": 70}, "BaseOfCode": {"FileOffset": 172, "Value": 8192, "Offset": 20}, "MajorLinkerVersion": {"FileOffset": 154, "Value": 11, "Offset": 2}, "MinorOperatingSystemVersion": {"FileOffset": 194, "Value": 0, "Offset": 42}, "MinorLinkerVersion": {"FileOffset": 155, "Value": 0, "Offset": 3}, "MajorSubsystemVersion": {"FileOffset": 200, "Value": 4, "Offset": 48}, "MajorOperatingSystemVersion": {"FileOffset": 192, "Value": 4, "Offset": 40}, "SizeOfStackCommit": {"FileOffset": 228, "Value": 4096, "Offset": 76}, "SizeOfUninitializedData": {"FileOffset": 164, "Value": 0, "Offset": 12}, "NumberOfRvaAndSizes": {"FileOffset": 244, "Value": 16, "Offset": 92}, "SizeOfHeapReserve": {"FileOffset": 232, "Value": 1048576, "Offset": 80}, "LoaderFlags": {"FileOffset": 240, "Value": 0, "Offset": 88}, "SizeOfHeapCommit": {"FileOffset": 236, "Value": 4096, "Offset": 84}, "SizeOfStackReserve": {"FileOffset": 224, "Value": 1048576, "Offset": 72}, "Structure": "IMAGE_OPTIONAL_HEADER", "SizeOfHeaders": {"FileOffset": 212, "Value": 512, "Offset": 60}, "Subsystem": {"FileOffset": 220, "Value": 2, "Offset": 68}, "Magic": {"FileOffset": 152, "Value": 267, "Offset": 0}, "MinorImageVersion": {"FileOffset": 198, "Value": 0, "Offset": 46}, "MajorImageVersion": {"FileOffset": 196, "Value": 0, "Offset": 44}, "FileAlignment": {"FileOffset": 188, "Value": 512, "Offset": 36}, "BaseOfData": {"FileOffset": 176, "Value": 40960, "Offset": 24}, "AddressOfEntryPoint": {"FileOffset": 168, "Value": 34350, "Offset": 16}, "SectionAlignment": {"FileOffset": 184, "Value": 8192, "Offset": 32}, "SizeOfCode": {"FileOffset": 156, "Value": 26624, "Offset": 4}, "ImageBase": {"FileOffset": 180, "Value": 4194304, "Offset": 28}, "SizeOfInitializedData": {"FileOffset": 160, "Value": 2048, "Offset": 8}, "SizeOfImage": {"FileOffset": 208, "Value": 57344, "Offset": 56}, "MinorSubsystemVersion": {"FileOffset": 202, "Value": 0, "Offset": 50}, "CheckSum": {"FileOffset": 216, "Value": 0, "Offset": 64}, "Reserved1": {"FileOffset": 204, "Value": 0, "Offset": 52}}, "DOS_HEADER": {"e_cblp": {"FileOffset": 2, "Value": 144, "Offset": 2}, "e_crlc": {"FileOffset": 6, "Value": 0, "Offset": 6}, "e_ovno": {"FileOffset": 26, "Value": 0, "Offset": 26}, "e_minalloc": {"FileOffset": 10, "Value": 0, "Offset": 10}, "e_csum": {"FileOffset": 18, "Value": 0, "Offset": 18}, "e_cparhdr": {"FileOffset": 8, "Value": 4, "Offset": 8}, "e_cp": {"FileOffset": 4, "Value": 3, "Offset": 4}, "e_cs": {"FileOffset": 22, "Value": 0, "Offset": 22}, "e_maxalloc": {"FileOffset": 12, "Value": 65535, "Offset": 12}, "e_lfarlc": {"FileOffset": 24, "Value": 64, "Offset": 24}, "e_oemid": {"FileOffset": 36, "Value": 0, "Offset": 36}, "e_lfanew": {"FileOffset": 60, "Value": 128, "Offset": 60}, "e_ss": {"FileOffset": 14, "Value": 0, "Offset": 14}, "e_magic": {"FileOffset": 0, "Value": 23117, "Offset": 0}, "e_oeminfo": {"FileOffset": 38, "Value": 0, "Offset": 38}, "e_res2": {"FileOffset": 40, "Value": "", "Offset": 40}, "e_res": {"FileOffset": 28, "Value": "", "Offset": 28}, "e_sp": {"FileOffset": 16, "Value": 184, "Offset": 16}, "Structure": "IMAGE_DOS_HEADER", "e_ip": {"FileOffset": 20, "Value": 0, "Offset": 20}}, "Base relocations": [[{"SizeOfBlock": {"FileOffset": 28676, "Value": 12, "Offset": 4}, "VirtualAddress": {"FileOffset": 28672, "Value": 32768, "Offset": 0}, "Structure": "IMAGE_BASE_RELOCATION"}, {"RVA": 34352, "Type": "HIGHLOW"}, {"RVA": 32768, "Type": "ABSOLUTE"}]], "NT_HEADERS": {"Structure": "IMAGE_NT_HEADERS", "Signature": {"FileOffset": 128, "Value": 17744, "Offset": 0}}, "Flags": ["IMAGE_FILE_32BIT_MACHINE", "IMAGE_FILE_EXECUTABLE_IMAGE"], "Version Information": [{"ValueLength": {"FileOffset": 27298, "Value": 52, "Offset": 2}, "Length": {"FileOffset": 27296, "Value": 772, "Offset": 0}, "Type": {"FileOffset": 27300, "Value": 0, "Offset": 4}, "Structure": "VS_VERSIONINFO"}, {"FileFlagsMask": {"FileOffset": 27360, "Value": 63, "Offset": 24}, "FileType": {"FileOffset": 27372, "Value": 1, "Offset": 36}, "FileVersionMS": {"FileOffset": 27344, "Value": 65537, "Offset": 8}, "FileVersionLS": {"FileOffset": 27348, "Value": 121, "Offset": 12}, "Signature": {"FileOffset": 27336, "Value": 4277077181, "Offset": 0}, "FileSubtype": {"FileOffset": 27376, "Value": 0, "Offset": 40}, "FileFlags": {"FileOffset": 27364, "Value": 0, "Offset": 28}, "FileDateLS": {"FileOffset": 27384, "Value": 0, "Offset": 48}, "ProductVersionLS": {"FileOffset": 27356, "Value": 121, "Offset": 20}, "FileOS": {"FileOffset": 27368, "Value": 4, "Offset": 32}, "ProductVersionMS": {"FileOffset": 27352, "Value": 65537, "Offset": 16}, "FileDateMS": {"FileOffset": 27380, "Value": 0, "Offset": 44}, "Structure": "VS_FIXEDFILEINFO", "StrucVersion": {"FileOffset": 27340, "Value": 65536, "Offset": 4}}], "Debug information": [{"MajorVersion": {"FileOffset": 26280, "Value": 0, "Offset": 8}, "PointerToRawData": {"FileOffset": 26296, "Value": 26300, "Offset": 24}, "MinorVersion": {"FileOffset": 26282, "Value": 0, "Offset": 10}, "TimeDateStamp": {"FileOffset": 26276, "Value": "0x5415CABF [Sun Sep 14 17:05:03 2014 UTC]", "Offset": 4}, "Characteristics": {"FileOffset": 26272, "Value": 0, "Offset": 0}, "Structure": "IMAGE_DEBUG_DIRECTORY", "Type": "IMAGE_DEBUG_TYPE_CODEVIEW", "SizeOfData": {"FileOffset": 26288, "Value": 284, "Offset": 16}, "AddressOfRawData": {"FileOffset": 26292, "Value": 33980, "Offset": 20}}], "Imported symbols": [[{"TimeDateStamp": {"FileOffset": 26588, "Value": "0x0        [Thu Jan  1 00:00:00 1970 UTC]", "Offset": 4}, "Name": {"FileOffset": 26596, "Value": 34334, "Offset": 12}, "ForwarderChain": {"FileOffset": 26592, "Value": 0, "Offset": 8}, "OriginalFirstThunk": {"FileOffset": 26584, "Value": 34304, "Offset": 0}, "FirstThunk": {"FileOffset": 26600, "Value": 8192, "Offset": 16}, "Characteristics": {"FileOffset": 26584, "Value": 34304, "Offset": 0}, "Structure": "IMAGE_IMPORT_DESCRIPTOR"}, {"Hint": 0, "Name": "_CorExeMain", "DLL": "mscoree.dll"}]], "PE Sections": [{"PointerToRawData": {"FileOffset": 396, "Value": 512, "Offset": 20}, "SHA1": "49a1b4e619033abb8e8754a34c1ec527c0fa486e", "SHA256": "4d9553506936b875646e625378c9b5b862967493cdd50ee1370c2c7b640043bd", "Name": {"FileOffset": 376, "Value": ".text", "Offset": 0}, "NumberOfRelocations": {"FileOffset": 408, "Value": 0, "Offset": 32}, "Misc_VirtualSize": {"FileOffset": 384, "Value": 26164, "Offset": 8}, "Characteristics": {"FileOffset": 412, "Value": 1610612768, "Offset": 36}, "Misc": {"FileOffset": 384, "Value": 26164, "Offset": 8}, "PointerToLinenumbers": {"FileOffset": 404, "Value": 0, "Offset": 28}, "SizeOfRawData": {"FileOffset": 392, "Value": 26624, "Offset": 16}, "Misc_PhysicalAddress": {"FileOffset": 384, "Value": 26164, "Offset": 8}, "PointerToRelocations": {"FileOffset": 400, "Value": 0, "Offset": 24}, "Flags": ["IMAGE_SCN_MEM_EXECUTE", "IMAGE_SCN_CNT_CODE", "IMAGE_SCN_MEM_READ"], "SHA512": "f0c07386f71d31bcd5599e469d777f20dcaa43ecff580c36733a26b05b44457576634d1ce5d2a5c57e72d9c4883c62072506c8d66bd22eab19f93b7007032509", "MD5": "0eb08aac86861424ee9759edfdaeecc0", "Entropy": 5.4679251768219705, "VirtualAddress": {"FileOffset": 388, "Value": 8192, "Offset": 12}, "Structure": "IMAGE_SECTION_HEADER", "NumberOfLinenumbers": {"FileOffset": 410, "Value": 0, "Offset": 34}}, {"PointerToRawData": {"FileOffset": 436, "Value": 27136, "Offset": 20}, "SHA1": "7cde6b8f8d85afa62a8a1525acacbf7bbd9295dc", "SHA256": "f86e3ca681bbb31120ddbac294bfdf5f5155ebfccf8263ef01795c61e1d53175", "Name": {"FileOffset": 416, "Value": ".rsrc", "Offset": 0}, "NumberOfRelocations": {"FileOffset": 448, "Value": 0, "Offset": 32}, "Misc_VirtualSize": {"FileOffset": 424, "Value": 1432, "Offset": 8}, "Characteristics": {"FileOffset": 452, "Value": 1073741888, "Offset": 36}, "Misc": {"FileOffset": 424, "Value": 1432, "Offset": 8}, "PointerToLinenumbers": {"FileOffset": 444, "Value": 0, "Offset": 28}, "SizeOfRawData": {"FileOffset": 432, "Value": 1536, "Offset": 16}, "Misc_PhysicalAddress": {"FileOffset": 424, "Value": 1432, "Offset": 8}, "PointerToRelocations": {"FileOffset": 440, "Value": 0, "Offset": 24}, "Flags": ["IMAGE_SCN_CNT_INITIALIZED_DATA", "IMAGE_SCN_MEM_READ"], "SHA512": "c888396137e4b7b2531d8ee22a0ba0561bd692a6c73b137a860ce94e18a94495154fdbf0b18e7df652ab2f6fab93d2f1e38a8579ce6c3611d52ee63783f52214", "MD5": "4f113d85c637737f2dd36b0e09c7bd1f", "Entropy": 4.057970532264114, "VirtualAddress": {"FileOffset": 428, "Value": 40960, "Offset": 12}, "Structure": "IMAGE_SECTION_HEADER", "NumberOfLinenumbers": {"FileOffset": 450, "Value": 0, "Offset": 34}}, {"PointerToRawData": {"FileOffset": 476, "Value": 28672, "Offset": 20}, "SHA1": "13caebca9a45b666c55cdfa722c5db152c75b5b1", "SHA256": "819a7dd86eb3935841eb0607bc137f8f6c6da017e7ad8dbd77b63f5be6706cd0", "Name": {"FileOffset": 456, "Value": ".reloc", "Offset": 0}, "NumberOfRelocations": {"FileOffset": 488, "Value": 0, "Offset": 32}, "Misc_VirtualSize": {"FileOffset": 464, "Value": 12, "Offset": 8}, "Characteristics": {"FileOffset": 492, "Value": 1107296320, "Offset": 36}, "Misc": {"FileOffset": 464, "Value": 12, "Offset": 8}, "PointerToLinenumbers": {"FileOffset": 484, "Value": 0, "Offset": 28}, "SizeOfRawData": {"FileOffset": 472, "Value": 512, "Offset": 16}, "Misc_PhysicalAddress": {"FileOffset": 464, "Value": 12, "Offset": 8}, "PointerToRelocations": {"FileOffset": 480, "Value": 0, "Offset": 24}, "Flags": ["IMAGE_SCN_CNT_INITIALIZED_DATA", "IMAGE_SCN_MEM_DISCARDABLE", "IMAGE_SCN_MEM_READ"], "SHA512": "02f9ed9e2079628ec38964bd3218bfa914b53bb372f3e7c0eda44fb9176bb08dc833d6186b6c240c3150ca69d23ca5b8cd1e69e4d8381671d787c9ebcf098d6f", "MD5": "01823c745e18fbbb38d49b2d3aa8fc5d", "Entropy": 0.08153941234324169, "VirtualAddress": {"FileOffset": 468, "Value": 49152, "Offset": 12}, "Structure": "IMAGE_SECTION_HEADER", "NumberOfLinenumbers": {"FileOffset": 490, "Value": 0, "Offset": 34}}], "Resource directory": [{"MajorVersion": {"FileOffset": 27144, "Value": 0, "Offset": 8}, "NumberOfIdEntries": {"FileOffset": 27150, "Value": 2, "Offset": 14}, "MinorVersion": {"FileOffset": 27146, "Value": 0, "Offset": 10}, "TimeDateStamp": {"FileOffset": 27140, "Value": "0x0        [Thu Jan  1 00:00:00 1970 UTC]", "Offset": 4}, "Characteristics": {"FileOffset": 27136, "Value": 0, "Offset": 0}, "NumberOfNamedEntries": {"FileOffset": 27148, "Value": 0, "Offset": 12}, "Structure": "IMAGE_RESOURCE_DIRECTORY"}, {"Structure": "IMAGE_RESOURCE_DIRECTORY_ENTRY", "Id": [16, "RT_VERSION"], "OffsetToData": {"FileOffset": 27156, "Value": 2147483680, "Offset": 4}, "Name": {"FileOffset": 27152, "Value": 16, "Offset": 0}}, [{"MajorVersion": {"FileOffset": 27176, "Value": 0, "Offset": 8}, "NumberOfIdEntries": {"FileOffset": 27182, "Value": 1, "Offset": 14}, "MinorVersion": {"FileOffset": 27178, "Value": 0, "Offset": 10}, "TimeDateStamp": {"FileOffset": 27172, "Value": "0x0        [Thu Jan  1 00:00:00 1970 UTC]", "Offset": 4}, "Characteristics": {"FileOffset": 27168, "Value": 0, "Offset": 0}, "NumberOfNamedEntries": {"FileOffset": 27180, "Value": 0, "Offset": 12}, "Structure": "IMAGE_RESOURCE_DIRECTORY"}, {"Structure": "IMAGE_RESOURCE_DIRECTORY_ENTRY", "Id": 1, "OffsetToData": {"FileOffset": 27188, "Value": 2147483728, "Offset": 4}, "Name": {"FileOffset": 27184, "Value": 1, "Offset": 0}}, [{"MajorVersion": {"FileOffset": 27224, "Value": 0, "Offset": 8}, "NumberOfIdEntries": {"FileOffset": 27230, "Value": 1, "Offset": 14}, "MinorVersion": {"FileOffset": 27226, "Value": 0, "Offset": 10}, "TimeDateStamp": {"FileOffset": 27220, "Value": "0x0        [Thu Jan  1 00:00:00 1970 UTC]", "Offset": 4}, "Characteristics": {"FileOffset": 27216, "Value": 0, "Offset": 0}, "NumberOfNamedEntries": {"FileOffset": 27228, "Value": 0, "Offset": 12}, "Structure": "IMAGE_RESOURCE_DIRECTORY"}, {"LANG": 0, "SUBLANG_NAME": "SUBLANG_NEUTRAL", "Name": {"FileOffset": 27232, "Value": 0, "Offset": 0}, "CodePage": {"FileOffset": 27272, "Value": 0, "Offset": 8}, "LANG_NAME": "LANG_NEUTRAL", "OffsetToData": {"FileOffset": 27264, "Value": 41120, "Offset": 0}, "Reserved": {"FileOffset": 27276, "Value": 0, "Offset": 12}, "SUBLANG": 0, "Structure": "IMAGE_RESOURCE_DATA_ENTRY", "Size": {"FileOffset": 27268, "Value": 772, "Offset": 4}}]], {"Structure": "IMAGE_RESOURCE_DIRECTORY_ENTRY", "Id": [24, "RT_MANIFEST"], "OffsetToData": {"FileOffset": 27164, "Value": 2147483704, "Offset": 4}, "Name": {"FileOffset": 27160, "Value": 24, "Offset": 0}}, [{"MajorVersion": {"FileOffset": 27200, "Value": 0, "Offset": 8}, "NumberOfIdEntries": {"FileOffset": 27206, "Value": 1, "Offset": 14}, "MinorVersion": {"FileOffset": 27202, "Value": 0, "Offset": 10}, "TimeDateStamp": {"FileOffset": 27196, "Value": "0x0        [Thu Jan  1 00:00:00 1970 UTC]", "Offset": 4}, "Characteristics": {"FileOffset": 27192, "Value": 0, "Offset": 0}, "NumberOfNamedEntries": {"FileOffset": 27204, "Value": 0, "Offset": 12}, "Structure": "IMAGE_RESOURCE_DIRECTORY"}, {"Structure": "IMAGE_RESOURCE_DIRECTORY_ENTRY", "Id": 1, "OffsetToData": {"FileOffset": 27212, "Value": 2147483752, "Offset": 4}, "Name": {"FileOffset": 27208, "Value": 1, "Offset": 0}}, [{"MajorVersion": {"FileOffset": 27248, "Value": 0, "Offset": 8}, "NumberOfIdEntries": {"FileOffset": 27254, "Value": 1, "Offset": 14}, "MinorVersion": {"FileOffset": 27250, "Value": 0, "Offset": 10}, "TimeDateStamp": {"FileOffset": 27244, "Value": "0x0        [Thu Jan  1 00:00:00 1970 UTC]", "Offset": 4}, "Characteristics": {"FileOffset": 27240, "Value": 0, "Offset": 0}, "NumberOfNamedEntries": {"FileOffset": 27252, "Value": 0, "Offset": 12}, "Structure": "IMAGE_RESOURCE_DIRECTORY"}, {"LANG": 0, "SUBLANG_NAME": "SUBLANG_NEUTRAL", "Name": {"FileOffset": 27256, "Value": 0, "Offset": 0}, "CodePage": {"FileOffset": 27288, "Value": 0, "Offset": 8}, "LANG_NAME": "LANG_NEUTRAL", "OffsetToData": {"FileOffset": 27280, "Value": 41896, "Offset": 0}, "Reserved": {"FileOffset": 27292, "Value": 0, "Offset": 12}, "SUBLANG": 0, "Structure": "IMAGE_RESOURCE_DATA_ENTRY", "Size": {"FileOffset": 27284, "Value": 490, "Offset": 4}}]]]}
