{"DllCharacteristics": ["IMAGE_DLLCHARACTERISTICS_NO_SEH", "IMAGE_DLLCHARACTERISTICS_TERMINAL_SERVER_AWARE", "IMAGE_DLLCHARACTERISTICS_DYNAMIC_BASE", "IMAGE_DLLCHARACTERISTICS_NX_COMPAT"], "FILE_HEADER": {"NumberOfSections": {"FileOffset": 134, "Value": 3, "Offset": 2}, "TimeDateStamp": {"FileOffset": 136, "Value": "0x51767B16 [Tue Apr 23 12:14:14 2013 UTC]", "Offset": 4}, "PointerToSymbolTable": {"FileOffset": 140, "Value": 0, "Offset": 8}, "NumberOfSymbols": {"FileOffset": 144, "Value": 0, "Offset": 12}, "Machine": {"FileOffset": 132, "Value": 332, "Offset": 0}, "Characteristics": {"FileOffset": 150, "Value": 258, "Offset": 18}, "SizeOfOptionalHeader": {"FileOffset": 148, "Value": 224, "Offset": 16}, "Structure": "IMAGE_FILE_HEADER"}, "Directories": [{"VirtualAddress": {"FileOffset": 248, "Value": 0, "Offset": 0}, "Structure": "IMAGE_DIRECTORY_ENTRY_EXPORT", "Size": {"FileOffset": 252, "Value": 0, "Offset": 4}}, {"VirtualAddress": {"FileOffset": 256, "Value": 2509808, "Offset": 0}, "Structure": "IMAGE_DIRECTORY_ENTRY_IMPORT", "Size": {"FileOffset": 260, "Value": 75, "Offset": 4}}, {"VirtualAddress": {"FileOffset": 264, "Value": 2514944, "Offset": 0}, "Structure": "IMAGE_DIRECTORY_ENTRY_RESOURCE", "Size": {"FileOffset": 268, "Value": 848, "Offset": 4}}, {"VirtualAddress": {"FileOffset": 272, "Value": 0, "Offset": 0}, "Structure": "IMAGE_DIRECTORY_ENTRY_EXCEPTION", "Size": {"FileOffset": 276, "Value": 0, "Offset": 4}}, {"VirtualAddress": {"FileOffset": 280, "Value": 0, "Offset": 0}, "Structure": "IMAGE_DIRECTORY_ENTRY_SECURITY", "Size": {"FileOffset": 284, "Value": 0, "Offset": 4}}, {"VirtualAddress": {"FileOffset": 288, "Value": 2523136, "Offset": 0}, "Structure": "IMAGE_DIRECTORY_ENTRY_BASERELOC", "Size": {"FileOffset": 292, "Value": 12, "Offset": 4}}, {"VirtualAddress": {"FileOffset": 296, "Value": 0, "Offset": 0}, "Structure": "IMAGE_DIRECTORY_ENTRY_DEBUG", "Size": {"FileOffset": 300, "Value": 0, "Offset": 4}}, {"VirtualAddress": {"FileOffset": 304, "Value": 0, "Offset": 0}, "Structure": "IMAGE_DIRECTORY_ENTRY_COPYRIGHT", "Size": {"FileOffset": 308, "Value": 0, "Offset": 4}}, {"VirtualAddress": {"FileOffset": 312, "Value": 0, "Offset": 0}, "Structure": "IMAGE_DIRECTORY_ENTRY_GLOBALPTR", "Size": {"FileOffset": 316, "Value": 0, "Offset": 4}}, {"VirtualAddress": {"FileOffset": 320, "Value": 0, "Offset": 0}, "Structure": "IMAGE_DIRECTORY_ENTRY_TLS", "Size": {"FileOffset": 324, "Value": 0, "Offset": 4}}, {"VirtualAddress": {"FileOffset": 328, "Value": 0, "Offset": 0}, "Structure": "IMAGE_DIRECTORY_ENTRY_LOAD_CONFIG", "Size": {"FileOffset": 332, "Value": 0, "Offset": 4}}, {"VirtualAddress": {"FileOffset": 336, "Value": 0, "Offset": 0}, "Structure": "IMAGE_DIRECTORY_ENTRY_BOUND_IMPORT", "Size": {"FileOffset": 340, "Value": 0, "Offset": 4}}, {"VirtualAddress": {"FileOffset": 344, "Value": 8192, "Offset": 0}, "Structure": "IMAGE_DIRECTORY_ENTRY_IAT", "Size": {"FileOffset": 348, "Value": 8, "Offset": 4}}, {"VirtualAddress": {"FileOffset": 352, "Value": 0, "Offset": 0}, "Structure": "IMAGE_DIRECTORY_ENTRY_DELAY_IMPORT", "Size": {"FileOffset": 356, "Value": 0, "Offset": 4}}, {"VirtualAddress": {"FileOffset": 360, "Value": 8200, "Offset": 0}, "Structure": "IMAGE_DIRECTORY_ENTRY_COM_DESCRIPTOR", "Size": {"FileOffset": 364, "Value": 72, "Offset": 4}}, {"VirtualAddress": {"FileOffset": 368, "Value": 0, "Offset": 0}, "Structure": "IMAGE_DIRECTORY_ENTRY_RESERVED", "Size": {"FileOffset": 372, "Value": 0, "Offset": 4}}], "OPTIONAL_HEADER": {"DllCharacteristics": {"FileOffset": 222, "Value": 34112, "Offset": 70}, "BaseOfCode": {"FileOffset": 172, "Value": 8192, "Offset": 20}, "MajorLinkerVersion": {"FileOffset": 154, "Value": 8, "Offset": 2}, "MinorOperatingSystemVersion": {"FileOffset": 194, "Value": 0, "Offset": 42}, "MinorLinkerVersion": {"FileOffset": 155, "Value": 0, "Offset": 3}, "MajorSubsystemVersion": {"FileOffset": 200, "Value": 4, "Offset": 48}, "MajorOperatingSystemVersion": {"FileOffset": 192, "Value": 4, "Offset": 40}, "SizeOfStackCommit": {"FileOffset": 228, "Value": 4096, "Offset": 76}, "SizeOfUninitializedData": {"FileOffset": 164, "Value": 0, "Offset": 12}, "NumberOfRvaAndSizes": {"FileOffset": 244, "Value": 16, "Offset": 92}, "SizeOfHeapReserve": {"FileOffset": 232, "Value": 1048576, "Offset": 80}, "LoaderFlags": {"FileOffset": 240, "Value": 0, "Offset": 88}, "SizeOfHeapCommit": {"FileOffset": 236, "Value": 4096, "Offset": 84}, "SizeOfStackReserve": {"FileOffset": 224, "Value": 1048576, "Offset": 72}, "Structure": "IMAGE_OPTIONAL_HEADER", "SizeOfHeaders": {"FileOffset": 212, "Value": 512, "Offset": 60}, "Subsystem": {"FileOffset": 220, "Value": 3, "Offset": 68}, "Magic": {"FileOffset": 152, "Value": 267, "Offset": 0}, "MinorImageVersion": {"FileOffset": 198, "Value": 0, "Offset": 46}, "MajorImageVersion": {"FileOffset": 196, "Value": 0, "Offset": 44}, "FileAlignment": {"FileOffset": 188, "Value": 512, "Offset": 36}, "BaseOfData": {"FileOffset": 176, "Value": 2514944, "Offset": 24}, "AddressOfEntryPoint": {"FileOffset": 168, "Value": 2509886, "Offset": 16}, "SectionAlignment": {"FileOffset": 184, "Value": 8192, "Offset": 32}, "SizeOfCode": {"FileOffset": 156, "Value": 2502144, "Offset": 4}, "ImageBase": {"FileOffset": 180, "Value": 4194304, "Offset": 28}, "SizeOfInitializedData": {"FileOffset": 160, "Value": 1536, "Offset": 8}, "SizeOfImage": {"FileOffset": 208, "Value": 2531328, "Offset": 56}, "MinorSubsystemVersion": {"FileOffset": 202, "Value": 0, "Offset": 50}, "CheckSum": {"FileOffset": 216, "Value": 2507057, "Offset": 64}, "Reserved1": {"FileOffset": 204, "Value": 0, "Offset": 52}}, "DOS_HEADER": {"e_cblp": {"FileOffset": 2, "Value": 144, "Offset": 2}, "e_crlc": {"FileOffset": 6, "Value": 0, "Offset": 6}, "e_ovno": {"FileOffset": 26, "Value": 0, "Offset": 26}, "e_minalloc": {"FileOffset": 10, "Value": 0, "Offset": 10}, "e_csum": {"FileOffset": 18, "Value": 0, "Offset": 18}, "e_cparhdr": {"FileOffset": 8, "Value": 4, "Offset": 8}, "e_cp": {"FileOffset": 4, "Value": 3, "Offset": 4}, "e_cs": {"FileOffset": 22, "Value": 0, "Offset": 22}, "e_maxalloc": {"FileOffset": 12, "Value": 65535, "Offset": 12}, "e_lfarlc": {"FileOffset": 24, "Value": 64, "Offset": 24}, "e_oemid": {"FileOffset": 36, "Value": 0, "Offset": 36}, "e_lfanew": {"FileOffset": 60, "Value": 128, "Offset": 60}, "e_ss": {"FileOffset": 14, "Value": 0, "Offset": 14}, "e_magic": {"FileOffset": 0, "Value": 23117, "Offset": 0}, "e_oeminfo": {"FileOffset": 38, "Value": 0, "Offset": 38}, "e_res2": {"FileOffset": 40, "Value": "", "Offset": 40}, "e_res": {"FileOffset": 28, "Value": "", "Offset": 28}, "e_sp": {"FileOffset": 16, "Value": 184, "Offset": 16}, "Structure": "IMAGE_DOS_HEADER", "e_ip": {"FileOffset": 20, "Value": 0, "Offset": 20}}, "Base relocations": [[{"SizeOfBlock": {"FileOffset": 2503684, "Value": 12, "Offset": 4}, "VirtualAddress": {"FileOffset": 2503680, "Value": 2506752, "Offset": 0}, "Structure": "IMAGE_BASE_RELOCATION"}, {"RVA": 2509888, "Type": "HIGHLOW"}, {"RVA": 2506752, "Type": "ABSOLUTE"}]], "NT_HEADERS": {"Structure": "IMAGE_NT_HEADERS", "Signature": {"FileOffset": 128, "Value": 17744, "Offset": 0}}, "Flags": ["IMAGE_FILE_32BIT_MACHINE", "IMAGE_FILE_EXECUTABLE_IMAGE"], "Version Information": [{"ValueLength": {"FileOffset": 2502746, "Value": 52, "Offset": 2}, "Length": {"FileOffset": 2502744, "Value": 756, "Offset": 0}, "Type": {"FileOffset": 2502748, "Value": 0, "Offset": 4}, "Structure": "VS_VERSIONINFO"}, {"FileFlagsMask": {"FileOffset": 2502808, "Value": 63, "Offset": 24}, "FileType": {"FileOffset": 2502820, "Value": 1, "Offset": 36}, "FileVersionMS": {"FileOffset": 2502792, "Value": 65536, "Offset": 8}, "FileVersionLS": {"FileOffset": 2502796, "Value": 0, "Offset": 12}, "Signature": {"FileOffset": 2502784, "Value": 4277077181, "Offset": 0}, "FileSubtype": {"FileOffset": 2502824, "Value": 0, "Offset": 40}, "FileFlags": {"FileOffset": 2502812, "Value": 0, "Offset": 28}, "FileDateLS": {"FileOffset": 2502832, "Value": 0, "Offset": 48}, "ProductVersionLS": {"FileOffset": 2502804, "Value": 0, "Offset": 20}, "FileOS": {"FileOffset": 2502816, "Value": 4, "Offset": 32}, "ProductVersionMS": {"FileOffset": 2502800, "Value": 65536, "Offset": 16}, "FileDateMS": {"FileOffset": 2502828, "Value": 0, "Offset": 44}, "Structure": "VS_FIXEDFILEINFO", "StrucVersion": {"FileOffset": 2502788, "Value": 65536, "Offset": 4}}], "Imported symbols": [[{"TimeDateStamp": {"FileOffset": 2502132, "Value": "0x0        [Thu Jan  1 00:00:00 1970 UTC]", "Offset": 4}, "Name": {"FileOffset": 2502140, "Value": 2509870, "Offset": 12}, "ForwarderChain": {"FileOffset": 2502136, "Value": 0, "Offset": 8}, "OriginalFirstThunk": {"FileOffset": 2502128, "Value": 2509848, "Offset": 0}, "FirstThunk": {"FileOffset": 2502144, "Value": 8192, "Offset": 16}, "Characteristics": {"FileOffset": 2502128, "Value": 2509848, "Offset": 0}, "Structure": "IMAGE_IMPORT_DESCRIPTOR"}, {"Hint": 0, "Name": "_CorExeMain", "DLL": "mscoree.dll"}]], "PE Sections": [{"PointerToRawData": {"FileOffset": 396, "Value": 512, "Offset": 20}, "SHA1": "d13d6544679729b9cfd79da442953ab62086d14f", "SHA256": "8c9429adedbfaf57c228d8bf80bed1d9630a4932f54fd7f0aeaeadaf8daafa46", "Name": {"FileOffset": 376, "Value": ".text", "Offset": 0}, "NumberOfRelocations": {"FileOffset": 408, "Value": 0, "Offset": 32}, "Misc_VirtualSize": {"FileOffset": 384, "Value": 2501700, "Offset": 8}, "Characteristics": {"FileOffset": 412, "Value": 1610612768, "Offset": 36}, "Misc": {"FileOffset": 384, "Value": 2501700, "Offset": 8}, "PointerToLinenumbers": {"FileOffset": 404, "Value": 0, "Offset": 28}, "SizeOfRawData": {"FileOffset": 392, "Value": 2502144, "Offset": 16}, "Misc_PhysicalAddress": {"FileOffset": 384, "Value": 2501700, "Offset": 8}, "PointerToRelocations": {"FileOffset": 400, "Value": 0, "Offset": 24}, "Flags": ["IMAGE_SCN_MEM_EXECUTE", "IMAGE_SCN_CNT_CODE", "IMAGE_SCN_MEM_READ"], "SHA512": "653c006e7f46edcf3c13993fdf923bc40953be10a350d7ded22b4d72c1f59bfa51612f5549733ac87ff0d9c7837e0b037ff005f1862c0f40239220fa8b4af2cc", "MD5": "c3b5faccfa9e18f9df6d4b31dbe425c8", "Entropy": 7.7755792747180905, "VirtualAddress": {"FileOffset": 388, "Value": 8192, "Offset": 12}, "Structure": "IMAGE_SECTION_HEADER", "NumberOfLinenumbers": {"FileOffset": 410, "Value": 0, "Offset": 34}}, {"PointerToRawData": {"FileOffset": 436, "Value": 2502656, "Offset": 20}, "SHA1": "ec771fac648344b399113d130e19631c83ccd364", "SHA256": "32dbddafad33bda1e1b8377bc3fb401eb1e7e998ee0b0f605f83c4ac045d3343", "Name": {"FileOffset": 416, "Value": ".rsrc", "Offset": 0}, "NumberOfRelocations": {"FileOffset": 448, "Value": 0, "Offset": 32}, "Misc_VirtualSize": {"FileOffset": 424, "Value": 848, "Offset": 8}, "Characteristics": {"FileOffset": 452, "Value": 1073741888, "Offset": 36}, "Misc": {"FileOffset": 424, "Value": 848, "Offset": 8}, "PointerToLinenumbers": {"FileOffset": 444, "Value": 0, "Offset": 28}, "SizeOfRawData": {"FileOffset": 432, "Value": 1024, "Offset": 16}, "Misc_PhysicalAddress": {"FileOffset": 424, "Value": 848, "Offset": 8}, "PointerToRelocations": {"FileOffset": 440, "Value": 0, "Offset": 24}, "Flags": ["IMAGE_SCN_CNT_INITIALIZED_DATA", "IMAGE_SCN_MEM_READ"], "SHA512": "c61f782cdf5b912c1c8cbf7d830048429eb3d19470bfeb4444724e00495f17f965c252a0ffe2e05650412ecd36a278c9bc833741f178493ddeba0ff3af1e5093", "MD5": "695917bfae891086cd6863c153ade569", "Entropy": 2.7170073148073692, "VirtualAddress": {"FileOffset": 428, "Value": 2514944, "Offset": 12}, "Structure": "IMAGE_SECTION_HEADER", "NumberOfLinenumbers": {"FileOffset": 450, "Value": 0, "Offset": 34}}, {"PointerToRawData": {"FileOffset": 476, "Value": 2503680, "Offset": 20}, "SHA1": "120f90ec50eca1c9070a3292eb38a1bed7e370e8", "SHA256": "8e2f643879c225d4addab06fb5f1ed0232c6c73fba99ad159373e2c7e719a745", "Name": {"FileOffset": 456, "Value": ".reloc", "Offset": 0}, "NumberOfRelocations": {"FileOffset": 488, "Value": 0, "Offset": 32}, "Misc_VirtualSize": {"FileOffset": 464, "Value": 12, "Offset": 8}, "Characteristics": {"FileOffset": 492, "Value": 1107296320, "Offset": 36}, "Misc": {"FileOffset": 464, "Value": 12, "Offset": 8}, "PointerToLinenumbers": {"FileOffset": 484, "Value": 0, "Offset": 28}, "SizeOfRawData": {"FileOffset": 472, "Value": 512, "Offset": 16}, "Misc_PhysicalAddress": {"FileOffset": 464, "Value": 12, "Offset": 8}, "PointerToRelocations": {"FileOffset": 480, "Value": 0, "Offset": 24}, "Flags": ["IMAGE_SCN_CNT_INITIALIZED_DATA", "IMAGE_SCN_MEM_DISCARDABLE", "IMAGE_SCN_MEM_READ"], "SHA512": "7b6073c3ca90eda58182cbefe01be0e870c18a7008a52baa43b21b7e3e4f8b277257bde6c8d5592f1e11701acc3cb1af93e4300344b297bf7967d11a1b182dd7", "MD5": "a6a7d7635766d0192155fbddf868b700", "Entropy": 0.09800417566270775, "VirtualAddress": {"FileOffset": 468, "Value": 2523136, "Offset": 12}, "Structure": "IMAGE_SECTION_HEADER", "NumberOfLinenumbers": {"FileOffset": 490, "Value": 0, "Offset": 34}}], "Resource directory": [{"MajorVersion": {"FileOffset": 2502664, "Value": 0, "Offset": 8}, "NumberOfIdEntries": {"FileOffset": 2502670, "Value": 1, "Offset": 14}, "MinorVersion": {"FileOffset": 2502666, "Value": 0, "Offset": 10}, "TimeDateStamp": {"FileOffset": 2502660, "Value": "0x0        [Thu Jan  1 00:00:00 1970 UTC]", "Offset": 4}, "Characteristics": {"FileOffset": 2502656, "Value": 0, "Offset": 0}, "NumberOfNamedEntries": {"FileOffset": 2502668, "Value": 0, "Offset": 12}, "Structure": "IMAGE_RESOURCE_DIRECTORY"}, {"Structure": "IMAGE_RESOURCE_DIRECTORY_ENTRY", "Id": [16, "RT_VERSION"], "OffsetToData": {"FileOffset": 2502676, "Value": 2147483672, "Offset": 4}, "Name": {"FileOffset": 2502672, "Value": 16, "Offset": 0}}, [{"MajorVersion": {"FileOffset": 2502688, "Value": 0, "Offset": 8}, "NumberOfIdEntries": {"FileOffset": 2502694, "Value": 1, "Offset": 14}, "MinorVersion": {"FileOffset": 2502690, "Value": 0, "Offset": 10}, "TimeDateStamp": {"FileOffset": 2502684, "Value": "0x0        [Thu Jan  1 00:00:00 1970 UTC]", "Offset": 4}, "Characteristics": {"FileOffset": 2502680, "Value": 0, "Offset": 0}, "NumberOfNamedEntries": {"FileOffset": 2502692, "Value": 0, "Offset": 12}, "Structure": "IMAGE_RESOURCE_DIRECTORY"}, {"Structure": "IMAGE_RESOURCE_DIRECTORY_ENTRY", "Id": 1, "OffsetToData": {"FileOffset": 2502700, "Value": 2147483696, "Offset": 4}, "Name": {"FileOffset": 2502696, "Value": 1, "Offset": 0}}, [{"MajorVersion": {"FileOffset": 2502712, "Value": 0, "Offset": 8}, "NumberOfIdEntries": {"FileOffset": 2502718, "Value": 1, "Offset": 14}, "MinorVersion": {"FileOffset": 2502714, "Value": 0, "Offset": 10}, "TimeDateStamp": {"FileOffset": 2502708, "Value": "0x0        [Thu Jan  1 00:00:00 1970 UTC]", "Offset": 4}, "Characteristics": {"FileOffset": 2502704, "Value": 0, "Offset": 0}, "NumberOfNamedEntries": {"FileOffset": 2502716, "Value": 0, "Offset": 12}, "Structure": "IMAGE_RESOURCE_DIRECTORY"}, {"LANG": 0, "SUBLANG_NAME": "SUBLANG_NEUTRAL", "Name": {"FileOffset": 2502720, "Value": 0, "Offset": 0}, "CodePage": {"FileOffset": 2502736, "Value": 0, "Offset": 8}, "LANG_NAME": "LANG_NEUTRAL", "OffsetToData": {"FileOffset": 2502728, "Value": 2515032, "Offset": 0}, "Reserved": {"FileOffset": 2502740, "Value": 0, "Offset": 12}, "SUBLANG": 0, "Structure": "IMAGE_RESOURCE_DATA_ENTRY", "Size": {"FileOffset": 2502732, "Value": 756, "Offset": 4}}]]]}
