{"DllCharacteristics": ["IMAGE_DLLCHARACTERISTICS_TERMINAL_SERVER_AWARE", "IMAGE_DLLCHARACTERISTICS_DYNAMIC_BASE", "IMAGE_DLLCHARACTERISTICS_NX_COMPAT"], "FILE_HEADER": {"NumberOfSections": {"FileOffset": 246, "Value": 5, "Offset": 2}, "TimeDateStamp": {"FileOffset": 248, "Value": "0x52B53D06 [Sat Dec 21 07:02:30 2013 UTC]", "Offset": 4}, "PointerToSymbolTable": {"FileOffset": 252, "Value": 0, "Offset": 8}, "NumberOfSymbols": {"FileOffset": 256, "Value": 0, "Offset": 12}, "Machine": {"FileOffset": 244, "Value": 332, "Offset": 0}, "Characteristics": {"FileOffset": 262, "Value": 258, "Offset": 18}, "SizeOfOptionalHeader": {"FileOffset": 260, "Value": 224, "Offset": 16}, "Structure": "IMAGE_FILE_HEADER"}, "Directories": [{"VirtualAddress": {"FileOffset": 360, "Value": 0, "Offset": 0}, "Structure": "IMAGE_DIRECTORY_ENTRY_EXPORT", "Size": {"FileOffset": 364, "Value": 0, "Offset": 4}}, {"VirtualAddress": {"FileOffset": 368, "Value": 64036, "Offset": 0}, "Structure": "IMAGE_DIRECTORY_ENTRY_IMPORT", "Size": {"FileOffset": 372, "Value": 100, "Offset": 4}}, {"VirtualAddress": {"FileOffset": 376, "Value": 86016, "Offset": 0}, "Structure": "IMAGE_DIRECTORY_ENTRY_RESOURCE", "Size": {"FileOffset": 380, "Value": 355028, "Offset": 4}}, {"VirtualAddress": {"FileOffset": 384, "Value": 0, "Offset": 0}, "Structure": "IMAGE_DIRECTORY_ENTRY_EXCEPTION", "Size": {"FileOffset": 388, "Value": 0, "Offset": 4}}, {"VirtualAddress": {"FileOffset": 392, "Value": 0, "Offset": 0}, "Structure": "IMAGE_DIRECTORY_ENTRY_SECURITY", "Size": {"FileOffset": 396, "Value": 0, "Offset": 4}}, {"VirtualAddress": {"FileOffset": 400, "Value": 442368, "Offset": 0}, "Structure": "IMAGE_DIRECTORY_ENTRY_BASERELOC", "Size": {"FileOffset": 404, "Value": 2964, "Offset": 4}}, {"VirtualAddress": {"FileOffset": 408, "Value": 53776, "Offset": 0}, "Structure": "IMAGE_DIRECTORY_ENTRY_DEBUG", "Size": {"FileOffset": 412, "Value": 28, "Offset": 4}}, {"VirtualAddress": {"FileOffset": 416, "Value": 0, "Offset": 0}, "Structure": "IMAGE_DIRECTORY_ENTRY_COPYRIGHT", "Size": {"FileOffset": 420, "Value": 0, "Offset": 4}}, {"VirtualAddress": {"FileOffset": 424, "Value": 0, "Offset": 0}, "Structure": "IMAGE_DIRECTORY_ENTRY_GLOBALPTR", "Size": {"FileOffset": 428, "Value": 0, "Offset": 4}}, {"VirtualAddress": {"FileOffset": 432, "Value": 0, "Offset": 0}, "Structure": "IMAGE_DIRECTORY_ENTRY_TLS", "Size": {"FileOffset": 436, "Value": 0, "Offset": 4}}, {"VirtualAddress": {"FileOffset": 440, "Value": 62672, "Offset": 0}, "Structure": "IMAGE_DIRECTORY_ENTRY_LOAD_CONFIG", "Size": {"FileOffset": 444, "Value": 64, "Offset": 4}}, {"VirtualAddress": {"FileOffset": 448, "Value": 0, "Offset": 0}, "Structure": "IMAGE_DIRECTORY_ENTRY_BOUND_IMPORT", "Size": {"FileOffset": 452, "Value": 0, "Offset": 4}}, {"VirtualAddress": {"FileOffset": 456, "Value": 53248, "Offset": 0}, "Structure": "IMAGE_DIRECTORY_ENTRY_IAT", "Size": {"FileOffset": 460, "Value": 456, "Offset": 4}}, {"VirtualAddress": {"FileOffset": 464, "Value": 0, "Offset": 0}, "Structure": "IMAGE_DIRECTORY_ENTRY_DELAY_IMPORT", "Size": {"FileOffset": 468, "Value": 0, "Offset": 4}}, {"VirtualAddress": {"FileOffset": 472, "Value": 0, "Offset": 0}, "Structure": "IMAGE_DIRECTORY_ENTRY_COM_DESCRIPTOR", "Size": {"FileOffset": 476, "Value": 0, "Offset": 4}}, {"VirtualAddress": {"FileOffset": 480, "Value": 0, "Offset": 0}, "Structure": "IMAGE_DIRECTORY_ENTRY_RESERVED", "Size": {"FileOffset": 484, "Value": 0, "Offset": 4}}], "OPTIONAL_HEADER": {"DllCharacteristics": {"FileOffset": 334, "Value": 33088, "Offset": 70}, "BaseOfCode": {"FileOffset": 284, "Value": 4096, "Offset": 20}, "MajorLinkerVersion": {"FileOffset": 266, "Value": 10, "Offset": 2}, "MinorOperatingSystemVersion": {"FileOffset": 306, "Value": 1, "Offset": 42}, "MinorLinkerVersion": {"FileOffset": 267, "Value": 0, "Offset": 3}, "MajorSubsystemVersion": {"FileOffset": 312, "Value": 5, "Offset": 48}, "MajorOperatingSystemVersion": {"FileOffset": 304, "Value": 5, "Offset": 40}, "SizeOfStackCommit": {"FileOffset": 340, "Value": 4096, "Offset": 76}, "SizeOfUninitializedData": {"FileOffset": 276, "Value": 0, "Offset": 12}, "NumberOfRvaAndSizes": {"FileOffset": 356, "Value": 16, "Offset": 92}, "SizeOfHeapReserve": {"FileOffset": 344, "Value": 1048576, "Offset": 80}, "LoaderFlags": {"FileOffset": 352, "Value": 0, "Offset": 88}, "SizeOfHeapCommit": {"FileOffset": 348, "Value": 4096, "Offset": 84}, "SizeOfStackReserve": {"FileOffset": 336, "Value": 1048576, "Offset": 72}, "Structure": "IMAGE_OPTIONAL_HEADER", "SizeOfHeaders": {"FileOffset": 324, "Value": 1024, "Offset": 60}, "Subsystem": {"FileOffset": 332, "Value": 2, "Offset": 68}, "Magic": {"FileOffset": 264, "Value": 267, "Offset": 0}, "MinorImageVersion": {"FileOffset": 310, "Value": 0, "Offset": 46}, "MajorImageVersion": {"FileOffset": 308, "Value": 0, "Offset": 44}, "FileAlignment": {"FileOffset": 300, "Value": 512, "Offset": 36}, "BaseOfData": {"FileOffset": 288, "Value": 53248, "Offset": 24}, "AddressOfEntryPoint": {"FileOffset": 280, "Value": 12325, "Offset": 16}, "SectionAlignment": {"FileOffset": 296, "Value": 4096, "Offset": 32}, "SizeOfCode": {"FileOffset": 268, "Value": 48128, "Offset": 4}, "ImageBase": {"FileOffset": 292, "Value": 4194304, "Offset": 28}, "SizeOfInitializedData": {"FileOffset": 272, "Value": 379904, "Offset": 8}, "SizeOfImage": {"FileOffset": 320, "Value": 450560, "Offset": 56}, "MinorSubsystemVersion": {"FileOffset": 314, "Value": 1, "Offset": 50}, "CheckSum": {"FileOffset": 328, "Value": 469628, "Offset": 64}, "Reserved1": {"FileOffset": 316, "Value": 0, "Offset": 52}}, "DOS_HEADER": {"e_cblp": {"FileOffset": 2, "Value": 144, "Offset": 2}, "e_crlc": {"FileOffset": 6, "Value": 0, "Offset": 6}, "e_ovno": {"FileOffset": 26, "Value": 0, "Offset": 26}, "e_minalloc": {"FileOffset": 10, "Value": 0, "Offset": 10}, "e_csum": {"FileOffset": 18, "Value": 0, "Offset": 18}, "e_cparhdr": {"FileOffset": 8, "Value": 4, "Offset": 8}, "e_cp": {"FileOffset": 4, "Value": 3, "Offset": 4}, "e_cs": {"FileOffset": 22, "Value": 0, "Offset": 22}, "e_maxalloc": {"FileOffset": 12, "Value": 65535, "Offset": 12}, "e_lfarlc": {"FileOffset": 24, "Value": 64, "Offset": 24}, "e_oemid": {"FileOffset": 36, "Value": 0, "Offset": 36}, "e_lfanew": {"FileOffset": 60, "Value": 240, "Offset": 60}, "e_ss": {"FileOffset": 14, "Value": 0, "Offset": 14}, "e_magic": {"FileOffset": 0, "Value": 23117, "Offset": 0}, "e_oeminfo": {"FileOffset": 38, "Value": 0, "Offset": 38}, "e_res2": {"FileOffset": 40, "Value": "", "Offset": 40}, "e_res": {"FileOffset": 28, "Value": "", "Offset": 28}, "e_sp": {"FileOffset": 16, "Value": 184, "Offset": 16}, "Structure": "IMAGE_DOS_HEADER", "e_ip": {"FileOffset": 20, "Value": 0, "Offset": 20}}, "Base relocations": [[{"SizeOfBlock": {"FileOffset": 422404, "Value": 368, "Offset": 4}, "VirtualAddress": {"FileOffset": 422400, "Value": 4096, "Offset": 0}, "Structure": "IMAGE_BASE_RELOCATION"}, {"RVA": 4104, "Type": "HIGHLOW"}, {"RVA": 4125, "Type": "HIGHLOW"}, {"RVA": 4134, "Type": "HIGHLOW"}, {"RVA": 4248, "Type": "HIGHLOW"}, {"RVA": 4454, "Type": "HIGHLOW"}, {"RVA": 4553, "Type": "HIGHLOW"}, {"RVA": 4677, "Type": "HIGHLOW"}, {"RVA": 4746, "Type": "HIGHLOW"}, {"RVA": 4752, "Type": "HIGHLOW"}, {"RVA": 4796, "Type": "HIGHLOW"}, {"RVA": 4802, "Type": "HIGHLOW"}, {"RVA": 4819, "Type": "HIGHLOW"}, {"RVA": 4825, "Type": "HIGHLOW"}, {"RVA": 4833, "Type": "HIGHLOW"}, {"RVA": 4848, "Type": "HIGHLOW"}, {"RVA": 4863, "Type": "HIGHLOW"}, {"RVA": 4869, "Type": "HIGHLOW"}, {"RVA": 4882, "Type": "HIGHLOW"}, {"RVA": 4895, "Type": "HIGHLOW"}, {"RVA": 4900, "Type": "HIGHLOW"}, {"RVA": 4905, "Type": "HIGHLOW"}, {"RVA": 4925, "Type": "HIGHLOW"}, {"RVA": 4931, "Type": "HIGHLOW"}, {"RVA": 4938, "Type": "HIGHLOW"}, {"RVA": 4956, "Type": "HIGHLOW"}, {"RVA": 4961, "Type": "HIGHLOW"}, {"RVA": 4966, "Type": "HIGHLOW"}, {"RVA": 4986, "Type": "HIGHLOW"}, {"RVA": 4991, "Type": "HIGHLOW"}, {"RVA": 4996, "Type": "HIGHLOW"}, {"RVA": 5016, "Type": "HIGHLOW"}, {"RVA": 5022, "Type": "HIGHLOW"}, {"RVA": 5029, "Type": "HIGHLOW"}, {"RVA": 5047, "Type": "HIGHLOW"}, {"RVA": 5052, "Type": "HIGHLOW"}, {"RVA": 5057, "Type": "HIGHLOW"}, {"RVA": 5077, "Type": "HIGHLOW"}, {"RVA": 5082, "Type": "HIGHLOW"}, {"RVA": 5087, "Type": "HIGHLOW"}, {"RVA": 5106, "Type": "HIGHLOW"}, {"RVA": 5112, "Type": "HIGHLOW"}, {"RVA": 5118, "Type": "HIGHLOW"}, {"RVA": 5138, "Type": "HIGHLOW"}, {"RVA": 5143, "Type": "HIGHLOW"}, {"RVA": 5148, "Type": "HIGHLOW"}, {"RVA": 5168, "Type": "HIGHLOW"}, {"RVA": 5173, "Type": "HIGHLOW"}, {"RVA": 5178, "Type": "HIGHLOW"}, {"RVA": 5198, "Type": "HIGHLOW"}, {"RVA": 5204, "Type": "HIGHLOW"}, {"RVA": 5212, "Type": "HIGHLOW"}, {"RVA": 5221, "Type": "HIGHLOW"}, {"RVA": 5230, "Type": "HIGHLOW"}, {"RVA": 5239, "Type": "HIGHLOW"}, {"RVA": 5248, "Type": "HIGHLOW"}, {"RVA": 5257, "Type": "HIGHLOW"}, {"RVA": 5266, "Type": "HIGHLOW"}, {"RVA": 5275, "Type": "HIGHLOW"}, {"RVA": 5308, "Type": "HIGHLOW"}, {"RVA": 5377, "Type": "HIGHLOW"}, {"RVA": 5402, "Type": "HIGHLOW"}, {"RVA": 5427, "Type": "HIGHLOW"}, {"RVA": 5459, "Type": "HIGHLOW"}, {"RVA": 5470, "Type": "HIGHLOW"}, {"RVA": 5517, "Type": "HIGHLOW"}, {"RVA": 5579, "Type": "HIGHLOW"}, {"RVA": 5587, "Type": "HIGHLOW"}, {"RVA": 5599, "Type": "HIGHLOW"}, {"RVA": 5613, "Type": "HIGHLOW"}, {"RVA": 5698, "Type": "HIGHLOW"}, {"RVA": 5704, "Type": "HIGHLOW"}, {"RVA": 5709, "Type": "HIGHLOW"}, {"RVA": 5714, "Type": "HIGHLOW"}, {"RVA": 5735, "Type": "HIGHLOW"}, {"RVA": 5747, "Type": "HIGHLOW"}, {"RVA": 5755, "Type": "HIGHLOW"}, {"RVA": 5769, "Type": "HIGHLOW"}, {"RVA": 5818, "Type": "HIGHLOW"}, {"RVA": 5835, "Type": "HIGHLOW"}, {"RVA": 5852, "Type": "HIGHLOW"}, {"RVA": 5867, "Type": "HIGHLOW"}, {"RVA": 5930, "Type": "HIGHLOW"}, {"RVA": 5936, "Type": "HIGHLOW"}, {"RVA": 6039, "Type": "HIGHLOW"}, {"RVA": 6059, "Type": "HIGHLOW"}, {"RVA": 6064, "Type": "HIGHLOW"}, {"RVA": 6079, "Type": "HIGHLOW"}, {"RVA": 6097, "Type": "HIGHLOW"}, {"RVA": 6115, "Type": "HIGHLOW"}, {"RVA": 6123, "Type": "HIGHLOW"}, {"RVA": 6138, "Type": "HIGHLOW"}, {"RVA": 6197, "Type": "HIGHLOW"}, {"RVA": 6203, "Type": "HIGHLOW"}, {"RVA": 6234, "Type": "HIGHLOW"}, {"RVA": 6253, "Type": "HIGHLOW"}, {"RVA": 6361, "Type": "HIGHLOW"}, {"RVA": 6368, "Type": "HIGHLOW"}, {"RVA": 6398, "Type": "HIGHLOW"}, {"RVA": 6406, "Type": "HIGHLOW"}, {"RVA": 6415, "Type": "HIGHLOW"}, {"RVA": 6446, "Type": "HIGHLOW"}, {"RVA": 6454, "Type": "HIGHLOW"}, {"RVA": 6464, "Type": "HIGHLOW"}, {"RVA": 6478, "Type": "HIGHLOW"}, {"RVA": 6539, "Type": "HIGHLOW"}, {"RVA": 6586, "Type": "HIGHLOW"}, {"RVA": 6594, "Type": "HIGHLOW"}, {"RVA": 6611, "Type": "HIGHLOW"}, {"RVA": 6624, "Type": "HIGHLOW"}, {"RVA": 6638, "Type": "HIGHLOW"}, {"RVA": 6663, "Type": "HIGHLOW"}, {"RVA": 6668, "Type": "HIGHLOW"}, {"RVA": 6683, "Type": "HIGHLOW"}, {"RVA": 6701, "Type": "HIGHLOW"}, {"RVA": 6718, "Type": "HIGHLOW"}, {"RVA": 6726, "Type": "HIGHLOW"}, {"RVA": 6741, "Type": "HIGHLOW"}, {"RVA": 6812, "Type": "HIGHLOW"}, {"RVA": 6816, "Type": "HIGHLOW"}, {"RVA": 6820, "Type": "HIGHLOW"}, {"RVA": 6824, "Type": "HIGHLOW"}, {"RVA": 6828, "Type": "HIGHLOW"}, {"RVA": 6855, "Type": "HIGHLOW"}, {"RVA": 6914, "Type": "HIGHLOW"}, {"RVA": 7031, "Type": "HIGHLOW"}, {"RVA": 7062, "Type": "HIGHLOW"}, {"RVA": 7094, "Type": "HIGHLOW"}, {"RVA": 7152, "Type": "HIGHLOW"}, {"RVA": 7185, "Type": "HIGHLOW"}, {"RVA": 7205, "Type": "HIGHLOW"}, {"RVA": 7216, "Type": "HIGHLOW"}, {"RVA": 7232, "Type": "HIGHLOW"}, {"RVA": 7238, "Type": "HIGHLOW"}, {"RVA": 7244, "Type": "HIGHLOW"}, {"RVA": 7250, "Type": "HIGHLOW"}, {"RVA": 7290, "Type": "HIGHLOW"}, {"RVA": 7298, "Type": "HIGHLOW"}, {"RVA": 7307, "Type": "HIGHLOW"}, {"RVA": 7327, "Type": "HIGHLOW"}, {"RVA": 7335, "Type": "HIGHLOW"}, {"RVA": 7344, "Type": "HIGHLOW"}, {"RVA": 7378, "Type": "HIGHLOW"}, {"RVA": 7389, "Type": "HIGHLOW"}, {"RVA": 7396, "Type": "HIGHLOW"}, {"RVA": 7466, "Type": "HIGHLOW"}, {"RVA": 7483, "Type": "HIGHLOW"}, {"RVA": 7521, "Type": "HIGHLOW"}, {"RVA": 7542, "Type": "HIGHLOW"}, {"RVA": 7561, "Type": "HIGHLOW"}, {"RVA": 7566, "Type": "HIGHLOW"}, {"RVA": 7586, "Type": "HIGHLOW"}, {"RVA": 7607, "Type": "HIGHLOW"}, {"RVA": 7619, "Type": "HIGHLOW"}, {"RVA": 7628, "Type": "HIGHLOW"}, {"RVA": 7651, "Type": "HIGHLOW"}, {"RVA": 7665, "Type": "HIGHLOW"}, {"RVA": 7685, "Type": "HIGHLOW"}, {"RVA": 7697, "Type": "HIGHLOW"}, {"RVA": 7703, "Type": "HIGHLOW"}, {"RVA": 7708, "Type": "HIGHLOW"}, {"RVA": 7721, "Type": "HIGHLOW"}, {"RVA": 7740, "Type": "HIGHLOW"}, {"RVA": 7768, "Type": "HIGHLOW"}, {"RVA": 7777, "Type": "HIGHLOW"}, {"RVA": 7784, "Type": "HIGHLOW"}, {"RVA": 7876, "Type": "HIGHLOW"}, {"RVA": 7882, "Type": "HIGHLOW"}, {"RVA": 7915, "Type": "HIGHLOW"}, {"RVA": 7921, "Type": "HIGHLOW"}, {"RVA": 7941, "Type": "HIGHLOW"}, {"RVA": 7963, "Type": "HIGHLOW"}, {"RVA": 7971, "Type": "HIGHLOW"}, {"RVA": 7985, "Type": "HIGHLOW"}, {"RVA": 7992, "Type": "HIGHLOW"}, {"RVA": 8020, "Type": "HIGHLOW"}, {"RVA": 8052, "Type": "HIGHLOW"}, {"RVA": 8084, "Type": "HIGHLOW"}, {"RVA": 8115, "Type": "HIGHLOW"}, {"RVA": 8142, "Type": "HIGHLOW"}, {"RVA": 4096, "Type": "ABSOLUTE"}], [{"SizeOfBlock": {"FileOffset": 422772, "Value": 276, "Offset": 4}, "VirtualAddress": {"FileOffset": 422768, "Value": 8192, "Offset": 0}, "Structure": "IMAGE_BASE_RELOCATION"}, {"RVA": 8205, "Type": "HIGHLOW"}, {"RVA": 8264, "Type": "HIGHLOW"}, {"RVA": 8275, "Type": "HIGHLOW"}, {"RVA": 8292, "Type": "HIGHLOW"}, {"RVA": 8297, "Type": "HIGHLOW"}, {"RVA": 8304, "Type": "HIGHLOW"}, {"RVA": 8310, "Type": "HIGHLOW"}, {"RVA": 8332, "Type": "HIGHLOW"}, {"RVA": 8338, "Type": "HIGHLOW"}, {"RVA": 8343, "Type": "HIGHLOW"}, {"RVA": 8350, "Type": "HIGHLOW"}, {"RVA": 8371, "Type": "HIGHLOW"}, {"RVA": 8411, "Type": "HIGHLOW"}, {"RVA": 8442, "Type": "HIGHLOW"}, {"RVA": 8448, "Type": "HIGHLOW"}, {"RVA": 8462, "Type": "HIGHLOW"}, {"RVA": 8493, "Type": "HIGHLOW"}, {"RVA": 8544, "Type": "HIGHLOW"}, {"RVA": 8562, "Type": "HIGHLOW"}, {"RVA": 8575, "Type": "HIGHLOW"}, {"RVA": 8598, "Type": "HIGHLOW"}, {"RVA": 8623, "Type": "HIGHLOW"}, {"RVA": 8633, "Type": "HIGHLOW"}, {"RVA": 8645, "Type": "HIGHLOW"}, {"RVA": 8651, "Type": "HIGHLOW"}, {"RVA": 8656, "Type": "HIGHLOW"}, {"RVA": 8669, "Type": "HIGHLOW"}, {"RVA": 8688, "Type": "HIGHLOW"}, {"RVA": 8716, "Type": "HIGHLOW"}, {"RVA": 8723, "Type": "HIGHLOW"}, {"RVA": 8732, "Type": "HIGHLOW"}, {"RVA": 8765, "Type": "HIGHLOW"}, {"RVA": 8847, "Type": "HIGHLOW"}, {"RVA": 8863, "Type": "HIGHLOW"}, {"RVA": 8869, "Type": "HIGHLOW"}, {"RVA": 8885, "Type": "HIGHLOW"}, {"RVA": 8907, "Type": "HIGHLOW"}, {"RVA": 8915, "Type": "HIGHLOW"}, {"RVA": 8925, "Type": "HIGHLOW"}, {"RVA": 8932, "Type": "HIGHLOW"}, {"RVA": 8963, "Type": "HIGHLOW"}, {"RVA": 8985, "Type": "HIGHLOW"}, {"RVA": 9015, "Type": "HIGHLOW"}, {"RVA": 9087, "Type": "HIGHLOW"}, {"RVA": 9194, "Type": "HIGHLOW"}, {"RVA": 9249, "Type": "HIGHLOW"}, {"RVA": 9341, "Type": "HIGHLOW"}, {"RVA": 9366, "Type": "HIGHLOW"}, {"RVA": 9401, "Type": "HIGHLOW"}, {"RVA": 9426, "Type": "HIGHLOW"}, {"RVA": 9441, "Type": "HIGHLOW"}, {"RVA": 9456, "Type": "HIGHLOW"}, {"RVA": 9469, "Type": "HIGHLOW"}, {"RVA": 9476, "Type": "HIGHLOW"}, {"RVA": 9481, "Type": "HIGHLOW"}, {"RVA": 9496, "Type": "HIGHLOW"}, {"RVA": 9559, "Type": "HIGHLOW"}, {"RVA": 9594, "Type": "HIGHLOW"}, {"RVA": 9600, "Type": "HIGHLOW"}, {"RVA": 9658, "Type": "HIGHLOW"}, {"RVA": 9666, "Type": "HIGHLOW"}, {"RVA": 9675, "Type": "HIGHLOW"}, {"RVA": 9687, "Type": "HIGHLOW"}, {"RVA": 9699, "Type": "HIGHLOW"}, {"RVA": 9705, "Type": "HIGHLOW"}, {"RVA": 9714, "Type": "HIGHLOW"}, {"RVA": 9725, "Type": "HIGHLOW"}, {"RVA": 9731, "Type": "HIGHLOW"}, {"RVA": 9802, "Type": "HIGHLOW"}, {"RVA": 9809, "Type": "HIGHLOW"}, {"RVA": 9827, "Type": "HIGHLOW"}, {"RVA": 9835, "Type": "HIGHLOW"}, {"RVA": 9840, "Type": "HIGHLOW"}, {"RVA": 9854, "Type": "HIGHLOW"}, {"RVA": 9873, "Type": "HIGHLOW"}, {"RVA": 9919, "Type": "HIGHLOW"}, {"RVA": 9934, "Type": "HIGHLOW"}, {"RVA": 9951, "Type": "HIGHLOW"}, {"RVA": 9978, "Type": "HIGHLOW"}, {"RVA": 9986, "Type": "HIGHLOW"}, {"RVA": 9995, "Type": "HIGHLOW"}, {"RVA": 10005, "Type": "HIGHLOW"}, {"RVA": 10023, "Type": "HIGHLOW"}, {"RVA": 10038, "Type": "HIGHLOW"}, {"RVA": 10059, "Type": "HIGHLOW"}, {"RVA": 10065, "Type": "HIGHLOW"}, {"RVA": 10078, "Type": "HIGHLOW"}, {"RVA": 10087, "Type": "HIGHLOW"}, {"RVA": 10101, "Type": "HIGHLOW"}, {"RVA": 10106, "Type": "HIGHLOW"}, {"RVA": 10141, "Type": "HIGHLOW"}, {"RVA": 10163, "Type": "HIGHLOW"}, {"RVA": 10184, "Type": "HIGHLOW"}, {"RVA": 10219, "Type": "HIGHLOW"}, {"RVA": 10241, "Type": "HIGHLOW"}, {"RVA": 10253, "Type": "HIGHLOW"}, {"RVA": 10267, "Type": "HIGHLOW"}, {"RVA": 10284, "Type": "HIGHLOW"}, {"RVA": 10296, "Type": "HIGHLOW"}, {"RVA": 10318, "Type": "HIGHLOW"}, {"RVA": 10324, "Type": "HIGHLOW"}, {"RVA": 10369, "Type": "HIGHLOW"}, {"RVA": 10384, "Type": "HIGHLOW"}, {"RVA": 10403, "Type": "HIGHLOW"}, {"RVA": 10450, "Type": "HIGHLOW"}, {"RVA": 10501, "Type": "HIGHLOW"}, {"RVA": 10507, "Type": "HIGHLOW"}, {"RVA": 10512, "Type": "HIGHLOW"}, {"RVA": 10520, "Type": "HIGHLOW"}, {"RVA": 10536, "Type": "HIGHLOW"}, {"RVA": 10546, "Type": "HIGHLOW"}, {"RVA": 10552, "Type": "HIGHLOW"}, {"RVA": 10572, "Type": "HIGHLOW"}, {"RVA": 10724, "Type": "HIGHLOW"}, {"RVA": 11265, "Type": "HIGHLOW"}, {"RVA": 11289, "Type": "HIGHLOW"}, {"RVA": 11412, "Type": "HIGHLOW"}, {"RVA": 11511, "Type": "HIGHLOW"}, {"RVA": 11806, "Type": "HIGHLOW"}, {"RVA": 11926, "Type": "HIGHLOW"}, {"RVA": 11963, "Type": "HIGHLOW"}, {"RVA": 11978, "Type": "HIGHLOW"}, {"RVA": 11986, "Type": "HIGHLOW"}, {"RVA": 11999, "Type": "HIGHLOW"}, {"RVA": 12011, "Type": "HIGHLOW"}, {"RVA": 12023, "Type": "HIGHLOW"}, {"RVA": 12029, "Type": "HIGHLOW"}, {"RVA": 12047, "Type": "HIGHLOW"}, {"RVA": 12055, "Type": "HIGHLOW"}, {"RVA": 12066, "Type": "HIGHLOW"}, {"RVA": 12137, "Type": "HIGHLOW"}, {"RVA": 12142, "Type": "HIGHLOW"}, {"RVA": 12152, "Type": "HIGHLOW"}, {"RVA": 12233, "Type": "HIGHLOW"}], [{"SizeOfBlock": {"FileOffset": 423048, "Value": 160, "Offset": 4}, "VirtualAddress": {"FileOffset": 423044, "Value": 12288, "Offset": 0}, "Structure": "IMAGE_BASE_RELOCATION"}, {"RVA": 12347, "Type": "HIGHLOW"}, {"RVA": 12353, "Type": "HIGHLOW"}, {"RVA": 12359, "Type": "HIGHLOW"}, {"RVA": 12365, "Type": "HIGHLOW"}, {"RVA": 12371, "Type": "HIGHLOW"}, {"RVA": 12377, "Type": "HIGHLOW"}, {"RVA": 12384, "Type": "HIGHLOW"}, {"RVA": 12391, "Type": "HIGHLOW"}, {"RVA": 12398, "Type": "HIGHLOW"}, {"RVA": 12405, "Type": "HIGHLOW"}, {"RVA": 12412, "Type": "HIGHLOW"}, {"RVA": 12419, "Type": "HIGHLOW"}, {"RVA": 12426, "Type": "HIGHLOW"}, {"RVA": 12434, "Type": "HIGHLOW"}, {"RVA": 12442, "Type": "HIGHLOW"}, {"RVA": 12450, "Type": "HIGHLOW"}, {"RVA": 12462, "Type": "HIGHLOW"}, {"RVA": 12471, "Type": "HIGHLOW"}, {"RVA": 12476, "Type": "HIGHLOW"}, {"RVA": 12482, "Type": "HIGHLOW"}, {"RVA": 12492, "Type": "HIGHLOW"}, {"RVA": 12501, "Type": "HIGHLOW"}, {"RVA": 12512, "Type": "HIGHLOW"}, {"RVA": 12524, "Type": "HIGHLOW"}, {"RVA": 12529, "Type": "HIGHLOW"}, {"RVA": 12545, "Type": "HIGHLOW"}, {"RVA": 12550, "Type": "HIGHLOW"}, {"RVA": 12556, "Type": "HIGHLOW"}, {"RVA": 12562, "Type": "HIGHLOW"}, {"RVA": 12584, "Type": "HIGHLOW"}, {"RVA": 12591, "Type": "HIGHLOW"}, {"RVA": 12609, "Type": "HIGHLOW"}, {"RVA": 12634, "Type": "HIGHLOW"}, {"RVA": 12788, "Type": "HIGHLOW"}, {"RVA": 12807, "Type": "HIGHLOW"}, {"RVA": 12853, "Type": "HIGHLOW"}, {"RVA": 12878, "Type": "HIGHLOW"}, {"RVA": 12932, "Type": "HIGHLOW"}, {"RVA": 12939, "Type": "HIGHLOW"}, {"RVA": 12947, "Type": "HIGHLOW"}, {"RVA": 13059, "Type": "HIGHLOW"}, {"RVA": 13064, "Type": "HIGHLOW"}, {"RVA": 13073, "Type": "HIGHLOW"}, {"RVA": 13088, "Type": "HIGHLOW"}, {"RVA": 13123, "Type": "HIGHLOW"}, {"RVA": 13128, "Type": "HIGHLOW"}, {"RVA": 13133, "Type": "HIGHLOW"}, {"RVA": 13156, "Type": "HIGHLOW"}, {"RVA": 13254, "Type": "HIGHLOW"}, {"RVA": 13301, "Type": "HIGHLOW"}, {"RVA": 13307, "Type": "HIGHLOW"}, {"RVA": 13322, "Type": "HIGHLOW"}, {"RVA": 13393, "Type": "HIGHLOW"}, {"RVA": 13406, "Type": "HIGHLOW"}, {"RVA": 13412, "Type": "HIGHLOW"}, {"RVA": 13456, "Type": "HIGHLOW"}, {"RVA": 13507, "Type": "HIGHLOW"}, {"RVA": 13775, "Type": "HIGHLOW"}, {"RVA": 13782, "Type": "HIGHLOW"}, {"RVA": 13913, "Type": "HIGHLOW"}, {"RVA": 13921, "Type": "HIGHLOW"}, {"RVA": 13942, "Type": "HIGHLOW"}, {"RVA": 13953, "Type": "HIGHLOW"}, {"RVA": 14185, "Type": "HIGHLOW"}, {"RVA": 14337, "Type": "HIGHLOW"}, {"RVA": 14367, "Type": "HIGHLOW"}, {"RVA": 14405, "Type": "HIGHLOW"}, {"RVA": 14501, "Type": "HIGHLOW"}, {"RVA": 14516, "Type": "HIGHLOW"}, {"RVA": 14543, "Type": "HIGHLOW"}, {"RVA": 15389, "Type": "HIGHLOW"}, {"RVA": 15629, "Type": "HIGHLOW"}, {"RVA": 15960, "Type": "HIGHLOW"}, {"RVA": 16027, "Type": "HIGHLOW"}, {"RVA": 16071, "Type": "HIGHLOW"}, {"RVA": 16104, "Type": "HIGHLOW"}], [{"SizeOfBlock": {"FileOffset": 423208, "Value": 120, "Offset": 4}, "VirtualAddress": {"FileOffset": 423204, "Value": 16384, "Offset": 0}, "Structure": "IMAGE_BASE_RELOCATION"}, {"RVA": 16584, "Type": "HIGHLOW"}, {"RVA": 17129, "Type": "HIGHLOW"}, {"RVA": 17133, "Type": "HIGHLOW"}, {"RVA": 17137, "Type": "HIGHLOW"}, {"RVA": 17141, "Type": "HIGHLOW"}, {"RVA": 17145, "Type": "HIGHLOW"}, {"RVA": 17149, "Type": "HIGHLOW"}, {"RVA": 17153, "Type": "HIGHLOW"}, {"RVA": 17157, "Type": "HIGHLOW"}, {"RVA": 17170, "Type": "HIGHLOW"}, {"RVA": 17188, "Type": "HIGHLOW"}, {"RVA": 17412, "Type": "HIGHLOW"}, {"RVA": 17422, "Type": "HIGHLOW"}, {"RVA": 17435, "Type": "HIGHLOW"}, {"RVA": 17497, "Type": "HIGHLOW"}, {"RVA": 17504, "Type": "HIGHLOW"}, {"RVA": 17517, "Type": "HIGHLOW"}, {"RVA": 17523, "Type": "HIGHLOW"}, {"RVA": 17584, "Type": "HIGHLOW"}, {"RVA": 17612, "Type": "HIGHLOW"}, {"RVA": 17647, "Type": "HIGHLOW"}, {"RVA": 17666, "Type": "HIGHLOW"}, {"RVA": 17711, "Type": "HIGHLOW"}, {"RVA": 17717, "Type": "HIGHLOW"}, {"RVA": 17743, "Type": "HIGHLOW"}, {"RVA": 17758, "Type": "HIGHLOW"}, {"RVA": 17771, "Type": "HIGHLOW"}, {"RVA": 17783, "Type": "HIGHLOW"}, {"RVA": 17799, "Type": "HIGHLOW"}, {"RVA": 17806, "Type": "HIGHLOW"}, {"RVA": 17821, "Type": "HIGHLOW"}, {"RVA": 17833, "Type": "HIGHLOW"}, {"RVA": 17846, "Type": "HIGHLOW"}, {"RVA": 17882, "Type": "HIGHLOW"}, {"RVA": 17900, "Type": "HIGHLOW"}, {"RVA": 17914, "Type": "HIGHLOW"}, {"RVA": 17935, "Type": "HIGHLOW"}, {"RVA": 17945, "Type": "HIGHLOW"}, {"RVA": 17983, "Type": "HIGHLOW"}, {"RVA": 18034, "Type": "HIGHLOW"}, {"RVA": 18049, "Type": "HIGHLOW"}, {"RVA": 18058, "Type": "HIGHLOW"}, {"RVA": 18094, "Type": "HIGHLOW"}, {"RVA": 18141, "Type": "HIGHLOW"}, {"RVA": 18207, "Type": "HIGHLOW"}, {"RVA": 18225, "Type": "HIGHLOW"}, {"RVA": 18535, "Type": "HIGHLOW"}, {"RVA": 18757, "Type": "HIGHLOW"}, {"RVA": 18772, "Type": "HIGHLOW"}, {"RVA": 18799, "Type": "HIGHLOW"}, {"RVA": 19596, "Type": "HIGHLOW"}, {"RVA": 19919, "Type": "HIGHLOW"}, {"RVA": 20265, "Type": "HIGHLOW"}, {"RVA": 20329, "Type": "HIGHLOW"}, {"RVA": 20373, "Type": "HIGHLOW"}, {"RVA": 20407, "Type": "HIGHLOW"}], [{"SizeOfBlock": {"FileOffset": 423328, "Value": 100, "Offset": 4}, "VirtualAddress": {"FileOffset": 423324, "Value": 20480, "Offset": 0}, "Structure": "IMAGE_BASE_RELOCATION"}, {"RVA": 20871, "Type": "HIGHLOW"}, {"RVA": 21503, "Type": "HIGHLOW"}, {"RVA": 21507, "Type": "HIGHLOW"}, {"RVA": 21511, "Type": "HIGHLOW"}, {"RVA": 21515, "Type": "HIGHLOW"}, {"RVA": 21519, "Type": "HIGHLOW"}, {"RVA": 21523, "Type": "HIGHLOW"}, {"RVA": 21527, "Type": "HIGHLOW"}, {"RVA": 21531, "Type": "HIGHLOW"}, {"RVA": 21537, "Type": "HIGHLOW"}, {"RVA": 21566, "Type": "HIGHLOW"}, {"RVA": 21650, "Type": "HIGHLOW"}, {"RVA": 21868, "Type": "HIGHLOW"}, {"RVA": 21876, "Type": "HIGHLOW"}, {"RVA": 21900, "Type": "HIGHLOW"}, {"RVA": 21927, "Type": "HIGHLOW"}, {"RVA": 22014, "Type": "HIGHLOW"}, {"RVA": 22247, "Type": "HIGHLOW"}, {"RVA": 22670, "Type": "HIGHLOW"}, {"RVA": 22711, "Type": "HIGHLOW"}, {"RVA": 22742, "Type": "HIGHLOW"}, {"RVA": 22773, "Type": "HIGHLOW"}, {"RVA": 22864, "Type": "HIGHLOW"}, {"RVA": 22904, "Type": "HIGHLOW"}, {"RVA": 22938, "Type": "HIGHLOW"}, {"RVA": 22949, "Type": "HIGHLOW"}, {"RVA": 23003, "Type": "HIGHLOW"}, {"RVA": 23019, "Type": "HIGHLOW"}, {"RVA": 23061, "Type": "HIGHLOW"}, {"RVA": 23078, "Type": "HIGHLOW"}, {"RVA": 23091, "Type": "HIGHLOW"}, {"RVA": 23098, "Type": "HIGHLOW"}, {"RVA": 23114, "Type": "HIGHLOW"}, {"RVA": 23132, "Type": "HIGHLOW"}, {"RVA": 23137, "Type": "HIGHLOW"}, {"RVA": 23237, "Type": "HIGHLOW"}, {"RVA": 23249, "Type": "HIGHLOW"}, {"RVA": 23516, "Type": "HIGHLOW"}, {"RVA": 23572, "Type": "HIGHLOW"}, {"RVA": 23578, "Type": "HIGHLOW"}, {"RVA": 23596, "Type": "HIGHLOW"}, {"RVA": 23621, "Type": "HIGHLOW"}, {"RVA": 23654, "Type": "HIGHLOW"}, {"RVA": 23688, "Type": "HIGHLOW"}, {"RVA": 23761, "Type": "HIGHLOW"}, {"RVA": 23834, "Type": "HIGHLOW"}], [{"SizeOfBlock": {"FileOffset": 423428, "Value": 208, "Offset": 4}, "VirtualAddress": {"FileOffset": 423424, "Value": 24576, "Offset": 0}, "Structure": "IMAGE_BASE_RELOCATION"}, {"RVA": 24604, "Type": "HIGHLOW"}, {"RVA": 24611, "Type": "HIGHLOW"}, {"RVA": 24651, "Type": "HIGHLOW"}, {"RVA": 24712, "Type": "HIGHLOW"}, {"RVA": 24722, "Type": "HIGHLOW"}, {"RVA": 24746, "Type": "HIGHLOW"}, {"RVA": 24787, "Type": "HIGHLOW"}, {"RVA": 24837, "Type": "HIGHLOW"}, {"RVA": 24877, "Type": "HIGHLOW"}, {"RVA": 25246, "Type": "HIGHLOW"}, {"RVA": 25281, "Type": "HIGHLOW"}, {"RVA": 25292, "Type": "HIGHLOW"}, {"RVA": 25327, "Type": "HIGHLOW"}, {"RVA": 25406, "Type": "HIGHLOW"}, {"RVA": 25537, "Type": "HIGHLOW"}, {"RVA": 25543, "Type": "HIGHLOW"}, {"RVA": 25556, "Type": "HIGHLOW"}, {"RVA": 25562, "Type": "HIGHLOW"}, {"RVA": 25571, "Type": "HIGHLOW"}, {"RVA": 25578, "Type": "HIGHLOW"}, {"RVA": 25612, "Type": "HIGHLOW"}, {"RVA": 25729, "Type": "HIGHLOW"}, {"RVA": 25737, "Type": "HIGHLOW"}, {"RVA": 25756, "Type": "HIGHLOW"}, {"RVA": 25767, "Type": "HIGHLOW"}, {"RVA": 25772, "Type": "HIGHLOW"}, {"RVA": 25790, "Type": "HIGHLOW"}, {"RVA": 25800, "Type": "HIGHLOW"}, {"RVA": 25805, "Type": "HIGHLOW"}, {"RVA": 25833, "Type": "HIGHLOW"}, {"RVA": 25843, "Type": "HIGHLOW"}, {"RVA": 25865, "Type": "HIGHLOW"}, {"RVA": 25876, "Type": "HIGHLOW"}, {"RVA": 25902, "Type": "HIGHLOW"}, {"RVA": 25913, "Type": "HIGHLOW"}, {"RVA": 25921, "Type": "HIGHLOW"}, {"RVA": 25937, "Type": "HIGHLOW"}, {"RVA": 25943, "Type": "HIGHLOW"}, {"RVA": 25960, "Type": "HIGHLOW"}, {"RVA": 26017, "Type": "HIGHLOW"}, {"RVA": 26027, "Type": "HIGHLOW"}, {"RVA": 26065, "Type": "HIGHLOW"}, {"RVA": 26072, "Type": "HIGHLOW"}, {"RVA": 26098, "Type": "HIGHLOW"}, {"RVA": 26105, "Type": "HIGHLOW"}, {"RVA": 26148, "Type": "HIGHLOW"}, {"RVA": 26310, "Type": "HIGHLOW"}, {"RVA": 26329, "Type": "HIGHLOW"}, {"RVA": 26347, "Type": "HIGHLOW"}, {"RVA": 26418, "Type": "HIGHLOW"}, {"RVA": 26442, "Type": "HIGHLOW"}, {"RVA": 26452, "Type": "HIGHLOW"}, {"RVA": 26479, "Type": "HIGHLOW"}, {"RVA": 26487, "Type": "HIGHLOW"}, {"RVA": 26493, "Type": "HIGHLOW"}, {"RVA": 26507, "Type": "HIGHLOW"}, {"RVA": 26559, "Type": "HIGHLOW"}, {"RVA": 26572, "Type": "HIGHLOW"}, {"RVA": 26593, "Type": "HIGHLOW"}, {"RVA": 26642, "Type": "HIGHLOW"}, {"RVA": 26671, "Type": "HIGHLOW"}, {"RVA": 26747, "Type": "HIGHLOW"}, {"RVA": 26793, "Type": "HIGHLOW"}, {"RVA": 27161, "Type": "HIGHLOW"}, {"RVA": 27174, "Type": "HIGHLOW"}, {"RVA": 27183, "Type": "HIGHLOW"}, {"RVA": 27250, "Type": "HIGHLOW"}, {"RVA": 27265, "Type": "HIGHLOW"}, {"RVA": 27321, "Type": "HIGHLOW"}, {"RVA": 27331, "Type": "HIGHLOW"}, {"RVA": 27396, "Type": "HIGHLOW"}, {"RVA": 27407, "Type": "HIGHLOW"}, {"RVA": 27417, "Type": "HIGHLOW"}, {"RVA": 27434, "Type": "HIGHLOW"}, {"RVA": 27445, "Type": "HIGHLOW"}, {"RVA": 27893, "Type": "HIGHLOW"}, {"RVA": 27910, "Type": "HIGHLOW"}, {"RVA": 27918, "Type": "HIGHLOW"}, {"RVA": 27924, "Type": "HIGHLOW"}, {"RVA": 27929, "Type": "HIGHLOW"}, {"RVA": 27935, "Type": "HIGHLOW"}, {"RVA": 28043, "Type": "HIGHLOW"}, {"RVA": 28049, "Type": "HIGHLOW"}, {"RVA": 28077, "Type": "HIGHLOW"}, {"RVA": 28117, "Type": "HIGHLOW"}, {"RVA": 28193, "Type": "HIGHLOW"}, {"RVA": 28205, "Type": "HIGHLOW"}, {"RVA": 28231, "Type": "HIGHLOW"}, {"RVA": 28269, "Type": "HIGHLOW"}, {"RVA": 28275, "Type": "HIGHLOW"}, {"RVA": 28317, "Type": "HIGHLOW"}, {"RVA": 28386, "Type": "HIGHLOW"}, {"RVA": 28393, "Type": "HIGHLOW"}, {"RVA": 28414, "Type": "HIGHLOW"}, {"RVA": 28485, "Type": "HIGHLOW"}, {"RVA": 28495, "Type": "HIGHLOW"}, {"RVA": 28538, "Type": "HIGHLOW"}, {"RVA": 28562, "Type": "HIGHLOW"}, {"RVA": 28592, "Type": "HIGHLOW"}, {"RVA": 28628, "Type": "HIGHLOW"}], [{"SizeOfBlock": {"FileOffset": 423636, "Value": 292, "Offset": 4}, "VirtualAddress": {"FileOffset": 423632, "Value": 28672, "Offset": 0}, "Structure": "IMAGE_BASE_RELOCATION"}, {"RVA": 28676, "Type": "HIGHLOW"}, {"RVA": 28694, "Type": "HIGHLOW"}, {"RVA": 28740, "Type": "HIGHLOW"}, {"RVA": 28775, "Type": "HIGHLOW"}, {"RVA": 28781, "Type": "HIGHLOW"}, {"RVA": 28801, "Type": "HIGHLOW"}, {"RVA": 28806, "Type": "HIGHLOW"}, {"RVA": 28839, "Type": "HIGHLOW"}, {"RVA": 28844, "Type": "HIGHLOW"}, {"RVA": 28877, "Type": "HIGHLOW"}, {"RVA": 28884, "Type": "HIGHLOW"}, {"RVA": 28896, "Type": "HIGHLOW"}, {"RVA": 28902, "Type": "HIGHLOW"}, {"RVA": 28914, "Type": "HIGHLOW"}, {"RVA": 28920, "Type": "HIGHLOW"}, {"RVA": 28929, "Type": "HIGHLOW"}, {"RVA": 28935, "Type": "HIGHLOW"}, {"RVA": 28944, "Type": "HIGHLOW"}, {"RVA": 28956, "Type": "HIGHLOW"}, {"RVA": 28962, "Type": "HIGHLOW"}, {"RVA": 28970, "Type": "HIGHLOW"}, {"RVA": 28976, "Type": "HIGHLOW"}, {"RVA": 28988, "Type": "HIGHLOW"}, {"RVA": 28994, "Type": "HIGHLOW"}, {"RVA": 29007, "Type": "HIGHLOW"}, {"RVA": 29017, "Type": "HIGHLOW"}, {"RVA": 29023, "Type": "HIGHLOW"}, {"RVA": 29033, "Type": "HIGHLOW"}, {"RVA": 29067, "Type": "HIGHLOW"}, {"RVA": 29088, "Type": "HIGHLOW"}, {"RVA": 29126, "Type": "HIGHLOW"}, {"RVA": 29190, "Type": "HIGHLOW"}, {"RVA": 29196, "Type": "HIGHLOW"}, {"RVA": 29238, "Type": "HIGHLOW"}, {"RVA": 29244, "Type": "HIGHLOW"}, {"RVA": 29250, "Type": "HIGHLOW"}, {"RVA": 29272, "Type": "HIGHLOW"}, {"RVA": 29296, "Type": "HIGHLOW"}, {"RVA": 29334, "Type": "HIGHLOW"}, {"RVA": 29456, "Type": "HIGHLOW"}, {"RVA": 29491, "Type": "HIGHLOW"}, {"RVA": 29501, "Type": "HIGHLOW"}, {"RVA": 29557, "Type": "HIGHLOW"}, {"RVA": 29565, "Type": "HIGHLOW"}, {"RVA": 29638, "Type": "HIGHLOW"}, {"RVA": 29644, "Type": "HIGHLOW"}, {"RVA": 29666, "Type": "HIGHLOW"}, {"RVA": 29671, "Type": "HIGHLOW"}, {"RVA": 29679, "Type": "HIGHLOW"}, {"RVA": 29685, "Type": "HIGHLOW"}, {"RVA": 29692, "Type": "HIGHLOW"}, {"RVA": 29698, "Type": "HIGHLOW"}, {"RVA": 29705, "Type": "HIGHLOW"}, {"RVA": 29711, "Type": "HIGHLOW"}, {"RVA": 29719, "Type": "HIGHLOW"}, {"RVA": 29726, "Type": "HIGHLOW"}, {"RVA": 29731, "Type": "HIGHLOW"}, {"RVA": 29739, "Type": "HIGHLOW"}, {"RVA": 29748, "Type": "HIGHLOW"}, {"RVA": 29760, "Type": "HIGHLOW"}, {"RVA": 29765, "Type": "HIGHLOW"}, {"RVA": 29770, "Type": "HIGHLOW"}, {"RVA": 29776, "Type": "HIGHLOW"}, {"RVA": 29780, "Type": "HIGHLOW"}, {"RVA": 29786, "Type": "HIGHLOW"}, {"RVA": 29791, "Type": "HIGHLOW"}, {"RVA": 29797, "Type": "HIGHLOW"}, {"RVA": 29802, "Type": "HIGHLOW"}, {"RVA": 29817, "Type": "HIGHLOW"}, {"RVA": 29839, "Type": "HIGHLOW"}, {"RVA": 29845, "Type": "HIGHLOW"}, {"RVA": 29853, "Type": "HIGHLOW"}, {"RVA": 29858, "Type": "HIGHLOW"}, {"RVA": 29866, "Type": "HIGHLOW"}, {"RVA": 29871, "Type": "HIGHLOW"}, {"RVA": 29879, "Type": "HIGHLOW"}, {"RVA": 29884, "Type": "HIGHLOW"}, {"RVA": 29891, "Type": "HIGHLOW"}, {"RVA": 29906, "Type": "HIGHLOW"}, {"RVA": 29911, "Type": "HIGHLOW"}, {"RVA": 29917, "Type": "HIGHLOW"}, {"RVA": 29926, "Type": "HIGHLOW"}, {"RVA": 29958, "Type": "HIGHLOW"}, {"RVA": 29964, "Type": "HIGHLOW"}, {"RVA": 29988, "Type": "HIGHLOW"}, {"RVA": 30024, "Type": "HIGHLOW"}, {"RVA": 30036, "Type": "HIGHLOW"}, {"RVA": 30052, "Type": "HIGHLOW"}, {"RVA": 30087, "Type": "HIGHLOW"}, {"RVA": 30100, "Type": "HIGHLOW"}, {"RVA": 30112, "Type": "HIGHLOW"}, {"RVA": 30120, "Type": "HIGHLOW"}, {"RVA": 30128, "Type": "HIGHLOW"}, {"RVA": 30140, "Type": "HIGHLOW"}, {"RVA": 30181, "Type": "HIGHLOW"}, {"RVA": 30189, "Type": "HIGHLOW"}, {"RVA": 30200, "Type": "HIGHLOW"}, {"RVA": 30446, "Type": "HIGHLOW"}, {"RVA": 30478, "Type": "HIGHLOW"}, {"RVA": 30483, "Type": "HIGHLOW"}, {"RVA": 30722, "Type": "HIGHLOW"}, {"RVA": 30731, "Type": "HIGHLOW"}, {"RVA": 30743, "Type": "HIGHLOW"}, {"RVA": 30798, "Type": "HIGHLOW"}, {"RVA": 30807, "Type": "HIGHLOW"}, {"RVA": 30819, "Type": "HIGHLOW"}, {"RVA": 30876, "Type": "HIGHLOW"}, {"RVA": 30885, "Type": "HIGHLOW"}, {"RVA": 30897, "Type": "HIGHLOW"}, {"RVA": 30958, "Type": "HIGHLOW"}, {"RVA": 30964, "Type": "HIGHLOW"}, {"RVA": 30977, "Type": "HIGHLOW"}, {"RVA": 30984, "Type": "HIGHLOW"}, {"RVA": 30994, "Type": "HIGHLOW"}, {"RVA": 31012, "Type": "HIGHLOW"}, {"RVA": 31035, "Type": "HIGHLOW"}, {"RVA": 31049, "Type": "HIGHLOW"}, {"RVA": 31055, "Type": "HIGHLOW"}, {"RVA": 31090, "Type": "HIGHLOW"}, {"RVA": 31097, "Type": "HIGHLOW"}, {"RVA": 31122, "Type": "HIGHLOW"}, {"RVA": 31142, "Type": "HIGHLOW"}, {"RVA": 31148, "Type": "HIGHLOW"}, {"RVA": 31157, "Type": "HIGHLOW"}, {"RVA": 31176, "Type": "HIGHLOW"}, {"RVA": 31212, "Type": "HIGHLOW"}, {"RVA": 31276, "Type": "HIGHLOW"}, {"RVA": 31360, "Type": "HIGHLOW"}, {"RVA": 31392, "Type": "HIGHLOW"}, {"RVA": 31467, "Type": "HIGHLOW"}, {"RVA": 31480, "Type": "HIGHLOW"}, {"RVA": 31505, "Type": "HIGHLOW"}, {"RVA": 31535, "Type": "HIGHLOW"}, {"RVA": 31595, "Type": "HIGHLOW"}, {"RVA": 31635, "Type": "HIGHLOW"}, {"RVA": 31782, "Type": "HIGHLOW"}, {"RVA": 31877, "Type": "HIGHLOW"}, {"RVA": 32040, "Type": "HIGHLOW"}, {"RVA": 32072, "Type": "HIGHLOW"}, {"RVA": 32312, "Type": "HIGHLOW"}, {"RVA": 32353, "Type": "HIGHLOW"}, {"RVA": 32442, "Type": "HIGHLOW"}], [{"SizeOfBlock": {"FileOffset": 423928, "Value": 156, "Offset": 4}, "VirtualAddress": {"FileOffset": 423924, "Value": 32768, "Offset": 0}, "Structure": "IMAGE_BASE_RELOCATION"}, {"RVA": 32808, "Type": "HIGHLOW"}, {"RVA": 33026, "Type": "HIGHLOW"}, {"RVA": 33234, "Type": "HIGHLOW"}, {"RVA": 33283, "Type": "HIGHLOW"}, {"RVA": 33305, "Type": "HIGHLOW"}, {"RVA": 33370, "Type": "HIGHLOW"}, {"RVA": 33401, "Type": "HIGHLOW"}, {"RVA": 33558, "Type": "HIGHLOW"}, {"RVA": 33608, "Type": "HIGHLOW"}, {"RVA": 33648, "Type": "HIGHLOW"}, {"RVA": 33774, "Type": "HIGHLOW"}, {"RVA": 33874, "Type": "HIGHLOW"}, {"RVA": 33909, "Type": "HIGHLOW"}, {"RVA": 34024, "Type": "HIGHLOW"}, {"RVA": 34085, "Type": "HIGHLOW"}, {"RVA": 34108, "Type": "HIGHLOW"}, {"RVA": 34476, "Type": "HIGHLOW"}, {"RVA": 34493, "Type": "HIGHLOW"}, {"RVA": 34551, "Type": "HIGHLOW"}, {"RVA": 34564, "Type": "HIGHLOW"}, {"RVA": 34574, "Type": "HIGHLOW"}, {"RVA": 34588, "Type": "HIGHLOW"}, {"RVA": 34597, "Type": "HIGHLOW"}, {"RVA": 34607, "Type": "HIGHLOW"}, {"RVA": 34659, "Type": "HIGHLOW"}, {"RVA": 34670, "Type": "HIGHLOW"}, {"RVA": 34680, "Type": "HIGHLOW"}, {"RVA": 34705, "Type": "HIGHLOW"}, {"RVA": 34715, "Type": "HIGHLOW"}, {"RVA": 34734, "Type": "HIGHLOW"}, {"RVA": 34770, "Type": "HIGHLOW"}, {"RVA": 34825, "Type": "HIGHLOW"}, {"RVA": 34878, "Type": "HIGHLOW"}, {"RVA": 34897, "Type": "HIGHLOW"}, {"RVA": 35009, "Type": "HIGHLOW"}, {"RVA": 35038, "Type": "HIGHLOW"}, {"RVA": 35111, "Type": "HIGHLOW"}, {"RVA": 35222, "Type": "HIGHLOW"}, {"RVA": 35253, "Type": "HIGHLOW"}, {"RVA": 35370, "Type": "HIGHLOW"}, {"RVA": 35382, "Type": "HIGHLOW"}, {"RVA": 35401, "Type": "HIGHLOW"}, {"RVA": 35419, "Type": "HIGHLOW"}, {"RVA": 35446, "Type": "HIGHLOW"}, {"RVA": 35454, "Type": "HIGHLOW"}, {"RVA": 35462, "Type": "HIGHLOW"}, {"RVA": 35485, "Type": "HIGHLOW"}, {"RVA": 35510, "Type": "HIGHLOW"}, {"RVA": 35538, "Type": "HIGHLOW"}, {"RVA": 35547, "Type": "HIGHLOW"}, {"RVA": 35553, "Type": "HIGHLOW"}, {"RVA": 35562, "Type": "HIGHLOW"}, {"RVA": 35567, "Type": "HIGHLOW"}, {"RVA": 35582, "Type": "HIGHLOW"}, {"RVA": 35621, "Type": "HIGHLOW"}, {"RVA": 35662, "Type": "HIGHLOW"}, {"RVA": 35679, "Type": "HIGHLOW"}, {"RVA": 35699, "Type": "HIGHLOW"}, {"RVA": 35775, "Type": "HIGHLOW"}, {"RVA": 35854, "Type": "HIGHLOW"}, {"RVA": 35926, "Type": "HIGHLOW"}, {"RVA": 36010, "Type": "HIGHLOW"}, {"RVA": 36205, "Type": "HIGHLOW"}, {"RVA": 36251, "Type": "HIGHLOW"}, {"RVA": 36371, "Type": "HIGHLOW"}, {"RVA": 36397, "Type": "HIGHLOW"}, {"RVA": 36414, "Type": "HIGHLOW"}, {"RVA": 36471, "Type": "HIGHLOW"}, {"RVA": 36523, "Type": "HIGHLOW"}, {"RVA": 36529, "Type": "HIGHLOW"}, {"RVA": 36535, "Type": "HIGHLOW"}, {"RVA": 36551, "Type": "HIGHLOW"}, {"RVA": 36562, "Type": "HIGHLOW"}, {"RVA": 36838, "Type": "HIGHLOW"}], [{"SizeOfBlock": {"FileOffset": 424084, "Value": 84, "Offset": 4}, "VirtualAddress": {"FileOffset": 424080, "Value": 36864, "Offset": 0}, "Structure": "IMAGE_BASE_RELOCATION"}, {"RVA": 36868, "Type": "HIGHLOW"}, {"RVA": 37216, "Type": "HIGHLOW"}, {"RVA": 37309, "Type": "HIGHLOW"}, {"RVA": 37342, "Type": "HIGHLOW"}, {"RVA": 37351, "Type": "HIGHLOW"}, {"RVA": 37390, "Type": "HIGHLOW"}, {"RVA": 37403, "Type": "HIGHLOW"}, {"RVA": 37408, "Type": "HIGHLOW"}, {"RVA": 37422, "Type": "HIGHLOW"}, {"RVA": 37616, "Type": "HIGHLOW"}, {"RVA": 37726, "Type": "HIGHLOW"}, {"RVA": 37928, "Type": "HIGHLOW"}, {"RVA": 37933, "Type": "HIGHLOW"}, {"RVA": 37951, "Type": "HIGHLOW"}, {"RVA": 37981, "Type": "HIGHLOW"}, {"RVA": 38001, "Type": "HIGHLOW"}, {"RVA": 38007, "Type": "HIGHLOW"}, {"RVA": 38528, "Type": "HIGHLOW"}, {"RVA": 38656, "Type": "HIGHLOW"}, {"RVA": 38763, "Type": "HIGHLOW"}, {"RVA": 38782, "Type": "HIGHLOW"}, {"RVA": 38813, "Type": "HIGHLOW"}, {"RVA": 38831, "Type": "HIGHLOW"}, {"RVA": 38850, "Type": "HIGHLOW"}, {"RVA": 38868, "Type": "HIGHLOW"}, {"RVA": 38932, "Type": "HIGHLOW"}, {"RVA": 38964, "Type": "HIGHLOW"}, {"RVA": 39688, "Type": "HIGHLOW"}, {"RVA": 39722, "Type": "HIGHLOW"}, {"RVA": 39779, "Type": "HIGHLOW"}, {"RVA": 39818, "Type": "HIGHLOW"}, {"RVA": 39850, "Type": "HIGHLOW"}, {"RVA": 39860, "Type": "HIGHLOW"}, {"RVA": 39883, "Type": "HIGHLOW"}, {"RVA": 39920, "Type": "HIGHLOW"}, {"RVA": 39955, "Type": "HIGHLOW"}, {"RVA": 40128, "Type": "HIGHLOW"}, {"RVA": 36864, "Type": "ABSOLUTE"}], [{"SizeOfBlock": {"FileOffset": 424168, "Value": 208, "Offset": 4}, "VirtualAddress": {"FileOffset": 424164, "Value": 40960, "Offset": 0}, "Structure": "IMAGE_BASE_RELOCATION"}, {"RVA": 41100, "Type": "HIGHLOW"}, {"RVA": 41201, "Type": "HIGHLOW"}, {"RVA": 41213, "Type": "HIGHLOW"}, {"RVA": 41333, "Type": "HIGHLOW"}, {"RVA": 41359, "Type": "HIGHLOW"}, {"RVA": 41368, "Type": "HIGHLOW"}, {"RVA": 41665, "Type": "HIGHLOW"}, {"RVA": 41672, "Type": "HIGHLOW"}, {"RVA": 42036, "Type": "HIGHLOW"}, {"RVA": 42055, "Type": "HIGHLOW"}, {"RVA": 42072, "Type": "HIGHLOW"}, {"RVA": 42109, "Type": "HIGHLOW"}, {"RVA": 42168, "Type": "HIGHLOW"}, {"RVA": 42187, "Type": "HIGHLOW"}, {"RVA": 42211, "Type": "HIGHLOW"}, {"RVA": 42243, "Type": "HIGHLOW"}, {"RVA": 42326, "Type": "HIGHLOW"}, {"RVA": 42366, "Type": "HIGHLOW"}, {"RVA": 42391, "Type": "HIGHLOW"}, {"RVA": 42419, "Type": "HIGHLOW"}, {"RVA": 42464, "Type": "HIGHLOW"}, {"RVA": 42509, "Type": "HIGHLOW"}, {"RVA": 42520, "Type": "HIGHLOW"}, {"RVA": 42566, "Type": "HIGHLOW"}, {"RVA": 42580, "Type": "HIGHLOW"}, {"RVA": 42589, "Type": "HIGHLOW"}, {"RVA": 42653, "Type": "HIGHLOW"}, {"RVA": 42671, "Type": "HIGHLOW"}, {"RVA": 42731, "Type": "HIGHLOW"}, {"RVA": 42768, "Type": "HIGHLOW"}, {"RVA": 42781, "Type": "HIGHLOW"}, {"RVA": 42821, "Type": "HIGHLOW"}, {"RVA": 42871, "Type": "HIGHLOW"}, {"RVA": 42879, "Type": "HIGHLOW"}, {"RVA": 42941, "Type": "HIGHLOW"}, {"RVA": 42998, "Type": "HIGHLOW"}, {"RVA": 43040, "Type": "HIGHLOW"}, {"RVA": 43072, "Type": "HIGHLOW"}, {"RVA": 43126, "Type": "HIGHLOW"}, {"RVA": 43136, "Type": "HIGHLOW"}, {"RVA": 43215, "Type": "HIGHLOW"}, {"RVA": 43270, "Type": "HIGHLOW"}, {"RVA": 43276, "Type": "HIGHLOW"}, {"RVA": 43281, "Type": "HIGHLOW"}, {"RVA": 43295, "Type": "HIGHLOW"}, {"RVA": 43300, "Type": "HIGHLOW"}, {"RVA": 43305, "Type": "HIGHLOW"}, {"RVA": 43310, "Type": "HIGHLOW"}, {"RVA": 43326, "Type": "HIGHLOW"}, {"RVA": 43373, "Type": "HIGHLOW"}, {"RVA": 43379, "Type": "HIGHLOW"}, {"RVA": 43387, "Type": "HIGHLOW"}, {"RVA": 43458, "Type": "HIGHLOW"}, {"RVA": 43463, "Type": "HIGHLOW"}, {"RVA": 43521, "Type": "HIGHLOW"}, {"RVA": 43526, "Type": "HIGHLOW"}, {"RVA": 43533, "Type": "HIGHLOW"}, {"RVA": 43538, "Type": "HIGHLOW"}, {"RVA": 43545, "Type": "HIGHLOW"}, {"RVA": 43550, "Type": "HIGHLOW"}, {"RVA": 43564, "Type": "HIGHLOW"}, {"RVA": 43661, "Type": "HIGHLOW"}, {"RVA": 43670, "Type": "HIGHLOW"}, {"RVA": 43676, "Type": "HIGHLOW"}, {"RVA": 43812, "Type": "HIGHLOW"}, {"RVA": 43827, "Type": "HIGHLOW"}, {"RVA": 43842, "Type": "HIGHLOW"}, {"RVA": 43877, "Type": "HIGHLOW"}, {"RVA": 43888, "Type": "HIGHLOW"}, {"RVA": 43894, "Type": "HIGHLOW"}, {"RVA": 43910, "Type": "HIGHLOW"}, {"RVA": 43915, "Type": "HIGHLOW"}, {"RVA": 43932, "Type": "HIGHLOW"}, {"RVA": 43940, "Type": "HIGHLOW"}, {"RVA": 43946, "Type": "HIGHLOW"}, {"RVA": 43956, "Type": "HIGHLOW"}, {"RVA": 43962, "Type": "HIGHLOW"}, {"RVA": 43972, "Type": "HIGHLOW"}, {"RVA": 43978, "Type": "HIGHLOW"}, {"RVA": 43988, "Type": "HIGHLOW"}, {"RVA": 43997, "Type": "HIGHLOW"}, {"RVA": 44008, "Type": "HIGHLOW"}, {"RVA": 44013, "Type": "HIGHLOW"}, {"RVA": 44022, "Type": "HIGHLOW"}, {"RVA": 44032, "Type": "HIGHLOW"}, {"RVA": 44043, "Type": "HIGHLOW"}, {"RVA": 44102, "Type": "HIGHLOW"}, {"RVA": 44128, "Type": "HIGHLOW"}, {"RVA": 44154, "Type": "HIGHLOW"}, {"RVA": 44641, "Type": "HIGHLOW"}, {"RVA": 44648, "Type": "HIGHLOW"}, {"RVA": 44654, "Type": "HIGHLOW"}, {"RVA": 44851, "Type": "HIGHLOW"}, {"RVA": 44857, "Type": "HIGHLOW"}, {"RVA": 44867, "Type": "HIGHLOW"}, {"RVA": 44977, "Type": "HIGHLOW"}, {"RVA": 44983, "Type": "HIGHLOW"}, {"RVA": 44995, "Type": "HIGHLOW"}, {"RVA": 45050, "Type": "HIGHLOW"}, {"RVA": 40960, "Type": "ABSOLUTE"}], [{"SizeOfBlock": {"FileOffset": 424376, "Value": 100, "Offset": 4}, "VirtualAddress": {"FileOffset": 424372, "Value": 45056, "Offset": 0}, "Structure": "IMAGE_BASE_RELOCATION"}, {"RVA": 45074, "Type": "HIGHLOW"}, {"RVA": 45099, "Type": "HIGHLOW"}, {"RVA": 45112, "Type": "HIGHLOW"}, {"RVA": 45143, "Type": "HIGHLOW"}, {"RVA": 45252, "Type": "HIGHLOW"}, {"RVA": 45325, "Type": "HIGHLOW"}, {"RVA": 45478, "Type": "HIGHLOW"}, {"RVA": 45686, "Type": "HIGHLOW"}, {"RVA": 45808, "Type": "HIGHLOW"}, {"RVA": 45843, "Type": "HIGHLOW"}, {"RVA": 45996, "Type": "HIGHLOW"}, {"RVA": 46999, "Type": "HIGHLOW"}, {"RVA": 47017, "Type": "HIGHLOW"}, {"RVA": 47035, "Type": "HIGHLOW"}, {"RVA": 47053, "Type": "HIGHLOW"}, {"RVA": 47071, "Type": "HIGHLOW"}, {"RVA": 47109, "Type": "HIGHLOW"}, {"RVA": 47127, "Type": "HIGHLOW"}, {"RVA": 47145, "Type": "HIGHLOW"}, {"RVA": 47163, "Type": "HIGHLOW"}, {"RVA": 47181, "Type": "HIGHLOW"}, {"RVA": 47199, "Type": "HIGHLOW"}, {"RVA": 47217, "Type": "HIGHLOW"}, {"RVA": 47235, "Type": "HIGHLOW"}, {"RVA": 47253, "Type": "HIGHLOW"}, {"RVA": 47271, "Type": "HIGHLOW"}, {"RVA": 47289, "Type": "HIGHLOW"}, {"RVA": 47307, "Type": "HIGHLOW"}, {"RVA": 47325, "Type": "HIGHLOW"}, {"RVA": 47540, "Type": "HIGHLOW"}, {"RVA": 47545, "Type": "HIGHLOW"}, {"RVA": 47659, "Type": "HIGHLOW"}, {"RVA": 47666, "Type": "HIGHLOW"}, {"RVA": 47790, "Type": "HIGHLOW"}, {"RVA": 47797, "Type": "HIGHLOW"}, {"RVA": 47888, "Type": "HIGHLOW"}, {"RVA": 47933, "Type": "HIGHLOW"}, {"RVA": 48054, "Type": "HIGHLOW"}, {"RVA": 48103, "Type": "HIGHLOW"}, {"RVA": 48492, "Type": "HIGHLOW"}, {"RVA": 48674, "Type": "HIGHLOW"}, {"RVA": 48684, "Type": "HIGHLOW"}, {"RVA": 48864, "Type": "HIGHLOW"}, {"RVA": 48879, "Type": "HIGHLOW"}, {"RVA": 48998, "Type": "HIGHLOW"}, {"RVA": 49011, "Type": "HIGHLOW"}], [{"SizeOfBlock": {"FileOffset": 424476, "Value": 140, "Offset": 4}, "VirtualAddress": {"FileOffset": 424472, "Value": 49152, "Offset": 0}, "Structure": "IMAGE_BASE_RELOCATION"}, {"RVA": 49224, "Type": "HIGHLOW"}, {"RVA": 49234, "Type": "HIGHLOW"}, {"RVA": 49394, "Type": "HIGHLOW"}, {"RVA": 49502, "Type": "HIGHLOW"}, {"RVA": 49515, "Type": "HIGHLOW"}, {"RVA": 49547, "Type": "HIGHLOW"}, {"RVA": 49591, "Type": "HIGHLOW"}, {"RVA": 49792, "Type": "HIGHLOW"}, {"RVA": 50037, "Type": "HIGHLOW"}, {"RVA": 50426, "Type": "HIGHLOW"}, {"RVA": 50476, "Type": "HIGHLOW"}, {"RVA": 50500, "Type": "HIGHLOW"}, {"RVA": 50507, "Type": "HIGHLOW"}, {"RVA": 50515, "Type": "HIGHLOW"}, {"RVA": 50520, "Type": "HIGHLOW"}, {"RVA": 50524, "Type": "HIGHLOW"}, {"RVA": 50528, "Type": "HIGHLOW"}, {"RVA": 50569, "Type": "HIGHLOW"}, {"RVA": 50607, "Type": "HIGHLOW"}, {"RVA": 50637, "Type": "HIGHLOW"}, {"RVA": 50644, "Type": "HIGHLOW"}, {"RVA": 50648, "Type": "HIGHLOW"}, {"RVA": 50652, "Type": "HIGHLOW"}, {"RVA": 50656, "Type": "HIGHLOW"}, {"RVA": 50660, "Type": "HIGHLOW"}, {"RVA": 50664, "Type": "HIGHLOW"}, {"RVA": 50668, "Type": "HIGHLOW"}, {"RVA": 50672, "Type": "HIGHLOW"}, {"RVA": 50746, "Type": "HIGHLOW"}, {"RVA": 50752, "Type": "HIGHLOW"}, {"RVA": 50756, "Type": "HIGHLOW"}, {"RVA": 50760, "Type": "HIGHLOW"}, {"RVA": 50764, "Type": "HIGHLOW"}, {"RVA": 50866, "Type": "HIGHLOW"}, {"RVA": 50877, "Type": "HIGHLOW"}, {"RVA": 50904, "Type": "HIGHLOW"}, {"RVA": 50911, "Type": "HIGHLOW"}, {"RVA": 50916, "Type": "HIGHLOW"}, {"RVA": 50920, "Type": "HIGHLOW"}, {"RVA": 50924, "Type": "HIGHLOW"}, {"RVA": 50957, "Type": "HIGHLOW"}, {"RVA": 50999, "Type": "HIGHLOW"}, {"RVA": 51049, "Type": "HIGHLOW"}, {"RVA": 51056, "Type": "HIGHLOW"}, {"RVA": 51060, "Type": "HIGHLOW"}, {"RVA": 51064, "Type": "HIGHLOW"}, {"RVA": 51068, "Type": "HIGHLOW"}, {"RVA": 51072, "Type": "HIGHLOW"}, {"RVA": 51076, "Type": "HIGHLOW"}, {"RVA": 51080, "Type": "HIGHLOW"}, {"RVA": 51084, "Type": "HIGHLOW"}, {"RVA": 51158, "Type": "HIGHLOW"}, {"RVA": 51164, "Type": "HIGHLOW"}, {"RVA": 51168, "Type": "HIGHLOW"}, {"RVA": 51172, "Type": "HIGHLOW"}, {"RVA": 51176, "Type": "HIGHLOW"}, {"RVA": 51347, "Type": "HIGHLOW"}, {"RVA": 51394, "Type": "HIGHLOW"}, {"RVA": 51400, "Type": "HIGHLOW"}, {"RVA": 51405, "Type": "HIGHLOW"}, {"RVA": 51411, "Type": "HIGHLOW"}, {"RVA": 51428, "Type": "HIGHLOW"}, {"RVA": 52134, "Type": "HIGHLOW"}, {"RVA": 52140, "Type": "HIGHLOW"}, {"RVA": 52144, "Type": "HIGHLOW"}, {"RVA": 52149, "Type": "HIGHLOW"}], [{"SizeOfBlock": {"FileOffset": 424616, "Value": 88, "Offset": 4}, "VirtualAddress": {"FileOffset": 424612, "Value": 53248, "Offset": 0}, "Structure": "IMAGE_BASE_RELOCATION"}, {"RVA": 53716, "Type": "HIGHLOW"}, {"RVA": 53720, "Type": "HIGHLOW"}, {"RVA": 53724, "Type": "HIGHLOW"}, {"RVA": 53728, "Type": "HIGHLOW"}, {"RVA": 53732, "Type": "HIGHLOW"}, {"RVA": 53744, "Type": "HIGHLOW"}, {"RVA": 53748, "Type": "HIGHLOW"}, {"RVA": 53804, "Type": "HIGHLOW"}, {"RVA": 53808, "Type": "HIGHLOW"}, {"RVA": 53812, "Type": "HIGHLOW"}, {"RVA": 53832, "Type": "HIGHLOW"}, {"RVA": 53836, "Type": "HIGHLOW"}, {"RVA": 53840, "Type": "HIGHLOW"}, {"RVA": 53844, "Type": "HIGHLOW"}, {"RVA": 53848, "Type": "HIGHLOW"}, {"RVA": 53872, "Type": "HIGHLOW"}, {"RVA": 53876, "Type": "HIGHLOW"}, {"RVA": 56284, "Type": "HIGHLOW"}, {"RVA": 56292, "Type": "HIGHLOW"}, {"RVA": 56300, "Type": "HIGHLOW"}, {"RVA": 56308, "Type": "HIGHLOW"}, {"RVA": 56316, "Type": "HIGHLOW"}, {"RVA": 56324, "Type": "HIGHLOW"}, {"RVA": 56332, "Type": "HIGHLOW"}, {"RVA": 56340, "Type": "HIGHLOW"}, {"RVA": 56348, "Type": "HIGHLOW"}, {"RVA": 56356, "Type": "HIGHLOW"}, {"RVA": 56364, "Type": "HIGHLOW"}, {"RVA": 56372, "Type": "HIGHLOW"}, {"RVA": 56380, "Type": "HIGHLOW"}, {"RVA": 56388, "Type": "HIGHLOW"}, {"RVA": 56396, "Type": "HIGHLOW"}, {"RVA": 56404, "Type": "HIGHLOW"}, {"RVA": 56412, "Type": "HIGHLOW"}, {"RVA": 56420, "Type": "HIGHLOW"}, {"RVA": 56428, "Type": "HIGHLOW"}, {"RVA": 56436, "Type": "HIGHLOW"}, {"RVA": 56444, "Type": "HIGHLOW"}, {"RVA": 56452, "Type": "HIGHLOW"}, {"RVA": 53248, "Type": "ABSOLUTE"}], [{"SizeOfBlock": {"FileOffset": 424704, "Value": 204, "Offset": 4}, "VirtualAddress": {"FileOffset": 424700, "Value": 57344, "Offset": 0}, "Structure": "IMAGE_BASE_RELOCATION"}, {"RVA": 59528, "Type": "HIGHLOW"}, {"RVA": 59532, "Type": "HIGHLOW"}, {"RVA": 59536, "Type": "HIGHLOW"}, {"RVA": 59540, "Type": "HIGHLOW"}, {"RVA": 59544, "Type": "HIGHLOW"}, {"RVA": 59548, "Type": "HIGHLOW"}, {"RVA": 59552, "Type": "HIGHLOW"}, {"RVA": 59556, "Type": "HIGHLOW"}, {"RVA": 59560, "Type": "HIGHLOW"}, {"RVA": 59564, "Type": "HIGHLOW"}, {"RVA": 59568, "Type": "HIGHLOW"}, {"RVA": 59572, "Type": "HIGHLOW"}, {"RVA": 59576, "Type": "HIGHLOW"}, {"RVA": 59580, "Type": "HIGHLOW"}, {"RVA": 59584, "Type": "HIGHLOW"}, {"RVA": 59588, "Type": "HIGHLOW"}, {"RVA": 59592, "Type": "HIGHLOW"}, {"RVA": 59596, "Type": "HIGHLOW"}, {"RVA": 59600, "Type": "HIGHLOW"}, {"RVA": 59604, "Type": "HIGHLOW"}, {"RVA": 59608, "Type": "HIGHLOW"}, {"RVA": 59612, "Type": "HIGHLOW"}, {"RVA": 59616, "Type": "HIGHLOW"}, {"RVA": 59620, "Type": "HIGHLOW"}, {"RVA": 59624, "Type": "HIGHLOW"}, {"RVA": 59628, "Type": "HIGHLOW"}, {"RVA": 59632, "Type": "HIGHLOW"}, {"RVA": 59636, "Type": "HIGHLOW"}, {"RVA": 59640, "Type": "HIGHLOW"}, {"RVA": 59644, "Type": "HIGHLOW"}, {"RVA": 59648, "Type": "HIGHLOW"}, {"RVA": 59652, "Type": "HIGHLOW"}, {"RVA": 59656, "Type": "HIGHLOW"}, {"RVA": 59660, "Type": "HIGHLOW"}, {"RVA": 59664, "Type": "HIGHLOW"}, {"RVA": 59668, "Type": "HIGHLOW"}, {"RVA": 59672, "Type": "HIGHLOW"}, {"RVA": 59676, "Type": "HIGHLOW"}, {"RVA": 59680, "Type": "HIGHLOW"}, {"RVA": 59684, "Type": "HIGHLOW"}, {"RVA": 59688, "Type": "HIGHLOW"}, {"RVA": 59692, "Type": "HIGHLOW"}, {"RVA": 59696, "Type": "HIGHLOW"}, {"RVA": 59700, "Type": "HIGHLOW"}, {"RVA": 59704, "Type": "HIGHLOW"}, {"RVA": 59708, "Type": "HIGHLOW"}, {"RVA": 59712, "Type": "HIGHLOW"}, {"RVA": 59716, "Type": "HIGHLOW"}, {"RVA": 59720, "Type": "HIGHLOW"}, {"RVA": 59724, "Type": "HIGHLOW"}, {"RVA": 59728, "Type": "HIGHLOW"}, {"RVA": 59732, "Type": "HIGHLOW"}, {"RVA": 59736, "Type": "HIGHLOW"}, {"RVA": 59740, "Type": "HIGHLOW"}, {"RVA": 59744, "Type": "HIGHLOW"}, {"RVA": 59748, "Type": "HIGHLOW"}, {"RVA": 59752, "Type": "HIGHLOW"}, {"RVA": 59756, "Type": "HIGHLOW"}, {"RVA": 59760, "Type": "HIGHLOW"}, {"RVA": 59764, "Type": "HIGHLOW"}, {"RVA": 59768, "Type": "HIGHLOW"}, {"RVA": 59772, "Type": "HIGHLOW"}, {"RVA": 59776, "Type": "HIGHLOW"}, {"RVA": 59780, "Type": "HIGHLOW"}, {"RVA": 59784, "Type": "HIGHLOW"}, {"RVA": 59788, "Type": "HIGHLOW"}, {"RVA": 59792, "Type": "HIGHLOW"}, {"RVA": 59796, "Type": "HIGHLOW"}, {"RVA": 59800, "Type": "HIGHLOW"}, {"RVA": 59804, "Type": "HIGHLOW"}, {"RVA": 59808, "Type": "HIGHLOW"}, {"RVA": 59812, "Type": "HIGHLOW"}, {"RVA": 59816, "Type": "HIGHLOW"}, {"RVA": 59820, "Type": "HIGHLOW"}, {"RVA": 59824, "Type": "HIGHLOW"}, {"RVA": 59828, "Type": "HIGHLOW"}, {"RVA": 59832, "Type": "HIGHLOW"}, {"RVA": 59836, "Type": "HIGHLOW"}, {"RVA": 59840, "Type": "HIGHLOW"}, {"RVA": 59844, "Type": "HIGHLOW"}, {"RVA": 59848, "Type": "HIGHLOW"}, {"RVA": 59852, "Type": "HIGHLOW"}, {"RVA": 59856, "Type": "HIGHLOW"}, {"RVA": 59860, "Type": "HIGHLOW"}, {"RVA": 59864, "Type": "HIGHLOW"}, {"RVA": 59868, "Type": "HIGHLOW"}, {"RVA": 59872, "Type": "HIGHLOW"}, {"RVA": 59876, "Type": "HIGHLOW"}, {"RVA": 59880, "Type": "HIGHLOW"}, {"RVA": 59884, "Type": "HIGHLOW"}, {"RVA": 59888, "Type": "HIGHLOW"}, {"RVA": 59892, "Type": "HIGHLOW"}, {"RVA": 59896, "Type": "HIGHLOW"}, {"RVA": 59900, "Type": "HIGHLOW"}, {"RVA": 59904, "Type": "HIGHLOW"}, {"RVA": 59908, "Type": "HIGHLOW"}, {"RVA": 59912, "Type": "HIGHLOW"}, {"RVA": 57344, "Type": "ABSOLUTE"}], [{"SizeOfBlock": {"FileOffset": 424908, "Value": 136, "Offset": 4}, "VirtualAddress": {"FileOffset": 424904, "Value": 61440, "Offset": 0}, "Structure": "IMAGE_BASE_RELOCATION"}, {"RVA": 62732, "Type": "HIGHLOW"}, {"RVA": 62736, "Type": "HIGHLOW"}, {"RVA": 62816, "Type": "HIGHLOW"}, {"RVA": 62820, "Type": "HIGHLOW"}, {"RVA": 62836, "Type": "HIGHLOW"}, {"RVA": 62840, "Type": "HIGHLOW"}, {"RVA": 62844, "Type": "HIGHLOW"}, {"RVA": 62852, "Type": "HIGHLOW"}, {"RVA": 62876, "Type": "HIGHLOW"}, {"RVA": 62880, "Type": "HIGHLOW"}, {"RVA": 62904, "Type": "HIGHLOW"}, {"RVA": 62920, "Type": "HIGHLOW"}, {"RVA": 62924, "Type": "HIGHLOW"}, {"RVA": 62944, "Type": "HIGHLOW"}, {"RVA": 62948, "Type": "HIGHLOW"}, {"RVA": 62964, "Type": "HIGHLOW"}, {"RVA": 62968, "Type": "HIGHLOW"}, {"RVA": 62984, "Type": "HIGHLOW"}, {"RVA": 62988, "Type": "HIGHLOW"}, {"RVA": 62996, "Type": "HIGHLOW"}, {"RVA": 63020, "Type": "HIGHLOW"}, {"RVA": 63060, "Type": "HIGHLOW"}, {"RVA": 63068, "Type": "HIGHLOW"}, {"RVA": 63076, "Type": "HIGHLOW"}, {"RVA": 63080, "Type": "HIGHLOW"}, {"RVA": 63088, "Type": "HIGHLOW"}, {"RVA": 63108, "Type": "HIGHLOW"}, {"RVA": 63116, "Type": "HIGHLOW"}, {"RVA": 63136, "Type": "HIGHLOW"}, {"RVA": 63168, "Type": "HIGHLOW"}, {"RVA": 63200, "Type": "HIGHLOW"}, {"RVA": 63232, "Type": "HIGHLOW"}, {"RVA": 63264, "Type": "HIGHLOW"}, {"RVA": 63292, "Type": "HIGHLOW"}, {"RVA": 63296, "Type": "HIGHLOW"}, {"RVA": 63328, "Type": "HIGHLOW"}, {"RVA": 63360, "Type": "HIGHLOW"}, {"RVA": 63392, "Type": "HIGHLOW"}, {"RVA": 63424, "Type": "HIGHLOW"}, {"RVA": 63436, "Type": "HIGHLOW"}, {"RVA": 63464, "Type": "HIGHLOW"}, {"RVA": 63496, "Type": "HIGHLOW"}, {"RVA": 63508, "Type": "HIGHLOW"}, {"RVA": 63536, "Type": "HIGHLOW"}, {"RVA": 63548, "Type": "HIGHLOW"}, {"RVA": 63576, "Type": "HIGHLOW"}, {"RVA": 63608, "Type": "HIGHLOW"}, {"RVA": 63640, "Type": "HIGHLOW"}, {"RVA": 63672, "Type": "HIGHLOW"}, {"RVA": 63704, "Type": "HIGHLOW"}, {"RVA": 63736, "Type": "HIGHLOW"}, {"RVA": 63768, "Type": "HIGHLOW"}, {"RVA": 63800, "Type": "HIGHLOW"}, {"RVA": 63828, "Type": "HIGHLOW"}, {"RVA": 63832, "Type": "HIGHLOW"}, {"RVA": 63864, "Type": "HIGHLOW"}, {"RVA": 63896, "Type": "HIGHLOW"}, {"RVA": 63928, "Type": "HIGHLOW"}, {"RVA": 63940, "Type": "HIGHLOW"}, {"RVA": 63968, "Type": "HIGHLOW"}, {"RVA": 63996, "Type": "HIGHLOW"}, {"RVA": 64000, "Type": "HIGHLOW"}, {"RVA": 64032, "Type": "HIGHLOW"}, {"RVA": 61440, "Type": "ABSOLUTE"}], [{"SizeOfBlock": {"FileOffset": 425044, "Value": 324, "Offset": 4}, "VirtualAddress": {"FileOffset": 425040, "Value": 69632, "Offset": 0}, "Structure": "IMAGE_BASE_RELOCATION"}, {"RVA": 69632, "Type": "HIGHLOW"}, {"RVA": 69660, "Type": "HIGHLOW"}, {"RVA": 69708, "Type": "HIGHLOW"}, {"RVA": 69732, "Type": "HIGHLOW"}, {"RVA": 69736, "Type": "HIGHLOW"}, {"RVA": 70112, "Type": "HIGHLOW"}, {"RVA": 70120, "Type": "HIGHLOW"}, {"RVA": 72184, "Type": "HIGHLOW"}, {"RVA": 72440, "Type": "HIGHLOW"}, {"RVA": 72444, "Type": "HIGHLOW"}, {"RVA": 72448, "Type": "HIGHLOW"}, {"RVA": 72452, "Type": "HIGHLOW"}, {"RVA": 72456, "Type": "HIGHLOW"}, {"RVA": 72460, "Type": "HIGHLOW"}, {"RVA": 72464, "Type": "HIGHLOW"}, {"RVA": 72468, "Type": "HIGHLOW"}, {"RVA": 72472, "Type": "HIGHLOW"}, {"RVA": 72476, "Type": "HIGHLOW"}, {"RVA": 72480, "Type": "HIGHLOW"}, {"RVA": 72484, "Type": "HIGHLOW"}, {"RVA": 72488, "Type": "HIGHLOW"}, {"RVA": 72492, "Type": "HIGHLOW"}, {"RVA": 72496, "Type": "HIGHLOW"}, {"RVA": 72500, "Type": "HIGHLOW"}, {"RVA": 72504, "Type": "HIGHLOW"}, {"RVA": 72508, "Type": "HIGHLOW"}, {"RVA": 72512, "Type": "HIGHLOW"}, {"RVA": 72516, "Type": "HIGHLOW"}, {"RVA": 72520, "Type": "HIGHLOW"}, {"RVA": 72524, "Type": "HIGHLOW"}, {"RVA": 72528, "Type": "HIGHLOW"}, {"RVA": 72532, "Type": "HIGHLOW"}, {"RVA": 72536, "Type": "HIGHLOW"}, {"RVA": 72540, "Type": "HIGHLOW"}, {"RVA": 72544, "Type": "HIGHLOW"}, {"RVA": 72548, "Type": "HIGHLOW"}, {"RVA": 72552, "Type": "HIGHLOW"}, {"RVA": 72556, "Type": "HIGHLOW"}, {"RVA": 72560, "Type": "HIGHLOW"}, {"RVA": 72564, "Type": "HIGHLOW"}, {"RVA": 72568, "Type": "HIGHLOW"}, {"RVA": 72572, "Type": "HIGHLOW"}, {"RVA": 72576, "Type": "HIGHLOW"}, {"RVA": 72580, "Type": "HIGHLOW"}, {"RVA": 72584, "Type": "HIGHLOW"}, {"RVA": 72588, "Type": "HIGHLOW"}, {"RVA": 72592, "Type": "HIGHLOW"}, {"RVA": 72596, "Type": "HIGHLOW"}, {"RVA": 72600, "Type": "HIGHLOW"}, {"RVA": 72604, "Type": "HIGHLOW"}, {"RVA": 72608, "Type": "HIGHLOW"}, {"RVA": 72624, "Type": "HIGHLOW"}, {"RVA": 72628, "Type": "HIGHLOW"}, {"RVA": 72632, "Type": "HIGHLOW"}, {"RVA": 72636, "Type": "HIGHLOW"}, {"RVA": 72640, "Type": "HIGHLOW"}, {"RVA": 72644, "Type": "HIGHLOW"}, {"RVA": 72648, "Type": "HIGHLOW"}, {"RVA": 72652, "Type": "HIGHLOW"}, {"RVA": 72656, "Type": "HIGHLOW"}, {"RVA": 72660, "Type": "HIGHLOW"}, {"RVA": 72664, "Type": "HIGHLOW"}, {"RVA": 72668, "Type": "HIGHLOW"}, {"RVA": 72672, "Type": "HIGHLOW"}, {"RVA": 72676, "Type": "HIGHLOW"}, {"RVA": 72680, "Type": "HIGHLOW"}, {"RVA": 72684, "Type": "HIGHLOW"}, {"RVA": 72688, "Type": "HIGHLOW"}, {"RVA": 72692, "Type": "HIGHLOW"}, {"RVA": 72696, "Type": "HIGHLOW"}, {"RVA": 72700, "Type": "HIGHLOW"}, {"RVA": 72704, "Type": "HIGHLOW"}, {"RVA": 72708, "Type": "HIGHLOW"}, {"RVA": 72712, "Type": "HIGHLOW"}, {"RVA": 72716, "Type": "HIGHLOW"}, {"RVA": 72720, "Type": "HIGHLOW"}, {"RVA": 72724, "Type": "HIGHLOW"}, {"RVA": 72728, "Type": "HIGHLOW"}, {"RVA": 72732, "Type": "HIGHLOW"}, {"RVA": 72736, "Type": "HIGHLOW"}, {"RVA": 72740, "Type": "HIGHLOW"}, {"RVA": 72744, "Type": "HIGHLOW"}, {"RVA": 72748, "Type": "HIGHLOW"}, {"RVA": 72752, "Type": "HIGHLOW"}, {"RVA": 72756, "Type": "HIGHLOW"}, {"RVA": 72760, "Type": "HIGHLOW"}, {"RVA": 72764, "Type": "HIGHLOW"}, {"RVA": 72768, "Type": "HIGHLOW"}, {"RVA": 72772, "Type": "HIGHLOW"}, {"RVA": 72776, "Type": "HIGHLOW"}, {"RVA": 72780, "Type": "HIGHLOW"}, {"RVA": 72784, "Type": "HIGHLOW"}, {"RVA": 72788, "Type": "HIGHLOW"}, {"RVA": 72792, "Type": "HIGHLOW"}, {"RVA": 72888, "Type": "HIGHLOW"}, {"RVA": 72904, "Type": "HIGHLOW"}, {"RVA": 72920, "Type": "HIGHLOW"}, {"RVA": 72936, "Type": "HIGHLOW"}, {"RVA": 72952, "Type": "HIGHLOW"}, {"RVA": 72988, "Type": "HIGHLOW"}, {"RVA": 73000, "Type": "HIGHLOW"}, {"RVA": 73004, "Type": "HIGHLOW"}, {"RVA": 73008, "Type": "HIGHLOW"}, {"RVA": 73012, "Type": "HIGHLOW"}, {"RVA": 73016, "Type": "HIGHLOW"}, {"RVA": 73020, "Type": "HIGHLOW"}, {"RVA": 73024, "Type": "HIGHLOW"}, {"RVA": 73028, "Type": "HIGHLOW"}, {"RVA": 73032, "Type": "HIGHLOW"}, {"RVA": 73036, "Type": "HIGHLOW"}, {"RVA": 73040, "Type": "HIGHLOW"}, {"RVA": 73044, "Type": "HIGHLOW"}, {"RVA": 73048, "Type": "HIGHLOW"}, {"RVA": 73052, "Type": "HIGHLOW"}, {"RVA": 73056, "Type": "HIGHLOW"}, {"RVA": 73060, "Type": "HIGHLOW"}, {"RVA": 73064, "Type": "HIGHLOW"}, {"RVA": 73088, "Type": "HIGHLOW"}, {"RVA": 73112, "Type": "HIGHLOW"}, {"RVA": 73116, "Type": "HIGHLOW"}, {"RVA": 73120, "Type": "HIGHLOW"}, {"RVA": 73124, "Type": "HIGHLOW"}, {"RVA": 73128, "Type": "HIGHLOW"}, {"RVA": 73132, "Type": "HIGHLOW"}, {"RVA": 73136, "Type": "HIGHLOW"}, {"RVA": 73140, "Type": "HIGHLOW"}, {"RVA": 73144, "Type": "HIGHLOW"}, {"RVA": 73148, "Type": "HIGHLOW"}, {"RVA": 73160, "Type": "HIGHLOW"}, {"RVA": 73164, "Type": "HIGHLOW"}, {"RVA": 73168, "Type": "HIGHLOW"}, {"RVA": 73172, "Type": "HIGHLOW"}, {"RVA": 73176, "Type": "HIGHLOW"}, {"RVA": 73180, "Type": "HIGHLOW"}, {"RVA": 73184, "Type": "HIGHLOW"}, {"RVA": 73188, "Type": "HIGHLOW"}, {"RVA": 73192, "Type": "HIGHLOW"}, {"RVA": 73196, "Type": "HIGHLOW"}, {"RVA": 73200, "Type": "HIGHLOW"}, {"RVA": 73504, "Type": "HIGHLOW"}, {"RVA": 73508, "Type": "HIGHLOW"}, {"RVA": 73512, "Type": "HIGHLOW"}, {"RVA": 73516, "Type": "HIGHLOW"}, {"RVA": 73524, "Type": "HIGHLOW"}, {"RVA": 73532, "Type": "HIGHLOW"}, {"RVA": 73540, "Type": "HIGHLOW"}, {"RVA": 73548, "Type": "HIGHLOW"}, {"RVA": 73556, "Type": "HIGHLOW"}, {"RVA": 73564, "Type": "HIGHLOW"}, {"RVA": 73572, "Type": "HIGHLOW"}, {"RVA": 73580, "Type": "HIGHLOW"}, {"RVA": 73588, "Type": "HIGHLOW"}, {"RVA": 73596, "Type": "HIGHLOW"}, {"RVA": 73604, "Type": "HIGHLOW"}, {"RVA": 73612, "Type": "HIGHLOW"}, {"RVA": 73620, "Type": "HIGHLOW"}, {"RVA": 73624, "Type": "HIGHLOW"}, {"RVA": 73628, "Type": "HIGHLOW"}]], "NT_HEADERS": {"Structure": "IMAGE_NT_HEADERS", "Signature": {"FileOffset": 240, "Value": 17744, "Offset": 0}}, "LOAD_CONFIG": {"TimeDateStamp": {"FileOffset": 58580, "Value": "0x0        [Thu Jan  1 00:00:00 1970 UTC]", "Offset": 4}, "ProcessHeapFlags": {"FileOffset": 58620, "Value": 0, "Offset": 44}, "CSDVersion": {"FileOffset": 58628, "Value": 0, "Offset": 52}, "GuardCFFunctionCount": {"FileOffset": 58660, "Value": 885385659, "Offset": 84}, "SEHandlerCount": {"FileOffset": 58644, "Value": 3, "Offset": 68}, "GuardCFCheckFunctionPointer": {"FileOffset": 58648, "Value": 1396986706, "Offset": 72}, "GlobalFlagsClear": {"FileOffset": 58588, "Value": 0, "Offset": 12}, "ProcessAffinityMask": {"FileOffset": 58624, "Value": 0, "Offset": 48}, "VirtualMemoryThreshold": {"FileOffset": 58616, "Value": 0, "Offset": 40}, "LockPrefixTable": {"FileOffset": 58608, "Value": 0, "Offset": 32}, "MaximumAllocationSize": {"FileOffset": 58612, "Value": 0, "Offset": 36}, "Structure": "IMAGE_LOAD_CONFIG_DIRECTORY", "SEHandlerTable": {"FileOffset": 58640, "Value": 4257328, "Offset": 64}, "GuardCFFunctionTable": {"FileOffset": 58656, "Value": 1125758368, "Offset": 80}, "DeCommitFreeBlockThreshold": {"FileOffset": 58600, "Value": 0, "Offset": 24}, "MinorVersion": {"FileOffset": 58586, "Value": 0, "Offset": 10}, "MajorVersion": {"FileOffset": 58584, "Value": 0, "Offset": 8}, "Reserved1": {"FileOffset": 58630, "Value": 0, "Offset": 54}, "SecurityCookie": {"FileOffset": 58636, "Value": 4264004, "Offset": 60}, "GlobalFlagsSet": {"FileOffset": 58592, "Value": 0, "Offset": 16}, "CriticalSectionDefaultTimeout": {"FileOffset": 58596, "Value": 0, "Offset": 20}, "DeCommitTotalFreeThreshold": {"FileOffset": 58604, "Value": 0, "Offset": 28}, "Reserved2": {"FileOffset": 58652, "Value": 1318293546, "Offset": 76}, "EditList": {"FileOffset": 58632, "Value": 0, "Offset": 56}, "GuardFlags": {"FileOffset": 58664, "Value": 1986963949, "Offset": 88}, "Size": {"FileOffset": 58576, "Value": 72, "Offset": 0}}, "Flags": ["IMAGE_FILE_32BIT_MACHINE", "IMAGE_FILE_EXECUTABLE_IMAGE"], "Version Information": [{"ValueLength": {"FileOffset": 420962, "Value": 52, "Offset": 2}, "Length": {"FileOffset": 420960, "Value": 792, "Offset": 0}, "Type": {"FileOffset": 420964, "Value": 0, "Offset": 4}, "Structure": "VS_VERSIONINFO"}, {"FileFlagsMask": {"FileOffset": 421024, "Value": 63, "Offset": 24}, "FileType": {"FileOffset": 421036, "Value": 1, "Offset": 36}, "FileVersionMS": {"FileOffset": 421008, "Value": 131115, "Offset": 8}, "FileVersionLS": {"FileOffset": 421012, "Value": 43, "Offset": 12}, "Signature": {"FileOffset": 421000, "Value": 4277077181, "Offset": 0}, "FileSubtype": {"FileOffset": 421040, "Value": 0, "Offset": 40}, "FileFlags": {"FileOffset": 421028, "Value": 0, "Offset": 28}, "FileDateLS": {"FileOffset": 421048, "Value": 0, "Offset": 48}, "ProductVersionLS": {"FileOffset": 421020, "Value": 1, "Offset": 20}, "FileOS": {"FileOffset": 421032, "Value": 262148, "Offset": 32}, "ProductVersionMS": {"FileOffset": 421016, "Value": 65542, "Offset": 16}, "FileDateMS": {"FileOffset": 421044, "Value": 0, "Offset": 44}, "Structure": "VS_FIXEDFILEINFO", "StrucVersion": {"FileOffset": 421004, "Value": 65536, "Offset": 4}}], "Debug information": [{"MajorVersion": {"FileOffset": 49688, "Value": 0, "Offset": 8}, "PointerToRawData": {"FileOffset": 49704, "Value": 58648, "Offset": 24}, "MinorVersion": {"FileOffset": 49690, "Value": 0, "Offset": 10}, "TimeDateStamp": {"FileOffset": 49684, "Value": "0x52B53D06 [Sat Dec 21 07:02:30 2013 UTC]", "Offset": 4}, "Characteristics": {"FileOffset": 49680, "Value": 0, "Offset": 0}, "Structure": "IMAGE_DEBUG_DIRECTORY", "Type": "IMAGE_DEBUG_TYPE_CODEVIEW", "SizeOfData": {"FileOffset": 49696, "Value": 60, "Offset": 16}, "AddressOfRawData": {"FileOffset": 49700, "Value": 62744, "Offset": 20}}], "Imported symbols": [[{"TimeDateStamp": {"FileOffset": 59944, "Value": "0x0        [Thu Jan  1 00:00:00 1970 UTC]", "Offset": 4}, "Name": {"FileOffset": 59952, "Value": 64972, "Offset": 12}, "ForwarderChain": {"FileOffset": 59948, "Value": 0, "Offset": 8}, "OriginalFirstThunk": {"FileOffset": 59940, "Value": 64144, "Offset": 0}, "FirstThunk": {"FileOffset": 59956, "Value": 53256, "Offset": 16}, "Characteristics": {"FileOffset": 59940, "Value": 64144, "Offset": 0}, "Structure": "IMAGE_IMPORT_DESCRIPTOR"}, {"Hint": 136, "Name": "CreateFileA", "DLL": "KERNEL32.dll"}, {"Hint": 496, "Name": "GetFileSize", "DLL": "KERNEL32.dll"}, {"Hint": 1126, "Name": "SetFilePointer", "DLL": "KERNEL32.dll"}, {"Hint": 863, "Name": "MoveFileExA", "DLL": "KERNEL32.dll"}, {"Hint": 354, "Name": "FreeLibrary", "DLL": "KERNEL32.dll"}, {"Hint": 702, "Name": "GlobalLock", "DLL": "KERNEL32.dll"}, {"Hint": 633, "Name": "GetSystemTimeAsFileTime", "DLL": "KERNEL32.dll"}, {"Hint": 1317, "Name": "WriteFile", "DLL": "KERNEL32.dll"}, {"Hint": 390, "Name": "GetCommandLineA", "DLL": "KERNEL32.dll"}, {"Hint": 1202, "Name": "Sleep", "DLL": "KERNEL32.dll"}, {"Hint": 485, "Name": "GetFileAttributesA", "DLL": "KERNEL32.dll"}, {"Hint": 960, "Name": "ReadFile", "DLL": "KERNEL32.dll"}, {"Hint": 709, "Name": "GlobalUnlock", "DLL": "KERNEL32.dll"}, {"Hint": 514, "Name": "GetLastError", "DLL": "KERNEL32.dll"}, {"Hint": 581, "Name": "GetProcAddress", "DLL": "KERNEL32.dll"}, {"Hint": 112, "Name": "CopyFileA", "DLL": "KERNEL32.dll"}, {"Hint": 828, "Name": "LoadLibraryA", "DLL": "KERNEL32.dll"}, {"Hint": 531, "Name": "GetModuleFileNameA", "DLL": "KERNEL32.dll"}, {"Hint": 155, "Name": "CreateMutexA", "DLL": "KERNEL32.dll"}, {"Hint": 82, "Name": "CloseHandle", "DLL": "KERNEL32.dll"}, {"Hint": 211, "Name": "DeleteFileA", "DLL": "KERNEL32.dll"}, {"Hint": 181, "Name": "CreateThread", "DLL": "KERNEL32.dll"}, {"Hint": 396, "Name": "GetComputerNameA", "DLL": "KERNEL32.dll"}, {"Hint": 586, "Name": "GetProcessHeap", "DLL": "KERNEL32.dll"}, {"Hint": 1107, "Name": "SetEndOfFile", "DLL": "KERNEL32.dll"}, {"Hint": 772, "Name": "IsProcessorFeaturePresent", "DLL": "KERNEL32.dll"}, {"Hint": 617, "Name": "GetStringTypeW", "DLL": "KERNEL32.dll"}, {"Hint": 813, "Name": "LCMapStringW", "DLL": "KERNEL32.dll"}, {"Hint": 1316, "Name": "WriteConsoleW", "DLL": "KERNEL32.dll"}, {"Hint": 722, "Name": "HeapReAlloc", "DLL": "KERNEL32.dll"}, {"Hint": 831, "Name": "LoadLibraryW", "DLL": "KERNEL32.dll"}, {"Hint": 343, "Name": "FlushFileBuffers", "DLL": "KERNEL32.dll"}, {"Hint": 1159, "Name": "SetStdHandle", "DLL": "KERNEL32.dll"}, {"Hint": 871, "Name": "MultiByteToWideChar", "DLL": "KERNEL32.dll"}, {"Hint": 778, "Name": "IsValidCodePage", "DLL": "KERNEL32.dll"}, {"Hint": 567, "Name": "GetOEMCP", "DLL": "KERNEL32.dll"}, {"Hint": 360, "Name": "GetACP", "DLL": "KERNEL32.dll"}, {"Hint": 370, "Name": "GetCPInfo", "DLL": "KERNEL32.dll"}, {"Hint": 428, "Name": "GetConsoleMode", "DLL": "KERNEL32.dll"}, {"Hint": 410, "Name": "GetConsoleCP", "DLL": "KERNEL32.dll"}, {"Hint": 724, "Name": "HeapSize", "DLL": "KERNEL32.dll"}, {"Hint": 449, "Name": "GetCurrentProcessId", "DLL": "KERNEL32.dll"}, {"Hint": 659, "Name": "GetTickCount", "DLL": "KERNEL32.dll"}, {"Hint": 281, "Name": "ExitProcess", "DLL": "KERNEL32.dll"}, {"Hint": 935, "Name": "QueryPerformanceCounter", "DLL": "KERNEL32.dll"}, {"Hint": 717, "Name": "HeapCreate", "DLL": "KERNEL32.dll"}, {"Hint": 723, "Name": "HeapSetInformation", "DLL": "KERNEL32.dll"}, {"Hint": 611, "Name": "GetStartupInfoW", "DLL": "KERNEL32.dll"}, {"Hint": 1216, "Name": "TerminateProcess", "DLL": "KERNEL32.dll"}, {"Hint": 448, "Name": "GetCurrentProcess", "DLL": "KERNEL32.dll"}, {"Hint": 1235, "Name": "UnhandledExceptionFilter", "DLL": "KERNEL32.dll"}, {"Hint": 1189, "Name": "SetUnhandledExceptionFilter", "DLL": "KERNEL32.dll"}, {"Hint": 768, "Name": "IsDebuggerPresent", "DLL": "KERNEL32.dll"}, {"Hint": 234, "Name": "EncodePointer", "DLL": "KERNEL32.dll"}, {"Hint": 202, "Name": "DecodePointer", "DLL": "KERNEL32.dll"}, {"Hint": 715, "Name": "HeapAlloc", "DLL": "KERNEL32.dll"}, {"Hint": 945, "Name": "RaiseException", "DLL": "KERNEL32.dll"}, {"Hint": 238, "Name": "EnterCriticalSection", "DLL": "KERNEL32.dll"}, {"Hint": 825, "Name": "LeaveCriticalSection", "DLL": "KERNEL32.dll"}, {"Hint": 739, "Name": "InitializeCriticalSectionAndSpinCount", "DLL": "KERNEL32.dll"}, {"Hint": 1048, "Name": "RtlUnwind", "DLL": "KERNEL32.dll"}, {"Hint": 719, "Name": "HeapFree", "DLL": "KERNEL32.dll"}, {"Hint": 536, "Name": "GetModuleHandleW", "DLL": "KERNEL32.dll"}, {"Hint": 612, "Name": "GetStdHandle", "DLL": "KERNEL32.dll"}, {"Hint": 532, "Name": "GetModuleFileNameW", "DLL": "KERNEL32.dll"}, {"Hint": 353, "Name": "FreeEnvironmentStringsW", "DLL": "KERNEL32.dll"}, {"Hint": 1297, "Name": "WideCharToMultiByte", "DLL": "KERNEL32.dll"}, {"Hint": 474, "Name": "GetEnvironmentStringsW", "DLL": "KERNEL32.dll"}, {"Hint": 1135, "Name": "SetHandleCount", "DLL": "KERNEL32.dll"}, {"Hint": 499, "Name": "GetFileType", "DLL": "KERNEL32.dll"}, {"Hint": 209, "Name": "DeleteCriticalSection", "DLL": "KERNEL32.dll"}, {"Hint": 1221, "Name": "TlsAlloc", "DLL": "KERNEL32.dll"}, {"Hint": 1223, "Name": "TlsGetValue", "DLL": "KERNEL32.dll"}, {"Hint": 1224, "Name": "TlsSetValue", "DLL": "KERNEL32.dll"}, {"Hint": 1222, "Name": "TlsFree", "DLL": "KERNEL32.dll"}, {"Hint": 751, "Name": "InterlockedIncrement", "DLL": "KERNEL32.dll"}, {"Hint": 1139, "Name": "SetLastError", "DLL": "KERNEL32.dll"}, {"Hint": 453, "Name": "GetCurrentThreadId", "DLL": "KERNEL32.dll"}, {"Hint": 747, "Name": "InterlockedDecrement", "DLL": "KERNEL32.dll"}, {"Hint": 143, "Name": "CreateFileW", "DLL": "KERNEL32.dll"}], [{"TimeDateStamp": {"FileOffset": 59964, "Value": "0x0        [Thu Jan  1 00:00:00 1970 UTC]", "Offset": 4}, "Name": {"FileOffset": 59972, "Value": 65510, "Offset": 12}, "ForwarderChain": {"FileOffset": 59968, "Value": 0, "Offset": 8}, "OriginalFirstThunk": {"FileOffset": 59960, "Value": 64480, "Offset": 0}, "FirstThunk": {"FileOffset": 59976, "Value": 53592, "Offset": 16}, "Characteristics": {"FileOffset": 59960, "Value": 64480, "Offset": 0}, "Structure": "IMAGE_IMPORT_DESCRIPTOR"}, {"Hint": 418, "Name": "GetWindowTextLengthW", "DLL": "USER32.dll"}, {"Hint": 345, "Name": "GetMessageA", "DLL": "USER32.dll"}, {"Hint": 73, "Name": "CloseClipboard", "DLL": "USER32.dll"}, {"Hint": 412, "Name": "GetWindowRect", "DLL": "USER32.dll"}, {"Hint": 98, "Name": "CreateDialogParamA", "DLL": "USER32.dll"}, {"Hint": 567, "Name": "PostQuitMessage", "DLL": "USER32.dll"}, {"Hint": 366, "Name": "GetRawInputData", "DLL": "USER32.dll"}, {"Hint": 317, "Name": "GetKeyState", "DLL": "USER32.dll"}, {"Hint": 458, "Name": "IsClipboardFormatAvailable", "DLL": "USER32.dll"}, {"Hint": 764, "Name": "TranslateMessage", "DLL": "USER32.dll"}, {"Hint": 322, "Name": "GetKeyboardState", "DLL": "USER32.dll"}, {"Hint": 301, "Name": "GetForegroundWindow", "DLL": "USER32.dll"}, {"Hint": 517, "Name": "MapVirtualKeyA", "DLL": "USER32.dll"}, {"Hint": 278, "Name": "GetClipboardData", "DLL": "USER32.dll"}, {"Hint": 419, "Name": "GetWindowTextW", "DLL": "USER32.dll"}, {"Hint": 155, "Name": "DefWindowProcA", "DLL": "USER32.dll"}, {"Hint": 291, "Name": "GetDesktopWindow", "DLL": "USER32.dll"}, {"Hint": 710, "Name": "SetWindowPos", "DLL": "USER32.dll"}, {"Hint": 735, "Name": "ShowWindow", "DLL": "USER32.dll"}, {"Hint": 602, "Name": "RegisterRawInputDevices", "DLL": "USER32.dll"}, {"Hint": 174, "Name": "DispatchMessageA", "DLL": "USER32.dll"}, {"Hint": 316, "Name": "GetKeyNameTextW", "DLL": "USER32.dll"}, {"Hint": 550, "Name": "OpenClipboard", "DLL": "USER32.dll"}, {"Hint": 647, "Name": "SetClipboardViewer", "DLL": "USER32.dll"}, {"Hint": 420, "Name": "GetWindowThreadProcessId", "DLL": "USER32.dll"}, {"Hint": 756, "Name": "ToUnicodeEx", "DLL": "USER32.dll"}, {"Hint": 318, "Name": "GetKeyboardLayout", "DLL": "USER32.dll"}], [{"TimeDateStamp": {"FileOffset": 59984, "Value": "0x0        [Thu Jan  1 00:00:00 1970 UTC]", "Offset": 4}, "Name": {"FileOffset": 59992, "Value": 65538, "Offset": 12}, "ForwarderChain": {"FileOffset": 59988, "Value": 0, "Offset": 8}, "OriginalFirstThunk": {"FileOffset": 59980, "Value": 64136, "Offset": 0}, "FirstThunk": {"FileOffset": 59996, "Value": 53248, "Offset": 16}, "Characteristics": {"FileOffset": 59980, "Value": 64136, "Offset": 0}, "Structure": "IMAGE_IMPORT_DESCRIPTOR"}, {"Hint": 356, "Name": "GetUserNameA", "DLL": "ADVAPI32.dll"}], [{"TimeDateStamp": {"FileOffset": 60004, "Value": "0x0        [Thu Jan  1 00:00:00 1970 UTC]", "Offset": 4}, "Name": {"FileOffset": 60012, "Value": 65588, "Offset": 12}, "ForwarderChain": {"FileOffset": 60008, "Value": 0, "Offset": 8}, "OriginalFirstThunk": {"FileOffset": 60000, "Value": 64468, "Offset": 0}, "FirstThunk": {"FileOffset": 60016, "Value": 53580, "Offset": 16}, "Characteristics": {"FileOffset": 60000, "Value": 64468, "Offset": 0}, "Structure": "IMAGE_IMPORT_DESCRIPTOR"}, {"Hint": 191, "Name": "SHGetFolderPathA", "DLL": "SHELL32.dll"}, {"Hint": 286, "Name": "ShellExecuteA", "DLL": "SHELL32.dll"}]], "PE Sections": [{"PointerToRawData": {"FileOffset": 508, "Value": 1024, "Offset": 20}, "SHA1": "b383af3abbcf4c53d3eea32a7929be55c89a3c38", "SHA256": "d98aad17782f539194c5515b974e1cc3cf01c36efdcc4b4acef79136e6b79946", "Name": {"FileOffset": 488, "Value": ".text", "Offset": 0}, "NumberOfRelocations": {"FileOffset": 520, "Value": 0, "Offset": 32}, "Misc_VirtualSize": {"FileOffset": 496, "Value": 48062, "Offset": 8}, "Characteristics": {"FileOffset": 524, "Value": 1610612768, "Offset": 36}, "Misc": {"FileOffset": 496, "Value": 48062, "Offset": 8}, "PointerToLinenumbers": {"FileOffset": 516, "Value": 0, "Offset": 28}, "SizeOfRawData": {"FileOffset": 504, "Value": 48128, "Offset": 16}, "Misc_PhysicalAddress": {"FileOffset": 496, "Value": 48062, "Offset": 8}, "PointerToRelocations": {"FileOffset": 512, "Value": 0, "Offset": 24}, "Flags": ["IMAGE_SCN_MEM_EXECUTE", "IMAGE_SCN_CNT_CODE", "IMAGE_SCN_MEM_READ"], "SHA512": "29d8fa2f9e29059e19f34797d4c2790940db2709320ed9228c127dcade8e7beab5930368018af22326e2291c4f41d59555047e7dfcbe25872f7147e1f33a44f1", "MD5": "7e14654ffc99c2e1fff8e037d221934b", "Entropy": 6.554131692770031, "VirtualAddress": {"FileOffset": 500, "Value": 4096, "Offset": 12}, "Structure": "IMAGE_SECTION_HEADER", "NumberOfLinenumbers": {"FileOffset": 522, "Value": 0, "Offset": 34}}, {"PointerToRawData": {"FileOffset": 548, "Value": 49152, "Offset": 20}, "SHA1": "fc3b0e67c8ef506d3299b4f61f9f9257e0ae50fd", "SHA256": "5cf63eb3d5caae326b140c8c3d319a6470f1f82c5395297a32978cea68c7730b", "Name": {"FileOffset": 528, "Value": ".rdata", "Offset": 0}, "NumberOfRelocations": {"FileOffset": 560, "Value": 0, "Offset": 32}, "Misc_VirtualSize": {"FileOffset": 536, "Value": 13398, "Offset": 8}, "Characteristics": {"FileOffset": 564, "Value": 1073741888, "Offset": 36}, "Misc": {"FileOffset": 536, "Value": 13398, "Offset": 8}, "PointerToLinenumbers": {"FileOffset": 556, "Value": 0, "Offset": 28}, "SizeOfRawData": {"FileOffset": 544, "Value": 13824, "Offset": 16}, "Misc_PhysicalAddress": {"FileOffset": 536, "Value": 13398, "Offset": 8}, "PointerToRelocations": {"FileOffset": 552, "Value": 0, "Offset": 24}, "Flags": ["IMAGE_SCN_CNT_INITIALIZED_DATA", "IMAGE_SCN_MEM_READ"], "SHA512": "cd1d256b350071f2cbbd6a736ca50ffa482c235e79d438e484ddd8516d049a4ad17b518b876449a461f986651bf2d67385a5915bca2b3214267fd02f5854ddd8", "MD5": "04cdb3ddc5649436dd03f338eafcc9bd", "Entropy": 5.003668741434538, "VirtualAddress": {"FileOffset": 540, "Value": 53248, "Offset": 12}, "Structure": "IMAGE_SECTION_HEADER", "NumberOfLinenumbers": {"FileOffset": 562, "Value": 0, "Offset": 34}}, {"PointerToRawData": {"FileOffset": 588, "Value": 62976, "Offset": 20}, "SHA1": "f9349c263aa8ae31894c9f6eea5595fbce2313f6", "SHA256": "9056a66ea742542985ffeddf1ea293daa6170743eca7784f7e7a19da4305e044", "Name": {"FileOffset": 568, "Value": ".data", "Offset": 0}, "NumberOfRelocations": {"FileOffset": 600, "Value": 0, "Offset": 32}, "Misc_VirtualSize": {"FileOffset": 576, "Value": 12908, "Offset": 8}, "Characteristics": {"FileOffset": 604, "Value": 3221225536, "Offset": 36}, "Misc": {"FileOffset": 576, "Value": 12908, "Offset": 8}, "PointerToLinenumbers": {"FileOffset": 596, "Value": 0, "Offset": 28}, "SizeOfRawData": {"FileOffset": 584, "Value": 4096, "Offset": 16}, "Misc_PhysicalAddress": {"FileOffset": 576, "Value": 12908, "Offset": 8}, "PointerToRelocations": {"FileOffset": 592, "Value": 0, "Offset": 24}, "Flags": ["IMAGE_SCN_CNT_INITIALIZED_DATA", "IMAGE_SCN_MEM_WRITE", "IMAGE_SCN_MEM_READ"], "SHA512": "1c65287b8e254df52c2a5f9359b3d9be81edfb09459cf0b42f5adbf936788d2fc1b9180bc571722d72c25b6d686c3175979e9e0803d970161ab690fddaa12ea0", "MD5": "6e4a7bc2256873aa60b050bf9e9695eb", "Entropy": 2.5720891370024144, "VirtualAddress": {"FileOffset": 580, "Value": 69632, "Offset": 12}, "Structure": "IMAGE_SECTION_HEADER", "NumberOfLinenumbers": {"FileOffset": 602, "Value": 0, "Offset": 34}}, {"PointerToRawData": {"FileOffset": 628, "Value": 67072, "Offset": 20}, "SHA1": "66fda14667921054588c143e4f2d8d0b105d5951", "SHA256": "e917cee91c3f90ba7284fc09148150e3b2f6fb3cdee40267234f8437bbf59702", "Name": {"FileOffset": 608, "Value": ".rsrc", "Offset": 0}, "NumberOfRelocations": {"FileOffset": 640, "Value": 0, "Offset": 32}, "Misc_VirtualSize": {"FileOffset": 616, "Value": 355028, "Offset": 8}, "Characteristics": {"FileOffset": 644, "Value": 1073741888, "Offset": 36}, "Misc": {"FileOffset": 616, "Value": 355028, "Offset": 8}, "PointerToLinenumbers": {"FileOffset": 636, "Value": 0, "Offset": 28}, "SizeOfRawData": {"FileOffset": 624, "Value": 355328, "Offset": 16}, "Misc_PhysicalAddress": {"FileOffset": 616, "Value": 355028, "Offset": 8}, "PointerToRelocations": {"FileOffset": 632, "Value": 0, "Offset": 24}, "Flags": ["IMAGE_SCN_CNT_INITIALIZED_DATA", "IMAGE_SCN_MEM_READ"], "SHA512": "049e54ab3e5ec64c911d6e9f89d40c1009a429ad2d68267f23ecb8d86c3603e8a3aae169faddea617f5eb169ec386ea2e8b26df5ba83a3af1a968f13509f455e", "MD5": "10ad855cd97946213ba62c82de3f001b", "Entropy": 4.784145123388945, "VirtualAddress": {"FileOffset": 620, "Value": 86016, "Offset": 12}, "Structure": "IMAGE_SECTION_HEADER", "NumberOfLinenumbers": {"FileOffset": 642, "Value": 0, "Offset": 34}}, {"PointerToRawData": {"FileOffset": 668, "Value": 422400, "Offset": 20}, "SHA1": "25c9fb63db4e7fe87188a11e82f728e6a176e4a5", "SHA256": "1a0f77771dfb432e71a738a4a0d0565937fab6501c95f1257c0da621cfba955d", "Name": {"FileOffset": 648, "Value": ".reloc", "Offset": 0}, "NumberOfRelocations": {"FileOffset": 680, "Value": 0, "Offset": 32}, "Misc_VirtualSize": {"FileOffset": 656, "Value": 6514, "Offset": 8}, "Characteristics": {"FileOffset": 684, "Value": 1107296320, "Offset": 36}, "Misc": {"FileOffset": 656, "Value": 6514, "Offset": 8}, "PointerToLinenumbers": {"FileOffset": 676, "Value": 0, "Offset": 28}, "SizeOfRawData": {"FileOffset": 664, "Value": 6656, "Offset": 16}, "Misc_PhysicalAddress": {"FileOffset": 656, "Value": 6514, "Offset": 8}, "PointerToRelocations": {"FileOffset": 672, "Value": 0, "Offset": 24}, "Flags": ["IMAGE_SCN_CNT_INITIALIZED_DATA", "IMAGE_SCN_MEM_DISCARDABLE", "IMAGE_SCN_MEM_READ"], "SHA512": "313914e29bec5891d05384ce6a55f83af55823f3e481038e54ef9b40787cc41c30f2a4581f04b44d3cc64afc949917a3e478327ce668c29b70b8f7cc432248cd", "MD5": "c9c0c3e2ad7c63bfd0dbf4e6676f1a53", "Entropy": 3.8525075407207447, "VirtualAddress": {"FileOffset": 660, "Value": 442368, "Offset": 12}, "Structure": "IMAGE_SECTION_HEADER", "NumberOfLinenumbers": {"FileOffset": 682, "Value": 0, "Offset": 34}}], "Resource directory": [{"MajorVersion": {"FileOffset": 67080, "Value": 4, "Offset": 8}, "NumberOfIdEntries": {"FileOffset": 67086, "Value": 5, "Offset": 14}, "MinorVersion": {"FileOffset": 67082, "Value": 0, "Offset": 10}, "TimeDateStamp": {"FileOffset": 67076, "Value": "0x0        [Thu Jan  1 00:00:00 1970 UTC]", "Offset": 4}, "Characteristics": {"FileOffset": 67072, "Value": 0, "Offset": 0}, "NumberOfNamedEntries": {"FileOffset": 67084, "Value": 0, "Offset": 12}, "Structure": "IMAGE_RESOURCE_DIRECTORY"}, {"Structure": "IMAGE_RESOURCE_DIRECTORY_ENTRY", "Id": [3, "RT_ICON"], "OffsetToData": {"FileOffset": 67092, "Value": 2147483704, "Offset": 4}, "Name": {"FileOffset": 67088, "Value": 3, "Offset": 0}}, [{"MajorVersion": {"FileOffset": 67136, "Value": 4, "Offset": 8}, "NumberOfIdEntries": {"FileOffset": 67142, "Value": 5, "Offset": 14}, "MinorVersion": {"FileOffset": 67138, "Value": 0, "Offset": 10}, "TimeDateStamp": {"FileOffset": 67132, "Value": "0x0        [Thu Jan  1 00:00:00 1970 UTC]", "Offset": 4}, "Characteristics": {"FileOffset": 67128, "Value": 0, "Offset": 0}, "NumberOfNamedEntries": {"FileOffset": 67140, "Value": 0, "Offset": 12}, "Structure": "IMAGE_RESOURCE_DIRECTORY"}, {"Structure": "IMAGE_RESOURCE_DIRECTORY_ENTRY", "Id": 1, "OffsetToData": {"FileOffset": 67148, "Value": 2147483856, "Offset": 4}, "Name": {"FileOffset": 67144, "Value": 1, "Offset": 0}}, [{"MajorVersion": {"FileOffset": 67288, "Value": 4, "Offset": 8}, "NumberOfIdEntries": {"FileOffset": 67294, "Value": 1, "Offset": 14}, "MinorVersion": {"FileOffset": 67290, "Value": 0, "Offset": 10}, "TimeDateStamp": {"FileOffset": 67284, "Value": "0x0        [Thu Jan  1 00:00:00 1970 UTC]", "Offset": 4}, "Characteristics": {"FileOffset": 67280, "Value": 0, "Offset": 0}, "NumberOfNamedEntries": {"FileOffset": 67292, "Value": 0, "Offset": 12}, "Structure": "IMAGE_RESOURCE_DIRECTORY"}, {"LANG": 9, "SUBLANG_NAME": "SUBLANG_ENGLISH_US", "Name": {"FileOffset": 67296, "Value": 1033, "Offset": 0}, "CodePage": {"FileOffset": 67504, "Value": 1252, "Offset": 8}, "LANG_NAME": "LANG_ENGLISH", "OffsetToData": {"FileOffset": 67496, "Value": 86584, "Offset": 0}, "Reserved": {"FileOffset": 67508, "Value": 0, "Offset": 12}, "SUBLANG": 1, "Structure": "IMAGE_RESOURCE_DATA_ENTRY", "Size": {"FileOffset": 67500, "Value": 270376, "Offset": 4}}], {"Structure": "IMAGE_RESOURCE_DIRECTORY_ENTRY", "Id": 2, "OffsetToData": {"FileOffset": 67156, "Value": 2147483880, "Offset": 4}, "Name": {"FileOffset": 67152, "Value": 2, "Offset": 0}}, [{"MajorVersion": {"FileOffset": 67312, "Value": 4, "Offset": 8}, "NumberOfIdEntries": {"FileOffset": 67318, "Value": 1, "Offset": 14}, "MinorVersion": {"FileOffset": 67314, "Value": 0, "Offset": 10}, "TimeDateStamp": {"FileOffset": 67308, "Value": "0x0        [Thu Jan  1 00:00:00 1970 UTC]", "Offset": 4}, "Characteristics": {"FileOffset": 67304, "Value": 0, "Offset": 0}, "NumberOfNamedEntries": {"FileOffset": 67316, "Value": 0, "Offset": 12}, "Structure": "IMAGE_RESOURCE_DIRECTORY"}, {"LANG": 9, "SUBLANG_NAME": "SUBLANG_ENGLISH_US", "Name": {"FileOffset": 67320, "Value": 1033, "Offset": 0}, "CodePage": {"FileOffset": 67520, "Value": 1252, "Offset": 8}, "LANG_NAME": "LANG_ENGLISH", "OffsetToData": {"FileOffset": 67512, "Value": 356960, "Offset": 0}, "Reserved": {"FileOffset": 67524, "Value": 0, "Offset": 12}, "SUBLANG": 1, "Structure": "IMAGE_RESOURCE_DATA_ENTRY", "Size": {"FileOffset": 67516, "Value": 67624, "Offset": 4}}], {"Structure": "IMAGE_RESOURCE_DIRECTORY_ENTRY", "Id": 3, "OffsetToData": {"FileOffset": 67164, "Value": 2147483904, "Offset": 4}, "Name": {"FileOffset": 67160, "Value": 3, "Offset": 0}}, [{"MajorVersion": {"FileOffset": 67336, "Value": 4, "Offset": 8}, "NumberOfIdEntries": {"FileOffset": 67342, "Value": 1, "Offset": 14}, "MinorVersion": {"FileOffset": 67338, "Value": 0, "Offset": 10}, "TimeDateStamp": {"FileOffset": 67332, "Value": "0x0        [Thu Jan  1 00:00:00 1970 UTC]", "Offset": 4}, "Characteristics": {"FileOffset": 67328, "Value": 0, "Offset": 0}, "NumberOfNamedEntries": {"FileOffset": 67340, "Value": 0, "Offset": 12}, "Structure": "IMAGE_RESOURCE_DIRECTORY"}, {"LANG": 9, "SUBLANG_NAME": "SUBLANG_ENGLISH_US", "Name": {"FileOffset": 67344, "Value": 1033, "Offset": 0}, "CodePage": {"FileOffset": 67536, "Value": 1252, "Offset": 8}, "LANG_NAME": "LANG_ENGLISH", "OffsetToData": {"FileOffset": 67528, "Value": 424584, "Offset": 0}, "Reserved": {"FileOffset": 67540, "Value": 0, "Offset": 12}, "SUBLANG": 1, "Structure": "IMAGE_RESOURCE_DATA_ENTRY", "Size": {"FileOffset": 67532, "Value": 9640, "Offset": 4}}], {"Structure": "IMAGE_RESOURCE_DIRECTORY_ENTRY", "Id": 4, "OffsetToData": {"FileOffset": 67172, "Value": 2147483928, "Offset": 4}, "Name": {"FileOffset": 67168, "Value": 4, "Offset": 0}}, [{"MajorVersion": {"FileOffset": 67360, "Value": 4, "Offset": 8}, "NumberOfIdEntries": {"FileOffset": 67366, "Value": 1, "Offset": 14}, "MinorVersion": {"FileOffset": 67362, "Value": 0, "Offset": 10}, "TimeDateStamp": {"FileOffset": 67356, "Value": "0x0        [Thu Jan  1 00:00:00 1970 UTC]", "Offset": 4}, "Characteristics": {"FileOffset": 67352, "Value": 0, "Offset": 0}, "NumberOfNamedEntries": {"FileOffset": 67364, "Value": 0, "Offset": 12}, "Structure": "IMAGE_RESOURCE_DIRECTORY"}, {"LANG": 9, "SUBLANG_NAME": "SUBLANG_ENGLISH_US", "Name": {"FileOffset": 67368, "Value": 1033, "Offset": 0}, "CodePage": {"FileOffset": 67552, "Value": 1252, "Offset": 8}, "LANG_NAME": "LANG_ENGLISH", "OffsetToData": {"FileOffset": 67544, "Value": 434224, "Offset": 0}, "Reserved": {"FileOffset": 67556, "Value": 0, "Offset": 12}, "SUBLANG": 1, "Structure": "IMAGE_RESOURCE_DATA_ENTRY", "Size": {"FileOffset": 67548, "Value": 4264, "Offset": 4}}], {"Structure": "IMAGE_RESOURCE_DIRECTORY_ENTRY", "Id": 5, "OffsetToData": {"FileOffset": 67180, "Value": 2147483952, "Offset": 4}, "Name": {"FileOffset": 67176, "Value": 5, "Offset": 0}}, [{"MajorVersion": {"FileOffset": 67384, "Value": 4, "Offset": 8}, "NumberOfIdEntries": {"FileOffset": 67390, "Value": 1, "Offset": 14}, "MinorVersion": {"FileOffset": 67386, "Value": 0, "Offset": 10}, "TimeDateStamp": {"FileOffset": 67380, "Value": "0x0        [Thu Jan  1 00:00:00 1970 UTC]", "Offset": 4}, "Characteristics": {"FileOffset": 67376, "Value": 0, "Offset": 0}, "NumberOfNamedEntries": {"FileOffset": 67388, "Value": 0, "Offset": 12}, "Structure": "IMAGE_RESOURCE_DIRECTORY"}, {"LANG": 9, "SUBLANG_NAME": "SUBLANG_ENGLISH_US", "Name": {"FileOffset": 67392, "Value": 1033, "Offset": 0}, "CodePage": {"FileOffset": 67568, "Value": 1252, "Offset": 8}, "LANG_NAME": "LANG_ENGLISH", "OffsetToData": {"FileOffset": 67560, "Value": 438488, "Offset": 0}, "Reserved": {"FileOffset": 67572, "Value": 0, "Offset": 12}, "SUBLANG": 1, "Structure": "IMAGE_RESOURCE_DATA_ENTRY", "Size": {"FileOffset": 67564, "Value": 1128, "Offset": 4}}]], {"Structure": "IMAGE_RESOURCE_DIRECTORY_ENTRY", "Id": [5, "RT_DIALOG"], "OffsetToData": {"FileOffset": 67100, "Value": 2147483760, "Offset": 4}, "Name": {"FileOffset": 67096, "Value": 5, "Offset": 0}}, [{"MajorVersion": {"FileOffset": 67192, "Value": 4, "Offset": 8}, "NumberOfIdEntries": {"FileOffset": 67198, "Value": 1, "Offset": 14}, "MinorVersion": {"FileOffset": 67194, "Value": 0, "Offset": 10}, "TimeDateStamp": {"FileOffset": 67188, "Value": "0x0        [Thu Jan  1 00:00:00 1970 UTC]", "Offset": 4}, "Characteristics": {"FileOffset": 67184, "Value": 0, "Offset": 0}, "NumberOfNamedEntries": {"FileOffset": 67196, "Value": 0, "Offset": 12}, "Structure": "IMAGE_RESOURCE_DIRECTORY"}, {"Structure": "IMAGE_RESOURCE_DIRECTORY_ENTRY", "Id": 101, "OffsetToData": {"FileOffset": 67204, "Value": 2147483976, "Offset": 4}, "Name": {"FileOffset": 67200, "Value": 101, "Offset": 0}}, [{"MajorVersion": {"FileOffset": 67408, "Value": 4, "Offset": 8}, "NumberOfIdEntries": {"FileOffset": 67414, "Value": 1, "Offset": 14}, "MinorVersion": {"FileOffset": 67410, "Value": 0, "Offset": 10}, "TimeDateStamp": {"FileOffset": 67404, "Value": "0x0        [Thu Jan  1 00:00:00 1970 UTC]", "Offset": 4}, "Characteristics": {"FileOffset": 67400, "Value": 0, "Offset": 0}, "NumberOfNamedEntries": {"FileOffset": 67412, "Value": 0, "Offset": 12}, "Structure": "IMAGE_RESOURCE_DIRECTORY"}, {"LANG": 9, "SUBLANG_NAME": "SUBLANG_ENGLISH_US", "Name": {"FileOffset": 67416, "Value": 1033, "Offset": 0}, "CodePage": {"FileOffset": 67584, "Value": 1252, "Offset": 8}, "LANG_NAME": "LANG_ENGLISH", "OffsetToData": {"FileOffset": 67576, "Value": 439616, "Offset": 0}, "Reserved": {"FileOffset": 67588, "Value": 0, "Offset": 12}, "SUBLANG": 1, "Structure": "IMAGE_RESOURCE_DATA_ENTRY", "Size": {"FileOffset": 67580, "Value": 212, "Offset": 4}}]], {"Structure": "IMAGE_RESOURCE_DIRECTORY_ENTRY", "Id": [14, "RT_GROUP_ICON"], "OffsetToData": {"FileOffset": 67108, "Value": 2147483784, "Offset": 4}, "Name": {"FileOffset": 67104, "Value": 14, "Offset": 0}}, [{"MajorVersion": {"FileOffset": 67216, "Value": 4, "Offset": 8}, "NumberOfIdEntries": {"FileOffset": 67222, "Value": 1, "Offset": 14}, "MinorVersion": {"FileOffset": 67218, "Value": 0, "Offset": 10}, "TimeDateStamp": {"FileOffset": 67212, "Value": "0x0        [Thu Jan  1 00:00:00 1970 UTC]", "Offset": 4}, "Characteristics": {"FileOffset": 67208, "Value": 0, "Offset": 0}, "NumberOfNamedEntries": {"FileOffset": 67220, "Value": 0, "Offset": 12}, "Structure": "IMAGE_RESOURCE_DIRECTORY"}, {"Structure": "IMAGE_RESOURCE_DIRECTORY_ENTRY", "Id": 103, "OffsetToData": {"FileOffset": 67228, "Value": 2147484000, "Offset": 4}, "Name": {"FileOffset": 67224, "Value": 103, "Offset": 0}}, [{"MajorVersion": {"FileOffset": 67432, "Value": 4, "Offset": 8}, "NumberOfIdEntries": {"FileOffset": 67438, "Value": 1, "Offset": 14}, "MinorVersion": {"FileOffset": 67434, "Value": 0, "Offset": 10}, "TimeDateStamp": {"FileOffset": 67428, "Value": "0x0        [Thu Jan  1 00:00:00 1970 UTC]", "Offset": 4}, "Characteristics": {"FileOffset": 67424, "Value": 0, "Offset": 0}, "NumberOfNamedEntries": {"FileOffset": 67436, "Value": 0, "Offset": 12}, "Structure": "IMAGE_RESOURCE_DIRECTORY"}, {"LANG": 9, "SUBLANG_NAME": "SUBLANG_ENGLISH_US", "Name": {"FileOffset": 67440, "Value": 1033, "Offset": 0}, "CodePage": {"FileOffset": 67600, "Value": 1252, "Offset": 8}, "LANG_NAME": "LANG_ENGLISH", "OffsetToData": {"FileOffset": 67592, "Value": 439828, "Offset": 0}, "Reserved": {"FileOffset": 67604, "Value": 0, "Offset": 12}, "SUBLANG": 1, "Structure": "IMAGE_RESOURCE_DATA_ENTRY", "Size": {"FileOffset": 67596, "Value": 76, "Offset": 4}}]], {"Structure": "IMAGE_RESOURCE_DIRECTORY_ENTRY", "Id": [16, "RT_VERSION"], "OffsetToData": {"FileOffset": 67116, "Value": 2147483808, "Offset": 4}, "Name": {"FileOffset": 67112, "Value": 16, "Offset": 0}}, [{"MajorVersion": {"FileOffset": 67240, "Value": 4, "Offset": 8}, "NumberOfIdEntries": {"FileOffset": 67246, "Value": 1, "Offset": 14}, "MinorVersion": {"FileOffset": 67242, "Value": 0, "Offset": 10}, "TimeDateStamp": {"FileOffset": 67236, "Value": "0x0        [Thu Jan  1 00:00:00 1970 UTC]", "Offset": 4}, "Characteristics": {"FileOffset": 67232, "Value": 0, "Offset": 0}, "NumberOfNamedEntries": {"FileOffset": 67244, "Value": 0, "Offset": 12}, "Structure": "IMAGE_RESOURCE_DIRECTORY"}, {"Structure": "IMAGE_RESOURCE_DIRECTORY_ENTRY", "Id": 1, "OffsetToData": {"FileOffset": 67252, "Value": 2147484024, "Offset": 4}, "Name": {"FileOffset": 67248, "Value": 1, "Offset": 0}}, [{"MajorVersion": {"FileOffset": 67456, "Value": 4, "Offset": 8}, "NumberOfIdEntries": {"FileOffset": 67462, "Value": 1, "Offset": 14}, "MinorVersion": {"FileOffset": 67458, "Value": 0, "Offset": 10}, "TimeDateStamp": {"FileOffset": 67452, "Value": "0x0        [Thu Jan  1 00:00:00 1970 UTC]", "Offset": 4}, "Characteristics": {"FileOffset": 67448, "Value": 0, "Offset": 0}, "NumberOfNamedEntries": {"FileOffset": 67460, "Value": 0, "Offset": 12}, "Structure": "IMAGE_RESOURCE_DIRECTORY"}, {"LANG": 9, "SUBLANG_NAME": "SUBLANG_ENGLISH_US", "Name": {"FileOffset": 67464, "Value": 1033, "Offset": 0}, "CodePage": {"FileOffset": 67616, "Value": 1252, "Offset": 8}, "LANG_NAME": "LANG_ENGLISH", "OffsetToData": {"FileOffset": 67608, "Value": 439904, "Offset": 0}, "Reserved": {"FileOffset": 67620, "Value": 0, "Offset": 12}, "SUBLANG": 1, "Structure": "IMAGE_RESOURCE_DATA_ENTRY", "Size": {"FileOffset": 67612, "Value": 792, "Offset": 4}}]], {"Structure": "IMAGE_RESOURCE_DIRECTORY_ENTRY", "Id": [24, "RT_MANIFEST"], "OffsetToData": {"FileOffset": 67124, "Value": 2147483832, "Offset": 4}, "Name": {"FileOffset": 67120, "Value": 24, "Offset": 0}}, [{"MajorVersion": {"FileOffset": 67264, "Value": 4, "Offset": 8}, "NumberOfIdEntries": {"FileOffset": 67270, "Value": 1, "Offset": 14}, "MinorVersion": {"FileOffset": 67266, "Value": 0, "Offset": 10}, "TimeDateStamp": {"FileOffset": 67260, "Value": "0x0        [Thu Jan  1 00:00:00 1970 UTC]", "Offset": 4}, "Characteristics": {"FileOffset": 67256, "Value": 0, "Offset": 0}, "NumberOfNamedEntries": {"FileOffset": 67268, "Value": 0, "Offset": 12}, "Structure": "IMAGE_RESOURCE_DIRECTORY"}, {"Structure": "IMAGE_RESOURCE_DIRECTORY_ENTRY", "Id": 1, "OffsetToData": {"FileOffset": 67276, "Value": 2147484048, "Offset": 4}, "Name": {"FileOffset": 67272, "Value": 1, "Offset": 0}}, [{"MajorVersion": {"FileOffset": 67480, "Value": 4, "Offset": 8}, "NumberOfIdEntries": {"FileOffset": 67486, "Value": 1, "Offset": 14}, "MinorVersion": {"FileOffset": 67482, "Value": 0, "Offset": 10}, "TimeDateStamp": {"FileOffset": 67476, "Value": "0x0        [Thu Jan  1 00:00:00 1970 UTC]", "Offset": 4}, "Characteristics": {"FileOffset": 67472, "Value": 0, "Offset": 0}, "NumberOfNamedEntries": {"FileOffset": 67484, "Value": 0, "Offset": 12}, "Structure": "IMAGE_RESOURCE_DIRECTORY"}, {"LANG": 9, "SUBLANG_NAME": "SUBLANG_ENGLISH_US", "Name": {"FileOffset": 67488, "Value": 1033, "Offset": 0}, "CodePage": {"FileOffset": 67632, "Value": 1252, "Offset": 8}, "LANG_NAME": "LANG_ENGLISH", "OffsetToData": {"FileOffset": 67624, "Value": 440696, "Offset": 0}, "Reserved": {"FileOffset": 67636, "Value": 0, "Offset": 12}, "SUBLANG": 1, "Structure": "IMAGE_RESOURCE_DATA_ENTRY", "Size": {"FileOffset": 67628, "Value": 346, "Offset": 4}}]]]}
