{"DllCharacteristics": ["IMAGE_DLLCHARACTERISTICS_NO_SEH", "IMAGE_DLLCHARACTERISTICS_TERMINAL_SERVER_AWARE", "IMAGE_DLLCHARACTERISTICS_DYNAMIC_BASE", "IMAGE_DLLCHARACTERISTICS_NX_COMPAT"], "FILE_HEADER": {"NumberOfSections": {"FileOffset": 134, "Value": 3, "Offset": 2}, "TimeDateStamp": {"FileOffset": 136, "Value": "0x521211E7 [Mon Aug 19 12:39:03 2013 UTC]", "Offset": 4}, "PointerToSymbolTable": {"FileOffset": 140, "Value": 0, "Offset": 8}, "NumberOfSymbols": {"FileOffset": 144, "Value": 0, "Offset": 12}, "Machine": {"FileOffset": 132, "Value": 332, "Offset": 0}, "Characteristics": {"FileOffset": 150, "Value": 258, "Offset": 18}, "SizeOfOptionalHeader": {"FileOffset": 148, "Value": 224, "Offset": 16}, "Structure": "IMAGE_FILE_HEADER"}, "Directories": [{"VirtualAddress": {"FileOffset": 248, "Value": 0, "Offset": 0}, "Structure": "IMAGE_DIRECTORY_ENTRY_EXPORT", "Size": {"FileOffset": 252, "Value": 0, "Offset": 4}}, {"VirtualAddress": {"FileOffset": 256, "Value": 1343200, "Offset": 0}, "Structure": "IMAGE_DIRECTORY_ENTRY_IMPORT", "Size": {"FileOffset": 260, "Value": 75, "Offset": 4}}, {"VirtualAddress": {"FileOffset": 264, "Value": 1343488, "Offset": 0}, "Structure": "IMAGE_DIRECTORY_ENTRY_RESOURCE", "Size": {"FileOffset": 268, "Value": 4224, "Offset": 4}}, {"VirtualAddress": {"FileOffset": 272, "Value": 0, "Offset": 0}, "Structure": "IMAGE_DIRECTORY_ENTRY_EXCEPTION", "Size": {"FileOffset": 276, "Value": 0, "Offset": 4}}, {"VirtualAddress": {"FileOffset": 280, "Value": 0, "Offset": 0}, "Structure": "IMAGE_DIRECTORY_ENTRY_SECURITY", "Size": {"FileOffset": 284, "Value": 0, "Offset": 4}}, {"VirtualAddress": {"FileOffset": 288, "Value": 1351680, "Offset": 0}, "Structure": "IMAGE_DIRECTORY_ENTRY_BASERELOC", "Size": {"FileOffset": 292, "Value": 12, "Offset": 4}}, {"VirtualAddress": {"FileOffset": 296, "Value": 0, "Offset": 0}, "Structure": "IMAGE_DIRECTORY_ENTRY_DEBUG", "Size": {"FileOffset": 300, "Value": 0, "Offset": 4}}, {"VirtualAddress": {"FileOffset": 304, "Value": 0, "Offset": 0}, "Structure": "IMAGE_DIRECTORY_ENTRY_COPYRIGHT", "Size": {"FileOffset": 308, "Value": 0, "Offset": 4}}, {"VirtualAddress": {"FileOffset": 312, "Value": 0, "Offset": 0}, "Structure": "IMAGE_DIRECTORY_ENTRY_GLOBALPTR", "Size": {"FileOffset": 316, "Value": 0, "Offset": 4}}, {"VirtualAddress": {"FileOffset": 320, "Value": 0, "Offset": 0}, "Structure": "IMAGE_DIRECTORY_ENTRY_TLS", "Size": {"FileOffset": 324, "Value": 0, "Offset": 4}}, {"VirtualAddress": {"FileOffset": 328, "Value": 0, "Offset": 0}, "Structure": "IMAGE_DIRECTORY_ENTRY_LOAD_CONFIG", "Size": {"FileOffset": 332, "Value": 0, "Offset": 4}}, {"VirtualAddress": {"FileOffset": 336, "Value": 0, "Offset": 0}, "Structure": "IMAGE_DIRECTORY_ENTRY_BOUND_IMPORT", "Size": {"FileOffset": 340, "Value": 0, "Offset": 4}}, {"VirtualAddress": {"FileOffset": 344, "Value": 8192, "Offset": 0}, "Structure": "IMAGE_DIRECTORY_ENTRY_IAT", "Size": {"FileOffset": 348, "Value": 8, "Offset": 4}}, {"VirtualAddress": {"FileOffset": 352, "Value": 0, "Offset": 0}, "Structure": "IMAGE_DIRECTORY_ENTRY_DELAY_IMPORT", "Size": {"FileOffset": 356, "Value": 0, "Offset": 4}}, {"VirtualAddress": {"FileOffset": 360, "Value": 8200, "Offset": 0}, "Structure": "IMAGE_DIRECTORY_ENTRY_COM_DESCRIPTOR", "Size": {"FileOffset": 364, "Value": 72, "Offset": 4}}, {"VirtualAddress": {"FileOffset": 368, "Value": 0, "Offset": 0}, "Structure": "IMAGE_DIRECTORY_ENTRY_RESERVED", "Size": {"FileOffset": 372, "Value": 0, "Offset": 4}}], "OPTIONAL_HEADER": {"DllCharacteristics": {"FileOffset": 222, "Value": 34112, "Offset": 70}, "BaseOfCode": {"FileOffset": 172, "Value": 8192, "Offset": 20}, "MajorLinkerVersion": {"FileOffset": 154, "Value": 8, "Offset": 2}, "MinorOperatingSystemVersion": {"FileOffset": 194, "Value": 0, "Offset": 42}, "MinorLinkerVersion": {"FileOffset": 155, "Value": 0, "Offset": 3}, "MajorSubsystemVersion": {"FileOffset": 200, "Value": 4, "Offset": 48}, "MajorOperatingSystemVersion": {"FileOffset": 192, "Value": 4, "Offset": 40}, "SizeOfStackCommit": {"FileOffset": 228, "Value": 4096, "Offset": 76}, "SizeOfUninitializedData": {"FileOffset": 164, "Value": 0, "Offset": 12}, "NumberOfRvaAndSizes": {"FileOffset": 244, "Value": 16, "Offset": 92}, "SizeOfHeapReserve": {"FileOffset": 232, "Value": 1048576, "Offset": 80}, "LoaderFlags": {"FileOffset": 240, "Value": 0, "Offset": 88}, "SizeOfHeapCommit": {"FileOffset": 236, "Value": 4096, "Offset": 84}, "SizeOfStackReserve": {"FileOffset": 224, "Value": 1048576, "Offset": 72}, "Structure": "IMAGE_OPTIONAL_HEADER", "SizeOfHeaders": {"FileOffset": 212, "Value": 512, "Offset": 60}, "Subsystem": {"FileOffset": 220, "Value": 3, "Offset": 68}, "Magic": {"FileOffset": 152, "Value": 267, "Offset": 0}, "MinorImageVersion": {"FileOffset": 198, "Value": 0, "Offset": 46}, "MajorImageVersion": {"FileOffset": 196, "Value": 0, "Offset": 44}, "FileAlignment": {"FileOffset": 188, "Value": 512, "Offset": 36}, "BaseOfData": {"FileOffset": 176, "Value": 1343488, "Offset": 24}, "AddressOfEntryPoint": {"FileOffset": 168, "Value": 1343278, "Offset": 16}, "SectionAlignment": {"FileOffset": 184, "Value": 8192, "Offset": 32}, "SizeOfCode": {"FileOffset": 156, "Value": 1335296, "Offset": 4}, "ImageBase": {"FileOffset": 180, "Value": 4194304, "Offset": 28}, "SizeOfInitializedData": {"FileOffset": 160, "Value": 5120, "Offset": 8}, "SizeOfImage": {"FileOffset": 208, "Value": 1359872, "Offset": 56}, "MinorSubsystemVersion": {"FileOffset": 202, "Value": 0, "Offset": 50}, "CheckSum": {"FileOffset": 216, "Value": 0, "Offset": 64}, "Reserved1": {"FileOffset": 204, "Value": 0, "Offset": 52}}, "DOS_HEADER": {"e_cblp": {"FileOffset": 2, "Value": 144, "Offset": 2}, "e_crlc": {"FileOffset": 6, "Value": 0, "Offset": 6}, "e_ovno": {"FileOffset": 26, "Value": 0, "Offset": 26}, "e_minalloc": {"FileOffset": 10, "Value": 0, "Offset": 10}, "e_csum": {"FileOffset": 18, "Value": 0, "Offset": 18}, "e_cparhdr": {"FileOffset": 8, "Value": 4, "Offset": 8}, "e_cp": {"FileOffset": 4, "Value": 3, "Offset": 4}, "e_cs": {"FileOffset": 22, "Value": 0, "Offset": 22}, "e_maxalloc": {"FileOffset": 12, "Value": 65535, "Offset": 12}, "e_lfarlc": {"FileOffset": 24, "Value": 64, "Offset": 24}, "e_oemid": {"FileOffset": 36, "Value": 0, "Offset": 36}, "e_lfanew": {"FileOffset": 60, "Value": 128, "Offset": 60}, "e_ss": {"FileOffset": 14, "Value": 0, "Offset": 14}, "e_magic": {"FileOffset": 0, "Value": 23117, "Offset": 0}, "e_oeminfo": {"FileOffset": 38, "Value": 0, "Offset": 38}, "e_res2": {"FileOffset": 40, "Value": "", "Offset": 40}, "e_res": {"FileOffset": 28, "Value": "", "Offset": 28}, "e_sp": {"FileOffset": 16, "Value": 184, "Offset": 16}, "Structure": "IMAGE_DOS_HEADER", "e_ip": {"FileOffset": 20, "Value": 0, "Offset": 20}}, "Base relocations": [[{"SizeOfBlock": {"FileOffset": 1340420, "Value": 12, "Offset": 4}, "VirtualAddress": {"FileOffset": 1340416, "Value": 1339392, "Offset": 0}, "Structure": "IMAGE_BASE_RELOCATION"}, {"RVA": 1343280, "Type": "HIGHLOW"}, {"RVA": 1339392, "Type": "ABSOLUTE"}]], "NT_HEADERS": {"Structure": "IMAGE_NT_HEADERS", "Signature": {"FileOffset": 128, "Value": 17744, "Offset": 0}}, "Flags": ["IMAGE_FILE_32BIT_MACHINE", "IMAGE_FILE_EXECUTABLE_IMAGE"], "Version Information": [{"ValueLength": {"FileOffset": 1338406, "Value": 52, "Offset": 2}, "Length": {"FileOffset": 1338404, "Value": 1136, "Offset": 0}, "Type": {"FileOffset": 1338408, "Value": 0, "Offset": 4}, "Structure": "VS_VERSIONINFO"}, {"FileFlagsMask": {"FileOffset": 1338468, "Value": 63, "Offset": 24}, "FileType": {"FileOffset": 1338480, "Value": 1, "Offset": 36}, "FileVersionMS": {"FileOffset": 1338452, "Value": 65536, "Offset": 8}, "FileVersionLS": {"FileOffset": 1338456, "Value": 0, "Offset": 12}, "Signature": {"FileOffset": 1338444, "Value": 4277077181, "Offset": 0}, "FileSubtype": {"FileOffset": 1338484, "Value": 0, "Offset": 40}, "FileFlags": {"FileOffset": 1338472, "Value": 0, "Offset": 28}, "FileDateLS": {"FileOffset": 1338492, "Value": 0, "Offset": 48}, "ProductVersionLS": {"FileOffset": 1338464, "Value": 0, "Offset": 20}, "FileOS": {"FileOffset": 1338476, "Value": 4, "Offset": 32}, "ProductVersionMS": {"FileOffset": 1338460, "Value": 65536, "Offset": 16}, "FileDateMS": {"FileOffset": 1338488, "Value": 0, "Offset": 44}, "Structure": "VS_FIXEDFILEINFO", "StrucVersion": {"FileOffset": 1338448, "Value": 65536, "Offset": 4}}], "Imported symbols": [[{"TimeDateStamp": {"FileOffset": 1335524, "Value": "0x0        [Thu Jan  1 00:00:00 1970 UTC]", "Offset": 4}, "Name": {"FileOffset": 1335532, "Value": 1343262, "Offset": 12}, "ForwarderChain": {"FileOffset": 1335528, "Value": 0, "Offset": 8}, "OriginalFirstThunk": {"FileOffset": 1335520, "Value": 1343240, "Offset": 0}, "FirstThunk": {"FileOffset": 1335536, "Value": 8192, "Offset": 16}, "Characteristics": {"FileOffset": 1335520, "Value": 1343240, "Offset": 0}, "Structure": "IMAGE_IMPORT_DESCRIPTOR"}, {"Hint": 0, "Name": "_CorExeMain", "DLL": "mscoree.dll"}]], "PE Sections": [{"PointerToRawData": {"FileOffset": 396, "Value": 512, "Offset": 20}, "SHA1": "6d56d2972e4b08942ea8f07c00a4142940ac4741", "SHA256": "eeaa02658c718d2834b81ecf5307bbade7cd67f9da550ebf5cdc5b2342ccc2a3", "Name": {"FileOffset": 376, "Value": ".text", "Offset": 0}, "NumberOfRelocations": {"FileOffset": 408, "Value": 0, "Offset": 32}, "Misc_VirtualSize": {"FileOffset": 384, "Value": 1335092, "Offset": 8}, "Characteristics": {"FileOffset": 412, "Value": 1610612768, "Offset": 36}, "Misc": {"FileOffset": 384, "Value": 1335092, "Offset": 8}, "PointerToLinenumbers": {"FileOffset": 404, "Value": 0, "Offset": 28}, "SizeOfRawData": {"FileOffset": 392, "Value": 1335296, "Offset": 16}, "Misc_PhysicalAddress": {"FileOffset": 384, "Value": 1335092, "Offset": 8}, "PointerToRelocations": {"FileOffset": 400, "Value": 0, "Offset": 24}, "Flags": ["IMAGE_SCN_MEM_EXECUTE", "IMAGE_SCN_CNT_CODE", "IMAGE_SCN_MEM_READ"], "SHA512": "0520c535d910aaad0df4db3d5c4e45dd6f54bd7af571942c101a2f0e75ce2bce3643854fb232a0633f38cb08c421e991ad06d97a7f8965c17b292470a56a8007", "MD5": "999340f2fbac52439f2343cd2854b687", "Entropy": 7.565762472762138, "VirtualAddress": {"FileOffset": 388, "Value": 8192, "Offset": 12}, "Structure": "IMAGE_SECTION_HEADER", "NumberOfLinenumbers": {"FileOffset": 410, "Value": 0, "Offset": 34}}, {"PointerToRawData": {"FileOffset": 436, "Value": 1335808, "Offset": 20}, "SHA1": "3350c14938ff0cd80ff53f6a11dd62aff6922cce", "SHA256": "1b3397452348a093da24fa4963b3648adab1a90f6aac471f03540ec003429954", "Name": {"FileOffset": 416, "Value": ".rsrc", "Offset": 0}, "NumberOfRelocations": {"FileOffset": 448, "Value": 0, "Offset": 32}, "Misc_VirtualSize": {"FileOffset": 424, "Value": 4224, "Offset": 8}, "Characteristics": {"FileOffset": 452, "Value": 1073741888, "Offset": 36}, "Misc": {"FileOffset": 424, "Value": 4224, "Offset": 8}, "PointerToLinenumbers": {"FileOffset": 444, "Value": 0, "Offset": 28}, "SizeOfRawData": {"FileOffset": 432, "Value": 4608, "Offset": 16}, "Misc_PhysicalAddress": {"FileOffset": 424, "Value": 4224, "Offset": 8}, "PointerToRelocations": {"FileOffset": 440, "Value": 0, "Offset": 24}, "Flags": ["IMAGE_SCN_CNT_INITIALIZED_DATA", "IMAGE_SCN_MEM_READ"], "SHA512": "f707ab8da487a1338d5e7da37050d29f4644bfa18920376b82f9047fee916c8eecfd8daf6e31e36b2aecce63e6a6557d62bed1379307a2ee5727c452ec4431d6", "MD5": "a0d0251ef5ea0f43b0ffac68100e23e9", "Entropy": 3.577056934498447, "VirtualAddress": {"FileOffset": 428, "Value": 1343488, "Offset": 12}, "Structure": "IMAGE_SECTION_HEADER", "NumberOfLinenumbers": {"FileOffset": 450, "Value": 0, "Offset": 34}}, {"PointerToRawData": {"FileOffset": 476, "Value": 1340416, "Offset": 20}, "SHA1": "895d2788175f187fb0db1bb7cf4d62cd388d3ee4", "SHA256": "bbd72baa72dbacedb8bf4a4d4bc807da4945210c7628b101edd9e7c5a0dbc92e", "Name": {"FileOffset": 456, "Value": ".reloc", "Offset": 0}, "NumberOfRelocations": {"FileOffset": 488, "Value": 0, "Offset": 32}, "Misc_VirtualSize": {"FileOffset": 464, "Value": 12, "Offset": 8}, "Characteristics": {"FileOffset": 492, "Value": 1107296320, "Offset": 36}, "Misc": {"FileOffset": 464, "Value": 12, "Offset": 8}, "PointerToLinenumbers": {"FileOffset": 484, "Value": 0, "Offset": 28}, "SizeOfRawData": {"FileOffset": 472, "Value": 512, "Offset": 16}, "Misc_PhysicalAddress": {"FileOffset": 464, "Value": 12, "Offset": 8}, "PointerToRelocations": {"FileOffset": 480, "Value": 0, "Offset": 24}, "Flags": ["IMAGE_SCN_CNT_INITIALIZED_DATA", "IMAGE_SCN_MEM_DISCARDABLE", "IMAGE_SCN_MEM_READ"], "SHA512": "a6ffedb6ec341adbd19c84b0dff199672f8292c7ae571df8f2d224e6cf0b0d4c2839297947e60b3dc2343073224eb5c32ce5fef25caef28b924b0a08f996f5ab", "MD5": "9d2707bf88367fb41f7d13cce811e24a", "Entropy": 0.10191042566270775, "VirtualAddress": {"FileOffset": 468, "Value": 1351680, "Offset": 12}, "Structure": "IMAGE_SECTION_HEADER", "NumberOfLinenumbers": {"FileOffset": 490, "Value": 0, "Offset": 34}}], "Resource directory": [{"MajorVersion": {"FileOffset": 1335816, "Value": 4, "Offset": 8}, "NumberOfIdEntries": {"FileOffset": 1335822, "Value": 2, "Offset": 14}, "MinorVersion": {"FileOffset": 1335818, "Value": 0, "Offset": 10}, "TimeDateStamp": {"FileOffset": 1335812, "Value": "0x0        [Thu Jan  1 00:00:00 1970 UTC]", "Offset": 4}, "Characteristics": {"FileOffset": 1335808, "Value": 0, "Offset": 0}, "NumberOfNamedEntries": {"FileOffset": 1335820, "Value": 1, "Offset": 12}, "Structure": "IMAGE_RESOURCE_DIRECTORY"}, {"Name": {"FileOffset": 1335824, "Value": 2147483880, "Offset": 0}, "OffsetToData": {"FileOffset": 1335828, "Value": 2147483688, "Offset": 4}, "Structure": "IMAGE_RESOURCE_DIRECTORY_ENTRY"}, [{"MajorVersion": {"FileOffset": 1335856, "Value": 4, "Offset": 8}, "NumberOfIdEntries": {"FileOffset": 1335862, "Value": 0, "Offset": 14}, "MinorVersion": {"FileOffset": 1335858, "Value": 0, "Offset": 10}, "TimeDateStamp": {"FileOffset": 1335852, "Value": "0x0        [Thu Jan  1 00:00:00 1970 UTC]", "Offset": 4}, "Characteristics": {"FileOffset": 1335848, "Value": 0, "Offset": 0}, "NumberOfNamedEntries": {"FileOffset": 1335860, "Value": 1, "Offset": 12}, "Structure": "IMAGE_RESOURCE_DIRECTORY"}, {"Name": {"FileOffset": 1335864, "Value": 2147483886, "Offset": 0}, "OffsetToData": {"FileOffset": 1335868, "Value": 2147483712, "Offset": 4}, "Structure": "IMAGE_RESOURCE_DIRECTORY_ENTRY"}, [{"MajorVersion": {"FileOffset": 1335880, "Value": 4, "Offset": 8}, "NumberOfIdEntries": {"FileOffset": 1335886, "Value": 1, "Offset": 14}, "MinorVersion": {"FileOffset": 1335882, "Value": 0, "Offset": 10}, "TimeDateStamp": {"FileOffset": 1335876, "Value": "0x0        [Thu Jan  1 00:00:00 1970 UTC]", "Offset": 4}, "Characteristics": {"FileOffset": 1335872, "Value": 0, "Offset": 0}, "NumberOfNamedEntries": {"FileOffset": 1335884, "Value": 0, "Offset": 12}, "Structure": "IMAGE_RESOURCE_DIRECTORY"}, {"LANG": 9, "SUBLANG_NAME": "SUBLANG_ENGLISH_US", "Name": {"FileOffset": 1335888, "Value": 1033, "Offset": 0}, "CodePage": {"FileOffset": 1336000, "Value": 1252, "Offset": 8}, "LANG_NAME": "LANG_ENGLISH", "OffsetToData": {"FileOffset": 1335992, "Value": 1343732, "Offset": 0}, "Reserved": {"FileOffset": 1336004, "Value": 0, "Offset": 12}, "SUBLANG": 1, "Structure": "IMAGE_RESOURCE_DATA_ENTRY", "Size": {"FileOffset": 1335996, "Value": 2352, "Offset": 4}}]], {"Structure": "IMAGE_RESOURCE_DIRECTORY_ENTRY", "Id": [16, "RT_VERSION"], "OffsetToData": {"FileOffset": 1335836, "Value": 2147483736, "Offset": 4}, "Name": {"FileOffset": 1335832, "Value": 16, "Offset": 0}}, [{"MajorVersion": {"FileOffset": 1335904, "Value": 4, "Offset": 8}, "NumberOfIdEntries": {"FileOffset": 1335910, "Value": 1, "Offset": 14}, "MinorVersion": {"FileOffset": 1335906, "Value": 0, "Offset": 10}, "TimeDateStamp": {"FileOffset": 1335900, "Value": "0x0        [Thu Jan  1 00:00:00 1970 UTC]", "Offset": 4}, "Characteristics": {"FileOffset": 1335896, "Value": 0, "Offset": 0}, "NumberOfNamedEntries": {"FileOffset": 1335908, "Value": 0, "Offset": 12}, "Structure": "IMAGE_RESOURCE_DIRECTORY"}, {"Structure": "IMAGE_RESOURCE_DIRECTORY_ENTRY", "Id": 1, "OffsetToData": {"FileOffset": 1335916, "Value": 2147483760, "Offset": 4}, "Name": {"FileOffset": 1335912, "Value": 1, "Offset": 0}}, [{"MajorVersion": {"FileOffset": 1335928, "Value": 4, "Offset": 8}, "NumberOfIdEntries": {"FileOffset": 1335934, "Value": 1, "Offset": 14}, "MinorVersion": {"FileOffset": 1335930, "Value": 0, "Offset": 10}, "TimeDateStamp": {"FileOffset": 1335924, "Value": "0x0        [Thu Jan  1 00:00:00 1970 UTC]", "Offset": 4}, "Characteristics": {"FileOffset": 1335920, "Value": 0, "Offset": 0}, "NumberOfNamedEntries": {"FileOffset": 1335932, "Value": 0, "Offset": 12}, "Structure": "IMAGE_RESOURCE_DIRECTORY"}, {"LANG": 0, "SUBLANG_NAME": "SUBLANG_NEUTRAL", "Name": {"FileOffset": 1335936, "Value": 0, "Offset": 0}, "CodePage": {"FileOffset": 1336016, "Value": 1252, "Offset": 8}, "LANG_NAME": "LANG_NEUTRAL", "OffsetToData": {"FileOffset": 1336008, "Value": 1346084, "Offset": 0}, "Reserved": {"FileOffset": 1336020, "Value": 0, "Offset": 12}, "SUBLANG": 0, "Structure": "IMAGE_RESOURCE_DATA_ENTRY", "Size": {"FileOffset": 1336012, "Value": 1136, "Offset": 4}}]], {"Structure": "IMAGE_RESOURCE_DIRECTORY_ENTRY", "Id": [24, "RT_MANIFEST"], "OffsetToData": {"FileOffset": 1335844, "Value": 2147483784, "Offset": 4}, "Name": {"FileOffset": 1335840, "Value": 24, "Offset": 0}}, [{"MajorVersion": {"FileOffset": 1335952, "Value": 4, "Offset": 8}, "NumberOfIdEntries": {"FileOffset": 1335958, "Value": 1, "Offset": 14}, "MinorVersion": {"FileOffset": 1335954, "Value": 0, "Offset": 10}, "TimeDateStamp": {"FileOffset": 1335948, "Value": "0x0        [Thu Jan  1 00:00:00 1970 UTC]", "Offset": 4}, "Characteristics": {"FileOffset": 1335944, "Value": 0, "Offset": 0}, "NumberOfNamedEntries": {"FileOffset": 1335956, "Value": 0, "Offset": 12}, "Structure": "IMAGE_RESOURCE_DIRECTORY"}, {"Structure": "IMAGE_RESOURCE_DIRECTORY_ENTRY", "Id": 1, "OffsetToData": {"FileOffset": 1335964, "Value": 2147483808, "Offset": 4}, "Name": {"FileOffset": 1335960, "Value": 1, "Offset": 0}}, [{"MajorVersion": {"FileOffset": 1335976, "Value": 4, "Offset": 8}, "NumberOfIdEntries": {"FileOffset": 1335982, "Value": 1, "Offset": 14}, "MinorVersion": {"FileOffset": 1335978, "Value": 0, "Offset": 10}, "TimeDateStamp": {"FileOffset": 1335972, "Value": "0x0        [Thu Jan  1 00:00:00 1970 UTC]", "Offset": 4}, "Characteristics": {"FileOffset": 1335968, "Value": 0, "Offset": 0}, "NumberOfNamedEntries": {"FileOffset": 1335980, "Value": 0, "Offset": 12}, "Structure": "IMAGE_RESOURCE_DIRECTORY"}, {"LANG": 0, "SUBLANG_NAME": "SUBLANG_NEUTRAL", "Name": {"FileOffset": 1335984, "Value": 0, "Offset": 0}, "CodePage": {"FileOffset": 1336032, "Value": 1252, "Offset": 8}, "LANG_NAME": "LANG_NEUTRAL", "OffsetToData": {"FileOffset": 1336024, "Value": 1347220, "Offset": 0}, "Reserved": {"FileOffset": 1336036, "Value": 0, "Offset": 12}, "SUBLANG": 0, "Structure": "IMAGE_RESOURCE_DATA_ENTRY", "Size": {"FileOffset": 1336028, "Value": 490, "Offset": 4}}]]]}
