{"DllCharacteristics": ["IMAGE_DLLCHARACTERISTICS_NO_SEH", "IMAGE_DLLCHARACTERISTICS_TERMINAL_SERVER_AWARE", "IMAGE_DLLCHARACTERISTICS_DYNAMIC_BASE", "IMAGE_DLLCHARACTERISTICS_NX_COMPAT"], "FILE_HEADER": {"NumberOfSections": {"FileOffset": 134, "Value": 3, "Offset": 2}, "TimeDateStamp": {"FileOffset": 136, "Value": "0x53AEA6AF [Sat Jun 28 11:27:43 2014 UTC]", "Offset": 4}, "PointerToSymbolTable": {"FileOffset": 140, "Value": 0, "Offset": 8}, "NumberOfSymbols": {"FileOffset": 144, "Value": 0, "Offset": 12}, "Machine": {"FileOffset": 132, "Value": 332, "Offset": 0}, "Characteristics": {"FileOffset": 150, "Value": 258, "Offset": 18}, "SizeOfOptionalHeader": {"FileOffset": 148, "Value": 224, "Offset": 16}, "Structure": "IMAGE_FILE_HEADER"}, "Directories": [{"VirtualAddress": {"FileOffset": 248, "Value": 0, "Offset": 0}, "Structure": "IMAGE_DIRECTORY_ENTRY_EXPORT", "Size": {"FileOffset": 252, "Value": 0, "Offset": 4}}, {"VirtualAddress": {"FileOffset": 256, "Value": 185715, "Offset": 0}, "Structure": "IMAGE_DIRECTORY_ENTRY_IMPORT", "Size": {"FileOffset": 260, "Value": 74, "Offset": 4}}, {"VirtualAddress": {"FileOffset": 264, "Value": 188416, "Offset": 0}, "Structure": "IMAGE_DIRECTORY_ENTRY_RESOURCE", "Size": {"FileOffset": 268, "Value": 1400, "Offset": 4}}, {"VirtualAddress": {"FileOffset": 272, "Value": 0, "Offset": 0}, "Structure": "IMAGE_DIRECTORY_ENTRY_EXCEPTION", "Size": {"FileOffset": 276, "Value": 0, "Offset": 4}}, {"VirtualAddress": {"FileOffset": 280, "Value": 0, "Offset": 0}, "Structure": "IMAGE_DIRECTORY_ENTRY_SECURITY", "Size": {"FileOffset": 284, "Value": 0, "Offset": 4}}, {"VirtualAddress": {"FileOffset": 288, "Value": 196608, "Offset": 0}, "Structure": "IMAGE_DIRECTORY_ENTRY_BASERELOC", "Size": {"FileOffset": 292, "Value": 12, "Offset": 4}}, {"VirtualAddress": {"FileOffset": 296, "Value": 0, "Offset": 0}, "Structure": "IMAGE_DIRECTORY_ENTRY_DEBUG", "Size": {"FileOffset": 300, "Value": 0, "Offset": 4}}, {"VirtualAddress": {"FileOffset": 304, "Value": 0, "Offset": 0}, "Structure": "IMAGE_DIRECTORY_ENTRY_COPYRIGHT", "Size": {"FileOffset": 308, "Value": 0, "Offset": 4}}, {"VirtualAddress": {"FileOffset": 312, "Value": 0, "Offset": 0}, "Structure": "IMAGE_DIRECTORY_ENTRY_GLOBALPTR", "Size": {"FileOffset": 316, "Value": 0, "Offset": 4}}, {"VirtualAddress": {"FileOffset": 320, "Value": 0, "Offset": 0}, "Structure": "IMAGE_DIRECTORY_ENTRY_TLS", "Size": {"FileOffset": 324, "Value": 0, "Offset": 4}}, {"VirtualAddress": {"FileOffset": 328, "Value": 0, "Offset": 0}, "Structure": "IMAGE_DIRECTORY_ENTRY_LOAD_CONFIG", "Size": {"FileOffset": 332, "Value": 0, "Offset": 4}}, {"VirtualAddress": {"FileOffset": 336, "Value": 0, "Offset": 0}, "Structure": "IMAGE_DIRECTORY_ENTRY_BOUND_IMPORT", "Size": {"FileOffset": 340, "Value": 0, "Offset": 4}}, {"VirtualAddress": {"FileOffset": 344, "Value": 8192, "Offset": 0}, "Structure": "IMAGE_DIRECTORY_ENTRY_IAT", "Size": {"FileOffset": 348, "Value": 8, "Offset": 4}}, {"VirtualAddress": {"FileOffset": 352, "Value": 0, "Offset": 0}, "Structure": "IMAGE_DIRECTORY_ENTRY_DELAY_IMPORT", "Size": {"FileOffset": 356, "Value": 0, "Offset": 4}}, {"VirtualAddress": {"FileOffset": 360, "Value": 8200, "Offset": 0}, "Structure": "IMAGE_DIRECTORY_ENTRY_COM_DESCRIPTOR", "Size": {"FileOffset": 364, "Value": 72, "Offset": 4}}, {"VirtualAddress": {"FileOffset": 368, "Value": 0, "Offset": 0}, "Structure": "IMAGE_DIRECTORY_ENTRY_RESERVED", "Size": {"FileOffset": 372, "Value": 0, "Offset": 4}}], "OPTIONAL_HEADER": {"DllCharacteristics": {"FileOffset": 222, "Value": 34112, "Offset": 70}, "BaseOfCode": {"FileOffset": 172, "Value": 8192, "Offset": 20}, "MajorLinkerVersion": {"FileOffset": 154, "Value": 8, "Offset": 2}, "MinorOperatingSystemVersion": {"FileOffset": 194, "Value": 0, "Offset": 42}, "MinorLinkerVersion": {"FileOffset": 155, "Value": 0, "Offset": 3}, "MajorSubsystemVersion": {"FileOffset": 200, "Value": 4, "Offset": 48}, "MajorOperatingSystemVersion": {"FileOffset": 192, "Value": 4, "Offset": 40}, "SizeOfStackCommit": {"FileOffset": 228, "Value": 4096, "Offset": 76}, "SizeOfUninitializedData": {"FileOffset": 164, "Value": 0, "Offset": 12}, "NumberOfRvaAndSizes": {"FileOffset": 244, "Value": 16, "Offset": 92}, "SizeOfHeapReserve": {"FileOffset": 232, "Value": 1048576, "Offset": 80}, "LoaderFlags": {"FileOffset": 240, "Value": 0, "Offset": 88}, "SizeOfHeapCommit": {"FileOffset": 236, "Value": 4096, "Offset": 84}, "SizeOfStackReserve": {"FileOffset": 224, "Value": 1048576, "Offset": 72}, "Structure": "IMAGE_OPTIONAL_HEADER", "SizeOfHeaders": {"FileOffset": 212, "Value": 512, "Offset": 60}, "Subsystem": {"FileOffset": 220, "Value": 2, "Offset": 68}, "Magic": {"FileOffset": 152, "Value": 267, "Offset": 0}, "MinorImageVersion": {"FileOffset": 198, "Value": 0, "Offset": 46}, "MajorImageVersion": {"FileOffset": 196, "Value": 0, "Offset": 44}, "FileAlignment": {"FileOffset": 188, "Value": 512, "Offset": 36}, "BaseOfData": {"FileOffset": 176, "Value": 188416, "Offset": 24}, "AddressOfEntryPoint": {"FileOffset": 168, "Value": 185789, "Offset": 16}, "SectionAlignment": {"FileOffset": 184, "Value": 8192, "Offset": 32}, "SizeOfCode": {"FileOffset": 156, "Value": 177664, "Offset": 4}, "ImageBase": {"FileOffset": 180, "Value": 4194304, "Offset": 28}, "SizeOfInitializedData": {"FileOffset": 160, "Value": 2048, "Offset": 8}, "SizeOfImage": {"FileOffset": 208, "Value": 204800, "Offset": 56}, "MinorSubsystemVersion": {"FileOffset": 202, "Value": 0, "Offset": 50}, "CheckSum": {"FileOffset": 216, "Value": 0, "Offset": 64}, "Reserved1": {"FileOffset": 204, "Value": 0, "Offset": 52}}, "DOS_HEADER": {"e_cblp": {"FileOffset": 2, "Value": 144, "Offset": 2}, "e_crlc": {"FileOffset": 6, "Value": 0, "Offset": 6}, "e_ovno": {"FileOffset": 26, "Value": 0, "Offset": 26}, "e_minalloc": {"FileOffset": 10, "Value": 0, "Offset": 10}, "e_csum": {"FileOffset": 18, "Value": 0, "Offset": 18}, "e_cparhdr": {"FileOffset": 8, "Value": 4, "Offset": 8}, "e_cp": {"FileOffset": 4, "Value": 3, "Offset": 4}, "e_cs": {"FileOffset": 22, "Value": 0, "Offset": 22}, "e_maxalloc": {"FileOffset": 12, "Value": 65535, "Offset": 12}, "e_lfarlc": {"FileOffset": 24, "Value": 64, "Offset": 24}, "e_oemid": {"FileOffset": 36, "Value": 0, "Offset": 36}, "e_lfanew": {"FileOffset": 60, "Value": 128, "Offset": 60}, "e_ss": {"FileOffset": 14, "Value": 0, "Offset": 14}, "e_magic": {"FileOffset": 0, "Value": 23117, "Offset": 0}, "e_oeminfo": {"FileOffset": 38, "Value": 0, "Offset": 38}, "e_res2": {"FileOffset": 40, "Value": "", "Offset": 40}, "e_res": {"FileOffset": 28, "Value": "", "Offset": 28}, "e_sp": {"FileOffset": 16, "Value": 184, "Offset": 16}, "Structure": "IMAGE_DOS_HEADER", "e_ip": {"FileOffset": 20, "Value": 0, "Offset": 20}}, "Base relocations": [[{"SizeOfBlock": {"FileOffset": 179716, "Value": 12, "Offset": 4}, "VirtualAddress": {"FileOffset": 179712, "Value": 184320, "Offset": 0}, "Structure": "IMAGE_BASE_RELOCATION"}, {"RVA": 185791, "Type": "HIGHLOW"}, {"RVA": 184320, "Type": "ABSOLUTE"}]], "NT_HEADERS": {"Structure": "IMAGE_NT_HEADERS", "Signature": {"FileOffset": 128, "Value": 17744, "Offset": 0}}, "Flags": ["IMAGE_FILE_32BIT_MACHINE", "IMAGE_FILE_EXECUTABLE_IMAGE"], "Version Information": [{"ValueLength": {"FileOffset": 178790, "Value": 52, "Offset": 2}, "Length": {"FileOffset": 178788, "Value": 788, "Offset": 0}, "Type": {"FileOffset": 178792, "Value": 0, "Offset": 4}, "Structure": "VS_VERSIONINFO"}, {"FileFlagsMask": {"FileOffset": 178852, "Value": 63, "Offset": 24}, "FileType": {"FileOffset": 178864, "Value": 1, "Offset": 36}, "FileVersionMS": {"FileOffset": 178836, "Value": 65536, "Offset": 8}, "FileVersionLS": {"FileOffset": 178840, "Value": 0, "Offset": 12}, "Signature": {"FileOffset": 178828, "Value": 4277077181, "Offset": 0}, "FileSubtype": {"FileOffset": 178868, "Value": 0, "Offset": 40}, "FileFlags": {"FileOffset": 178856, "Value": 0, "Offset": 28}, "FileDateLS": {"FileOffset": 178876, "Value": 0, "Offset": 48}, "ProductVersionLS": {"FileOffset": 178848, "Value": 0, "Offset": 20}, "FileOS": {"FileOffset": 178860, "Value": 4, "Offset": 32}, "ProductVersionMS": {"FileOffset": 178844, "Value": 65536, "Offset": 16}, "FileDateMS": {"FileOffset": 178872, "Value": 0, "Offset": 44}, "Structure": "VS_FIXEDFILEINFO", "StrucVersion": {"FileOffset": 178832, "Value": 65536, "Offset": 4}}], "Imported symbols": [[{"TimeDateStamp": {"FileOffset": 178039, "Value": "0x0        [Thu Jan  1 00:00:00 1970 UTC]", "Offset": 4}, "Name": {"FileOffset": 178047, "Value": 185777, "Offset": 12}, "ForwarderChain": {"FileOffset": 178043, "Value": 0, "Offset": 8}, "OriginalFirstThunk": {"FileOffset": 178035, "Value": 185755, "Offset": 0}, "FirstThunk": {"FileOffset": 178051, "Value": 8192, "Offset": 16}, "Characteristics": {"FileOffset": 178035, "Value": 185755, "Offset": 0}, "Structure": "IMAGE_IMPORT_DESCRIPTOR"}, {"Hint": 0, "Name": "_CorExeMain", "DLL": "mscoree.dll"}]], "PE Sections": [{"PointerToRawData": {"FileOffset": 396, "Value": 512, "Offset": 20}, "SHA1": "a89f28a85acb8a7425960514f05d479620cb6e82", "SHA256": "d881d5fced02839f93bb6200f41037922c60f521dd78c7d3edbae964ea9d5d91", "Name": {"FileOffset": 376, "Value": ".text", "Offset": 0}, "NumberOfRelocations": {"FileOffset": 408, "Value": 0, "Offset": 32}, "Misc_VirtualSize": {"FileOffset": 384, "Value": 177603, "Offset": 8}, "Characteristics": {"FileOffset": 412, "Value": 1610612768, "Offset": 36}, "Misc": {"FileOffset": 384, "Value": 177603, "Offset": 8}, "PointerToLinenumbers": {"FileOffset": 404, "Value": 0, "Offset": 28}, "SizeOfRawData": {"FileOffset": 392, "Value": 177664, "Offset": 16}, "Misc_PhysicalAddress": {"FileOffset": 384, "Value": 177603, "Offset": 8}, "PointerToRelocations": {"FileOffset": 400, "Value": 0, "Offset": 24}, "Flags": ["IMAGE_SCN_MEM_EXECUTE", "IMAGE_SCN_CNT_CODE", "IMAGE_SCN_MEM_READ"], "SHA512": "135aff7f706c2cffacefa8a2ba2dc26db5d216830c4d1b3de459fc439138bc2084c78bc3cbe15e5c83f1c63f25cfb34714f8573bccb7fd615c53326889a42ceb", "MD5": "620a78893bfc33c960011433fc71179b", "Entropy": 6.926796610573952, "VirtualAddress": {"FileOffset": 388, "Value": 8192, "Offset": 12}, "Structure": "IMAGE_SECTION_HEADER", "NumberOfLinenumbers": {"FileOffset": 410, "Value": 0, "Offset": 34}}, {"PointerToRawData": {"FileOffset": 436, "Value": 178176, "Offset": 20}, "SHA1": "0115e814ec9574a0893ab57865e7bb588aa1fada", "SHA256": "c4c47bf5e8cc8e91e8102f4055efe7a80dd0840a736a1a840de48a37baa29e0e", "Name": {"FileOffset": 416, "Value": ".rsrc", "Offset": 0}, "NumberOfRelocations": {"FileOffset": 448, "Value": 0, "Offset": 32}, "Misc_VirtualSize": {"FileOffset": 424, "Value": 1400, "Offset": 8}, "Characteristics": {"FileOffset": 452, "Value": 1073741888, "Offset": 36}, "Misc": {"FileOffset": 424, "Value": 1400, "Offset": 8}, "PointerToLinenumbers": {"FileOffset": 444, "Value": 0, "Offset": 28}, "SizeOfRawData": {"FileOffset": 432, "Value": 1536, "Offset": 16}, "Misc_PhysicalAddress": {"FileOffset": 424, "Value": 1400, "Offset": 8}, "PointerToRelocations": {"FileOffset": 440, "Value": 0, "Offset": 24}, "Flags": ["IMAGE_SCN_CNT_INITIALIZED_DATA", "IMAGE_SCN_MEM_READ"], "SHA512": "e77304133bb954e3419e3ae12b7bb8d7cf24831a6ed307d3569744ff7aae8716dbfbec5937a21063766ebbca4d2456fcc606e95e739f5456e4618c30d98613cc", "MD5": "06a8b1a579802aef7d7726b0501362b8", "Entropy": 3.774898208700214, "VirtualAddress": {"FileOffset": 428, "Value": 188416, "Offset": 12}, "Structure": "IMAGE_SECTION_HEADER", "NumberOfLinenumbers": {"FileOffset": 450, "Value": 0, "Offset": 34}}, {"PointerToRawData": {"FileOffset": 476, "Value": 179712, "Offset": 20}, "SHA1": "01667f1e1e61e4a530d21dbffd315ca52b80f527", "SHA256": "bf638ba8cedfed4c573f91412d4710adf3dcea15ae48fd0703eaa50ee4b0a09f", "Name": {"FileOffset": 456, "Value": ".reloc", "Offset": 0}, "NumberOfRelocations": {"FileOffset": 488, "Value": 0, "Offset": 32}, "Misc_VirtualSize": {"FileOffset": 464, "Value": 12, "Offset": 8}, "Characteristics": {"FileOffset": 492, "Value": 1107296320, "Offset": 36}, "Misc": {"FileOffset": 464, "Value": 12, "Offset": 8}, "PointerToLinenumbers": {"FileOffset": 484, "Value": 0, "Offset": 28}, "SizeOfRawData": {"FileOffset": 472, "Value": 512, "Offset": 16}, "Misc_PhysicalAddress": {"FileOffset": 464, "Value": 12, "Offset": 8}, "PointerToRelocations": {"FileOffset": 480, "Value": 0, "Offset": 24}, "Flags": ["IMAGE_SCN_CNT_INITIALIZED_DATA", "IMAGE_SCN_MEM_DISCARDABLE", "IMAGE_SCN_MEM_READ"], "SHA512": "6c9a5c72e536888bf6bee4f7deee435ff81b6c89d8849010e06308f771d51ceb6c8ab73bc53307f69c621be3310276092e67a046b981a9f8ad7406e44bf08ab2", "MD5": "17a7af52d826832261455f97587188b0", "Entropy": 0.10191042566270775, "VirtualAddress": {"FileOffset": 468, "Value": 196608, "Offset": 12}, "Structure": "IMAGE_SECTION_HEADER", "NumberOfLinenumbers": {"FileOffset": 490, "Value": 0, "Offset": 34}}], "Resource directory": [{"MajorVersion": {"FileOffset": 178184, "Value": 4, "Offset": 8}, "NumberOfIdEntries": {"FileOffset": 178190, "Value": 1, "Offset": 14}, "MinorVersion": {"FileOffset": 178186, "Value": 0, "Offset": 10}, "TimeDateStamp": {"FileOffset": 178180, "Value": "0x0        [Thu Jan  1 00:00:00 1970 UTC]", "Offset": 4}, "Characteristics": {"FileOffset": 178176, "Value": 0, "Offset": 0}, "NumberOfNamedEntries": {"FileOffset": 178188, "Value": 1, "Offset": 12}, "Structure": "IMAGE_RESOURCE_DIRECTORY"}, {"Name": {"FileOffset": 178192, "Value": 2147483952, "Offset": 0}, "OffsetToData": {"FileOffset": 178196, "Value": 2147483680, "Offset": 4}, "Structure": "IMAGE_RESOURCE_DIRECTORY_ENTRY"}, [{"MajorVersion": {"FileOffset": 178216, "Value": 4, "Offset": 8}, "NumberOfIdEntries": {"FileOffset": 178222, "Value": 0, "Offset": 14}, "MinorVersion": {"FileOffset": 178218, "Value": 0, "Offset": 10}, "TimeDateStamp": {"FileOffset": 178212, "Value": "0x0        [Thu Jan  1 00:00:00 1970 UTC]", "Offset": 4}, "Characteristics": {"FileOffset": 178208, "Value": 0, "Offset": 0}, "NumberOfNamedEntries": {"FileOffset": 178220, "Value": 4, "Offset": 12}, "Structure": "IMAGE_RESOURCE_DIRECTORY"}, {"Name": {"FileOffset": 178224, "Value": 2147483966, "Offset": 0}, "OffsetToData": {"FileOffset": 178228, "Value": 2147483752, "Offset": 4}, "Structure": "IMAGE_RESOURCE_DIRECTORY_ENTRY"}, [{"MajorVersion": {"FileOffset": 178288, "Value": 4, "Offset": 8}, "NumberOfIdEntries": {"FileOffset": 178294, "Value": 1, "Offset": 14}, "MinorVersion": {"FileOffset": 178290, "Value": 0, "Offset": 10}, "TimeDateStamp": {"FileOffset": 178284, "Value": "0x0        [Thu Jan  1 00:00:00 1970 UTC]", "Offset": 4}, "Characteristics": {"FileOffset": 178280, "Value": 0, "Offset": 0}, "NumberOfNamedEntries": {"FileOffset": 178292, "Value": 0, "Offset": 12}, "Structure": "IMAGE_RESOURCE_DIRECTORY"}, {"LANG": 9, "SUBLANG_NAME": "SUBLANG_ENGLISH_US", "Name": {"FileOffset": 178296, "Value": 1033, "Offset": 0}, "CodePage": {"FileOffset": 178408, "Value": 1252, "Offset": 8}, "LANG_NAME": "LANG_ENGLISH", "OffsetToData": {"FileOffset": 178400, "Value": 188884, "Offset": 0}, "Reserved": {"FileOffset": 178412, "Value": 0, "Offset": 12}, "SUBLANG": 1, "Structure": "IMAGE_RESOURCE_DATA_ENTRY", "Size": {"FileOffset": 178404, "Value": 16, "Offset": 4}}], {"Name": {"FileOffset": 178232, "Value": 2147483988, "Offset": 0}, "OffsetToData": {"FileOffset": 178236, "Value": 2147483776, "Offset": 4}, "Structure": "IMAGE_RESOURCE_DIRECTORY_ENTRY"}, [{"MajorVersion": {"FileOffset": 178312, "Value": 4, "Offset": 8}, "NumberOfIdEntries": {"FileOffset": 178318, "Value": 1, "Offset": 14}, "MinorVersion": {"FileOffset": 178314, "Value": 0, "Offset": 10}, "TimeDateStamp": {"FileOffset": 178308, "Value": "0x0        [Thu Jan  1 00:00:00 1970 UTC]", "Offset": 4}, "Characteristics": {"FileOffset": 178304, "Value": 0, "Offset": 0}, "NumberOfNamedEntries": {"FileOffset": 178316, "Value": 0, "Offset": 12}, "Structure": "IMAGE_RESOURCE_DIRECTORY"}, {"LANG": 9, "SUBLANG_NAME": "SUBLANG_ENGLISH_US", "Name": {"FileOffset": 178320, "Value": 1033, "Offset": 0}, "CodePage": {"FileOffset": 178424, "Value": 1252, "Offset": 8}, "LANG_NAME": "LANG_ENGLISH", "OffsetToData": {"FileOffset": 178416, "Value": 188900, "Offset": 0}, "Reserved": {"FileOffset": 178428, "Value": 0, "Offset": 12}, "SUBLANG": 1, "Structure": "IMAGE_RESOURCE_DATA_ENTRY", "Size": {"FileOffset": 178420, "Value": 8, "Offset": 4}}], {"Name": {"FileOffset": 178240, "Value": 2147484038, "Offset": 0}, "OffsetToData": {"FileOffset": 178244, "Value": 2147483800, "Offset": 4}, "Structure": "IMAGE_RESOURCE_DIRECTORY_ENTRY"}, [{"MajorVersion": {"FileOffset": 178336, "Value": 4, "Offset": 8}, "NumberOfIdEntries": {"FileOffset": 178342, "Value": 1, "Offset": 14}, "MinorVersion": {"FileOffset": 178338, "Value": 0, "Offset": 10}, "TimeDateStamp": {"FileOffset": 178332, "Value": "0x0        [Thu Jan  1 00:00:00 1970 UTC]", "Offset": 4}, "Characteristics": {"FileOffset": 178328, "Value": 0, "Offset": 0}, "NumberOfNamedEntries": {"FileOffset": 178340, "Value": 0, "Offset": 12}, "Structure": "IMAGE_RESOURCE_DIRECTORY"}, {"LANG": 9, "SUBLANG_NAME": "SUBLANG_ENGLISH_US", "Name": {"FileOffset": 178344, "Value": 1033, "Offset": 0}, "CodePage": {"FileOffset": 178440, "Value": 1252, "Offset": 8}, "LANG_NAME": "LANG_ENGLISH", "OffsetToData": {"FileOffset": 178432, "Value": 188908, "Offset": 0}, "Reserved": {"FileOffset": 178444, "Value": 0, "Offset": 12}, "SUBLANG": 1, "Structure": "IMAGE_RESOURCE_DATA_ENTRY", "Size": {"FileOffset": 178436, "Value": 16, "Offset": 4}}], {"Name": {"FileOffset": 178248, "Value": 2147484088, "Offset": 0}, "OffsetToData": {"FileOffset": 178252, "Value": 2147483824, "Offset": 4}, "Structure": "IMAGE_RESOURCE_DIRECTORY_ENTRY"}, [{"MajorVersion": {"FileOffset": 178360, "Value": 4, "Offset": 8}, "NumberOfIdEntries": {"FileOffset": 178366, "Value": 1, "Offset": 14}, "MinorVersion": {"FileOffset": 178362, "Value": 0, "Offset": 10}, "TimeDateStamp": {"FileOffset": 178356, "Value": "0x0        [Thu Jan  1 00:00:00 1970 UTC]", "Offset": 4}, "Characteristics": {"FileOffset": 178352, "Value": 0, "Offset": 0}, "NumberOfNamedEntries": {"FileOffset": 178364, "Value": 0, "Offset": 12}, "Structure": "IMAGE_RESOURCE_DIRECTORY"}, {"LANG": 9, "SUBLANG_NAME": "SUBLANG_ENGLISH_US", "Name": {"FileOffset": 178368, "Value": 1033, "Offset": 0}, "CodePage": {"FileOffset": 178456, "Value": 1252, "Offset": 8}, "LANG_NAME": "LANG_ENGLISH", "OffsetToData": {"FileOffset": 178448, "Value": 188924, "Offset": 0}, "Reserved": {"FileOffset": 178460, "Value": 0, "Offset": 12}, "SUBLANG": 1, "Structure": "IMAGE_RESOURCE_DATA_ENTRY", "Size": {"FileOffset": 178452, "Value": 104, "Offset": 4}}]], {"Structure": "IMAGE_RESOURCE_DIRECTORY_ENTRY", "Id": [16, "RT_VERSION"], "OffsetToData": {"FileOffset": 178204, "Value": 2147483728, "Offset": 4}, "Name": {"FileOffset": 178200, "Value": 16, "Offset": 0}}, [{"MajorVersion": {"FileOffset": 178264, "Value": 4, "Offset": 8}, "NumberOfIdEntries": {"FileOffset": 178270, "Value": 1, "Offset": 14}, "MinorVersion": {"FileOffset": 178266, "Value": 0, "Offset": 10}, "TimeDateStamp": {"FileOffset": 178260, "Value": "0x0        [Thu Jan  1 00:00:00 1970 UTC]", "Offset": 4}, "Characteristics": {"FileOffset": 178256, "Value": 0, "Offset": 0}, "NumberOfNamedEntries": {"FileOffset": 178268, "Value": 0, "Offset": 12}, "Structure": "IMAGE_RESOURCE_DIRECTORY"}, {"Structure": "IMAGE_RESOURCE_DIRECTORY_ENTRY", "Id": 1, "OffsetToData": {"FileOffset": 178276, "Value": 2147483848, "Offset": 4}, "Name": {"FileOffset": 178272, "Value": 1, "Offset": 0}}, [{"MajorVersion": {"FileOffset": 178384, "Value": 4, "Offset": 8}, "NumberOfIdEntries": {"FileOffset": 178390, "Value": 1, "Offset": 14}, "MinorVersion": {"FileOffset": 178386, "Value": 0, "Offset": 10}, "TimeDateStamp": {"FileOffset": 178380, "Value": "0x0        [Thu Jan  1 00:00:00 1970 UTC]", "Offset": 4}, "Characteristics": {"FileOffset": 178376, "Value": 0, "Offset": 0}, "NumberOfNamedEntries": {"FileOffset": 178388, "Value": 0, "Offset": 12}, "Structure": "IMAGE_RESOURCE_DIRECTORY"}, {"LANG": 0, "SUBLANG_NAME": "SUBLANG_NEUTRAL", "Name": {"FileOffset": 178392, "Value": 0, "Offset": 0}, "CodePage": {"FileOffset": 178472, "Value": 1252, "Offset": 8}, "LANG_NAME": "LANG_NEUTRAL", "OffsetToData": {"FileOffset": 178464, "Value": 189028, "Offset": 0}, "Reserved": {"FileOffset": 178476, "Value": 0, "Offset": 12}, "SUBLANG": 0, "Structure": "IMAGE_RESOURCE_DATA_ENTRY", "Size": {"FileOffset": 178468, "Value": 788, "Offset": 4}}]]]}
