{"DllCharacteristics": ["IMAGE_DLLCHARACTERISTICS_NO_SEH", "IMAGE_DLLCHARACTERISTICS_TERMINAL_SERVER_AWARE", "IMAGE_DLLCHARACTERISTICS_DYNAMIC_BASE", "IMAGE_DLLCHARACTERISTICS_NX_COMPAT"], "FILE_HEADER": {"NumberOfSections": {"FileOffset": 134, "Value": 3, "Offset": 2}, "TimeDateStamp": {"FileOffset": 136, "Value": "0x53AEA6AF [Sat Jun 28 11:27:43 2014 UTC]", "Offset": 4}, "PointerToSymbolTable": {"FileOffset": 140, "Value": 0, "Offset": 8}, "NumberOfSymbols": {"FileOffset": 144, "Value": 0, "Offset": 12}, "Machine": {"FileOffset": 132, "Value": 332, "Offset": 0}, "Characteristics": {"FileOffset": 150, "Value": 258, "Offset": 18}, "SizeOfOptionalHeader": {"FileOffset": 148, "Value": 224, "Offset": 16}, "Structure": "IMAGE_FILE_HEADER"}, "Directories": [{"VirtualAddress": {"FileOffset": 248, "Value": 0, "Offset": 0}, "Structure": "IMAGE_DIRECTORY_ENTRY_EXPORT", "Size": {"FileOffset": 252, "Value": 0, "Offset": 4}}, {"VirtualAddress": {"FileOffset": 256, "Value": 178724, "Offset": 0}, "Structure": "IMAGE_DIRECTORY_ENTRY_IMPORT", "Size": {"FileOffset": 260, "Value": 87, "Offset": 4}}, {"VirtualAddress": {"FileOffset": 264, "Value": 180224, "Offset": 0}, "Structure": "IMAGE_DIRECTORY_ENTRY_RESOURCE", "Size": {"FileOffset": 268, "Value": 1400, "Offset": 4}}, {"VirtualAddress": {"FileOffset": 272, "Value": 0, "Offset": 0}, "Structure": "IMAGE_DIRECTORY_ENTRY_EXCEPTION", "Size": {"FileOffset": 276, "Value": 0, "Offset": 4}}, {"VirtualAddress": {"FileOffset": 280, "Value": 0, "Offset": 0}, "Structure": "IMAGE_DIRECTORY_ENTRY_SECURITY", "Size": {"FileOffset": 284, "Value": 0, "Offset": 4}}, {"VirtualAddress": {"FileOffset": 288, "Value": 188416, "Offset": 0}, "Structure": "IMAGE_DIRECTORY_ENTRY_BASERELOC", "Size": {"FileOffset": 292, "Value": 12, "Offset": 4}}, {"VirtualAddress": {"FileOffset": 296, "Value": 0, "Offset": 0}, "Structure": "IMAGE_DIRECTORY_ENTRY_DEBUG", "Size": {"FileOffset": 300, "Value": 0, "Offset": 4}}, {"VirtualAddress": {"FileOffset": 304, "Value": 0, "Offset": 0}, "Structure": "IMAGE_DIRECTORY_ENTRY_COPYRIGHT", "Size": {"FileOffset": 308, "Value": 0, "Offset": 4}}, {"VirtualAddress": {"FileOffset": 312, "Value": 0, "Offset": 0}, "Structure": "IMAGE_DIRECTORY_ENTRY_GLOBALPTR", "Size": {"FileOffset": 316, "Value": 0, "Offset": 4}}, {"VirtualAddress": {"FileOffset": 320, "Value": 0, "Offset": 0}, "Structure": "IMAGE_DIRECTORY_ENTRY_TLS", "Size": {"FileOffset": 324, "Value": 0, "Offset": 4}}, {"VirtualAddress": {"FileOffset": 328, "Value": 0, "Offset": 0}, "Structure": "IMAGE_DIRECTORY_ENTRY_LOAD_CONFIG", "Size": {"FileOffset": 332, "Value": 0, "Offset": 4}}, {"VirtualAddress": {"FileOffset": 336, "Value": 0, "Offset": 0}, "Structure": "IMAGE_DIRECTORY_ENTRY_BOUND_IMPORT", "Size": {"FileOffset": 340, "Value": 0, "Offset": 4}}, {"VirtualAddress": {"FileOffset": 344, "Value": 8192, "Offset": 0}, "Structure": "IMAGE_DIRECTORY_ENTRY_IAT", "Size": {"FileOffset": 348, "Value": 8, "Offset": 4}}, {"VirtualAddress": {"FileOffset": 352, "Value": 0, "Offset": 0}, "Structure": "IMAGE_DIRECTORY_ENTRY_DELAY_IMPORT", "Size": {"FileOffset": 356, "Value": 0, "Offset": 4}}, {"VirtualAddress": {"FileOffset": 360, "Value": 8200, "Offset": 0}, "Structure": "IMAGE_DIRECTORY_ENTRY_COM_DESCRIPTOR", "Size": {"FileOffset": 364, "Value": 72, "Offset": 4}}, {"VirtualAddress": {"FileOffset": 368, "Value": 0, "Offset": 0}, "Structure": "IMAGE_DIRECTORY_ENTRY_RESERVED", "Size": {"FileOffset": 372, "Value": 0, "Offset": 4}}], "OPTIONAL_HEADER": {"DllCharacteristics": {"FileOffset": 222, "Value": 34112, "Offset": 70}, "BaseOfCode": {"FileOffset": 172, "Value": 8192, "Offset": 20}, "MajorLinkerVersion": {"FileOffset": 154, "Value": 8, "Offset": 2}, "MinorOperatingSystemVersion": {"FileOffset": 194, "Value": 0, "Offset": 42}, "MinorLinkerVersion": {"FileOffset": 155, "Value": 0, "Offset": 3}, "MajorSubsystemVersion": {"FileOffset": 200, "Value": 4, "Offset": 48}, "MajorOperatingSystemVersion": {"FileOffset": 192, "Value": 4, "Offset": 40}, "SizeOfStackCommit": {"FileOffset": 228, "Value": 4096, "Offset": 76}, "SizeOfUninitializedData": {"FileOffset": 164, "Value": 0, "Offset": 12}, "NumberOfRvaAndSizes": {"FileOffset": 244, "Value": 16, "Offset": 92}, "SizeOfHeapReserve": {"FileOffset": 232, "Value": 1048576, "Offset": 80}, "LoaderFlags": {"FileOffset": 240, "Value": 0, "Offset": 88}, "SizeOfHeapCommit": {"FileOffset": 236, "Value": 4096, "Offset": 84}, "SizeOfStackReserve": {"FileOffset": 224, "Value": 1048576, "Offset": 72}, "Structure": "IMAGE_OPTIONAL_HEADER", "SizeOfHeaders": {"FileOffset": 212, "Value": 512, "Offset": 60}, "Subsystem": {"FileOffset": 220, "Value": 2, "Offset": 68}, "Magic": {"FileOffset": 152, "Value": 267, "Offset": 0}, "MinorImageVersion": {"FileOffset": 198, "Value": 0, "Offset": 46}, "MajorImageVersion": {"FileOffset": 196, "Value": 0, "Offset": 44}, "FileAlignment": {"FileOffset": 188, "Value": 512, "Offset": 36}, "BaseOfData": {"FileOffset": 176, "Value": 180224, "Offset": 24}, "AddressOfEntryPoint": {"FileOffset": 168, "Value": 178814, "Offset": 16}, "SectionAlignment": {"FileOffset": 184, "Value": 8192, "Offset": 32}, "SizeOfCode": {"FileOffset": 156, "Value": 171008, "Offset": 4}, "ImageBase": {"FileOffset": 180, "Value": 4194304, "Offset": 28}, "SizeOfInitializedData": {"FileOffset": 160, "Value": 2048, "Offset": 8}, "SizeOfImage": {"FileOffset": 208, "Value": 196608, "Offset": 56}, "MinorSubsystemVersion": {"FileOffset": 202, "Value": 0, "Offset": 50}, "CheckSum": {"FileOffset": 216, "Value": 0, "Offset": 64}, "Reserved1": {"FileOffset": 204, "Value": 0, "Offset": 52}}, "DOS_HEADER": {"e_cblp": {"FileOffset": 2, "Value": 144, "Offset": 2}, "e_crlc": {"FileOffset": 6, "Value": 0, "Offset": 6}, "e_ovno": {"FileOffset": 26, "Value": 0, "Offset": 26}, "e_minalloc": {"FileOffset": 10, "Value": 0, "Offset": 10}, "e_csum": {"FileOffset": 18, "Value": 0, "Offset": 18}, "e_cparhdr": {"FileOffset": 8, "Value": 4, "Offset": 8}, "e_cp": {"FileOffset": 4, "Value": 3, "Offset": 4}, "e_cs": {"FileOffset": 22, "Value": 0, "Offset": 22}, "e_maxalloc": {"FileOffset": 12, "Value": 65535, "Offset": 12}, "e_lfarlc": {"FileOffset": 24, "Value": 64, "Offset": 24}, "e_oemid": {"FileOffset": 36, "Value": 0, "Offset": 36}, "e_lfanew": {"FileOffset": 60, "Value": 128, "Offset": 60}, "e_ss": {"FileOffset": 14, "Value": 0, "Offset": 14}, "e_magic": {"FileOffset": 0, "Value": 23117, "Offset": 0}, "e_oeminfo": {"FileOffset": 38, "Value": 0, "Offset": 38}, "e_res2": {"FileOffset": 40, "Value": "", "Offset": 40}, "e_res": {"FileOffset": 28, "Value": "", "Offset": 28}, "e_sp": {"FileOffset": 16, "Value": 184, "Offset": 16}, "Structure": "IMAGE_DOS_HEADER", "e_ip": {"FileOffset": 20, "Value": 0, "Offset": 20}}, "Base relocations": [[{"SizeOfBlock": {"FileOffset": 173060, "Value": 12, "Offset": 4}, "VirtualAddress": {"FileOffset": 173056, "Value": 176128, "Offset": 0}, "Structure": "IMAGE_BASE_RELOCATION"}, {"RVA": 178816, "Type": "HIGHLOW"}, {"RVA": 176128, "Type": "ABSOLUTE"}]], "NT_HEADERS": {"Structure": "IMAGE_NT_HEADERS", "Signature": {"FileOffset": 128, "Value": 17744, "Offset": 0}}, "Flags": ["IMAGE_FILE_32BIT_MACHINE", "IMAGE_FILE_EXECUTABLE_IMAGE"], "Version Information": [{"ValueLength": {"FileOffset": 172134, "Value": 52, "Offset": 2}, "Length": {"FileOffset": 172132, "Value": 788, "Offset": 0}, "Type": {"FileOffset": 172136, "Value": 0, "Offset": 4}, "Structure": "VS_VERSIONINFO"}, {"FileFlagsMask": {"FileOffset": 172196, "Value": 63, "Offset": 24}, "FileType": {"FileOffset": 172208, "Value": 1, "Offset": 36}, "FileVersionMS": {"FileOffset": 172180, "Value": 65536, "Offset": 8}, "FileVersionLS": {"FileOffset": 172184, "Value": 0, "Offset": 12}, "Signature": {"FileOffset": 172172, "Value": 4277077181, "Offset": 0}, "FileSubtype": {"FileOffset": 172212, "Value": 0, "Offset": 40}, "FileFlags": {"FileOffset": 172200, "Value": 0, "Offset": 28}, "FileDateLS": {"FileOffset": 172220, "Value": 0, "Offset": 48}, "ProductVersionLS": {"FileOffset": 172192, "Value": 0, "Offset": 20}, "FileOS": {"FileOffset": 172204, "Value": 4, "Offset": 32}, "ProductVersionMS": {"FileOffset": 172188, "Value": 65536, "Offset": 16}, "FileDateMS": {"FileOffset": 172216, "Value": 0, "Offset": 44}, "Structure": "VS_FIXEDFILEINFO", "StrucVersion": {"FileOffset": 172176, "Value": 65536, "Offset": 4}}], "Imported symbols": [[{"TimeDateStamp": {"FileOffset": 171048, "Value": "0x0        [Thu Jan  1 00:00:00 1970 UTC]", "Offset": 4}, "Name": {"FileOffset": 171056, "Value": 178798, "Offset": 12}, "ForwarderChain": {"FileOffset": 171052, "Value": 0, "Offset": 8}, "OriginalFirstThunk": {"FileOffset": 171044, "Value": 178764, "Offset": 0}, "FirstThunk": {"FileOffset": 171060, "Value": 8192, "Offset": 16}, "Characteristics": {"FileOffset": 171044, "Value": 178764, "Offset": 0}, "Structure": "IMAGE_IMPORT_DESCRIPTOR"}, {"Hint": 0, "Name": "_CorExeMain", "DLL": "mscoree.dll"}]], "PE Sections": [{"PointerToRawData": {"FileOffset": 396, "Value": 512, "Offset": 20}, "SHA1": "ff92ff4a170c1805d64193959248e490f1980e80", "SHA256": "61eb80d06db1e280d2af34e4e4e65734d154963504e870968ef78b6b807ca0e6", "Name": {"FileOffset": 376, "Value": ".text", "Offset": 0}, "NumberOfRelocations": {"FileOffset": 408, "Value": 0, "Offset": 32}, "Misc_VirtualSize": {"FileOffset": 384, "Value": 170628, "Offset": 8}, "Characteristics": {"FileOffset": 412, "Value": 1610612768, "Offset": 36}, "Misc": {"FileOffset": 384, "Value": 170628, "Offset": 8}, "PointerToLinenumbers": {"FileOffset": 404, "Value": 0, "Offset": 28}, "SizeOfRawData": {"FileOffset": 392, "Value": 171008, "Offset": 16}, "Misc_PhysicalAddress": {"FileOffset": 384, "Value": 170628, "Offset": 8}, "PointerToRelocations": {"FileOffset": 400, "Value": 0, "Offset": 24}, "Flags": ["IMAGE_SCN_MEM_EXECUTE", "IMAGE_SCN_CNT_CODE", "IMAGE_SCN_MEM_READ"], "SHA512": "87a06637f1c2b59b721fa76f49ccad277e87d5f879a928fc575d1b0c652818d91ae35f19c0338bd9810dcf67cb1319c676d75e097874b59d48a9d4c3a5bc5d4e", "MD5": "163c5515dc38b60ea5ce412b3237272b", "Entropy": 6.714290215572517, "VirtualAddress": {"FileOffset": 388, "Value": 8192, "Offset": 12}, "Structure": "IMAGE_SECTION_HEADER", "NumberOfLinenumbers": {"FileOffset": 410, "Value": 0, "Offset": 34}}, {"PointerToRawData": {"FileOffset": 436, "Value": 171520, "Offset": 20}, "SHA1": "7fde7ca6c6a0ef88f285ebf001dca8d248f50306", "SHA256": "06ab7f111fb52570899521d4a768a3cb018212e8a855ea222f605d11d054f56e", "Name": {"FileOffset": 416, "Value": ".rsrc", "Offset": 0}, "NumberOfRelocations": {"FileOffset": 448, "Value": 0, "Offset": 32}, "Misc_VirtualSize": {"FileOffset": 424, "Value": 1400, "Offset": 8}, "Characteristics": {"FileOffset": 452, "Value": 1073741888, "Offset": 36}, "Misc": {"FileOffset": 424, "Value": 1400, "Offset": 8}, "PointerToLinenumbers": {"FileOffset": 444, "Value": 0, "Offset": 28}, "SizeOfRawData": {"FileOffset": 432, "Value": 1536, "Offset": 16}, "Misc_PhysicalAddress": {"FileOffset": 424, "Value": 1400, "Offset": 8}, "PointerToRelocations": {"FileOffset": 440, "Value": 0, "Offset": 24}, "Flags": ["IMAGE_SCN_CNT_INITIALIZED_DATA", "IMAGE_SCN_MEM_READ"], "SHA512": "72f83b0bbd24f58ae500565266a02b417a1931ca62b00845e320e4723a67073ed5d6bd2a20541bebde36e6dd957bd953f7bf6cba7ccbba77a0e53cb4451a3a1f", "MD5": "d91fd6a97b7bb1574e20d0a9c344b372", "Entropy": 3.26470187311714, "VirtualAddress": {"FileOffset": 428, "Value": 180224, "Offset": 12}, "Structure": "IMAGE_SECTION_HEADER", "NumberOfLinenumbers": {"FileOffset": 450, "Value": 0, "Offset": 34}}, {"PointerToRawData": {"FileOffset": 476, "Value": 173056, "Offset": 20}, "SHA1": "b59db69ebb3af4ab750416bf2db1ded03e747f67", "SHA256": "259a2939d3a6583c0f4aa36853cb9c43aeafd08e540b18f545a7b6987101b480", "Name": {"FileOffset": 456, "Value": ".reloc", "Offset": 0}, "NumberOfRelocations": {"FileOffset": 488, "Value": 0, "Offset": 32}, "Misc_VirtualSize": {"FileOffset": 464, "Value": 12, "Offset": 8}, "Characteristics": {"FileOffset": 492, "Value": 1107296320, "Offset": 36}, "Misc": {"FileOffset": 464, "Value": 12, "Offset": 8}, "PointerToLinenumbers": {"FileOffset": 484, "Value": 0, "Offset": 28}, "SizeOfRawData": {"FileOffset": 472, "Value": 512, "Offset": 16}, "Misc_PhysicalAddress": {"FileOffset": 464, "Value": 12, "Offset": 8}, "PointerToRelocations": {"FileOffset": 480, "Value": 0, "Offset": 24}, "Flags": ["IMAGE_SCN_CNT_INITIALIZED_DATA", "IMAGE_SCN_MEM_DISCARDABLE", "IMAGE_SCN_MEM_READ"], "SHA512": "24827aa38bb0667ca8eeb56d612b4ca32e09f72f1e6f6ea2be651c11bddc340774e5526e718317dcd12116d6dcd67302b6aeffc012e7c442156dcc73305993fc", "MD5": "54c400a942f1924442df61ca8e38b54d", "Entropy": 0.10191042566270775, "VirtualAddress": {"FileOffset": 468, "Value": 188416, "Offset": 12}, "Structure": "IMAGE_SECTION_HEADER", "NumberOfLinenumbers": {"FileOffset": 490, "Value": 0, "Offset": 34}}], "Resource directory": [{"MajorVersion": {"FileOffset": 171528, "Value": 4, "Offset": 8}, "NumberOfIdEntries": {"FileOffset": 171534, "Value": 1, "Offset": 14}, "MinorVersion": {"FileOffset": 171530, "Value": 0, "Offset": 10}, "TimeDateStamp": {"FileOffset": 171524, "Value": "0x0        [Thu Jan  1 00:00:00 1970 UTC]", "Offset": 4}, "Characteristics": {"FileOffset": 171520, "Value": 0, "Offset": 0}, "NumberOfNamedEntries": {"FileOffset": 171532, "Value": 1, "Offset": 12}, "Structure": "IMAGE_RESOURCE_DIRECTORY"}, {"Name": {"FileOffset": 171536, "Value": 2147483952, "Offset": 0}, "OffsetToData": {"FileOffset": 171540, "Value": 2147483680, "Offset": 4}, "Structure": "IMAGE_RESOURCE_DIRECTORY_ENTRY"}, [{"MajorVersion": {"FileOffset": 171560, "Value": 4, "Offset": 8}, "NumberOfIdEntries": {"FileOffset": 171566, "Value": 0, "Offset": 14}, "MinorVersion": {"FileOffset": 171562, "Value": 0, "Offset": 10}, "TimeDateStamp": {"FileOffset": 171556, "Value": "0x0        [Thu Jan  1 00:00:00 1970 UTC]", "Offset": 4}, "Characteristics": {"FileOffset": 171552, "Value": 0, "Offset": 0}, "NumberOfNamedEntries": {"FileOffset": 171564, "Value": 4, "Offset": 12}, "Structure": "IMAGE_RESOURCE_DIRECTORY"}, {"Name": {"FileOffset": 171568, "Value": 2147483966, "Offset": 0}, "OffsetToData": {"FileOffset": 171572, "Value": 2147483728, "Offset": 4}, "Structure": "IMAGE_RESOURCE_DIRECTORY_ENTRY"}, [{"MajorVersion": {"FileOffset": 171608, "Value": 4, "Offset": 8}, "NumberOfIdEntries": {"FileOffset": 171614, "Value": 1, "Offset": 14}, "MinorVersion": {"FileOffset": 171610, "Value": 0, "Offset": 10}, "TimeDateStamp": {"FileOffset": 171604, "Value": "0x0        [Thu Jan  1 00:00:00 1970 UTC]", "Offset": 4}, "Characteristics": {"FileOffset": 171600, "Value": 0, "Offset": 0}, "NumberOfNamedEntries": {"FileOffset": 171612, "Value": 0, "Offset": 12}, "Structure": "IMAGE_RESOURCE_DIRECTORY"}, {"LANG": 9, "SUBLANG_NAME": "SUBLANG_ENGLISH_US", "Name": {"FileOffset": 171616, "Value": 1033, "Offset": 0}, "CodePage": {"FileOffset": 171752, "Value": 1252, "Offset": 8}, "LANG_NAME": "LANG_ENGLISH", "OffsetToData": {"FileOffset": 171744, "Value": 180692, "Offset": 0}, "Reserved": {"FileOffset": 171756, "Value": 0, "Offset": 12}, "SUBLANG": 1, "Structure": "IMAGE_RESOURCE_DATA_ENTRY", "Size": {"FileOffset": 171748, "Value": 16, "Offset": 4}}], {"Name": {"FileOffset": 171576, "Value": 2147483988, "Offset": 0}, "OffsetToData": {"FileOffset": 171580, "Value": 2147483752, "Offset": 4}, "Structure": "IMAGE_RESOURCE_DIRECTORY_ENTRY"}, [{"MajorVersion": {"FileOffset": 171632, "Value": 4, "Offset": 8}, "NumberOfIdEntries": {"FileOffset": 171638, "Value": 1, "Offset": 14}, "MinorVersion": {"FileOffset": 171634, "Value": 0, "Offset": 10}, "TimeDateStamp": {"FileOffset": 171628, "Value": "0x0        [Thu Jan  1 00:00:00 1970 UTC]", "Offset": 4}, "Characteristics": {"FileOffset": 171624, "Value": 0, "Offset": 0}, "NumberOfNamedEntries": {"FileOffset": 171636, "Value": 0, "Offset": 12}, "Structure": "IMAGE_RESOURCE_DIRECTORY"}, {"LANG": 9, "SUBLANG_NAME": "SUBLANG_ENGLISH_US", "Name": {"FileOffset": 171640, "Value": 1033, "Offset": 0}, "CodePage": {"FileOffset": 171768, "Value": 1252, "Offset": 8}, "LANG_NAME": "LANG_ENGLISH", "OffsetToData": {"FileOffset": 171760, "Value": 180708, "Offset": 0}, "Reserved": {"FileOffset": 171772, "Value": 0, "Offset": 12}, "SUBLANG": 1, "Structure": "IMAGE_RESOURCE_DATA_ENTRY", "Size": {"FileOffset": 171764, "Value": 8, "Offset": 4}}], {"Name": {"FileOffset": 171584, "Value": 2147484038, "Offset": 0}, "OffsetToData": {"FileOffset": 171588, "Value": 2147483776, "Offset": 4}, "Structure": "IMAGE_RESOURCE_DIRECTORY_ENTRY"}, [{"MajorVersion": {"FileOffset": 171656, "Value": 4, "Offset": 8}, "NumberOfIdEntries": {"FileOffset": 171662, "Value": 1, "Offset": 14}, "MinorVersion": {"FileOffset": 171658, "Value": 0, "Offset": 10}, "TimeDateStamp": {"FileOffset": 171652, "Value": "0x0        [Thu Jan  1 00:00:00 1970 UTC]", "Offset": 4}, "Characteristics": {"FileOffset": 171648, "Value": 0, "Offset": 0}, "NumberOfNamedEntries": {"FileOffset": 171660, "Value": 0, "Offset": 12}, "Structure": "IMAGE_RESOURCE_DIRECTORY"}, {"LANG": 9, "SUBLANG_NAME": "SUBLANG_ENGLISH_US", "Name": {"FileOffset": 171664, "Value": 1033, "Offset": 0}, "CodePage": {"FileOffset": 171784, "Value": 1252, "Offset": 8}, "LANG_NAME": "LANG_ENGLISH", "OffsetToData": {"FileOffset": 171776, "Value": 180716, "Offset": 0}, "Reserved": {"FileOffset": 171788, "Value": 0, "Offset": 12}, "SUBLANG": 1, "Structure": "IMAGE_RESOURCE_DATA_ENTRY", "Size": {"FileOffset": 171780, "Value": 16, "Offset": 4}}], {"Name": {"FileOffset": 171592, "Value": 2147484088, "Offset": 0}, "OffsetToData": {"FileOffset": 171596, "Value": 2147483800, "Offset": 4}, "Structure": "IMAGE_RESOURCE_DIRECTORY_ENTRY"}, [{"MajorVersion": {"FileOffset": 171680, "Value": 4, "Offset": 8}, "NumberOfIdEntries": {"FileOffset": 171686, "Value": 1, "Offset": 14}, "MinorVersion": {"FileOffset": 171682, "Value": 0, "Offset": 10}, "TimeDateStamp": {"FileOffset": 171676, "Value": "0x0        [Thu Jan  1 00:00:00 1970 UTC]", "Offset": 4}, "Characteristics": {"FileOffset": 171672, "Value": 0, "Offset": 0}, "NumberOfNamedEntries": {"FileOffset": 171684, "Value": 0, "Offset": 12}, "Structure": "IMAGE_RESOURCE_DIRECTORY"}, {"LANG": 9, "SUBLANG_NAME": "SUBLANG_ENGLISH_US", "Name": {"FileOffset": 171688, "Value": 1033, "Offset": 0}, "CodePage": {"FileOffset": 171800, "Value": 1252, "Offset": 8}, "LANG_NAME": "LANG_ENGLISH", "OffsetToData": {"FileOffset": 171792, "Value": 180732, "Offset": 0}, "Reserved": {"FileOffset": 171804, "Value": 0, "Offset": 12}, "SUBLANG": 1, "Structure": "IMAGE_RESOURCE_DATA_ENTRY", "Size": {"FileOffset": 171796, "Value": 104, "Offset": 4}}]], {"Structure": "IMAGE_RESOURCE_DIRECTORY_ENTRY", "Id": [16, "RT_VERSION"], "OffsetToData": {"FileOffset": 171548, "Value": 2147483824, "Offset": 4}, "Name": {"FileOffset": 171544, "Value": 16, "Offset": 0}}, [{"MajorVersion": {"FileOffset": 171704, "Value": 4, "Offset": 8}, "NumberOfIdEntries": {"FileOffset": 171710, "Value": 1, "Offset": 14}, "MinorVersion": {"FileOffset": 171706, "Value": 0, "Offset": 10}, "TimeDateStamp": {"FileOffset": 171700, "Value": "0x0        [Thu Jan  1 00:00:00 1970 UTC]", "Offset": 4}, "Characteristics": {"FileOffset": 171696, "Value": 0, "Offset": 0}, "NumberOfNamedEntries": {"FileOffset": 171708, "Value": 0, "Offset": 12}, "Structure": "IMAGE_RESOURCE_DIRECTORY"}, {"Structure": "IMAGE_RESOURCE_DIRECTORY_ENTRY", "Id": 1, "OffsetToData": {"FileOffset": 171716, "Value": 2147483848, "Offset": 4}, "Name": {"FileOffset": 171712, "Value": 1, "Offset": 0}}, [{"MajorVersion": {"FileOffset": 171728, "Value": 4, "Offset": 8}, "NumberOfIdEntries": {"FileOffset": 171734, "Value": 1, "Offset": 14}, "MinorVersion": {"FileOffset": 171730, "Value": 0, "Offset": 10}, "TimeDateStamp": {"FileOffset": 171724, "Value": "0x0        [Thu Jan  1 00:00:00 1970 UTC]", "Offset": 4}, "Characteristics": {"FileOffset": 171720, "Value": 0, "Offset": 0}, "NumberOfNamedEntries": {"FileOffset": 171732, "Value": 0, "Offset": 12}, "Structure": "IMAGE_RESOURCE_DIRECTORY"}, {"LANG": 0, "SUBLANG_NAME": "SUBLANG_NEUTRAL", "Name": {"FileOffset": 171736, "Value": 0, "Offset": 0}, "CodePage": {"FileOffset": 171816, "Value": 1252, "Offset": 8}, "LANG_NAME": "LANG_NEUTRAL", "OffsetToData": {"FileOffset": 171808, "Value": 180836, "Offset": 0}, "Reserved": {"FileOffset": 171820, "Value": 0, "Offset": 12}, "SUBLANG": 0, "Structure": "IMAGE_RESOURCE_DATA_ENTRY", "Size": {"FileOffset": 171812, "Value": 788, "Offset": 4}}]]]}
