{"DllCharacteristics": ["IMAGE_DLLCHARACTERISTICS_NO_SEH", "IMAGE_DLLCHARACTERISTICS_TERMINAL_SERVER_AWARE", "IMAGE_DLLCHARACTERISTICS_DYNAMIC_BASE", "IMAGE_DLLCHARACTERISTICS_NX_COMPAT"], "FILE_HEADER": {"NumberOfSections": {"FileOffset": 134, "Value": 3, "Offset": 2}, "TimeDateStamp": {"FileOffset": 136, "Value": "0x53F251E7 [Mon Aug 18 19:20:07 2014 UTC]", "Offset": 4}, "PointerToSymbolTable": {"FileOffset": 140, "Value": 0, "Offset": 8}, "NumberOfSymbols": {"FileOffset": 144, "Value": 0, "Offset": 12}, "Machine": {"FileOffset": 132, "Value": 332, "Offset": 0}, "Characteristics": {"FileOffset": 150, "Value": 258, "Offset": 18}, "SizeOfOptionalHeader": {"FileOffset": 148, "Value": 224, "Offset": 16}, "Structure": "IMAGE_FILE_HEADER"}, "Directories": [{"VirtualAddress": {"FileOffset": 248, "Value": 0, "Offset": 0}, "Structure": "IMAGE_DIRECTORY_ENTRY_EXPORT", "Size": {"FileOffset": 252, "Value": 0, "Offset": 4}}, {"VirtualAddress": {"FileOffset": 256, "Value": 183700, "Offset": 0}, "Structure": "IMAGE_DIRECTORY_ENTRY_IMPORT", "Size": {"FileOffset": 260, "Value": 87, "Offset": 4}}, {"VirtualAddress": {"FileOffset": 264, "Value": 188416, "Offset": 0}, "Structure": "IMAGE_DIRECTORY_ENTRY_RESOURCE", "Size": {"FileOffset": 268, "Value": 1392, "Offset": 4}}, {"VirtualAddress": {"FileOffset": 272, "Value": 0, "Offset": 0}, "Structure": "IMAGE_DIRECTORY_ENTRY_EXCEPTION", "Size": {"FileOffset": 276, "Value": 0, "Offset": 4}}, {"VirtualAddress": {"FileOffset": 280, "Value": 0, "Offset": 0}, "Structure": "IMAGE_DIRECTORY_ENTRY_SECURITY", "Size": {"FileOffset": 284, "Value": 0, "Offset": 4}}, {"VirtualAddress": {"FileOffset": 288, "Value": 196608, "Offset": 0}, "Structure": "IMAGE_DIRECTORY_ENTRY_BASERELOC", "Size": {"FileOffset": 292, "Value": 12, "Offset": 4}}, {"VirtualAddress": {"FileOffset": 296, "Value": 183388, "Offset": 0}, "Structure": "IMAGE_DIRECTORY_ENTRY_DEBUG", "Size": {"FileOffset": 300, "Value": 28, "Offset": 4}}, {"VirtualAddress": {"FileOffset": 304, "Value": 0, "Offset": 0}, "Structure": "IMAGE_DIRECTORY_ENTRY_COPYRIGHT", "Size": {"FileOffset": 308, "Value": 0, "Offset": 4}}, {"VirtualAddress": {"FileOffset": 312, "Value": 0, "Offset": 0}, "Structure": "IMAGE_DIRECTORY_ENTRY_GLOBALPTR", "Size": {"FileOffset": 316, "Value": 0, "Offset": 4}}, {"VirtualAddress": {"FileOffset": 320, "Value": 0, "Offset": 0}, "Structure": "IMAGE_DIRECTORY_ENTRY_TLS", "Size": {"FileOffset": 324, "Value": 0, "Offset": 4}}, {"VirtualAddress": {"FileOffset": 328, "Value": 0, "Offset": 0}, "Structure": "IMAGE_DIRECTORY_ENTRY_LOAD_CONFIG", "Size": {"FileOffset": 332, "Value": 0, "Offset": 4}}, {"VirtualAddress": {"FileOffset": 336, "Value": 0, "Offset": 0}, "Structure": "IMAGE_DIRECTORY_ENTRY_BOUND_IMPORT", "Size": {"FileOffset": 340, "Value": 0, "Offset": 4}}, {"VirtualAddress": {"FileOffset": 344, "Value": 8192, "Offset": 0}, "Structure": "IMAGE_DIRECTORY_ENTRY_IAT", "Size": {"FileOffset": 348, "Value": 8, "Offset": 4}}, {"VirtualAddress": {"FileOffset": 352, "Value": 0, "Offset": 0}, "Structure": "IMAGE_DIRECTORY_ENTRY_DELAY_IMPORT", "Size": {"FileOffset": 356, "Value": 0, "Offset": 4}}, {"VirtualAddress": {"FileOffset": 360, "Value": 8200, "Offset": 0}, "Structure": "IMAGE_DIRECTORY_ENTRY_COM_DESCRIPTOR", "Size": {"FileOffset": 364, "Value": 72, "Offset": 4}}, {"VirtualAddress": {"FileOffset": 368, "Value": 0, "Offset": 0}, "Structure": "IMAGE_DIRECTORY_ENTRY_RESERVED", "Size": {"FileOffset": 372, "Value": 0, "Offset": 4}}], "OPTIONAL_HEADER": {"DllCharacteristics": {"FileOffset": 222, "Value": 34112, "Offset": 70}, "BaseOfCode": {"FileOffset": 172, "Value": 8192, "Offset": 20}, "MajorLinkerVersion": {"FileOffset": 154, "Value": 11, "Offset": 2}, "MinorOperatingSystemVersion": {"FileOffset": 194, "Value": 0, "Offset": 42}, "MinorLinkerVersion": {"FileOffset": 155, "Value": 0, "Offset": 3}, "MajorSubsystemVersion": {"FileOffset": 200, "Value": 4, "Offset": 48}, "MajorOperatingSystemVersion": {"FileOffset": 192, "Value": 4, "Offset": 40}, "SizeOfStackCommit": {"FileOffset": 228, "Value": 4096, "Offset": 76}, "SizeOfUninitializedData": {"FileOffset": 164, "Value": 0, "Offset": 12}, "NumberOfRvaAndSizes": {"FileOffset": 244, "Value": 16, "Offset": 92}, "SizeOfHeapReserve": {"FileOffset": 232, "Value": 1048576, "Offset": 80}, "LoaderFlags": {"FileOffset": 240, "Value": 0, "Offset": 88}, "SizeOfHeapCommit": {"FileOffset": 236, "Value": 4096, "Offset": 84}, "SizeOfStackReserve": {"FileOffset": 224, "Value": 1048576, "Offset": 72}, "Structure": "IMAGE_OPTIONAL_HEADER", "SizeOfHeaders": {"FileOffset": 212, "Value": 512, "Offset": 60}, "Subsystem": {"FileOffset": 220, "Value": 2, "Offset": 68}, "Magic": {"FileOffset": 152, "Value": 267, "Offset": 0}, "MinorImageVersion": {"FileOffset": 198, "Value": 0, "Offset": 46}, "MajorImageVersion": {"FileOffset": 196, "Value": 0, "Offset": 44}, "FileAlignment": {"FileOffset": 188, "Value": 512, "Offset": 36}, "BaseOfData": {"FileOffset": 176, "Value": 188416, "Offset": 24}, "AddressOfEntryPoint": {"FileOffset": 168, "Value": 183790, "Offset": 16}, "SectionAlignment": {"FileOffset": 184, "Value": 8192, "Offset": 32}, "SizeOfCode": {"FileOffset": 156, "Value": 175616, "Offset": 4}, "ImageBase": {"FileOffset": 180, "Value": 4194304, "Offset": 28}, "SizeOfInitializedData": {"FileOffset": 160, "Value": 2048, "Offset": 8}, "SizeOfImage": {"FileOffset": 208, "Value": 204800, "Offset": 56}, "MinorSubsystemVersion": {"FileOffset": 202, "Value": 0, "Offset": 50}, "CheckSum": {"FileOffset": 216, "Value": 0, "Offset": 64}, "Reserved1": {"FileOffset": 204, "Value": 0, "Offset": 52}}, "DOS_HEADER": {"e_cblp": {"FileOffset": 2, "Value": 144, "Offset": 2}, "e_crlc": {"FileOffset": 6, "Value": 0, "Offset": 6}, "e_ovno": {"FileOffset": 26, "Value": 0, "Offset": 26}, "e_minalloc": {"FileOffset": 10, "Value": 0, "Offset": 10}, "e_csum": {"FileOffset": 18, "Value": 0, "Offset": 18}, "e_cparhdr": {"FileOffset": 8, "Value": 4, "Offset": 8}, "e_cp": {"FileOffset": 4, "Value": 3, "Offset": 4}, "e_cs": {"FileOffset": 22, "Value": 0, "Offset": 22}, "e_maxalloc": {"FileOffset": 12, "Value": 65535, "Offset": 12}, "e_lfarlc": {"FileOffset": 24, "Value": 64, "Offset": 24}, "e_oemid": {"FileOffset": 36, "Value": 0, "Offset": 36}, "e_lfanew": {"FileOffset": 60, "Value": 128, "Offset": 60}, "e_ss": {"FileOffset": 14, "Value": 0, "Offset": 14}, "e_magic": {"FileOffset": 0, "Value": 23117, "Offset": 0}, "e_oeminfo": {"FileOffset": 38, "Value": 0, "Offset": 38}, "e_res2": {"FileOffset": 40, "Value": "", "Offset": 40}, "e_res": {"FileOffset": 28, "Value": "", "Offset": 28}, "e_sp": {"FileOffset": 16, "Value": 184, "Offset": 16}, "Structure": "IMAGE_DOS_HEADER", "e_ip": {"FileOffset": 20, "Value": 0, "Offset": 20}}, "Base relocations": [[{"SizeOfBlock": {"FileOffset": 177668, "Value": 12, "Offset": 4}, "VirtualAddress": {"FileOffset": 177664, "Value": 180224, "Offset": 0}, "Structure": "IMAGE_BASE_RELOCATION"}, {"RVA": 183792, "Type": "HIGHLOW"}, {"RVA": 180224, "Type": "ABSOLUTE"}]], "NT_HEADERS": {"Structure": "IMAGE_NT_HEADERS", "Signature": {"FileOffset": 128, "Value": 17744, "Offset": 0}}, "Flags": ["IMAGE_FILE_32BIT_MACHINE", "IMAGE_FILE_EXECUTABLE_IMAGE"], "Version Information": [{"ValueLength": {"FileOffset": 176734, "Value": 52, "Offset": 2}, "Length": {"FileOffset": 176732, "Value": 788, "Offset": 0}, "Type": {"FileOffset": 176736, "Value": 0, "Offset": 4}, "Structure": "VS_VERSIONINFO"}, {"FileFlagsMask": {"FileOffset": 176796, "Value": 63, "Offset": 24}, "FileType": {"FileOffset": 176808, "Value": 1, "Offset": 36}, "FileVersionMS": {"FileOffset": 176780, "Value": 65536, "Offset": 8}, "FileVersionLS": {"FileOffset": 176784, "Value": 0, "Offset": 12}, "Signature": {"FileOffset": 176772, "Value": 4277077181, "Offset": 0}, "FileSubtype": {"FileOffset": 176812, "Value": 0, "Offset": 40}, "FileFlags": {"FileOffset": 176800, "Value": 0, "Offset": 28}, "FileDateLS": {"FileOffset": 176820, "Value": 0, "Offset": 48}, "ProductVersionLS": {"FileOffset": 176792, "Value": 0, "Offset": 20}, "FileOS": {"FileOffset": 176804, "Value": 4, "Offset": 32}, "ProductVersionMS": {"FileOffset": 176788, "Value": 65536, "Offset": 16}, "FileDateMS": {"FileOffset": 176816, "Value": 0, "Offset": 44}, "Structure": "VS_FIXEDFILEINFO", "StrucVersion": {"FileOffset": 176776, "Value": 65536, "Offset": 4}}], "Debug information": [{"MajorVersion": {"FileOffset": 175716, "Value": 0, "Offset": 8}, "PointerToRawData": {"FileOffset": 175732, "Value": 175736, "Offset": 24}, "MinorVersion": {"FileOffset": 175718, "Value": 0, "Offset": 10}, "TimeDateStamp": {"FileOffset": 175712, "Value": "0x53F251E7 [Mon Aug 18 19:20:07 2014 UTC]", "Offset": 4}, "Characteristics": {"FileOffset": 175708, "Value": 0, "Offset": 0}, "Structure": "IMAGE_DEBUG_DIRECTORY", "Type": "IMAGE_DEBUG_TYPE_CODEVIEW", "SizeOfData": {"FileOffset": 175724, "Value": 284, "Offset": 16}, "AddressOfRawData": {"FileOffset": 175728, "Value": 183416, "Offset": 20}}], "Imported symbols": [[{"TimeDateStamp": {"FileOffset": 176024, "Value": "0x0        [Thu Jan  1 00:00:00 1970 UTC]", "Offset": 4}, "Name": {"FileOffset": 176032, "Value": 183774, "Offset": 12}, "ForwarderChain": {"FileOffset": 176028, "Value": 0, "Offset": 8}, "OriginalFirstThunk": {"FileOffset": 176020, "Value": 183740, "Offset": 0}, "FirstThunk": {"FileOffset": 176036, "Value": 8192, "Offset": 16}, "Characteristics": {"FileOffset": 176020, "Value": 183740, "Offset": 0}, "Structure": "IMAGE_IMPORT_DESCRIPTOR"}, {"Hint": 0, "Name": "_CorExeMain", "DLL": "mscoree.dll"}]], "PE Sections": [{"PointerToRawData": {"FileOffset": 396, "Value": 512, "Offset": 20}, "SHA1": "ee357d8147c00d27131650720dc09ad79c45ea8e", "SHA256": "f985da06d4fc8f0bf6d043d93462cad2e8cc820a870e6f6d490cd3dbfe0f1a5b", "Name": {"FileOffset": 376, "Value": ".text", "Offset": 0}, "NumberOfRelocations": {"FileOffset": 408, "Value": 0, "Offset": 32}, "Misc_VirtualSize": {"FileOffset": 384, "Value": 175604, "Offset": 8}, "Characteristics": {"FileOffset": 412, "Value": 1610612768, "Offset": 36}, "Misc": {"FileOffset": 384, "Value": 175604, "Offset": 8}, "PointerToLinenumbers": {"FileOffset": 404, "Value": 0, "Offset": 28}, "SizeOfRawData": {"FileOffset": 392, "Value": 175616, "Offset": 16}, "Misc_PhysicalAddress": {"FileOffset": 384, "Value": 175604, "Offset": 8}, "PointerToRelocations": {"FileOffset": 400, "Value": 0, "Offset": 24}, "Flags": ["IMAGE_SCN_MEM_EXECUTE", "IMAGE_SCN_CNT_CODE", "IMAGE_SCN_MEM_READ"], "SHA512": "6d7a10b10b0b91abc0acf4411e07445f4466b76094c3e4bcd5c77fbc2cf560afbc38df4671264b6a39f66b527c138b265719df28295295079c80062d2a36c8fd", "MD5": "e8d169d8d05f7bd23bf3d8dc282d80c0", "Entropy": 6.746530565234736, "VirtualAddress": {"FileOffset": 388, "Value": 8192, "Offset": 12}, "Structure": "IMAGE_SECTION_HEADER", "NumberOfLinenumbers": {"FileOffset": 410, "Value": 0, "Offset": 34}}, {"PointerToRawData": {"FileOffset": 436, "Value": 176128, "Offset": 20}, "SHA1": "0fb6bff10be096cbfc9115f7e727320e2e382d79", "SHA256": "d9d9eeba4b91a5aaa98361f2abad2a630238a4ee63d6fbdb0fbd717b19ae8f5a", "Name": {"FileOffset": 416, "Value": ".rsrc", "Offset": 0}, "NumberOfRelocations": {"FileOffset": 448, "Value": 0, "Offset": 32}, "Misc_VirtualSize": {"FileOffset": 424, "Value": 1392, "Offset": 8}, "Characteristics": {"FileOffset": 452, "Value": 1073741888, "Offset": 36}, "Misc": {"FileOffset": 424, "Value": 1392, "Offset": 8}, "PointerToLinenumbers": {"FileOffset": 444, "Value": 0, "Offset": 28}, "SizeOfRawData": {"FileOffset": 432, "Value": 1536, "Offset": 16}, "Misc_PhysicalAddress": {"FileOffset": 424, "Value": 1392, "Offset": 8}, "PointerToRelocations": {"FileOffset": 440, "Value": 0, "Offset": 24}, "Flags": ["IMAGE_SCN_CNT_INITIALIZED_DATA", "IMAGE_SCN_MEM_READ"], "SHA512": "8165b4130b702a1d1f0565a87e4b0811f1352b156a25fb2b6a765b26e01cb9f228c4ea0a39381d731b52bc7f1ed80d333f8d5da02c949ecf1da5198874cefb1c", "MD5": "2ca9d62230c816d681062bbf68e364c5", "Entropy": 3.7871518096917063, "VirtualAddress": {"FileOffset": 428, "Value": 188416, "Offset": 12}, "Structure": "IMAGE_SECTION_HEADER", "NumberOfLinenumbers": {"FileOffset": 450, "Value": 0, "Offset": 34}}, {"PointerToRawData": {"FileOffset": 476, "Value": 177664, "Offset": 20}, "SHA1": "d37366d13b7a310a2380b8c198d48f9711fb7a97", "SHA256": "b67b939ef976e02d145f6b764ac9a9dd974713066efb88c91da70fc22a81d722", "Name": {"FileOffset": 456, "Value": ".reloc", "Offset": 0}, "NumberOfRelocations": {"FileOffset": 488, "Value": 0, "Offset": 32}, "Misc_VirtualSize": {"FileOffset": 464, "Value": 12, "Offset": 8}, "Characteristics": {"FileOffset": 492, "Value": 1107296320, "Offset": 36}, "Misc": {"FileOffset": 464, "Value": 12, "Offset": 8}, "PointerToLinenumbers": {"FileOffset": 484, "Value": 0, "Offset": 28}, "SizeOfRawData": {"FileOffset": 472, "Value": 512, "Offset": 16}, "Misc_PhysicalAddress": {"FileOffset": 464, "Value": 12, "Offset": 8}, "PointerToRelocations": {"FileOffset": 480, "Value": 0, "Offset": 24}, "Flags": ["IMAGE_SCN_CNT_INITIALIZED_DATA", "IMAGE_SCN_MEM_DISCARDABLE", "IMAGE_SCN_MEM_READ"], "SHA512": "4dd470b5ced1d4b197beeca01e6d8d460a3475a5775ddd753e39db5dc43de2178de6dfac4e7db2d04280eb4c6dff59d389fd3a9734edc4857c08eeaca132ac1c", "MD5": "b2c026924673037f35020cbdf0f33e2a", "Entropy": 0.10191042566270775, "VirtualAddress": {"FileOffset": 468, "Value": 196608, "Offset": 12}, "Structure": "IMAGE_SECTION_HEADER", "NumberOfLinenumbers": {"FileOffset": 490, "Value": 0, "Offset": 34}}], "Resource directory": [{"MajorVersion": {"FileOffset": 176136, "Value": 4, "Offset": 8}, "NumberOfIdEntries": {"FileOffset": 176142, "Value": 1, "Offset": 14}, "MinorVersion": {"FileOffset": 176138, "Value": 0, "Offset": 10}, "TimeDateStamp": {"FileOffset": 176132, "Value": "0x0        [Thu Jan  1 00:00:00 1970 UTC]", "Offset": 4}, "Characteristics": {"FileOffset": 176128, "Value": 0, "Offset": 0}, "NumberOfNamedEntries": {"FileOffset": 176140, "Value": 1, "Offset": 12}, "Structure": "IMAGE_RESOURCE_DIRECTORY"}, {"Name": {"FileOffset": 176144, "Value": 2147483952, "Offset": 0}, "OffsetToData": {"FileOffset": 176148, "Value": 2147483680, "Offset": 4}, "Structure": "IMAGE_RESOURCE_DIRECTORY_ENTRY"}, [{"MajorVersion": {"FileOffset": 176168, "Value": 4, "Offset": 8}, "NumberOfIdEntries": {"FileOffset": 176174, "Value": 0, "Offset": 14}, "MinorVersion": {"FileOffset": 176170, "Value": 0, "Offset": 10}, "TimeDateStamp": {"FileOffset": 176164, "Value": "0x0        [Thu Jan  1 00:00:00 1970 UTC]", "Offset": 4}, "Characteristics": {"FileOffset": 176160, "Value": 0, "Offset": 0}, "NumberOfNamedEntries": {"FileOffset": 176172, "Value": 4, "Offset": 12}, "Structure": "IMAGE_RESOURCE_DIRECTORY"}, {"Name": {"FileOffset": 176176, "Value": 2147483966, "Offset": 0}, "OffsetToData": {"FileOffset": 176180, "Value": 2147483752, "Offset": 4}, "Structure": "IMAGE_RESOURCE_DIRECTORY_ENTRY"}, [{"MajorVersion": {"FileOffset": 176240, "Value": 4, "Offset": 8}, "NumberOfIdEntries": {"FileOffset": 176246, "Value": 1, "Offset": 14}, "MinorVersion": {"FileOffset": 176242, "Value": 0, "Offset": 10}, "TimeDateStamp": {"FileOffset": 176236, "Value": "0x0        [Thu Jan  1 00:00:00 1970 UTC]", "Offset": 4}, "Characteristics": {"FileOffset": 176232, "Value": 0, "Offset": 0}, "NumberOfNamedEntries": {"FileOffset": 176244, "Value": 0, "Offset": 12}, "Structure": "IMAGE_RESOURCE_DIRECTORY"}, {"LANG": 9, "SUBLANG_NAME": "SUBLANG_ENGLISH_US", "Name": {"FileOffset": 176248, "Value": 1033, "Offset": 0}, "CodePage": {"FileOffset": 176360, "Value": 1252, "Offset": 8}, "LANG_NAME": "LANG_ENGLISH", "OffsetToData": {"FileOffset": 176352, "Value": 188884, "Offset": 0}, "Reserved": {"FileOffset": 176364, "Value": 0, "Offset": 12}, "SUBLANG": 1, "Structure": "IMAGE_RESOURCE_DATA_ENTRY", "Size": {"FileOffset": 176356, "Value": 16, "Offset": 4}}], {"Name": {"FileOffset": 176184, "Value": 2147483988, "Offset": 0}, "OffsetToData": {"FileOffset": 176188, "Value": 2147483776, "Offset": 4}, "Structure": "IMAGE_RESOURCE_DIRECTORY_ENTRY"}, [{"MajorVersion": {"FileOffset": 176264, "Value": 4, "Offset": 8}, "NumberOfIdEntries": {"FileOffset": 176270, "Value": 1, "Offset": 14}, "MinorVersion": {"FileOffset": 176266, "Value": 0, "Offset": 10}, "TimeDateStamp": {"FileOffset": 176260, "Value": "0x0        [Thu Jan  1 00:00:00 1970 UTC]", "Offset": 4}, "Characteristics": {"FileOffset": 176256, "Value": 0, "Offset": 0}, "NumberOfNamedEntries": {"FileOffset": 176268, "Value": 0, "Offset": 12}, "Structure": "IMAGE_RESOURCE_DIRECTORY"}, {"LANG": 9, "SUBLANG_NAME": "SUBLANG_ENGLISH_US", "Name": {"FileOffset": 176272, "Value": 1033, "Offset": 0}, "CodePage": {"FileOffset": 176376, "Value": 1252, "Offset": 8}, "LANG_NAME": "LANG_ENGLISH", "OffsetToData": {"FileOffset": 176368, "Value": 188900, "Offset": 0}, "Reserved": {"FileOffset": 176380, "Value": 0, "Offset": 12}, "SUBLANG": 1, "Structure": "IMAGE_RESOURCE_DATA_ENTRY", "Size": {"FileOffset": 176372, "Value": 8, "Offset": 4}}], {"Name": {"FileOffset": 176192, "Value": 2147484038, "Offset": 0}, "OffsetToData": {"FileOffset": 176196, "Value": 2147483800, "Offset": 4}, "Structure": "IMAGE_RESOURCE_DIRECTORY_ENTRY"}, [{"MajorVersion": {"FileOffset": 176288, "Value": 4, "Offset": 8}, "NumberOfIdEntries": {"FileOffset": 176294, "Value": 1, "Offset": 14}, "MinorVersion": {"FileOffset": 176290, "Value": 0, "Offset": 10}, "TimeDateStamp": {"FileOffset": 176284, "Value": "0x0        [Thu Jan  1 00:00:00 1970 UTC]", "Offset": 4}, "Characteristics": {"FileOffset": 176280, "Value": 0, "Offset": 0}, "NumberOfNamedEntries": {"FileOffset": 176292, "Value": 0, "Offset": 12}, "Structure": "IMAGE_RESOURCE_DIRECTORY"}, {"LANG": 9, "SUBLANG_NAME": "SUBLANG_ENGLISH_US", "Name": {"FileOffset": 176296, "Value": 1033, "Offset": 0}, "CodePage": {"FileOffset": 176392, "Value": 1252, "Offset": 8}, "LANG_NAME": "LANG_ENGLISH", "OffsetToData": {"FileOffset": 176384, "Value": 188908, "Offset": 0}, "Reserved": {"FileOffset": 176396, "Value": 0, "Offset": 12}, "SUBLANG": 1, "Structure": "IMAGE_RESOURCE_DATA_ENTRY", "Size": {"FileOffset": 176388, "Value": 8, "Offset": 4}}], {"Name": {"FileOffset": 176200, "Value": 2147484088, "Offset": 0}, "OffsetToData": {"FileOffset": 176204, "Value": 2147483824, "Offset": 4}, "Structure": "IMAGE_RESOURCE_DIRECTORY_ENTRY"}, [{"MajorVersion": {"FileOffset": 176312, "Value": 4, "Offset": 8}, "NumberOfIdEntries": {"FileOffset": 176318, "Value": 1, "Offset": 14}, "MinorVersion": {"FileOffset": 176314, "Value": 0, "Offset": 10}, "TimeDateStamp": {"FileOffset": 176308, "Value": "0x0        [Thu Jan  1 00:00:00 1970 UTC]", "Offset": 4}, "Characteristics": {"FileOffset": 176304, "Value": 0, "Offset": 0}, "NumberOfNamedEntries": {"FileOffset": 176316, "Value": 0, "Offset": 12}, "Structure": "IMAGE_RESOURCE_DIRECTORY"}, {"LANG": 9, "SUBLANG_NAME": "SUBLANG_ENGLISH_US", "Name": {"FileOffset": 176320, "Value": 1033, "Offset": 0}, "CodePage": {"FileOffset": 176408, "Value": 1252, "Offset": 8}, "LANG_NAME": "LANG_ENGLISH", "OffsetToData": {"FileOffset": 176400, "Value": 188916, "Offset": 0}, "Reserved": {"FileOffset": 176412, "Value": 0, "Offset": 12}, "SUBLANG": 1, "Structure": "IMAGE_RESOURCE_DATA_ENTRY", "Size": {"FileOffset": 176404, "Value": 104, "Offset": 4}}]], {"Structure": "IMAGE_RESOURCE_DIRECTORY_ENTRY", "Id": [16, "RT_VERSION"], "OffsetToData": {"FileOffset": 176156, "Value": 2147483728, "Offset": 4}, "Name": {"FileOffset": 176152, "Value": 16, "Offset": 0}}, [{"MajorVersion": {"FileOffset": 176216, "Value": 4, "Offset": 8}, "NumberOfIdEntries": {"FileOffset": 176222, "Value": 1, "Offset": 14}, "MinorVersion": {"FileOffset": 176218, "Value": 0, "Offset": 10}, "TimeDateStamp": {"FileOffset": 176212, "Value": "0x0        [Thu Jan  1 00:00:00 1970 UTC]", "Offset": 4}, "Characteristics": {"FileOffset": 176208, "Value": 0, "Offset": 0}, "NumberOfNamedEntries": {"FileOffset": 176220, "Value": 0, "Offset": 12}, "Structure": "IMAGE_RESOURCE_DIRECTORY"}, {"Structure": "IMAGE_RESOURCE_DIRECTORY_ENTRY", "Id": 1, "OffsetToData": {"FileOffset": 176228, "Value": 2147483848, "Offset": 4}, "Name": {"FileOffset": 176224, "Value": 1, "Offset": 0}}, [{"MajorVersion": {"FileOffset": 176336, "Value": 4, "Offset": 8}, "NumberOfIdEntries": {"FileOffset": 176342, "Value": 1, "Offset": 14}, "MinorVersion": {"FileOffset": 176338, "Value": 0, "Offset": 10}, "TimeDateStamp": {"FileOffset": 176332, "Value": "0x0        [Thu Jan  1 00:00:00 1970 UTC]", "Offset": 4}, "Characteristics": {"FileOffset": 176328, "Value": 0, "Offset": 0}, "NumberOfNamedEntries": {"FileOffset": 176340, "Value": 0, "Offset": 12}, "Structure": "IMAGE_RESOURCE_DIRECTORY"}, {"LANG": 0, "SUBLANG_NAME": "SUBLANG_NEUTRAL", "Name": {"FileOffset": 176344, "Value": 0, "Offset": 0}, "CodePage": {"FileOffset": 176424, "Value": 1252, "Offset": 8}, "LANG_NAME": "LANG_NEUTRAL", "OffsetToData": {"FileOffset": 176416, "Value": 189020, "Offset": 0}, "Reserved": {"FileOffset": 176428, "Value": 0, "Offset": 12}, "SUBLANG": 0, "Structure": "IMAGE_RESOURCE_DATA_ENTRY", "Size": {"FileOffset": 176420, "Value": 788, "Offset": 4}}]]]}
