{"DllCharacteristics": ["IMAGE_DLLCHARACTERISTICS_NO_SEH", "IMAGE_DLLCHARACTERISTICS_TERMINAL_SERVER_AWARE", "IMAGE_DLLCHARACTERISTICS_DYNAMIC_BASE", "IMAGE_DLLCHARACTERISTICS_NX_COMPAT"], "FILE_HEADER": {"NumberOfSections": {"FileOffset": 134, "Value": 3, "Offset": 2}, "TimeDateStamp": {"FileOffset": 136, "Value": "0x513E1D7A [Mon Mar 11 18:07:54 2013 UTC]", "Offset": 4}, "PointerToSymbolTable": {"FileOffset": 140, "Value": 0, "Offset": 8}, "NumberOfSymbols": {"FileOffset": 144, "Value": 0, "Offset": 12}, "Machine": {"FileOffset": 132, "Value": 332, "Offset": 0}, "Characteristics": {"FileOffset": 150, "Value": 258, "Offset": 18}, "SizeOfOptionalHeader": {"FileOffset": 148, "Value": 224, "Offset": 16}, "Structure": "IMAGE_FILE_HEADER"}, "Directories": [{"VirtualAddress": {"FileOffset": 248, "Value": 0, "Offset": 0}, "Structure": "IMAGE_DIRECTORY_ENTRY_EXPORT", "Size": {"FileOffset": 252, "Value": 0, "Offset": 4}}, {"VirtualAddress": {"FileOffset": 256, "Value": 31424, "Offset": 0}, "Structure": "IMAGE_DIRECTORY_ENTRY_IMPORT", "Size": {"FileOffset": 260, "Value": 88, "Offset": 4}}, {"VirtualAddress": {"FileOffset": 264, "Value": 8192, "Offset": 0}, "Structure": "IMAGE_DIRECTORY_ENTRY_RESOURCE", "Size": {"FileOffset": 268, "Value": 880, "Offset": 4}}, {"VirtualAddress": {"FileOffset": 272, "Value": 0, "Offset": 0}, "Structure": "IMAGE_DIRECTORY_ENTRY_EXCEPTION", "Size": {"FileOffset": 276, "Value": 0, "Offset": 4}}, {"VirtualAddress": {"FileOffset": 280, "Value": 0, "Offset": 0}, "Structure": "IMAGE_DIRECTORY_ENTRY_SECURITY", "Size": {"FileOffset": 284, "Value": 0, "Offset": 4}}, {"VirtualAddress": {"FileOffset": 288, "Value": 90112, "Offset": 0}, "Structure": "IMAGE_DIRECTORY_ENTRY_BASERELOC", "Size": {"FileOffset": 292, "Value": 12, "Offset": 4}}, {"VirtualAddress": {"FileOffset": 296, "Value": 0, "Offset": 0}, "Structure": "IMAGE_DIRECTORY_ENTRY_DEBUG", "Size": {"FileOffset": 300, "Value": 0, "Offset": 4}}, {"VirtualAddress": {"FileOffset": 304, "Value": 0, "Offset": 0}, "Structure": "IMAGE_DIRECTORY_ENTRY_COPYRIGHT", "Size": {"FileOffset": 308, "Value": 0, "Offset": 4}}, {"VirtualAddress": {"FileOffset": 312, "Value": 0, "Offset": 0}, "Structure": "IMAGE_DIRECTORY_ENTRY_GLOBALPTR", "Size": {"FileOffset": 316, "Value": 0, "Offset": 4}}, {"VirtualAddress": {"FileOffset": 320, "Value": 0, "Offset": 0}, "Structure": "IMAGE_DIRECTORY_ENTRY_TLS", "Size": {"FileOffset": 324, "Value": 0, "Offset": 4}}, {"VirtualAddress": {"FileOffset": 328, "Value": 0, "Offset": 0}, "Structure": "IMAGE_DIRECTORY_ENTRY_LOAD_CONFIG", "Size": {"FileOffset": 332, "Value": 0, "Offset": 4}}, {"VirtualAddress": {"FileOffset": 336, "Value": 0, "Offset": 0}, "Structure": "IMAGE_DIRECTORY_ENTRY_BOUND_IMPORT", "Size": {"FileOffset": 340, "Value": 0, "Offset": 4}}, {"VirtualAddress": {"FileOffset": 344, "Value": 31464, "Offset": 0}, "Structure": "IMAGE_DIRECTORY_ENTRY_IAT", "Size": {"FileOffset": 348, "Value": 8, "Offset": 4}}, {"VirtualAddress": {"FileOffset": 352, "Value": 0, "Offset": 0}, "Structure": "IMAGE_DIRECTORY_ENTRY_DELAY_IMPORT", "Size": {"FileOffset": 356, "Value": 0, "Offset": 4}}, {"VirtualAddress": {"FileOffset": 360, "Value": 65728, "Offset": 0}, "Structure": "IMAGE_DIRECTORY_ENTRY_COM_DESCRIPTOR", "Size": {"FileOffset": 364, "Value": 72, "Offset": 4}}, {"VirtualAddress": {"FileOffset": 368, "Value": 0, "Offset": 0}, "Structure": "IMAGE_DIRECTORY_ENTRY_RESERVED", "Size": {"FileOffset": 372, "Value": 0, "Offset": 4}}], "OPTIONAL_HEADER": {"DllCharacteristics": {"FileOffset": 222, "Value": 34112, "Offset": 70}, "BaseOfCode": {"FileOffset": 172, "Value": 16384, "Offset": 20}, "MajorLinkerVersion": {"FileOffset": 154, "Value": 8, "Offset": 2}, "MinorOperatingSystemVersion": {"FileOffset": 194, "Value": 0, "Offset": 42}, "MinorLinkerVersion": {"FileOffset": 155, "Value": 0, "Offset": 3}, "MajorSubsystemVersion": {"FileOffset": 200, "Value": 4, "Offset": 48}, "MajorOperatingSystemVersion": {"FileOffset": 192, "Value": 4, "Offset": 40}, "SizeOfStackCommit": {"FileOffset": 228, "Value": 4096, "Offset": 76}, "SizeOfUninitializedData": {"FileOffset": 164, "Value": 0, "Offset": 12}, "NumberOfRvaAndSizes": {"FileOffset": 244, "Value": 16, "Offset": 92}, "SizeOfHeapReserve": {"FileOffset": 232, "Value": 1048576, "Offset": 80}, "LoaderFlags": {"FileOffset": 240, "Value": 0, "Offset": 88}, "SizeOfHeapCommit": {"FileOffset": 236, "Value": 4096, "Offset": 84}, "SizeOfStackReserve": {"FileOffset": 224, "Value": 1048576, "Offset": 72}, "Structure": "IMAGE_OPTIONAL_HEADER", "SizeOfHeaders": {"FileOffset": 212, "Value": 512, "Offset": 60}, "Subsystem": {"FileOffset": 220, "Value": 2, "Offset": 68}, "Magic": {"FileOffset": 152, "Value": 267, "Offset": 0}, "MinorImageVersion": {"FileOffset": 198, "Value": 0, "Offset": 46}, "MajorImageVersion": {"FileOffset": 196, "Value": 0, "Offset": 44}, "FileAlignment": {"FileOffset": 188, "Value": 512, "Offset": 36}, "BaseOfData": {"FileOffset": 176, "Value": 8192, "Offset": 24}, "AddressOfEntryPoint": {"FileOffset": 168, "Value": 31480, "Offset": 16}, "SectionAlignment": {"FileOffset": 184, "Value": 8192, "Offset": 32}, "SizeOfCode": {"FileOffset": 156, "Value": 70656, "Offset": 4}, "ImageBase": {"FileOffset": 180, "Value": 4194304, "Offset": 28}, "SizeOfInitializedData": {"FileOffset": 160, "Value": 1536, "Offset": 8}, "SizeOfImage": {"FileOffset": 208, "Value": 98304, "Offset": 56}, "MinorSubsystemVersion": {"FileOffset": 202, "Value": 0, "Offset": 50}, "CheckSum": {"FileOffset": 216, "Value": 77408, "Offset": 64}, "Reserved1": {"FileOffset": 204, "Value": 0, "Offset": 52}}, "DOS_HEADER": {"e_cblp": {"FileOffset": 2, "Value": 144, "Offset": 2}, "e_crlc": {"FileOffset": 6, "Value": 0, "Offset": 6}, "e_ovno": {"FileOffset": 26, "Value": 0, "Offset": 26}, "e_minalloc": {"FileOffset": 10, "Value": 0, "Offset": 10}, "e_csum": {"FileOffset": 18, "Value": 0, "Offset": 18}, "e_cparhdr": {"FileOffset": 8, "Value": 4, "Offset": 8}, "e_cp": {"FileOffset": 4, "Value": 3, "Offset": 4}, "e_cs": {"FileOffset": 22, "Value": 0, "Offset": 22}, "e_maxalloc": {"FileOffset": 12, "Value": 65535, "Offset": 12}, "e_lfarlc": {"FileOffset": 24, "Value": 64, "Offset": 24}, "e_oemid": {"FileOffset": 36, "Value": 0, "Offset": 36}, "e_lfanew": {"FileOffset": 60, "Value": 128, "Offset": 60}, "e_ss": {"FileOffset": 14, "Value": 0, "Offset": 14}, "e_magic": {"FileOffset": 0, "Value": 23117, "Offset": 0}, "e_oeminfo": {"FileOffset": 38, "Value": 0, "Offset": 38}, "e_res2": {"FileOffset": 40, "Value": "", "Offset": 40}, "e_res": {"FileOffset": 28, "Value": "", "Offset": 28}, "e_sp": {"FileOffset": 16, "Value": 184, "Offset": 16}, "Structure": "IMAGE_DOS_HEADER", "e_ip": {"FileOffset": 20, "Value": 0, "Offset": 20}}, "Base relocations": [[{"SizeOfBlock": {"FileOffset": 72196, "Value": 12, "Offset": 4}, "VirtualAddress": {"FileOffset": 72192, "Value": 31480, "Offset": 0}, "Structure": "IMAGE_BASE_RELOCATION"}, {"RVA": 31482, "Type": "HIGHLOW"}, {"RVA": 31480, "Type": "ABSOLUTE"}]], "NT_HEADERS": {"Structure": "IMAGE_NT_HEADERS", "Signature": {"FileOffset": 128, "Value": 17744, "Offset": 0}}, "Flags": ["IMAGE_FILE_32BIT_MACHINE", "IMAGE_FILE_EXECUTABLE_IMAGE"], "Version Information": [{"ValueLength": {"FileOffset": 602, "Value": 52, "Offset": 2}, "Length": {"FileOffset": 600, "Value": 788, "Offset": 0}, "Type": {"FileOffset": 604, "Value": 0, "Offset": 4}, "Structure": "VS_VERSIONINFO"}, {"FileFlagsMask": {"FileOffset": 664, "Value": 63, "Offset": 24}, "FileType": {"FileOffset": 676, "Value": 1, "Offset": 36}, "FileVersionMS": {"FileOffset": 648, "Value": 65536, "Offset": 8}, "FileVersionLS": {"FileOffset": 652, "Value": 0, "Offset": 12}, "Signature": {"FileOffset": 640, "Value": 4277077181, "Offset": 0}, "FileSubtype": {"FileOffset": 680, "Value": 0, "Offset": 40}, "FileFlags": {"FileOffset": 668, "Value": 0, "Offset": 28}, "FileDateLS": {"FileOffset": 688, "Value": 0, "Offset": 48}, "ProductVersionLS": {"FileOffset": 660, "Value": 0, "Offset": 20}, "FileOS": {"FileOffset": 672, "Value": 4, "Offset": 32}, "ProductVersionMS": {"FileOffset": 656, "Value": 65536, "Offset": 16}, "FileDateMS": {"FileOffset": 684, "Value": 0, "Offset": 44}, "Structure": "VS_FIXEDFILEINFO", "StrucVersion": {"FileOffset": 644, "Value": 65536, "Offset": 4}}], "Imported symbols": [[{"TimeDateStamp": {"FileOffset": 16580, "Value": "0x0        [Thu Jan  1 00:00:00 1970 UTC]", "Offset": 4}, "Name": {"FileOffset": 16588, "Value": 31500, "Offset": 12}, "ForwarderChain": {"FileOffset": 16584, "Value": 0, "Offset": 8}, "OriginalFirstThunk": {"FileOffset": 16576, "Value": 31472, "Offset": 0}, "FirstThunk": {"FileOffset": 16592, "Value": 31464, "Offset": 16}, "Characteristics": {"FileOffset": 16576, "Value": 31472, "Offset": 0}, "Structure": "IMAGE_IMPORT_DESCRIPTOR"}, {"Hint": 0, "Name": "_CorExeMain", "DLL": "mscoree.dll"}]], "PE Sections": [{"PointerToRawData": {"FileOffset": 396, "Value": 512, "Offset": 20}, "SHA1": "d5661cd17d0110dca9c32625a12b797462c2809c", "SHA256": "4e0973471d626fb9bc4757b15107e9ae9b04b17051b27ff1a1d21b33ee1421ea", "Name": {"FileOffset": 376, "Value": ".rsrc", "Offset": 0}, "NumberOfRelocations": {"FileOffset": 408, "Value": 0, "Offset": 32}, "Misc_VirtualSize": {"FileOffset": 384, "Value": 880, "Offset": 8}, "Characteristics": {"FileOffset": 412, "Value": 1073741888, "Offset": 36}, "Misc": {"FileOffset": 384, "Value": 880, "Offset": 8}, "PointerToLinenumbers": {"FileOffset": 404, "Value": 0, "Offset": 28}, "SizeOfRawData": {"FileOffset": 392, "Value": 1024, "Offset": 16}, "Misc_PhysicalAddress": {"FileOffset": 384, "Value": 880, "Offset": 8}, "PointerToRelocations": {"FileOffset": 400, "Value": 0, "Offset": 24}, "Flags": ["IMAGE_SCN_CNT_INITIALIZED_DATA", "IMAGE_SCN_MEM_READ"], "SHA512": "5024b34154c68fa510aba48d36ed7856d94a2ea38a647222fc778a73eaca1b2b963f9ec9296a3a1a87cdd84082111739c4b76d9ef9f350d751221c6cceb80496", "MD5": "3c40c546f15ee0abe1e20e14305cc555", "Entropy": 2.7938748077573625, "VirtualAddress": {"FileOffset": 388, "Value": 8192, "Offset": 12}, "Structure": "IMAGE_SECTION_HEADER", "NumberOfLinenumbers": {"FileOffset": 410, "Value": 0, "Offset": 34}}, {"PointerToRawData": {"FileOffset": 436, "Value": 1536, "Offset": 20}, "SHA1": "4053f958edf3c57929b36378890eaaefd5c8cce3", "SHA256": "5db28c965bd0333bf134c6fed9e95cc1357b6671c4997fce0108964962d954f4", "Name": {"FileOffset": 416, "Value": ".text", "Offset": 0}, "NumberOfRelocations": {"FileOffset": 448, "Value": 0, "Offset": 32}, "Misc_VirtualSize": {"FileOffset": 424, "Value": 70404, "Offset": 8}, "Characteristics": {"FileOffset": 452, "Value": 1610612768, "Offset": 36}, "Misc": {"FileOffset": 424, "Value": 70404, "Offset": 8}, "PointerToLinenumbers": {"FileOffset": 444, "Value": 0, "Offset": 28}, "SizeOfRawData": {"FileOffset": 432, "Value": 70656, "Offset": 16}, "Misc_PhysicalAddress": {"FileOffset": 424, "Value": 70404, "Offset": 8}, "PointerToRelocations": {"FileOffset": 440, "Value": 0, "Offset": 24}, "Flags": ["IMAGE_SCN_MEM_EXECUTE", "IMAGE_SCN_CNT_CODE", "IMAGE_SCN_MEM_READ"], "SHA512": "7614b3157414bcacd0a5e9d1c10ae8790d8a284e1df6f73a8c9ef362472d68e491fa2166ae0338f58937ab0d14af1ebbfd4eb40bdd17dca07a6dd5b94c95f24f", "MD5": "45d623ac049b86015f2cd44e568eb23b", "Entropy": 7.092926414085963, "VirtualAddress": {"FileOffset": 428, "Value": 16384, "Offset": 12}, "Structure": "IMAGE_SECTION_HEADER", "NumberOfLinenumbers": {"FileOffset": 450, "Value": 0, "Offset": 34}}, {"PointerToRawData": {"FileOffset": 476, "Value": 72192, "Offset": 20}, "SHA1": "07ca63f09bff0799925ee1afe56d34ab5ef4a88a", "SHA256": "d855d03d5f8728c7b6002ec1a68d2398ed0bfd7666f86e77db8acb7cb04e6e0a", "Name": {"FileOffset": 456, "Value": ".reloc", "Offset": 0}, "NumberOfRelocations": {"FileOffset": 488, "Value": 0, "Offset": 32}, "Misc_VirtualSize": {"FileOffset": 464, "Value": 12, "Offset": 8}, "Characteristics": {"FileOffset": 492, "Value": 1107296320, "Offset": 36}, "Misc": {"FileOffset": 464, "Value": 12, "Offset": 8}, "PointerToLinenumbers": {"FileOffset": 484, "Value": 0, "Offset": 28}, "SizeOfRawData": {"FileOffset": 472, "Value": 512, "Offset": 16}, "Misc_PhysicalAddress": {"FileOffset": 464, "Value": 12, "Offset": 8}, "PointerToRelocations": {"FileOffset": 480, "Value": 0, "Offset": 24}, "Flags": ["IMAGE_SCN_CNT_INITIALIZED_DATA", "IMAGE_SCN_MEM_DISCARDABLE", "IMAGE_SCN_MEM_READ"], "SHA512": "f8f9cdc134d56595d73bcb2fb968934713914b5ca85a1e2c1c5112bd7997444130ff26e4884594dec4d13c03f0c7db139236f4458a15ecd9f384637dccb5d95d", "MD5": "29c37460f5b5c5575b083a77fad7dd53", "Entropy": 0.10191042566270775, "VirtualAddress": {"FileOffset": 468, "Value": 90112, "Offset": 12}, "Structure": "IMAGE_SECTION_HEADER", "NumberOfLinenumbers": {"FileOffset": 490, "Value": 0, "Offset": 34}}], "Resource directory": [{"MajorVersion": {"FileOffset": 520, "Value": 0, "Offset": 8}, "NumberOfIdEntries": {"FileOffset": 526, "Value": 1, "Offset": 14}, "MinorVersion": {"FileOffset": 522, "Value": 0, "Offset": 10}, "TimeDateStamp": {"FileOffset": 516, "Value": "0x0        [Thu Jan  1 00:00:00 1970 UTC]", "Offset": 4}, "Characteristics": {"FileOffset": 512, "Value": 0, "Offset": 0}, "NumberOfNamedEntries": {"FileOffset": 524, "Value": 0, "Offset": 12}, "Structure": "IMAGE_RESOURCE_DIRECTORY"}, {"Structure": "IMAGE_RESOURCE_DIRECTORY_ENTRY", "Id": [16, "RT_VERSION"], "OffsetToData": {"FileOffset": 532, "Value": 2147483672, "Offset": 4}, "Name": {"FileOffset": 528, "Value": 16, "Offset": 0}}, [{"MajorVersion": {"FileOffset": 544, "Value": 0, "Offset": 8}, "NumberOfIdEntries": {"FileOffset": 550, "Value": 1, "Offset": 14}, "MinorVersion": {"FileOffset": 546, "Value": 0, "Offset": 10}, "TimeDateStamp": {"FileOffset": 540, "Value": "0x0        [Thu Jan  1 00:00:00 1970 UTC]", "Offset": 4}, "Characteristics": {"FileOffset": 536, "Value": 0, "Offset": 0}, "NumberOfNamedEntries": {"FileOffset": 548, "Value": 0, "Offset": 12}, "Structure": "IMAGE_RESOURCE_DIRECTORY"}, {"Structure": "IMAGE_RESOURCE_DIRECTORY_ENTRY", "Id": 1, "OffsetToData": {"FileOffset": 556, "Value": 2147483696, "Offset": 4}, "Name": {"FileOffset": 552, "Value": 1, "Offset": 0}}, [{"MajorVersion": {"FileOffset": 568, "Value": 0, "Offset": 8}, "NumberOfIdEntries": {"FileOffset": 574, "Value": 1, "Offset": 14}, "MinorVersion": {"FileOffset": 570, "Value": 0, "Offset": 10}, "TimeDateStamp": {"FileOffset": 564, "Value": "0x0        [Thu Jan  1 00:00:00 1970 UTC]", "Offset": 4}, "Characteristics": {"FileOffset": 560, "Value": 0, "Offset": 0}, "NumberOfNamedEntries": {"FileOffset": 572, "Value": 0, "Offset": 12}, "Structure": "IMAGE_RESOURCE_DIRECTORY"}, {"LANG": 0, "SUBLANG_NAME": "SUBLANG_NEUTRAL", "Name": {"FileOffset": 576, "Value": 0, "Offset": 0}, "CodePage": {"FileOffset": 592, "Value": 0, "Offset": 8}, "LANG_NAME": "LANG_NEUTRAL", "OffsetToData": {"FileOffset": 584, "Value": 8280, "Offset": 0}, "Reserved": {"FileOffset": 596, "Value": 0, "Offset": 12}, "SUBLANG": 0, "Structure": "IMAGE_RESOURCE_DATA_ENTRY", "Size": {"FileOffset": 588, "Value": 788, "Offset": 4}}]]]}
