{"DllCharacteristics": ["IMAGE_DLLCHARACTERISTICS_NO_SEH", "IMAGE_DLLCHARACTERISTICS_TERMINAL_SERVER_AWARE", "IMAGE_DLLCHARACTERISTICS_DYNAMIC_BASE", "IMAGE_DLLCHARACTERISTICS_NX_COMPAT"], "FILE_HEADER": {"NumberOfSections": {"FileOffset": 134, "Value": 3, "Offset": 2}, "TimeDateStamp": {"FileOffset": 136, "Value": "0x53F92178 [Sat Aug 23 23:19:20 2014 UTC]", "Offset": 4}, "PointerToSymbolTable": {"FileOffset": 140, "Value": 0, "Offset": 8}, "NumberOfSymbols": {"FileOffset": 144, "Value": 0, "Offset": 12}, "Machine": {"FileOffset": 132, "Value": 332, "Offset": 0}, "Characteristics": {"FileOffset": 150, "Value": 8450, "Offset": 18}, "SizeOfOptionalHeader": {"FileOffset": 148, "Value": 224, "Offset": 16}, "Structure": "IMAGE_FILE_HEADER"}, "Directories": [{"VirtualAddress": {"FileOffset": 248, "Value": 0, "Offset": 0}, "Structure": "IMAGE_DIRECTORY_ENTRY_EXPORT", "Size": {"FileOffset": 252, "Value": 0, "Offset": 4}}, {"VirtualAddress": {"FileOffset": 256, "Value": 17164, "Offset": 0}, "Structure": "IMAGE_DIRECTORY_ENTRY_IMPORT", "Size": {"FileOffset": 260, "Value": 79, "Offset": 4}}, {"VirtualAddress": {"FileOffset": 264, "Value": 24576, "Offset": 0}, "Structure": "IMAGE_DIRECTORY_ENTRY_RESOURCE", "Size": {"FileOffset": 268, "Value": 864, "Offset": 4}}, {"VirtualAddress": {"FileOffset": 272, "Value": 0, "Offset": 0}, "Structure": "IMAGE_DIRECTORY_ENTRY_EXCEPTION", "Size": {"FileOffset": 276, "Value": 0, "Offset": 4}}, {"VirtualAddress": {"FileOffset": 280, "Value": 0, "Offset": 0}, "Structure": "IMAGE_DIRECTORY_ENTRY_SECURITY", "Size": {"FileOffset": 284, "Value": 0, "Offset": 4}}, {"VirtualAddress": {"FileOffset": 288, "Value": 32768, "Offset": 0}, "Structure": "IMAGE_DIRECTORY_ENTRY_BASERELOC", "Size": {"FileOffset": 292, "Value": 12, "Offset": 4}}, {"VirtualAddress": {"FileOffset": 296, "Value": 16852, "Offset": 0}, "Structure": "IMAGE_DIRECTORY_ENTRY_DEBUG", "Size": {"FileOffset": 300, "Value": 28, "Offset": 4}}, {"VirtualAddress": {"FileOffset": 304, "Value": 0, "Offset": 0}, "Structure": "IMAGE_DIRECTORY_ENTRY_COPYRIGHT", "Size": {"FileOffset": 308, "Value": 0, "Offset": 4}}, {"VirtualAddress": {"FileOffset": 312, "Value": 0, "Offset": 0}, "Structure": "IMAGE_DIRECTORY_ENTRY_GLOBALPTR", "Size": {"FileOffset": 316, "Value": 0, "Offset": 4}}, {"VirtualAddress": {"FileOffset": 320, "Value": 0, "Offset": 0}, "Structure": "IMAGE_DIRECTORY_ENTRY_TLS", "Size": {"FileOffset": 324, "Value": 0, "Offset": 4}}, {"VirtualAddress": {"FileOffset": 328, "Value": 0, "Offset": 0}, "Structure": "IMAGE_DIRECTORY_ENTRY_LOAD_CONFIG", "Size": {"FileOffset": 332, "Value": 0, "Offset": 4}}, {"VirtualAddress": {"FileOffset": 336, "Value": 0, "Offset": 0}, "Structure": "IMAGE_DIRECTORY_ENTRY_BOUND_IMPORT", "Size": {"FileOffset": 340, "Value": 0, "Offset": 4}}, {"VirtualAddress": {"FileOffset": 344, "Value": 8192, "Offset": 0}, "Structure": "IMAGE_DIRECTORY_ENTRY_IAT", "Size": {"FileOffset": 348, "Value": 8, "Offset": 4}}, {"VirtualAddress": {"FileOffset": 352, "Value": 0, "Offset": 0}, "Structure": "IMAGE_DIRECTORY_ENTRY_DELAY_IMPORT", "Size": {"FileOffset": 356, "Value": 0, "Offset": 4}}, {"VirtualAddress": {"FileOffset": 360, "Value": 8200, "Offset": 0}, "Structure": "IMAGE_DIRECTORY_ENTRY_COM_DESCRIPTOR", "Size": {"FileOffset": 364, "Value": 72, "Offset": 4}}, {"VirtualAddress": {"FileOffset": 368, "Value": 0, "Offset": 0}, "Structure": "IMAGE_DIRECTORY_ENTRY_RESERVED", "Size": {"FileOffset": 372, "Value": 0, "Offset": 4}}], "OPTIONAL_HEADER": {"DllCharacteristics": {"FileOffset": 222, "Value": 34112, "Offset": 70}, "BaseOfCode": {"FileOffset": 172, "Value": 8192, "Offset": 20}, "MajorLinkerVersion": {"FileOffset": 154, "Value": 11, "Offset": 2}, "MinorOperatingSystemVersion": {"FileOffset": 194, "Value": 0, "Offset": 42}, "MinorLinkerVersion": {"FileOffset": 155, "Value": 0, "Offset": 3}, "MajorSubsystemVersion": {"FileOffset": 200, "Value": 4, "Offset": 48}, "MajorOperatingSystemVersion": {"FileOffset": 192, "Value": 4, "Offset": 40}, "SizeOfStackCommit": {"FileOffset": 228, "Value": 4096, "Offset": 76}, "SizeOfUninitializedData": {"FileOffset": 164, "Value": 0, "Offset": 12}, "NumberOfRvaAndSizes": {"FileOffset": 244, "Value": 16, "Offset": 92}, "SizeOfHeapReserve": {"FileOffset": 232, "Value": 1048576, "Offset": 80}, "LoaderFlags": {"FileOffset": 240, "Value": 0, "Offset": 88}, "SizeOfHeapCommit": {"FileOffset": 236, "Value": 4096, "Offset": 84}, "SizeOfStackReserve": {"FileOffset": 224, "Value": 1048576, "Offset": 72}, "Structure": "IMAGE_OPTIONAL_HEADER", "SizeOfHeaders": {"FileOffset": 212, "Value": 512, "Offset": 60}, "Subsystem": {"FileOffset": 220, "Value": 3, "Offset": 68}, "Magic": {"FileOffset": 152, "Value": 267, "Offset": 0}, "MinorImageVersion": {"FileOffset": 198, "Value": 0, "Offset": 46}, "MajorImageVersion": {"FileOffset": 196, "Value": 0, "Offset": 44}, "FileAlignment": {"FileOffset": 188, "Value": 512, "Offset": 36}, "BaseOfData": {"FileOffset": 176, "Value": 24576, "Offset": 24}, "AddressOfEntryPoint": {"FileOffset": 168, "Value": 17246, "Offset": 16}, "SectionAlignment": {"FileOffset": 184, "Value": 8192, "Offset": 32}, "SizeOfCode": {"FileOffset": 156, "Value": 9216, "Offset": 4}, "ImageBase": {"FileOffset": 180, "Value": 268435456, "Offset": 28}, "SizeOfInitializedData": {"FileOffset": 160, "Value": 1536, "Offset": 8}, "SizeOfImage": {"FileOffset": 208, "Value": 40960, "Offset": 56}, "MinorSubsystemVersion": {"FileOffset": 202, "Value": 0, "Offset": 50}, "CheckSum": {"FileOffset": 216, "Value": 0, "Offset": 64}, "Reserved1": {"FileOffset": 204, "Value": 0, "Offset": 52}}, "DOS_HEADER": {"e_cblp": {"FileOffset": 2, "Value": 144, "Offset": 2}, "e_crlc": {"FileOffset": 6, "Value": 0, "Offset": 6}, "e_ovno": {"FileOffset": 26, "Value": 0, "Offset": 26}, "e_minalloc": {"FileOffset": 10, "Value": 0, "Offset": 10}, "e_csum": {"FileOffset": 18, "Value": 0, "Offset": 18}, "e_cparhdr": {"FileOffset": 8, "Value": 4, "Offset": 8}, "e_cp": {"FileOffset": 4, "Value": 3, "Offset": 4}, "e_cs": {"FileOffset": 22, "Value": 0, "Offset": 22}, "e_maxalloc": {"FileOffset": 12, "Value": 65535, "Offset": 12}, "e_lfarlc": {"FileOffset": 24, "Value": 64, "Offset": 24}, "e_oemid": {"FileOffset": 36, "Value": 0, "Offset": 36}, "e_lfanew": {"FileOffset": 60, "Value": 128, "Offset": 60}, "e_ss": {"FileOffset": 14, "Value": 0, "Offset": 14}, "e_magic": {"FileOffset": 0, "Value": 23117, "Offset": 0}, "e_oeminfo": {"FileOffset": 38, "Value": 0, "Offset": 38}, "e_res2": {"FileOffset": 40, "Value": "", "Offset": 40}, "e_res": {"FileOffset": 28, "Value": "", "Offset": 28}, "e_sp": {"FileOffset": 16, "Value": 184, "Offset": 16}, "Structure": "IMAGE_DOS_HEADER", "e_ip": {"FileOffset": 20, "Value": 0, "Offset": 20}}, "Base relocations": [[{"SizeOfBlock": {"FileOffset": 10756, "Value": 12, "Offset": 4}, "VirtualAddress": {"FileOffset": 10752, "Value": 16384, "Offset": 0}, "Structure": "IMAGE_BASE_RELOCATION"}, {"RVA": 17248, "Type": "HIGHLOW"}, {"RVA": 16384, "Type": "ABSOLUTE"}]], "NT_HEADERS": {"Structure": "IMAGE_NT_HEADERS", "Signature": {"FileOffset": 128, "Value": 17744, "Offset": 0}}, "Flags": ["IMAGE_FILE_32BIT_MACHINE", "IMAGE_FILE_EXECUTABLE_IMAGE", "IMAGE_FILE_DLL"], "Version Information": [{"ValueLength": {"FileOffset": 9818, "Value": 52, "Offset": 2}, "Length": {"FileOffset": 9816, "Value": 776, "Offset": 0}, "Type": {"FileOffset": 9820, "Value": 0, "Offset": 4}, "Structure": "VS_VERSIONINFO"}, {"FileFlagsMask": {"FileOffset": 9880, "Value": 63, "Offset": 24}, "FileType": {"FileOffset": 9892, "Value": 2, "Offset": 36}, "FileVersionMS": {"FileOffset": 9864, "Value": 65536, "Offset": 8}, "FileVersionLS": {"FileOffset": 9868, "Value": 0, "Offset": 12}, "Signature": {"FileOffset": 9856, "Value": 4277077181, "Offset": 0}, "FileSubtype": {"FileOffset": 9896, "Value": 0, "Offset": 40}, "FileFlags": {"FileOffset": 9884, "Value": 0, "Offset": 28}, "FileDateLS": {"FileOffset": 9904, "Value": 0, "Offset": 48}, "ProductVersionLS": {"FileOffset": 9876, "Value": 0, "Offset": 20}, "FileOS": {"FileOffset": 9888, "Value": 4, "Offset": 32}, "ProductVersionMS": {"FileOffset": 9872, "Value": 65536, "Offset": 16}, "FileDateMS": {"FileOffset": 9900, "Value": 0, "Offset": 44}, "Structure": "VS_FIXEDFILEINFO", "StrucVersion": {"FileOffset": 9860, "Value": 65536, "Offset": 4}}], "Debug information": [{"MajorVersion": {"FileOffset": 9180, "Value": 0, "Offset": 8}, "PointerToRawData": {"FileOffset": 9196, "Value": 9200, "Offset": 24}, "MinorVersion": {"FileOffset": 9182, "Value": 0, "Offset": 10}, "TimeDateStamp": {"FileOffset": 9176, "Value": "0x53F92178 [Sat Aug 23 23:19:20 2014 UTC]", "Offset": 4}, "Characteristics": {"FileOffset": 9172, "Value": 0, "Offset": 0}, "Structure": "IMAGE_DEBUG_DIRECTORY", "Type": "IMAGE_DEBUG_TYPE_CODEVIEW", "SizeOfData": {"FileOffset": 9188, "Value": 284, "Offset": 16}, "AddressOfRawData": {"FileOffset": 9192, "Value": 16880, "Offset": 20}}], "Imported symbols": [[{"TimeDateStamp": {"FileOffset": 9488, "Value": "0x0        [Thu Jan  1 00:00:00 1970 UTC]", "Offset": 4}, "Name": {"FileOffset": 9496, "Value": 17230, "Offset": 12}, "ForwarderChain": {"FileOffset": 9492, "Value": 0, "Offset": 8}, "OriginalFirstThunk": {"FileOffset": 9484, "Value": 17204, "Offset": 0}, "FirstThunk": {"FileOffset": 9500, "Value": 8192, "Offset": 16}, "Characteristics": {"FileOffset": 9484, "Value": 17204, "Offset": 0}, "Structure": "IMAGE_IMPORT_DESCRIPTOR"}, {"Hint": 0, "Name": "_CorDllMain", "DLL": "mscoree.dll"}]], "PE Sections": [{"PointerToRawData": {"FileOffset": 396, "Value": 512, "Offset": 20}, "SHA1": "4cf11546f5b6c34f51db5fd1ea85938207fa543e", "SHA256": "d95fe4b3d0d91908041850717437d84639091a196e5cbcbb2b1db3e9fa16be3e", "Name": {"FileOffset": 376, "Value": ".text", "Offset": 0}, "NumberOfRelocations": {"FileOffset": 408, "Value": 0, "Offset": 32}, "Misc_VirtualSize": {"FileOffset": 384, "Value": 9060, "Offset": 8}, "Characteristics": {"FileOffset": 412, "Value": 1610612768, "Offset": 36}, "Misc": {"FileOffset": 384, "Value": 9060, "Offset": 8}, "PointerToLinenumbers": {"FileOffset": 404, "Value": 0, "Offset": 28}, "SizeOfRawData": {"FileOffset": 392, "Value": 9216, "Offset": 16}, "Misc_PhysicalAddress": {"FileOffset": 384, "Value": 9060, "Offset": 8}, "PointerToRelocations": {"FileOffset": 400, "Value": 0, "Offset": 24}, "Flags": ["IMAGE_SCN_MEM_EXECUTE", "IMAGE_SCN_CNT_CODE", "IMAGE_SCN_MEM_READ"], "SHA512": "3b868d2cc37552d2a97a6b6557ad19f210e1224ce8391621aa41f3e9d9b02c813a80a21f9e2be860879728a1dcd717f0152b930f58a2435733308e14a4730901", "MD5": "cc4267f5dbcf5129f71cb0d6a109d7a0", "Entropy": 5.445640152122488, "VirtualAddress": {"FileOffset": 388, "Value": 8192, "Offset": 12}, "Structure": "IMAGE_SECTION_HEADER", "NumberOfLinenumbers": {"FileOffset": 410, "Value": 0, "Offset": 34}}, {"PointerToRawData": {"FileOffset": 436, "Value": 9728, "Offset": 20}, "SHA1": "4fc985c2b8cab4e345d39106564aef75b416d6d2", "SHA256": "fe04b67b3bff7873e0ac461c3eda88d42aca9cac7e046cf4418c5b5e4630ee3d", "Name": {"FileOffset": 416, "Value": ".rsrc", "Offset": 0}, "NumberOfRelocations": {"FileOffset": 448, "Value": 0, "Offset": 32}, "Misc_VirtualSize": {"FileOffset": 424, "Value": 864, "Offset": 8}, "Characteristics": {"FileOffset": 452, "Value": 1073741888, "Offset": 36}, "Misc": {"FileOffset": 424, "Value": 864, "Offset": 8}, "PointerToLinenumbers": {"FileOffset": 444, "Value": 0, "Offset": 28}, "SizeOfRawData": {"FileOffset": 432, "Value": 1024, "Offset": 16}, "Misc_PhysicalAddress": {"FileOffset": 424, "Value": 864, "Offset": 8}, "PointerToRelocations": {"FileOffset": 440, "Value": 0, "Offset": 24}, "Flags": ["IMAGE_SCN_CNT_INITIALIZED_DATA", "IMAGE_SCN_MEM_READ"], "SHA512": "ead4b58e4722f1398b7c94d384cf4a6ee156da63176ddea285329a30e215d58859df72085561a777b3cf73f68d19cfff9d2cd7db61ac3422346b48363b4436a3", "MD5": "78323321a424c081626b81313097c4b8", "Entropy": 2.766862452231392, "VirtualAddress": {"FileOffset": 428, "Value": 24576, "Offset": 12}, "Structure": "IMAGE_SECTION_HEADER", "NumberOfLinenumbers": {"FileOffset": 450, "Value": 0, "Offset": 34}}, {"PointerToRawData": {"FileOffset": 476, "Value": 10752, "Offset": 20}, "SHA1": "a8d3b4338e731a85a700a39c94f70869fd9e7e47", "SHA256": "abd09e676f8a254a3f3a4cf9763820aa1ffb2d1135e2e2898372ef7c6ab73852", "Name": {"FileOffset": 456, "Value": ".reloc", "Offset": 0}, "NumberOfRelocations": {"FileOffset": 488, "Value": 0, "Offset": 32}, "Misc_VirtualSize": {"FileOffset": 464, "Value": 12, "Offset": 8}, "Characteristics": {"FileOffset": 492, "Value": 1107296320, "Offset": 36}, "Misc": {"FileOffset": 464, "Value": 12, "Offset": 8}, "PointerToLinenumbers": {"FileOffset": 484, "Value": 0, "Offset": 28}, "SizeOfRawData": {"FileOffset": 472, "Value": 512, "Offset": 16}, "Misc_PhysicalAddress": {"FileOffset": 464, "Value": 12, "Offset": 8}, "PointerToRelocations": {"FileOffset": 480, "Value": 0, "Offset": 24}, "Flags": ["IMAGE_SCN_CNT_INITIALIZED_DATA", "IMAGE_SCN_MEM_DISCARDABLE", "IMAGE_SCN_MEM_READ"], "SHA512": "c12fb49c982e5d5b1595ec79329fd088912099f79d779861d3b5c067f564918951551b090197d84bd4d26242ef8c4e29a81365d81d366729b913cedc08c4051d", "MD5": "42e20d8d7efe4b8862d9e616bed7261d", "Entropy": 0.08153941234324169, "VirtualAddress": {"FileOffset": 468, "Value": 32768, "Offset": 12}, "Structure": "IMAGE_SECTION_HEADER", "NumberOfLinenumbers": {"FileOffset": 490, "Value": 0, "Offset": 34}}], "Resource directory": [{"MajorVersion": {"FileOffset": 9736, "Value": 0, "Offset": 8}, "NumberOfIdEntries": {"FileOffset": 9742, "Value": 1, "Offset": 14}, "MinorVersion": {"FileOffset": 9738, "Value": 0, "Offset": 10}, "TimeDateStamp": {"FileOffset": 9732, "Value": "0x0        [Thu Jan  1 00:00:00 1970 UTC]", "Offset": 4}, "Characteristics": {"FileOffset": 9728, "Value": 0, "Offset": 0}, "NumberOfNamedEntries": {"FileOffset": 9740, "Value": 0, "Offset": 12}, "Structure": "IMAGE_RESOURCE_DIRECTORY"}, {"Structure": "IMAGE_RESOURCE_DIRECTORY_ENTRY", "Id": [16, "RT_VERSION"], "OffsetToData": {"FileOffset": 9748, "Value": 2147483672, "Offset": 4}, "Name": {"FileOffset": 9744, "Value": 16, "Offset": 0}}, [{"MajorVersion": {"FileOffset": 9760, "Value": 0, "Offset": 8}, "NumberOfIdEntries": {"FileOffset": 9766, "Value": 1, "Offset": 14}, "MinorVersion": {"FileOffset": 9762, "Value": 0, "Offset": 10}, "TimeDateStamp": {"FileOffset": 9756, "Value": "0x0        [Thu Jan  1 00:00:00 1970 UTC]", "Offset": 4}, "Characteristics": {"FileOffset": 9752, "Value": 0, "Offset": 0}, "NumberOfNamedEntries": {"FileOffset": 9764, "Value": 0, "Offset": 12}, "Structure": "IMAGE_RESOURCE_DIRECTORY"}, {"Structure": "IMAGE_RESOURCE_DIRECTORY_ENTRY", "Id": 1, "OffsetToData": {"FileOffset": 9772, "Value": 2147483696, "Offset": 4}, "Name": {"FileOffset": 9768, "Value": 1, "Offset": 0}}, [{"MajorVersion": {"FileOffset": 9784, "Value": 0, "Offset": 8}, "NumberOfIdEntries": {"FileOffset": 9790, "Value": 1, "Offset": 14}, "MinorVersion": {"FileOffset": 9786, "Value": 0, "Offset": 10}, "TimeDateStamp": {"FileOffset": 9780, "Value": "0x0        [Thu Jan  1 00:00:00 1970 UTC]", "Offset": 4}, "Characteristics": {"FileOffset": 9776, "Value": 0, "Offset": 0}, "NumberOfNamedEntries": {"FileOffset": 9788, "Value": 0, "Offset": 12}, "Structure": "IMAGE_RESOURCE_DIRECTORY"}, {"LANG": 0, "SUBLANG_NAME": "SUBLANG_NEUTRAL", "Name": {"FileOffset": 9792, "Value": 0, "Offset": 0}, "CodePage": {"FileOffset": 9808, "Value": 0, "Offset": 8}, "LANG_NAME": "LANG_NEUTRAL", "OffsetToData": {"FileOffset": 9800, "Value": 24664, "Offset": 0}, "Reserved": {"FileOffset": 9812, "Value": 0, "Offset": 12}, "SUBLANG": 0, "Structure": "IMAGE_RESOURCE_DATA_ENTRY", "Size": {"FileOffset": 9804, "Value": 776, "Offset": 4}}]]]}
