{"DllCharacteristics": ["IMAGE_DLLCHARACTERISTICS_NO_SEH", "IMAGE_DLLCHARACTERISTICS_TERMINAL_SERVER_AWARE", "IMAGE_DLLCHARACTERISTICS_DYNAMIC_BASE", "IMAGE_DLLCHARACTERISTICS_NX_COMPAT"], "FILE_HEADER": {"NumberOfSections": {"FileOffset": 134, "Value": 3, "Offset": 2}, "TimeDateStamp": {"FileOffset": 136, "Value": "0x520FA2E6 [Sat Aug 17 16:20:54 2013 UTC]", "Offset": 4}, "PointerToSymbolTable": {"FileOffset": 140, "Value": 0, "Offset": 8}, "NumberOfSymbols": {"FileOffset": 144, "Value": 0, "Offset": 12}, "Machine": {"FileOffset": 132, "Value": 332, "Offset": 0}, "Characteristics": {"FileOffset": 150, "Value": 258, "Offset": 18}, "SizeOfOptionalHeader": {"FileOffset": 148, "Value": 224, "Offset": 16}, "Structure": "IMAGE_FILE_HEADER"}, "Directories": [{"VirtualAddress": {"FileOffset": 248, "Value": 0, "Offset": 0}, "Structure": "IMAGE_DIRECTORY_ENTRY_EXPORT", "Size": {"FileOffset": 252, "Value": 0, "Offset": 4}}, {"VirtualAddress": {"FileOffset": 256, "Value": 1298296, "Offset": 0}, "Structure": "IMAGE_DIRECTORY_ENTRY_IMPORT", "Size": {"FileOffset": 260, "Value": 74, "Offset": 4}}, {"VirtualAddress": {"FileOffset": 264, "Value": 1302528, "Offset": 0}, "Structure": "IMAGE_DIRECTORY_ENTRY_RESOURCE", "Size": {"FileOffset": 268, "Value": 1778, "Offset": 4}}, {"VirtualAddress": {"FileOffset": 272, "Value": 0, "Offset": 0}, "Structure": "IMAGE_DIRECTORY_ENTRY_EXCEPTION", "Size": {"FileOffset": 276, "Value": 0, "Offset": 4}}, {"VirtualAddress": {"FileOffset": 280, "Value": 0, "Offset": 0}, "Structure": "IMAGE_DIRECTORY_ENTRY_SECURITY", "Size": {"FileOffset": 284, "Value": 0, "Offset": 4}}, {"VirtualAddress": {"FileOffset": 288, "Value": 1310720, "Offset": 0}, "Structure": "IMAGE_DIRECTORY_ENTRY_BASERELOC", "Size": {"FileOffset": 292, "Value": 12, "Offset": 4}}, {"VirtualAddress": {"FileOffset": 296, "Value": 0, "Offset": 0}, "Structure": "IMAGE_DIRECTORY_ENTRY_DEBUG", "Size": {"FileOffset": 300, "Value": 0, "Offset": 4}}, {"VirtualAddress": {"FileOffset": 304, "Value": 0, "Offset": 0}, "Structure": "IMAGE_DIRECTORY_ENTRY_COPYRIGHT", "Size": {"FileOffset": 308, "Value": 0, "Offset": 4}}, {"VirtualAddress": {"FileOffset": 312, "Value": 0, "Offset": 0}, "Structure": "IMAGE_DIRECTORY_ENTRY_GLOBALPTR", "Size": {"FileOffset": 316, "Value": 0, "Offset": 4}}, {"VirtualAddress": {"FileOffset": 320, "Value": 0, "Offset": 0}, "Structure": "IMAGE_DIRECTORY_ENTRY_TLS", "Size": {"FileOffset": 324, "Value": 0, "Offset": 4}}, {"VirtualAddress": {"FileOffset": 328, "Value": 0, "Offset": 0}, "Structure": "IMAGE_DIRECTORY_ENTRY_LOAD_CONFIG", "Size": {"FileOffset": 332, "Value": 0, "Offset": 4}}, {"VirtualAddress": {"FileOffset": 336, "Value": 0, "Offset": 0}, "Structure": "IMAGE_DIRECTORY_ENTRY_BOUND_IMPORT", "Size": {"FileOffset": 340, "Value": 0, "Offset": 4}}, {"VirtualAddress": {"FileOffset": 344, "Value": 8192, "Offset": 0}, "Structure": "IMAGE_DIRECTORY_ENTRY_IAT", "Size": {"FileOffset": 348, "Value": 8, "Offset": 4}}, {"VirtualAddress": {"FileOffset": 352, "Value": 0, "Offset": 0}, "Structure": "IMAGE_DIRECTORY_ENTRY_DELAY_IMPORT", "Size": {"FileOffset": 356, "Value": 0, "Offset": 4}}, {"VirtualAddress": {"FileOffset": 360, "Value": 8200, "Offset": 0}, "Structure": "IMAGE_DIRECTORY_ENTRY_COM_DESCRIPTOR", "Size": {"FileOffset": 364, "Value": 72, "Offset": 4}}, {"VirtualAddress": {"FileOffset": 368, "Value": 0, "Offset": 0}, "Structure": "IMAGE_DIRECTORY_ENTRY_RESERVED", "Size": {"FileOffset": 372, "Value": 0, "Offset": 4}}], "OPTIONAL_HEADER": {"DllCharacteristics": {"FileOffset": 222, "Value": 34112, "Offset": 70}, "BaseOfCode": {"FileOffset": 172, "Value": 8192, "Offset": 20}, "MajorLinkerVersion": {"FileOffset": 154, "Value": 8, "Offset": 2}, "MinorOperatingSystemVersion": {"FileOffset": 194, "Value": 0, "Offset": 42}, "MinorLinkerVersion": {"FileOffset": 155, "Value": 0, "Offset": 3}, "MajorSubsystemVersion": {"FileOffset": 200, "Value": 4, "Offset": 48}, "MajorOperatingSystemVersion": {"FileOffset": 192, "Value": 4, "Offset": 40}, "SizeOfStackCommit": {"FileOffset": 228, "Value": 4096, "Offset": 76}, "SizeOfUninitializedData": {"FileOffset": 164, "Value": 0, "Offset": 12}, "NumberOfRvaAndSizes": {"FileOffset": 244, "Value": 16, "Offset": 92}, "SizeOfHeapReserve": {"FileOffset": 232, "Value": 1048576, "Offset": 80}, "LoaderFlags": {"FileOffset": 240, "Value": 0, "Offset": 88}, "SizeOfHeapCommit": {"FileOffset": 236, "Value": 4096, "Offset": 84}, "SizeOfStackReserve": {"FileOffset": 224, "Value": 1048576, "Offset": 72}, "Structure": "IMAGE_OPTIONAL_HEADER", "SizeOfHeaders": {"FileOffset": 212, "Value": 512, "Offset": 60}, "Subsystem": {"FileOffset": 220, "Value": 3, "Offset": 68}, "Magic": {"FileOffset": 152, "Value": 267, "Offset": 0}, "MinorImageVersion": {"FileOffset": 198, "Value": 0, "Offset": 46}, "MajorImageVersion": {"FileOffset": 196, "Value": 0, "Offset": 44}, "FileAlignment": {"FileOffset": 188, "Value": 512, "Offset": 36}, "BaseOfData": {"FileOffset": 176, "Value": 1302528, "Offset": 24}, "AddressOfEntryPoint": {"FileOffset": 168, "Value": 1298370, "Offset": 16}, "SectionAlignment": {"FileOffset": 184, "Value": 8192, "Offset": 32}, "SizeOfCode": {"FileOffset": 156, "Value": 1290240, "Offset": 4}, "ImageBase": {"FileOffset": 180, "Value": 4194304, "Offset": 28}, "SizeOfInitializedData": {"FileOffset": 160, "Value": 2560, "Offset": 8}, "SizeOfImage": {"FileOffset": 208, "Value": 1318912, "Offset": 56}, "MinorSubsystemVersion": {"FileOffset": 202, "Value": 0, "Offset": 50}, "CheckSum": {"FileOffset": 216, "Value": 0, "Offset": 64}, "Reserved1": {"FileOffset": 204, "Value": 0, "Offset": 52}}, "DOS_HEADER": {"e_cblp": {"FileOffset": 2, "Value": 144, "Offset": 2}, "e_crlc": {"FileOffset": 6, "Value": 0, "Offset": 6}, "e_ovno": {"FileOffset": 26, "Value": 0, "Offset": 26}, "e_minalloc": {"FileOffset": 10, "Value": 0, "Offset": 10}, "e_csum": {"FileOffset": 18, "Value": 0, "Offset": 18}, "e_cparhdr": {"FileOffset": 8, "Value": 4, "Offset": 8}, "e_cp": {"FileOffset": 4, "Value": 3, "Offset": 4}, "e_cs": {"FileOffset": 22, "Value": 0, "Offset": 22}, "e_maxalloc": {"FileOffset": 12, "Value": 65535, "Offset": 12}, "e_lfarlc": {"FileOffset": 24, "Value": 64, "Offset": 24}, "e_oemid": {"FileOffset": 36, "Value": 0, "Offset": 36}, "e_lfanew": {"FileOffset": 60, "Value": 128, "Offset": 60}, "e_ss": {"FileOffset": 14, "Value": 0, "Offset": 14}, "e_magic": {"FileOffset": 0, "Value": 23117, "Offset": 0}, "e_oeminfo": {"FileOffset": 38, "Value": 0, "Offset": 38}, "e_res2": {"FileOffset": 40, "Value": "", "Offset": 40}, "e_res": {"FileOffset": 28, "Value": "", "Offset": 28}, "e_sp": {"FileOffset": 16, "Value": 184, "Offset": 16}, "Structure": "IMAGE_DOS_HEADER", "e_ip": {"FileOffset": 20, "Value": 0, "Offset": 20}}, "Base relocations": [[{"SizeOfBlock": {"FileOffset": 1292804, "Value": 12, "Offset": 4}, "VirtualAddress": {"FileOffset": 1292800, "Value": 1294336, "Offset": 0}, "Structure": "IMAGE_BASE_RELOCATION"}, {"RVA": 1298372, "Type": "HIGHLOW"}, {"RVA": 1294336, "Type": "ABSOLUTE"}]], "NT_HEADERS": {"Structure": "IMAGE_NT_HEADERS", "Signature": {"FileOffset": 128, "Value": 17744, "Offset": 0}}, "Flags": ["IMAGE_FILE_32BIT_MACHINE", "IMAGE_FILE_EXECUTABLE_IMAGE"], "Version Information": [{"ValueLength": {"FileOffset": 1290846, "Value": 52, "Offset": 2}, "Length": {"FileOffset": 1290844, "Value": 1136, "Offset": 0}, "Type": {"FileOffset": 1290848, "Value": 0, "Offset": 4}, "Structure": "VS_VERSIONINFO"}, {"FileFlagsMask": {"FileOffset": 1290908, "Value": 63, "Offset": 24}, "FileType": {"FileOffset": 1290920, "Value": 1, "Offset": 36}, "FileVersionMS": {"FileOffset": 1290892, "Value": 65536, "Offset": 8}, "FileVersionLS": {"FileOffset": 1290896, "Value": 0, "Offset": 12}, "Signature": {"FileOffset": 1290884, "Value": 4277077181, "Offset": 0}, "FileSubtype": {"FileOffset": 1290924, "Value": 0, "Offset": 40}, "FileFlags": {"FileOffset": 1290912, "Value": 0, "Offset": 28}, "FileDateLS": {"FileOffset": 1290932, "Value": 0, "Offset": 48}, "ProductVersionLS": {"FileOffset": 1290904, "Value": 0, "Offset": 20}, "FileOS": {"FileOffset": 1290916, "Value": 4, "Offset": 32}, "ProductVersionMS": {"FileOffset": 1290900, "Value": 65536, "Offset": 16}, "FileDateMS": {"FileOffset": 1290928, "Value": 0, "Offset": 44}, "Structure": "VS_FIXEDFILEINFO", "StrucVersion": {"FileOffset": 1290888, "Value": 65536, "Offset": 4}}], "Imported symbols": [[{"TimeDateStamp": {"FileOffset": 1290620, "Value": "0x0        [Thu Jan  1 00:00:00 1970 UTC]", "Offset": 4}, "Name": {"FileOffset": 1290628, "Value": 1298358, "Offset": 12}, "ForwarderChain": {"FileOffset": 1290624, "Value": 0, "Offset": 8}, "OriginalFirstThunk": {"FileOffset": 1290616, "Value": 1298336, "Offset": 0}, "FirstThunk": {"FileOffset": 1290632, "Value": 8192, "Offset": 16}, "Characteristics": {"FileOffset": 1290616, "Value": 1298336, "Offset": 0}, "Structure": "IMAGE_IMPORT_DESCRIPTOR"}, {"Hint": 0, "Name": "_CorExeMain", "DLL": "mscoree.dll"}]], "PE Sections": [{"PointerToRawData": {"FileOffset": 396, "Value": 512, "Offset": 20}, "SHA1": "a9b2101163cba08992c6614d23b6e6f4f1ca63ff", "SHA256": "66b76537a663130c83d59cc64fa13c259c71920519d22b64f53b49d9781a5a9c", "Name": {"FileOffset": 376, "Value": ".text", "Offset": 0}, "NumberOfRelocations": {"FileOffset": 408, "Value": 0, "Offset": 32}, "Misc_VirtualSize": {"FileOffset": 384, "Value": 1290184, "Offset": 8}, "Characteristics": {"FileOffset": 412, "Value": 1610612768, "Offset": 36}, "Misc": {"FileOffset": 384, "Value": 1290184, "Offset": 8}, "PointerToLinenumbers": {"FileOffset": 404, "Value": 0, "Offset": 28}, "SizeOfRawData": {"FileOffset": 392, "Value": 1290240, "Offset": 16}, "Misc_PhysicalAddress": {"FileOffset": 384, "Value": 1290184, "Offset": 8}, "PointerToRelocations": {"FileOffset": 400, "Value": 0, "Offset": 24}, "Flags": ["IMAGE_SCN_MEM_EXECUTE", "IMAGE_SCN_CNT_CODE", "IMAGE_SCN_MEM_READ"], "SHA512": "0ecb7ee7637be746bf3fb2e376e0466659d3a2d04523f3787901adba3816d5fc280cb2ae2c1738cd7789982581ae1186c10d6e8eb5808e3f55be693b7442e7e4", "MD5": "90657011c4c21ddd4fa7df01d647454f", "Entropy": 7.969902258732338, "VirtualAddress": {"FileOffset": 388, "Value": 8192, "Offset": 12}, "Structure": "IMAGE_SECTION_HEADER", "NumberOfLinenumbers": {"FileOffset": 410, "Value": 0, "Offset": 34}}, {"PointerToRawData": {"FileOffset": 436, "Value": 1290752, "Offset": 20}, "SHA1": "50fb3225f7e11c8c4df83e9606df6ee53a2d3983", "SHA256": "954e827088468a1a7c39556b44a4b23f06e6e968cd1feeab29f61e081539cd48", "Name": {"FileOffset": 416, "Value": ".rsrc", "Offset": 0}, "NumberOfRelocations": {"FileOffset": 448, "Value": 0, "Offset": 32}, "Misc_VirtualSize": {"FileOffset": 424, "Value": 1778, "Offset": 8}, "Characteristics": {"FileOffset": 452, "Value": 1073741888, "Offset": 36}, "Misc": {"FileOffset": 424, "Value": 1778, "Offset": 8}, "PointerToLinenumbers": {"FileOffset": 444, "Value": 0, "Offset": 28}, "SizeOfRawData": {"FileOffset": 432, "Value": 2048, "Offset": 16}, "Misc_PhysicalAddress": {"FileOffset": 424, "Value": 1778, "Offset": 8}, "PointerToRelocations": {"FileOffset": 440, "Value": 0, "Offset": 24}, "Flags": ["IMAGE_SCN_CNT_INITIALIZED_DATA", "IMAGE_SCN_MEM_READ"], "SHA512": "a4225c9c923da08aa6b1b4eca50b7c9bfa1d5017ac78e6e7f3a0b2e87c5ac171fedf1287e2b15c66677faeae6b7cdec5d192789acfa57525a00726219d978761", "MD5": "ab69f8ab9be2d48a286f81809b939de3", "Entropy": 3.7499957530647565, "VirtualAddress": {"FileOffset": 428, "Value": 1302528, "Offset": 12}, "Structure": "IMAGE_SECTION_HEADER", "NumberOfLinenumbers": {"FileOffset": 450, "Value": 0, "Offset": 34}}, {"PointerToRawData": {"FileOffset": 476, "Value": 1292800, "Offset": 20}, "SHA1": "ed1c90e992b057ca107933b44be794483a2e29c6", "SHA256": "e8150294f70c84e924a1a8b097b4edd9f65244e357fefbe7a3e79dd931e7821a", "Name": {"FileOffset": 456, "Value": ".reloc", "Offset": 0}, "NumberOfRelocations": {"FileOffset": 488, "Value": 0, "Offset": 32}, "Misc_VirtualSize": {"FileOffset": 464, "Value": 12, "Offset": 8}, "Characteristics": {"FileOffset": 492, "Value": 1107296320, "Offset": 36}, "Misc": {"FileOffset": 464, "Value": 12, "Offset": 8}, "PointerToLinenumbers": {"FileOffset": 484, "Value": 0, "Offset": 28}, "SizeOfRawData": {"FileOffset": 472, "Value": 512, "Offset": 16}, "Misc_PhysicalAddress": {"FileOffset": 464, "Value": 12, "Offset": 8}, "PointerToRelocations": {"FileOffset": 480, "Value": 0, "Offset": 24}, "Flags": ["IMAGE_SCN_CNT_INITIALIZED_DATA", "IMAGE_SCN_MEM_DISCARDABLE", "IMAGE_SCN_MEM_READ"], "SHA512": "1f6e0b826ac2348e2b85f5d54d1eae534c27d682baf9b029d09c40b753af454ef7409849544a746c39eeca23049926752fc2d75e45be16db6d129ec096dd600e", "MD5": "d69a0e40226c976e21279bc9b37c3cae", "Entropy": 0.10191042566270775, "VirtualAddress": {"FileOffset": 468, "Value": 1310720, "Offset": 12}, "Structure": "IMAGE_SECTION_HEADER", "NumberOfLinenumbers": {"FileOffset": 490, "Value": 0, "Offset": 34}}], "Resource directory": [{"MajorVersion": {"FileOffset": 1290760, "Value": 0, "Offset": 8}, "NumberOfIdEntries": {"FileOffset": 1290766, "Value": 2, "Offset": 14}, "MinorVersion": {"FileOffset": 1290762, "Value": 0, "Offset": 10}, "TimeDateStamp": {"FileOffset": 1290756, "Value": "0x0        [Thu Jan  1 00:00:00 1970 UTC]", "Offset": 4}, "Characteristics": {"FileOffset": 1290752, "Value": 0, "Offset": 0}, "NumberOfNamedEntries": {"FileOffset": 1290764, "Value": 0, "Offset": 12}, "Structure": "IMAGE_RESOURCE_DIRECTORY"}, {"Structure": "IMAGE_RESOURCE_DIRECTORY_ENTRY", "Id": [16, "RT_VERSION"], "OffsetToData": {"FileOffset": 1290772, "Value": 2147483680, "Offset": 4}, "Name": {"FileOffset": 1290768, "Value": 16, "Offset": 0}}, [{"MajorVersion": {"FileOffset": 1290792, "Value": 0, "Offset": 8}, "NumberOfIdEntries": {"FileOffset": 1290798, "Value": 1, "Offset": 14}, "MinorVersion": {"FileOffset": 1290794, "Value": 0, "Offset": 10}, "TimeDateStamp": {"FileOffset": 1290788, "Value": "0x0        [Thu Jan  1 00:00:00 1970 UTC]", "Offset": 4}, "Characteristics": {"FileOffset": 1290784, "Value": 0, "Offset": 0}, "NumberOfNamedEntries": {"FileOffset": 1290796, "Value": 0, "Offset": 12}, "Structure": "IMAGE_RESOURCE_DIRECTORY"}, {"Structure": "IMAGE_RESOURCE_DIRECTORY_ENTRY", "Id": 1, "OffsetToData": {"FileOffset": 1290804, "Value": 2147483704, "Offset": 4}, "Name": {"FileOffset": 1290800, "Value": 1, "Offset": 0}}, [{"MajorVersion": {"FileOffset": 1290816, "Value": 0, "Offset": 8}, "NumberOfIdEntries": {"FileOffset": 1290822, "Value": 1, "Offset": 14}, "MinorVersion": {"FileOffset": 1290818, "Value": 0, "Offset": 10}, "TimeDateStamp": {"FileOffset": 1290812, "Value": "0x0        [Thu Jan  1 00:00:00 1970 UTC]", "Offset": 4}, "Characteristics": {"FileOffset": 1290808, "Value": 0, "Offset": 0}, "NumberOfNamedEntries": {"FileOffset": 1290820, "Value": 0, "Offset": 12}, "Structure": "IMAGE_RESOURCE_DIRECTORY"}, {"LANG": 0, "SUBLANG_NAME": "SUBLANG_NEUTRAL", "Name": {"FileOffset": 1290824, "Value": 0, "Offset": 0}, "CodePage": {"FileOffset": 1290840, "Value": 0, "Offset": 8}, "LANG_NAME": "LANG_NEUTRAL", "OffsetToData": {"FileOffset": 1290832, "Value": 1302620, "Offset": 0}, "Reserved": {"FileOffset": 1290844, "Value": 3409008, "Offset": 12}, "SUBLANG": 0, "Structure": "IMAGE_RESOURCE_DATA_ENTRY", "Size": {"FileOffset": 1290836, "Value": 1136, "Offset": 4}}]], {"Structure": "IMAGE_RESOURCE_DIRECTORY_ENTRY", "Id": [24, "RT_MANIFEST"], "OffsetToData": {"FileOffset": 1290780, "Value": 2147484876, "Offset": 4}, "Name": {"FileOffset": 1290776, "Value": 24, "Offset": 0}}, [{"MajorVersion": {"FileOffset": 1291988, "Value": 0, "Offset": 8}, "NumberOfIdEntries": {"FileOffset": 1291994, "Value": 1, "Offset": 14}, "MinorVersion": {"FileOffset": 1291990, "Value": 0, "Offset": 10}, "TimeDateStamp": {"FileOffset": 1291984, "Value": "0x0        [Thu Jan  1 00:00:00 1970 UTC]", "Offset": 4}, "Characteristics": {"FileOffset": 1291980, "Value": 0, "Offset": 0}, "NumberOfNamedEntries": {"FileOffset": 1291992, "Value": 0, "Offset": 12}, "Structure": "IMAGE_RESOURCE_DIRECTORY"}, {"Structure": "IMAGE_RESOURCE_DIRECTORY_ENTRY", "Id": 1, "OffsetToData": {"FileOffset": 1292000, "Value": 2147484900, "Offset": 4}, "Name": {"FileOffset": 1291996, "Value": 1, "Offset": 0}}, [{"MajorVersion": {"FileOffset": 1292012, "Value": 0, "Offset": 8}, "NumberOfIdEntries": {"FileOffset": 1292018, "Value": 1, "Offset": 14}, "MinorVersion": {"FileOffset": 1292014, "Value": 0, "Offset": 10}, "TimeDateStamp": {"FileOffset": 1292008, "Value": "0x0        [Thu Jan  1 00:00:00 1970 UTC]", "Offset": 4}, "Characteristics": {"FileOffset": 1292004, "Value": 0, "Offset": 0}, "NumberOfNamedEntries": {"FileOffset": 1292016, "Value": 0, "Offset": 12}, "Structure": "IMAGE_RESOURCE_DIRECTORY"}, {"LANG": 0, "SUBLANG_NAME": "SUBLANG_NEUTRAL", "Name": {"FileOffset": 1292020, "Value": 0, "Offset": 0}, "CodePage": {"FileOffset": 1292036, "Value": 0, "Offset": 8}, "LANG_NAME": "LANG_NEUTRAL", "OffsetToData": {"FileOffset": 1292028, "Value": 1303816, "Offset": 0}, "Reserved": {"FileOffset": 1292040, "Value": 1019198447, "Offset": 12}, "SUBLANG": 0, "Structure": "IMAGE_RESOURCE_DATA_ENTRY", "Size": {"FileOffset": 1292032, "Value": 490, "Offset": 4}}]]]}
