{"DllCharacteristics": [], "FILE_HEADER": {"NumberOfSections": {"FileOffset": 238, "Value": 3, "Offset": 2}, "TimeDateStamp": {"FileOffset": 240, "Value": "0x50A21A5D [Tue Nov 13 10:01:01 2012 UTC]", "Offset": 4}, "PointerToSymbolTable": {"FileOffset": 244, "Value": 0, "Offset": 8}, "NumberOfSymbols": {"FileOffset": 248, "Value": 0, "Offset": 12}, "Machine": {"FileOffset": 236, "Value": 332, "Offset": 0}, "Characteristics": {"FileOffset": 254, "Value": 271, "Offset": 18}, "SizeOfOptionalHeader": {"FileOffset": 252, "Value": 224, "Offset": 16}, "Structure": "IMAGE_FILE_HEADER"}, "Parsing Warnings": ["Suspicious flags set for section 0. Both IMAGE_SCN_MEM_WRITE and IMAGE_SCN_MEM_EXECUTE are set. This might indicate a packed executable.", "Suspicious flags set for section 1. Both IMAGE_SCN_MEM_WRITE and IMAGE_SCN_MEM_EXECUTE are set. This might indicate a packed executable.", "Imported symbols contain entries typical of packed executables."], "Directories": [{"VirtualAddress": {"FileOffset": 352, "Value": 0, "Offset": 0}, "Structure": "IMAGE_DIRECTORY_ENTRY_EXPORT", "Size": {"FileOffset": 356, "Value": 0, "Offset": 4}}, {"VirtualAddress": {"FileOffset": 360, "Value": 2320036, "Offset": 0}, "Structure": "IMAGE_DIRECTORY_ENTRY_IMPORT", "Size": {"FileOffset": 364, "Value": 364, "Offset": 4}}, {"VirtualAddress": {"FileOffset": 368, "Value": 2318336, "Offset": 0}, "Structure": "IMAGE_DIRECTORY_ENTRY_RESOURCE", "Size": {"FileOffset": 372, "Value": 1700, "Offset": 4}}, {"VirtualAddress": {"FileOffset": 376, "Value": 0, "Offset": 0}, "Structure": "IMAGE_DIRECTORY_ENTRY_EXCEPTION", "Size": {"FileOffset": 380, "Value": 0, "Offset": 4}}, {"VirtualAddress": {"FileOffset": 384, "Value": 0, "Offset": 0}, "Structure": "IMAGE_DIRECTORY_ENTRY_SECURITY", "Size": {"FileOffset": 388, "Value": 0, "Offset": 4}}, {"VirtualAddress": {"FileOffset": 392, "Value": 0, "Offset": 0}, "Structure": "IMAGE_DIRECTORY_ENTRY_BASERELOC", "Size": {"FileOffset": 396, "Value": 0, "Offset": 4}}, {"VirtualAddress": {"FileOffset": 400, "Value": 0, "Offset": 0}, "Structure": "IMAGE_DIRECTORY_ENTRY_DEBUG", "Size": {"FileOffset": 404, "Value": 0, "Offset": 4}}, {"VirtualAddress": {"FileOffset": 408, "Value": 0, "Offset": 0}, "Structure": "IMAGE_DIRECTORY_ENTRY_COPYRIGHT", "Size": {"FileOffset": 412, "Value": 0, "Offset": 4}}, {"VirtualAddress": {"FileOffset": 416, "Value": 0, "Offset": 0}, "Structure": "IMAGE_DIRECTORY_ENTRY_GLOBALPTR", "Size": {"FileOffset": 420, "Value": 0, "Offset": 4}}, {"VirtualAddress": {"FileOffset": 424, "Value": 0, "Offset": 0}, "Structure": "IMAGE_DIRECTORY_ENTRY_TLS", "Size": {"FileOffset": 428, "Value": 0, "Offset": 4}}, {"VirtualAddress": {"FileOffset": 432, "Value": 0, "Offset": 0}, "Structure": "IMAGE_DIRECTORY_ENTRY_LOAD_CONFIG", "Size": {"FileOffset": 436, "Value": 0, "Offset": 4}}, {"VirtualAddress": {"FileOffset": 440, "Value": 0, "Offset": 0}, "Structure": "IMAGE_DIRECTORY_ENTRY_BOUND_IMPORT", "Size": {"FileOffset": 444, "Value": 0, "Offset": 4}}, {"VirtualAddress": {"FileOffset": 448, "Value": 0, "Offset": 0}, "Structure": "IMAGE_DIRECTORY_ENTRY_IAT", "Size": {"FileOffset": 452, "Value": 0, "Offset": 4}}, {"VirtualAddress": {"FileOffset": 456, "Value": 0, "Offset": 0}, "Structure": "IMAGE_DIRECTORY_ENTRY_DELAY_IMPORT", "Size": {"FileOffset": 460, "Value": 0, "Offset": 4}}, {"VirtualAddress": {"FileOffset": 464, "Value": 0, "Offset": 0}, "Structure": "IMAGE_DIRECTORY_ENTRY_COM_DESCRIPTOR", "Size": {"FileOffset": 468, "Value": 0, "Offset": 4}}, {"VirtualAddress": {"FileOffset": 472, "Value": 0, "Offset": 0}, "Structure": "IMAGE_DIRECTORY_ENTRY_RESERVED", "Size": {"FileOffset": 476, "Value": 0, "Offset": 4}}], "OPTIONAL_HEADER": {"DllCharacteristics": {"FileOffset": 326, "Value": 0, "Offset": 70}, "BaseOfCode": {"FileOffset": 276, "Value": 217088, "Offset": 20}, "MajorLinkerVersion": {"FileOffset": 258, "Value": 6, "Offset": 2}, "MinorOperatingSystemVersion": {"FileOffset": 298, "Value": 0, "Offset": 42}, "MinorLinkerVersion": {"FileOffset": 259, "Value": 0, "Offset": 3}, "MajorSubsystemVersion": {"FileOffset": 304, "Value": 4, "Offset": 48}, "MajorOperatingSystemVersion": {"FileOffset": 296, "Value": 4, "Offset": 40}, "SizeOfStackCommit": {"FileOffset": 332, "Value": 4096, "Offset": 76}, "SizeOfUninitializedData": {"FileOffset": 268, "Value": 212992, "Offset": 12}, "NumberOfRvaAndSizes": {"FileOffset": 348, "Value": 16, "Offset": 92}, "SizeOfHeapReserve": {"FileOffset": 336, "Value": 1048576, "Offset": 80}, "LoaderFlags": {"FileOffset": 344, "Value": 0, "Offset": 88}, "SizeOfHeapCommit": {"FileOffset": 340, "Value": 4096, "Offset": 84}, "SizeOfStackReserve": {"FileOffset": 328, "Value": 16777216, "Offset": 72}, "Structure": "IMAGE_OPTIONAL_HEADER", "SizeOfHeaders": {"FileOffset": 316, "Value": 4096, "Offset": 60}, "Subsystem": {"FileOffset": 324, "Value": 3, "Offset": 68}, "Magic": {"FileOffset": 256, "Value": 267, "Offset": 0}, "MinorImageVersion": {"FileOffset": 302, "Value": 0, "Offset": 46}, "MajorImageVersion": {"FileOffset": 300, "Value": 0, "Offset": 44}, "FileAlignment": {"FileOffset": 292, "Value": 512, "Offset": 36}, "BaseOfData": {"FileOffset": 280, "Value": 2318336, "Offset": 24}, "AddressOfEntryPoint": {"FileOffset": 272, "Value": 2314656, "Offset": 16}, "SectionAlignment": {"FileOffset": 288, "Value": 4096, "Offset": 32}, "SizeOfCode": {"FileOffset": 260, "Value": 2101248, "Offset": 4}, "ImageBase": {"FileOffset": 284, "Value": 4194304, "Offset": 28}, "SizeOfInitializedData": {"FileOffset": 264, "Value": 4096, "Offset": 8}, "SizeOfImage": {"FileOffset": 312, "Value": 2322432, "Offset": 56}, "MinorSubsystemVersion": {"FileOffset": 306, "Value": 0, "Offset": 50}, "CheckSum": {"FileOffset": 320, "Value": 0, "Offset": 64}, "Reserved1": {"FileOffset": 308, "Value": 0, "Offset": 52}}, "DOS_HEADER": {"e_cblp": {"FileOffset": 2, "Value": 144, "Offset": 2}, "e_crlc": {"FileOffset": 6, "Value": 0, "Offset": 6}, "e_ovno": {"FileOffset": 26, "Value": 0, "Offset": 26}, "e_minalloc": {"FileOffset": 10, "Value": 0, "Offset": 10}, "e_csum": {"FileOffset": 18, "Value": 0, "Offset": 18}, "e_cparhdr": {"FileOffset": 8, "Value": 4, "Offset": 8}, "e_cp": {"FileOffset": 4, "Value": 3, "Offset": 4}, "e_cs": {"FileOffset": 22, "Value": 0, "Offset": 22}, "e_maxalloc": {"FileOffset": 12, "Value": 65535, "Offset": 12}, "e_lfarlc": {"FileOffset": 24, "Value": 64, "Offset": 24}, "e_oemid": {"FileOffset": 36, "Value": 0, "Offset": 36}, "e_lfanew": {"FileOffset": 60, "Value": 232, "Offset": 60}, "e_ss": {"FileOffset": 14, "Value": 0, "Offset": 14}, "e_magic": {"FileOffset": 0, "Value": 23117, "Offset": 0}, "e_oeminfo": {"FileOffset": 38, "Value": 0, "Offset": 38}, "e_res2": {"FileOffset": 40, "Value": "", "Offset": 40}, "e_res": {"FileOffset": 28, "Value": "", "Offset": 28}, "e_sp": {"FileOffset": 16, "Value": 184, "Offset": 16}, "Structure": "IMAGE_DOS_HEADER", "e_ip": {"FileOffset": 20, "Value": 0, "Offset": 20}}, "NT_HEADERS": {"Structure": "IMAGE_NT_HEADERS", "Signature": {"FileOffset": 232, "Value": 17744, "Offset": 0}}, "Flags": ["IMAGE_FILE_LOCAL_SYMS_STRIPPED", "IMAGE_FILE_32BIT_MACHINE", "IMAGE_FILE_EXECUTABLE_IMAGE", "IMAGE_FILE_LINE_NUMS_STRIPPED", "IMAGE_FILE_RELOCS_STRIPPED"], "Version Information": [{"ValueLength": {"FileOffset": 2099446, "Value": 52, "Offset": 2}, "Length": {"FileOffset": 2099444, "Value": 612, "Offset": 0}, "Type": {"FileOffset": 2099448, "Value": 0, "Offset": 4}, "Structure": "VS_VERSIONINFO"}, {"FileFlagsMask": {"FileOffset": 2099508, "Value": 0, "Offset": 24}, "FileType": {"FileOffset": 2099520, "Value": 0, "Offset": 36}, "FileVersionMS": {"FileOffset": 2099492, "Value": 0, "Offset": 8}, "FileVersionLS": {"FileOffset": 2099496, "Value": 0, "Offset": 12}, "Signature": {"FileOffset": 2099484, "Value": 4277077181, "Offset": 0}, "FileSubtype": {"FileOffset": 2099524, "Value": 0, "Offset": 40}, "FileFlags": {"FileOffset": 2099512, "Value": 0, "Offset": 28}, "FileDateLS": {"FileOffset": 2099532, "Value": 0, "Offset": 48}, "ProductVersionLS": {"FileOffset": 2099504, "Value": 0, "Offset": 20}, "FileOS": {"FileOffset": 2099516, "Value": 0, "Offset": 32}, "ProductVersionMS": {"FileOffset": 2099500, "Value": 0, "Offset": 16}, "FileDateMS": {"FileOffset": 2099528, "Value": 0, "Offset": 44}, "Structure": "VS_FIXEDFILEINFO", "StrucVersion": {"FileOffset": 2099488, "Value": 65536, "Offset": 4}}], "Imported symbols": [[{"TimeDateStamp": {"FileOffset": 2100904, "Value": "0x0        [Thu Jan  1 00:00:00 1970 UTC]", "Offset": 4}, "Name": {"FileOffset": 2100912, "Value": 2320216, "Offset": 12}, "ForwarderChain": {"FileOffset": 2100908, "Value": 0, "Offset": 8}, "OriginalFirstThunk": {"FileOffset": 2100900, "Value": 0, "Offset": 0}, "FirstThunk": {"FileOffset": 2100916, "Value": 2320156, "Offset": 16}, "Characteristics": {"FileOffset": 2100900, "Value": 0, "Offset": 0}, "Structure": "IMAGE_IMPORT_DESCRIPTOR"}, {"Hint": 0, "Name": "LoadLibraryA", "DLL": "KERNEL32.DLL"}, {"Hint": 0, "Name": "GetProcAddress", "DLL": "KERNEL32.DLL"}, {"Hint": 0, "Name": "VirtualProtect", "DLL": "KERNEL32.DLL"}, {"Hint": 0, "Name": "VirtualAlloc", "DLL": "KERNEL32.DLL"}, {"Hint": 0, "Name": "VirtualFree", "DLL": "KERNEL32.DLL"}, {"Hint": 0, "Name": "ExitProcess", "DLL": "KERNEL32.DLL"}], [{"TimeDateStamp": {"FileOffset": 2100924, "Value": "0x0        [Thu Jan  1 00:00:00 1970 UTC]", "Offset": 4}, "Name": {"FileOffset": 2100932, "Value": 2320229, "Offset": 12}, "ForwarderChain": {"FileOffset": 2100928, "Value": 0, "Offset": 8}, "OriginalFirstThunk": {"FileOffset": 2100920, "Value": 0, "Offset": 0}, "FirstThunk": {"FileOffset": 2100936, "Value": 2320184, "Offset": 16}, "Characteristics": {"FileOffset": 2100920, "Value": 0, "Offset": 0}, "Structure": "IMAGE_IMPORT_DESCRIPTOR"}, {"Hint": 0, "Name": "GetUserNameA", "DLL": "ADVAPI32.dll"}], [{"TimeDateStamp": {"FileOffset": 2100944, "Value": "0x0        [Thu Jan  1 00:00:00 1970 UTC]", "Offset": 4}, "Name": {"FileOffset": 2100952, "Value": 2320242, "Offset": 12}, "ForwarderChain": {"FileOffset": 2100948, "Value": 0, "Offset": 8}, "OriginalFirstThunk": {"FileOffset": 2100940, "Value": 0, "Offset": 0}, "FirstThunk": {"FileOffset": 2100956, "Value": 2320192, "Offset": 16}, "Characteristics": {"FileOffset": 2100940, "Value": 0, "Offset": 0}, "Structure": "IMAGE_IMPORT_DESCRIPTOR"}, {"Ordinal": 17, "DLL": "COMCTL32.dll"}], [{"TimeDateStamp": {"FileOffset": 2100964, "Value": "0x0        [Thu Jan  1 00:00:00 1970 UTC]", "Offset": 4}, "Name": {"FileOffset": 2100972, "Value": 2320255, "Offset": 12}, "ForwarderChain": {"FileOffset": 2100968, "Value": 0, "Offset": 8}, "OriginalFirstThunk": {"FileOffset": 2100960, "Value": 0, "Offset": 0}, "FirstThunk": {"FileOffset": 2100976, "Value": 2320200, "Offset": 16}, "Characteristics": {"FileOffset": 2100960, "Value": 0, "Offset": 0}, "Structure": "IMAGE_IMPORT_DESCRIPTOR"}, {"Hint": 0, "Name": "free", "DLL": "MSVCRT.dll"}], [{"TimeDateStamp": {"FileOffset": 2100984, "Value": "0x0        [Thu Jan  1 00:00:00 1970 UTC]", "Offset": 4}, "Name": {"FileOffset": 2100992, "Value": 2320266, "Offset": 12}, "ForwarderChain": {"FileOffset": 2100988, "Value": 0, "Offset": 8}, "OriginalFirstThunk": {"FileOffset": 2100980, "Value": 0, "Offset": 0}, "FirstThunk": {"FileOffset": 2100996, "Value": 2320208, "Offset": 16}, "Characteristics": {"FileOffset": 2100980, "Value": 0, "Offset": 0}, "Structure": "IMAGE_IMPORT_DESCRIPTOR"}, {"Hint": 0, "Name": "MessageBoxA", "DLL": "USER32.dll"}]], "PE Sections": [{"PointerToRawData": {"FileOffset": 500, "Value": 1024, "Offset": 20}, "SHA1": "da39a3ee5e6b4b0d3255bfef95601890afd80709", "SHA256": "e3b0c44298fc1c149afbf4c8996fb92427ae41e4649b934ca495991b7852b855", "Name": {"FileOffset": 480, "Value": "UPX0", "Offset": 0}, "NumberOfRelocations": {"FileOffset": 512, "Value": 0, "Offset": 32}, "Misc_VirtualSize": {"FileOffset": 488, "Value": 212992, "Offset": 8}, "Characteristics": {"FileOffset": 516, "Value": 3758096512, "Offset": 36}, "Misc": {"FileOffset": 488, "Value": 212992, "Offset": 8}, "PointerToLinenumbers": {"FileOffset": 508, "Value": 0, "Offset": 28}, "SizeOfRawData": {"FileOffset": 496, "Value": 0, "Offset": 16}, "Misc_PhysicalAddress": {"FileOffset": 488, "Value": 212992, "Offset": 8}, "PointerToRelocations": {"FileOffset": 504, "Value": 0, "Offset": 24}, "Flags": ["IMAGE_SCN_MEM_EXECUTE", "IMAGE_SCN_MEM_WRITE", "IMAGE_SCN_CNT_UNINITIALIZED_DATA", "IMAGE_SCN_MEM_READ"], "SHA512": "cf83e1357eefb8bdf1542850d66d8007d620e4050b5715dc83f4a921d36ce9ce47d0d13c5d85f2b0ff8318d2877eec2f63b931bd47417a81a538327af927da3e", "MD5": "d41d8cd98f00b204e9800998ecf8427e", "Entropy": 0.0, "VirtualAddress": {"FileOffset": 492, "Value": 4096, "Offset": 12}, "Structure": "IMAGE_SECTION_HEADER", "NumberOfLinenumbers": {"FileOffset": 514, "Value": 0, "Offset": 34}}, {"PointerToRawData": {"FileOffset": 540, "Value": 1024, "Offset": 20}, "SHA1": "7e08ef9a86dad70e0dbb79c6be48efb6673f7618", "SHA256": "158f5b4e69cbe997cc65437802bc64d54b0fd8b6b498be0a237d77509467dbc7", "Name": {"FileOffset": 520, "Value": "UPX1", "Offset": 0}, "NumberOfRelocations": {"FileOffset": 552, "Value": 0, "Offset": 32}, "Misc_VirtualSize": {"FileOffset": 528, "Value": 2101248, "Offset": 8}, "Characteristics": {"FileOffset": 556, "Value": 3758096448, "Offset": 36}, "Misc": {"FileOffset": 528, "Value": 2101248, "Offset": 8}, "PointerToLinenumbers": {"FileOffset": 548, "Value": 0, "Offset": 28}, "SizeOfRawData": {"FileOffset": 536, "Value": 2098176, "Offset": 16}, "Misc_PhysicalAddress": {"FileOffset": 528, "Value": 2101248, "Offset": 8}, "PointerToRelocations": {"FileOffset": 544, "Value": 0, "Offset": 24}, "Flags": ["IMAGE_SCN_MEM_EXECUTE", "IMAGE_SCN_CNT_INITIALIZED_DATA", "IMAGE_SCN_MEM_WRITE", "IMAGE_SCN_MEM_READ"], "SHA512": "66504e8cf691d4958732ac10972ff945b8330009a2cc7e0ce8e8203400b6b471cb39a266af962d8bed7ed3137a79276dd0c8c2badcb6642e40913c21fc196eb5", "MD5": "7a40cd361be25260adce46118ece68b9", "Entropy": 7.756094003813117, "VirtualAddress": {"FileOffset": 532, "Value": 217088, "Offset": 12}, "Structure": "IMAGE_SECTION_HEADER", "NumberOfLinenumbers": {"FileOffset": 554, "Value": 0, "Offset": 34}}, {"PointerToRawData": {"FileOffset": 580, "Value": 2099200, "Offset": 20}, "SHA1": "948ae40cbe55cb2dd68992c00f101735f35857f5", "SHA256": "9a0380f90993fced652f14f915b474bb320b4d2e6183315c243bd9360b9407ab", "Name": {"FileOffset": 560, "Value": ".rsrc", "Offset": 0}, "NumberOfRelocations": {"FileOffset": 592, "Value": 0, "Offset": 32}, "Misc_VirtualSize": {"FileOffset": 568, "Value": 4096, "Offset": 8}, "Characteristics": {"FileOffset": 596, "Value": 3221225536, "Offset": 36}, "Misc": {"FileOffset": 568, "Value": 4096, "Offset": 8}, "PointerToLinenumbers": {"FileOffset": 588, "Value": 0, "Offset": 28}, "SizeOfRawData": {"FileOffset": 576, "Value": 2560, "Offset": 16}, "Misc_PhysicalAddress": {"FileOffset": 568, "Value": 4096, "Offset": 8}, "PointerToRelocations": {"FileOffset": 584, "Value": 0, "Offset": 24}, "Flags": ["IMAGE_SCN_CNT_INITIALIZED_DATA", "IMAGE_SCN_MEM_WRITE", "IMAGE_SCN_MEM_READ"], "SHA512": "a1ff3fe1ccfe8dca1e61f367f3a32881e704e73332a015d8236ad7bbcab6c705e4c1e043d89012fd041d0f4a2bcb82962ce3760cf7fa646a8cd939c4a55ca497", "MD5": "504b33214e6e77db29ddfa008744a261", "Entropy": 3.946522261689084, "VirtualAddress": {"FileOffset": 572, "Value": 2318336, "Offset": 12}, "Structure": "IMAGE_SECTION_HEADER", "NumberOfLinenumbers": {"FileOffset": 594, "Value": 0, "Offset": 34}}], "Resource directory": [{"MajorVersion": {"FileOffset": 2099208, "Value": 0, "Offset": 8}, "NumberOfIdEntries": {"FileOffset": 2099214, "Value": 2, "Offset": 14}, "MinorVersion": {"FileOffset": 2099210, "Value": 0, "Offset": 10}, "TimeDateStamp": {"FileOffset": 2099204, "Value": "0x0        [Thu Jan  1 00:00:00 1970 UTC]", "Offset": 4}, "Characteristics": {"FileOffset": 2099200, "Value": 0, "Offset": 0}, "NumberOfNamedEntries": {"FileOffset": 2099212, "Value": 1, "Offset": 12}, "Structure": "IMAGE_RESOURCE_DIRECTORY"}, {"Name": {"FileOffset": 2099216, "Value": 2147483880, "Offset": 0}, "OffsetToData": {"FileOffset": 2099220, "Value": 2147483688, "Offset": 4}, "Structure": "IMAGE_RESOURCE_DIRECTORY_ENTRY"}, [{"MajorVersion": {"FileOffset": 2099248, "Value": 0, "Offset": 8}, "NumberOfIdEntries": {"FileOffset": 2099254, "Value": 1, "Offset": 14}, "MinorVersion": {"FileOffset": 2099250, "Value": 0, "Offset": 10}, "TimeDateStamp": {"FileOffset": 2099244, "Value": "0x0        [Thu Jan  1 00:00:00 1970 UTC]", "Offset": 4}, "Characteristics": {"FileOffset": 2099240, "Value": 0, "Offset": 0}, "NumberOfNamedEntries": {"FileOffset": 2099252, "Value": 0, "Offset": 12}, "Structure": "IMAGE_RESOURCE_DIRECTORY"}, {"Structure": "IMAGE_RESOURCE_DIRECTORY_ENTRY", "Id": 1, "OffsetToData": {"FileOffset": 2099260, "Value": 2147483712, "Offset": 4}, "Name": {"FileOffset": 2099256, "Value": 1, "Offset": 0}}, [{"MajorVersion": {"FileOffset": 2099272, "Value": 0, "Offset": 8}, "NumberOfIdEntries": {"FileOffset": 2099278, "Value": 1, "Offset": 14}, "MinorVersion": {"FileOffset": 2099274, "Value": 0, "Offset": 10}, "TimeDateStamp": {"FileOffset": 2099268, "Value": "0x0        [Thu Jan  1 00:00:00 1970 UTC]", "Offset": 4}, "Characteristics": {"FileOffset": 2099264, "Value": 0, "Offset": 0}, "NumberOfNamedEntries": {"FileOffset": 2099276, "Value": 0, "Offset": 12}, "Structure": "IMAGE_RESOURCE_DIRECTORY"}, {"LANG": 0, "SUBLANG_NAME": "SUBLANG_NEUTRAL", "Name": {"FileOffset": 2099280, "Value": 0, "Offset": 0}, "CodePage": {"FileOffset": 2099296, "Value": 1252, "Offset": 8}, "LANG_NAME": "LANG_NEUTRAL", "OffsetToData": {"FileOffset": 2099288, "Value": 65776, "Offset": 0}, "Reserved": {"FileOffset": 2099300, "Value": 0, "Offset": 12}, "SUBLANG": 0, "Structure": "IMAGE_RESOURCE_DATA_ENTRY", "Size": {"FileOffset": 2099292, "Value": 2234772, "Offset": 4}}]], {"Structure": "IMAGE_RESOURCE_DIRECTORY_ENTRY", "Id": [16, "RT_VERSION"], "OffsetToData": {"FileOffset": 2099228, "Value": 2147483752, "Offset": 4}, "Name": {"FileOffset": 2099224, "Value": 16, "Offset": 0}}, [{"MajorVersion": {"FileOffset": 2099312, "Value": 0, "Offset": 8}, "NumberOfIdEntries": {"FileOffset": 2099318, "Value": 1, "Offset": 14}, "MinorVersion": {"FileOffset": 2099314, "Value": 0, "Offset": 10}, "TimeDateStamp": {"FileOffset": 2099308, "Value": "0x0        [Thu Jan  1 00:00:00 1970 UTC]", "Offset": 4}, "Characteristics": {"FileOffset": 2099304, "Value": 0, "Offset": 0}, "NumberOfNamedEntries": {"FileOffset": 2099316, "Value": 0, "Offset": 12}, "Structure": "IMAGE_RESOURCE_DIRECTORY"}, {"Structure": "IMAGE_RESOURCE_DIRECTORY_ENTRY", "Id": 1, "OffsetToData": {"FileOffset": 2099324, "Value": 2147483776, "Offset": 4}, "Name": {"FileOffset": 2099320, "Value": 1, "Offset": 0}}, [{"MajorVersion": {"FileOffset": 2099336, "Value": 0, "Offset": 8}, "NumberOfIdEntries": {"FileOffset": 2099342, "Value": 1, "Offset": 14}, "MinorVersion": {"FileOffset": 2099338, "Value": 0, "Offset": 10}, "TimeDateStamp": {"FileOffset": 2099332, "Value": "0x0        [Thu Jan  1 00:00:00 1970 UTC]", "Offset": 4}, "Characteristics": {"FileOffset": 2099328, "Value": 0, "Offset": 0}, "NumberOfNamedEntries": {"FileOffset": 2099340, "Value": 0, "Offset": 12}, "Structure": "IMAGE_RESOURCE_DIRECTORY"}, {"LANG": 0, "SUBLANG_NAME": "SUBLANG_NEUTRAL", "Name": {"FileOffset": 2099344, "Value": 0, "Offset": 0}, "CodePage": {"FileOffset": 2099360, "Value": 1252, "Offset": 8}, "LANG_NAME": "LANG_NEUTRAL", "OffsetToData": {"FileOffset": 2099352, "Value": 2318580, "Offset": 0}, "Reserved": {"FileOffset": 2099364, "Value": 0, "Offset": 12}, "SUBLANG": 0, "Structure": "IMAGE_RESOURCE_DATA_ENTRY", "Size": {"FileOffset": 2099356, "Value": 612, "Offset": 4}}]], {"Structure": "IMAGE_RESOURCE_DIRECTORY_ENTRY", "Id": [24, "RT_MANIFEST"], "OffsetToData": {"FileOffset": 2099236, "Value": 2147483816, "Offset": 4}, "Name": {"FileOffset": 2099232, "Value": 24, "Offset": 0}}, [{"MajorVersion": {"FileOffset": 2099376, "Value": 0, "Offset": 8}, "NumberOfIdEntries": {"FileOffset": 2099382, "Value": 1, "Offset": 14}, "MinorVersion": {"FileOffset": 2099378, "Value": 0, "Offset": 10}, "TimeDateStamp": {"FileOffset": 2099372, "Value": "0x0        [Thu Jan  1 00:00:00 1970 UTC]", "Offset": 4}, "Characteristics": {"FileOffset": 2099368, "Value": 0, "Offset": 0}, "NumberOfNamedEntries": {"FileOffset": 2099380, "Value": 0, "Offset": 12}, "Structure": "IMAGE_RESOURCE_DIRECTORY"}, {"Structure": "IMAGE_RESOURCE_DIRECTORY_ENTRY", "Id": 1, "OffsetToData": {"FileOffset": 2099388, "Value": 2147483840, "Offset": 4}, "Name": {"FileOffset": 2099384, "Value": 1, "Offset": 0}}, [{"MajorVersion": {"FileOffset": 2099400, "Value": 0, "Offset": 8}, "NumberOfIdEntries": {"FileOffset": 2099406, "Value": 1, "Offset": 14}, "MinorVersion": {"FileOffset": 2099402, "Value": 0, "Offset": 10}, "TimeDateStamp": {"FileOffset": 2099396, "Value": "0x0        [Thu Jan  1 00:00:00 1970 UTC]", "Offset": 4}, "Characteristics": {"FileOffset": 2099392, "Value": 0, "Offset": 0}, "NumberOfNamedEntries": {"FileOffset": 2099404, "Value": 0, "Offset": 12}, "Structure": "IMAGE_RESOURCE_DIRECTORY"}, {"LANG": 9, "SUBLANG_NAME": "SUBLANG_ENGLISH_US", "Name": {"FileOffset": 2099408, "Value": 1033, "Offset": 0}, "CodePage": {"FileOffset": 2099424, "Value": 1252, "Offset": 8}, "LANG_NAME": "LANG_ENGLISH", "OffsetToData": {"FileOffset": 2099416, "Value": 2319196, "Offset": 0}, "Reserved": {"FileOffset": 2099428, "Value": 0, "Offset": 12}, "SUBLANG": 1, "Structure": "IMAGE_RESOURCE_DATA_ENTRY", "Size": {"FileOffset": 2099420, "Value": 837, "Offset": 4}}]]]}
