{"DllCharacteristics": ["IMAGE_DLLCHARACTERISTICS_TERMINAL_SERVER_AWARE", "IMAGE_DLLCHARACTERISTICS_DYNAMIC_BASE", "IMAGE_DLLCHARACTERISTICS_NX_COMPAT"], "FILE_HEADER": {"NumberOfSections": {"FileOffset": 238, "Value": 5, "Offset": 2}, "TimeDateStamp": {"FileOffset": 240, "Value": "0x52226975 [Sat Aug 31 22:08:53 2013 UTC]", "Offset": 4}, "PointerToSymbolTable": {"FileOffset": 244, "Value": 0, "Offset": 8}, "NumberOfSymbols": {"FileOffset": 248, "Value": 0, "Offset": 12}, "Machine": {"FileOffset": 236, "Value": 332, "Offset": 0}, "Characteristics": {"FileOffset": 254, "Value": 258, "Offset": 18}, "SizeOfOptionalHeader": {"FileOffset": 252, "Value": 224, "Offset": 16}, "Structure": "IMAGE_FILE_HEADER"}, "Directories": [{"VirtualAddress": {"FileOffset": 352, "Value": 0, "Offset": 0}, "Structure": "IMAGE_DIRECTORY_ENTRY_EXPORT", "Size": {"FileOffset": 356, "Value": 0, "Offset": 4}}, {"VirtualAddress": {"FileOffset": 360, "Value": 64100, "Offset": 0}, "Structure": "IMAGE_DIRECTORY_ENTRY_IMPORT", "Size": {"FileOffset": 364, "Value": 100, "Offset": 4}}, {"VirtualAddress": {"FileOffset": 368, "Value": 86016, "Offset": 0}, "Structure": "IMAGE_DIRECTORY_ENTRY_RESOURCE", "Size": {"FileOffset": 372, "Value": 293488, "Offset": 4}}, {"VirtualAddress": {"FileOffset": 376, "Value": 0, "Offset": 0}, "Structure": "IMAGE_DIRECTORY_ENTRY_EXCEPTION", "Size": {"FileOffset": 380, "Value": 0, "Offset": 4}}, {"VirtualAddress": {"FileOffset": 384, "Value": 0, "Offset": 0}, "Structure": "IMAGE_DIRECTORY_ENTRY_SECURITY", "Size": {"FileOffset": 388, "Value": 0, "Offset": 4}}, {"VirtualAddress": {"FileOffset": 392, "Value": 380928, "Offset": 0}, "Structure": "IMAGE_DIRECTORY_ENTRY_BASERELOC", "Size": {"FileOffset": 396, "Value": 2968, "Offset": 4}}, {"VirtualAddress": {"FileOffset": 400, "Value": 53760, "Offset": 0}, "Structure": "IMAGE_DIRECTORY_ENTRY_DEBUG", "Size": {"FileOffset": 404, "Value": 28, "Offset": 4}}, {"VirtualAddress": {"FileOffset": 408, "Value": 0, "Offset": 0}, "Structure": "IMAGE_DIRECTORY_ENTRY_COPYRIGHT", "Size": {"FileOffset": 412, "Value": 0, "Offset": 4}}, {"VirtualAddress": {"FileOffset": 416, "Value": 0, "Offset": 0}, "Structure": "IMAGE_DIRECTORY_ENTRY_GLOBALPTR", "Size": {"FileOffset": 420, "Value": 0, "Offset": 4}}, {"VirtualAddress": {"FileOffset": 424, "Value": 0, "Offset": 0}, "Structure": "IMAGE_DIRECTORY_ENTRY_TLS", "Size": {"FileOffset": 428, "Value": 0, "Offset": 4}}, {"VirtualAddress": {"FileOffset": 432, "Value": 62736, "Offset": 0}, "Structure": "IMAGE_DIRECTORY_ENTRY_LOAD_CONFIG", "Size": {"FileOffset": 436, "Value": 64, "Offset": 4}}, {"VirtualAddress": {"FileOffset": 440, "Value": 0, "Offset": 0}, "Structure": "IMAGE_DIRECTORY_ENTRY_BOUND_IMPORT", "Size": {"FileOffset": 444, "Value": 0, "Offset": 4}}, {"VirtualAddress": {"FileOffset": 448, "Value": 53248, "Offset": 0}, "Structure": "IMAGE_DIRECTORY_ENTRY_IAT", "Size": {"FileOffset": 452, "Value": 452, "Offset": 4}}, {"VirtualAddress": {"FileOffset": 456, "Value": 0, "Offset": 0}, "Structure": "IMAGE_DIRECTORY_ENTRY_DELAY_IMPORT", "Size": {"FileOffset": 460, "Value": 0, "Offset": 4}}, {"VirtualAddress": {"FileOffset": 464, "Value": 0, "Offset": 0}, "Structure": "IMAGE_DIRECTORY_ENTRY_COM_DESCRIPTOR", "Size": {"FileOffset": 468, "Value": 0, "Offset": 4}}, {"VirtualAddress": {"FileOffset": 472, "Value": 0, "Offset": 0}, "Structure": "IMAGE_DIRECTORY_ENTRY_RESERVED", "Size": {"FileOffset": 476, "Value": 0, "Offset": 4}}], "OPTIONAL_HEADER": {"DllCharacteristics": {"FileOffset": 326, "Value": 33088, "Offset": 70}, "BaseOfCode": {"FileOffset": 276, "Value": 4096, "Offset": 20}, "MajorLinkerVersion": {"FileOffset": 258, "Value": 10, "Offset": 2}, "MinorOperatingSystemVersion": {"FileOffset": 298, "Value": 1, "Offset": 42}, "MinorLinkerVersion": {"FileOffset": 259, "Value": 0, "Offset": 3}, "MajorSubsystemVersion": {"FileOffset": 304, "Value": 5, "Offset": 48}, "MajorOperatingSystemVersion": {"FileOffset": 296, "Value": 5, "Offset": 40}, "SizeOfStackCommit": {"FileOffset": 332, "Value": 4096, "Offset": 76}, "SizeOfUninitializedData": {"FileOffset": 268, "Value": 0, "Offset": 12}, "NumberOfRvaAndSizes": {"FileOffset": 348, "Value": 16, "Offset": 92}, "SizeOfHeapReserve": {"FileOffset": 336, "Value": 1048576, "Offset": 80}, "LoaderFlags": {"FileOffset": 344, "Value": 0, "Offset": 88}, "SizeOfHeapCommit": {"FileOffset": 340, "Value": 4096, "Offset": 84}, "SizeOfStackReserve": {"FileOffset": 328, "Value": 1048576, "Offset": 72}, "Structure": "IMAGE_OPTIONAL_HEADER", "SizeOfHeaders": {"FileOffset": 316, "Value": 1024, "Offset": 60}, "Subsystem": {"FileOffset": 324, "Value": 2, "Offset": 68}, "Magic": {"FileOffset": 256, "Value": 267, "Offset": 0}, "MinorImageVersion": {"FileOffset": 302, "Value": 0, "Offset": 46}, "MajorImageVersion": {"FileOffset": 300, "Value": 0, "Offset": 44}, "FileAlignment": {"FileOffset": 292, "Value": 512, "Offset": 36}, "BaseOfData": {"FileOffset": 280, "Value": 53248, "Offset": 24}, "AddressOfEntryPoint": {"FileOffset": 272, "Value": 12229, "Offset": 16}, "SectionAlignment": {"FileOffset": 288, "Value": 4096, "Offset": 32}, "SizeOfCode": {"FileOffset": 260, "Value": 48128, "Offset": 4}, "ImageBase": {"FileOffset": 284, "Value": 4194304, "Offset": 28}, "SizeOfInitializedData": {"FileOffset": 264, "Value": 318464, "Offset": 8}, "SizeOfImage": {"FileOffset": 312, "Value": 389120, "Offset": 56}, "MinorSubsystemVersion": {"FileOffset": 306, "Value": 1, "Offset": 50}, "CheckSum": {"FileOffset": 320, "Value": 383810, "Offset": 64}, "Reserved1": {"FileOffset": 308, "Value": 0, "Offset": 52}}, "DOS_HEADER": {"e_cblp": {"FileOffset": 2, "Value": 144, "Offset": 2}, "e_crlc": {"FileOffset": 6, "Value": 0, "Offset": 6}, "e_ovno": {"FileOffset": 26, "Value": 0, "Offset": 26}, "e_minalloc": {"FileOffset": 10, "Value": 0, "Offset": 10}, "e_csum": {"FileOffset": 18, "Value": 0, "Offset": 18}, "e_cparhdr": {"FileOffset": 8, "Value": 4, "Offset": 8}, "e_cp": {"FileOffset": 4, "Value": 3, "Offset": 4}, "e_cs": {"FileOffset": 22, "Value": 0, "Offset": 22}, "e_maxalloc": {"FileOffset": 12, "Value": 65535, "Offset": 12}, "e_lfarlc": {"FileOffset": 24, "Value": 64, "Offset": 24}, "e_oemid": {"FileOffset": 36, "Value": 0, "Offset": 36}, "e_lfanew": {"FileOffset": 60, "Value": 232, "Offset": 60}, "e_ss": {"FileOffset": 14, "Value": 0, "Offset": 14}, "e_magic": {"FileOffset": 0, "Value": 23117, "Offset": 0}, "e_oeminfo": {"FileOffset": 38, "Value": 0, "Offset": 38}, "e_res2": {"FileOffset": 40, "Value": "", "Offset": 40}, "e_res": {"FileOffset": 28, "Value": "", "Offset": 28}, "e_sp": {"FileOffset": 16, "Value": 184, "Offset": 16}, "Structure": "IMAGE_DOS_HEADER", "e_ip": {"FileOffset": 20, "Value": 0, "Offset": 20}}, "Base relocations": [[{"SizeOfBlock": {"FileOffset": 360964, "Value": 368, "Offset": 4}, "VirtualAddress": {"FileOffset": 360960, "Value": 4096, "Offset": 0}, "Structure": "IMAGE_BASE_RELOCATION"}, {"RVA": 4104, "Type": "HIGHLOW"}, {"RVA": 4125, "Type": "HIGHLOW"}, {"RVA": 4134, "Type": "HIGHLOW"}, {"RVA": 4248, "Type": "HIGHLOW"}, {"RVA": 4454, "Type": "HIGHLOW"}, {"RVA": 4553, "Type": "HIGHLOW"}, {"RVA": 4677, "Type": "HIGHLOW"}, {"RVA": 4746, "Type": "HIGHLOW"}, {"RVA": 4752, "Type": "HIGHLOW"}, {"RVA": 4796, "Type": "HIGHLOW"}, {"RVA": 4802, "Type": "HIGHLOW"}, {"RVA": 4819, "Type": "HIGHLOW"}, {"RVA": 4825, "Type": "HIGHLOW"}, {"RVA": 4833, "Type": "HIGHLOW"}, {"RVA": 4848, "Type": "HIGHLOW"}, {"RVA": 4863, "Type": "HIGHLOW"}, {"RVA": 4869, "Type": "HIGHLOW"}, {"RVA": 4882, "Type": "HIGHLOW"}, {"RVA": 4895, "Type": "HIGHLOW"}, {"RVA": 4900, "Type": "HIGHLOW"}, {"RVA": 4905, "Type": "HIGHLOW"}, {"RVA": 4925, "Type": "HIGHLOW"}, {"RVA": 4931, "Type": "HIGHLOW"}, {"RVA": 4938, "Type": "HIGHLOW"}, {"RVA": 4956, "Type": "HIGHLOW"}, {"RVA": 4961, "Type": "HIGHLOW"}, {"RVA": 4966, "Type": "HIGHLOW"}, {"RVA": 4986, "Type": "HIGHLOW"}, {"RVA": 4991, "Type": "HIGHLOW"}, {"RVA": 4996, "Type": "HIGHLOW"}, {"RVA": 5016, "Type": "HIGHLOW"}, {"RVA": 5022, "Type": "HIGHLOW"}, {"RVA": 5029, "Type": "HIGHLOW"}, {"RVA": 5047, "Type": "HIGHLOW"}, {"RVA": 5052, "Type": "HIGHLOW"}, {"RVA": 5057, "Type": "HIGHLOW"}, {"RVA": 5077, "Type": "HIGHLOW"}, {"RVA": 5082, "Type": "HIGHLOW"}, {"RVA": 5087, "Type": "HIGHLOW"}, {"RVA": 5106, "Type": "HIGHLOW"}, {"RVA": 5112, "Type": "HIGHLOW"}, {"RVA": 5118, "Type": "HIGHLOW"}, {"RVA": 5138, "Type": "HIGHLOW"}, {"RVA": 5143, "Type": "HIGHLOW"}, {"RVA": 5148, "Type": "HIGHLOW"}, {"RVA": 5168, "Type": "HIGHLOW"}, {"RVA": 5173, "Type": "HIGHLOW"}, {"RVA": 5178, "Type": "HIGHLOW"}, {"RVA": 5198, "Type": "HIGHLOW"}, {"RVA": 5204, "Type": "HIGHLOW"}, {"RVA": 5212, "Type": "HIGHLOW"}, {"RVA": 5221, "Type": "HIGHLOW"}, {"RVA": 5230, "Type": "HIGHLOW"}, {"RVA": 5239, "Type": "HIGHLOW"}, {"RVA": 5248, "Type": "HIGHLOW"}, {"RVA": 5257, "Type": "HIGHLOW"}, {"RVA": 5266, "Type": "HIGHLOW"}, {"RVA": 5275, "Type": "HIGHLOW"}, {"RVA": 5308, "Type": "HIGHLOW"}, {"RVA": 5377, "Type": "HIGHLOW"}, {"RVA": 5402, "Type": "HIGHLOW"}, {"RVA": 5427, "Type": "HIGHLOW"}, {"RVA": 5459, "Type": "HIGHLOW"}, {"RVA": 5470, "Type": "HIGHLOW"}, {"RVA": 5517, "Type": "HIGHLOW"}, {"RVA": 5573, "Type": "HIGHLOW"}, {"RVA": 5581, "Type": "HIGHLOW"}, {"RVA": 5594, "Type": "HIGHLOW"}, {"RVA": 5603, "Type": "HIGHLOW"}, {"RVA": 5683, "Type": "HIGHLOW"}, {"RVA": 5689, "Type": "HIGHLOW"}, {"RVA": 5694, "Type": "HIGHLOW"}, {"RVA": 5699, "Type": "HIGHLOW"}, {"RVA": 5721, "Type": "HIGHLOW"}, {"RVA": 5729, "Type": "HIGHLOW"}, {"RVA": 5735, "Type": "HIGHLOW"}, {"RVA": 5750, "Type": "HIGHLOW"}, {"RVA": 5802, "Type": "HIGHLOW"}, {"RVA": 5819, "Type": "HIGHLOW"}, {"RVA": 5836, "Type": "HIGHLOW"}, {"RVA": 5851, "Type": "HIGHLOW"}, {"RVA": 5914, "Type": "HIGHLOW"}, {"RVA": 5920, "Type": "HIGHLOW"}, {"RVA": 6023, "Type": "HIGHLOW"}, {"RVA": 6043, "Type": "HIGHLOW"}, {"RVA": 6048, "Type": "HIGHLOW"}, {"RVA": 6063, "Type": "HIGHLOW"}, {"RVA": 6074, "Type": "HIGHLOW"}, {"RVA": 6080, "Type": "HIGHLOW"}, {"RVA": 6095, "Type": "HIGHLOW"}, {"RVA": 6161, "Type": "HIGHLOW"}, {"RVA": 6167, "Type": "HIGHLOW"}, {"RVA": 6198, "Type": "HIGHLOW"}, {"RVA": 6217, "Type": "HIGHLOW"}, {"RVA": 6325, "Type": "HIGHLOW"}, {"RVA": 6332, "Type": "HIGHLOW"}, {"RVA": 6353, "Type": "HIGHLOW"}, {"RVA": 6361, "Type": "HIGHLOW"}, {"RVA": 6370, "Type": "HIGHLOW"}, {"RVA": 6399, "Type": "HIGHLOW"}, {"RVA": 6407, "Type": "HIGHLOW"}, {"RVA": 6417, "Type": "HIGHLOW"}, {"RVA": 6431, "Type": "HIGHLOW"}, {"RVA": 6501, "Type": "HIGHLOW"}, {"RVA": 6535, "Type": "HIGHLOW"}, {"RVA": 6552, "Type": "HIGHLOW"}, {"RVA": 6565, "Type": "HIGHLOW"}, {"RVA": 6575, "Type": "HIGHLOW"}, {"RVA": 6600, "Type": "HIGHLOW"}, {"RVA": 6605, "Type": "HIGHLOW"}, {"RVA": 6620, "Type": "HIGHLOW"}, {"RVA": 6630, "Type": "HIGHLOW"}, {"RVA": 6636, "Type": "HIGHLOW"}, {"RVA": 6651, "Type": "HIGHLOW"}, {"RVA": 6724, "Type": "HIGHLOW"}, {"RVA": 6728, "Type": "HIGHLOW"}, {"RVA": 6732, "Type": "HIGHLOW"}, {"RVA": 6736, "Type": "HIGHLOW"}, {"RVA": 6740, "Type": "HIGHLOW"}, {"RVA": 6775, "Type": "HIGHLOW"}, {"RVA": 6834, "Type": "HIGHLOW"}, {"RVA": 6951, "Type": "HIGHLOW"}, {"RVA": 6982, "Type": "HIGHLOW"}, {"RVA": 7014, "Type": "HIGHLOW"}, {"RVA": 7072, "Type": "HIGHLOW"}, {"RVA": 7105, "Type": "HIGHLOW"}, {"RVA": 7125, "Type": "HIGHLOW"}, {"RVA": 7136, "Type": "HIGHLOW"}, {"RVA": 7152, "Type": "HIGHLOW"}, {"RVA": 7158, "Type": "HIGHLOW"}, {"RVA": 7164, "Type": "HIGHLOW"}, {"RVA": 7170, "Type": "HIGHLOW"}, {"RVA": 7210, "Type": "HIGHLOW"}, {"RVA": 7218, "Type": "HIGHLOW"}, {"RVA": 7227, "Type": "HIGHLOW"}, {"RVA": 7247, "Type": "HIGHLOW"}, {"RVA": 7255, "Type": "HIGHLOW"}, {"RVA": 7264, "Type": "HIGHLOW"}, {"RVA": 7298, "Type": "HIGHLOW"}, {"RVA": 7309, "Type": "HIGHLOW"}, {"RVA": 7316, "Type": "HIGHLOW"}, {"RVA": 7370, "Type": "HIGHLOW"}, {"RVA": 7387, "Type": "HIGHLOW"}, {"RVA": 7425, "Type": "HIGHLOW"}, {"RVA": 7446, "Type": "HIGHLOW"}, {"RVA": 7465, "Type": "HIGHLOW"}, {"RVA": 7470, "Type": "HIGHLOW"}, {"RVA": 7490, "Type": "HIGHLOW"}, {"RVA": 7511, "Type": "HIGHLOW"}, {"RVA": 7523, "Type": "HIGHLOW"}, {"RVA": 7532, "Type": "HIGHLOW"}, {"RVA": 7555, "Type": "HIGHLOW"}, {"RVA": 7569, "Type": "HIGHLOW"}, {"RVA": 7589, "Type": "HIGHLOW"}, {"RVA": 7601, "Type": "HIGHLOW"}, {"RVA": 7607, "Type": "HIGHLOW"}, {"RVA": 7612, "Type": "HIGHLOW"}, {"RVA": 7625, "Type": "HIGHLOW"}, {"RVA": 7644, "Type": "HIGHLOW"}, {"RVA": 7672, "Type": "HIGHLOW"}, {"RVA": 7681, "Type": "HIGHLOW"}, {"RVA": 7688, "Type": "HIGHLOW"}, {"RVA": 7780, "Type": "HIGHLOW"}, {"RVA": 7786, "Type": "HIGHLOW"}, {"RVA": 7819, "Type": "HIGHLOW"}, {"RVA": 7825, "Type": "HIGHLOW"}, {"RVA": 7845, "Type": "HIGHLOW"}, {"RVA": 7867, "Type": "HIGHLOW"}, {"RVA": 7875, "Type": "HIGHLOW"}, {"RVA": 7889, "Type": "HIGHLOW"}, {"RVA": 7896, "Type": "HIGHLOW"}, {"RVA": 7924, "Type": "HIGHLOW"}, {"RVA": 7956, "Type": "HIGHLOW"}, {"RVA": 7988, "Type": "HIGHLOW"}, {"RVA": 8019, "Type": "HIGHLOW"}, {"RVA": 8046, "Type": "HIGHLOW"}, {"RVA": 8109, "Type": "HIGHLOW"}, {"RVA": 8168, "Type": "HIGHLOW"}, {"RVA": 8179, "Type": "HIGHLOW"}, {"RVA": 4096, "Type": "ABSOLUTE"}], [{"SizeOfBlock": {"FileOffset": 361332, "Value": 284, "Offset": 4}, "VirtualAddress": {"FileOffset": 361328, "Value": 8192, "Offset": 0}, "Structure": "IMAGE_BASE_RELOCATION"}, {"RVA": 8196, "Type": "HIGHLOW"}, {"RVA": 8201, "Type": "HIGHLOW"}, {"RVA": 8208, "Type": "HIGHLOW"}, {"RVA": 8214, "Type": "HIGHLOW"}, {"RVA": 8236, "Type": "HIGHLOW"}, {"RVA": 8242, "Type": "HIGHLOW"}, {"RVA": 8247, "Type": "HIGHLOW"}, {"RVA": 8254, "Type": "HIGHLOW"}, {"RVA": 8275, "Type": "HIGHLOW"}, {"RVA": 8315, "Type": "HIGHLOW"}, {"RVA": 8346, "Type": "HIGHLOW"}, {"RVA": 8352, "Type": "HIGHLOW"}, {"RVA": 8366, "Type": "HIGHLOW"}, {"RVA": 8397, "Type": "HIGHLOW"}, {"RVA": 8448, "Type": "HIGHLOW"}, {"RVA": 8466, "Type": "HIGHLOW"}, {"RVA": 8479, "Type": "HIGHLOW"}, {"RVA": 8502, "Type": "HIGHLOW"}, {"RVA": 8527, "Type": "HIGHLOW"}, {"RVA": 8537, "Type": "HIGHLOW"}, {"RVA": 8549, "Type": "HIGHLOW"}, {"RVA": 8555, "Type": "HIGHLOW"}, {"RVA": 8560, "Type": "HIGHLOW"}, {"RVA": 8573, "Type": "HIGHLOW"}, {"RVA": 8592, "Type": "HIGHLOW"}, {"RVA": 8620, "Type": "HIGHLOW"}, {"RVA": 8627, "Type": "HIGHLOW"}, {"RVA": 8636, "Type": "HIGHLOW"}, {"RVA": 8669, "Type": "HIGHLOW"}, {"RVA": 8751, "Type": "HIGHLOW"}, {"RVA": 8767, "Type": "HIGHLOW"}, {"RVA": 8773, "Type": "HIGHLOW"}, {"RVA": 8789, "Type": "HIGHLOW"}, {"RVA": 8811, "Type": "HIGHLOW"}, {"RVA": 8819, "Type": "HIGHLOW"}, {"RVA": 8829, "Type": "HIGHLOW"}, {"RVA": 8836, "Type": "HIGHLOW"}, {"RVA": 8867, "Type": "HIGHLOW"}, {"RVA": 8889, "Type": "HIGHLOW"}, {"RVA": 8919, "Type": "HIGHLOW"}, {"RVA": 8991, "Type": "HIGHLOW"}, {"RVA": 9098, "Type": "HIGHLOW"}, {"RVA": 9153, "Type": "HIGHLOW"}, {"RVA": 9245, "Type": "HIGHLOW"}, {"RVA": 9270, "Type": "HIGHLOW"}, {"RVA": 9305, "Type": "HIGHLOW"}, {"RVA": 9330, "Type": "HIGHLOW"}, {"RVA": 9345, "Type": "HIGHLOW"}, {"RVA": 9360, "Type": "HIGHLOW"}, {"RVA": 9373, "Type": "HIGHLOW"}, {"RVA": 9380, "Type": "HIGHLOW"}, {"RVA": 9385, "Type": "HIGHLOW"}, {"RVA": 9400, "Type": "HIGHLOW"}, {"RVA": 9463, "Type": "HIGHLOW"}, {"RVA": 9498, "Type": "HIGHLOW"}, {"RVA": 9504, "Type": "HIGHLOW"}, {"RVA": 9562, "Type": "HIGHLOW"}, {"RVA": 9570, "Type": "HIGHLOW"}, {"RVA": 9579, "Type": "HIGHLOW"}, {"RVA": 9591, "Type": "HIGHLOW"}, {"RVA": 9603, "Type": "HIGHLOW"}, {"RVA": 9609, "Type": "HIGHLOW"}, {"RVA": 9618, "Type": "HIGHLOW"}, {"RVA": 9629, "Type": "HIGHLOW"}, {"RVA": 9635, "Type": "HIGHLOW"}, {"RVA": 9706, "Type": "HIGHLOW"}, {"RVA": 9713, "Type": "HIGHLOW"}, {"RVA": 9731, "Type": "HIGHLOW"}, {"RVA": 9739, "Type": "HIGHLOW"}, {"RVA": 9744, "Type": "HIGHLOW"}, {"RVA": 9758, "Type": "HIGHLOW"}, {"RVA": 9777, "Type": "HIGHLOW"}, {"RVA": 9823, "Type": "HIGHLOW"}, {"RVA": 9838, "Type": "HIGHLOW"}, {"RVA": 9855, "Type": "HIGHLOW"}, {"RVA": 9882, "Type": "HIGHLOW"}, {"RVA": 9890, "Type": "HIGHLOW"}, {"RVA": 9899, "Type": "HIGHLOW"}, {"RVA": 9909, "Type": "HIGHLOW"}, {"RVA": 9927, "Type": "HIGHLOW"}, {"RVA": 9942, "Type": "HIGHLOW"}, {"RVA": 9963, "Type": "HIGHLOW"}, {"RVA": 9969, "Type": "HIGHLOW"}, {"RVA": 9982, "Type": "HIGHLOW"}, {"RVA": 9991, "Type": "HIGHLOW"}, {"RVA": 10005, "Type": "HIGHLOW"}, {"RVA": 10010, "Type": "HIGHLOW"}, {"RVA": 10045, "Type": "HIGHLOW"}, {"RVA": 10067, "Type": "HIGHLOW"}, {"RVA": 10088, "Type": "HIGHLOW"}, {"RVA": 10123, "Type": "HIGHLOW"}, {"RVA": 10145, "Type": "HIGHLOW"}, {"RVA": 10157, "Type": "HIGHLOW"}, {"RVA": 10171, "Type": "HIGHLOW"}, {"RVA": 10188, "Type": "HIGHLOW"}, {"RVA": 10200, "Type": "HIGHLOW"}, {"RVA": 10222, "Type": "HIGHLOW"}, {"RVA": 10228, "Type": "HIGHLOW"}, {"RVA": 10273, "Type": "HIGHLOW"}, {"RVA": 10288, "Type": "HIGHLOW"}, {"RVA": 10307, "Type": "HIGHLOW"}, {"RVA": 10354, "Type": "HIGHLOW"}, {"RVA": 10405, "Type": "HIGHLOW"}, {"RVA": 10411, "Type": "HIGHLOW"}, {"RVA": 10416, "Type": "HIGHLOW"}, {"RVA": 10424, "Type": "HIGHLOW"}, {"RVA": 10440, "Type": "HIGHLOW"}, {"RVA": 10450, "Type": "HIGHLOW"}, {"RVA": 10456, "Type": "HIGHLOW"}, {"RVA": 10476, "Type": "HIGHLOW"}, {"RVA": 10628, "Type": "HIGHLOW"}, {"RVA": 11169, "Type": "HIGHLOW"}, {"RVA": 11193, "Type": "HIGHLOW"}, {"RVA": 11316, "Type": "HIGHLOW"}, {"RVA": 11415, "Type": "HIGHLOW"}, {"RVA": 11710, "Type": "HIGHLOW"}, {"RVA": 11830, "Type": "HIGHLOW"}, {"RVA": 11867, "Type": "HIGHLOW"}, {"RVA": 11882, "Type": "HIGHLOW"}, {"RVA": 11890, "Type": "HIGHLOW"}, {"RVA": 11903, "Type": "HIGHLOW"}, {"RVA": 11915, "Type": "HIGHLOW"}, {"RVA": 11927, "Type": "HIGHLOW"}, {"RVA": 11933, "Type": "HIGHLOW"}, {"RVA": 11951, "Type": "HIGHLOW"}, {"RVA": 11959, "Type": "HIGHLOW"}, {"RVA": 11970, "Type": "HIGHLOW"}, {"RVA": 12041, "Type": "HIGHLOW"}, {"RVA": 12046, "Type": "HIGHLOW"}, {"RVA": 12056, "Type": "HIGHLOW"}, {"RVA": 12137, "Type": "HIGHLOW"}, {"RVA": 12251, "Type": "HIGHLOW"}, {"RVA": 12257, "Type": "HIGHLOW"}, {"RVA": 12263, "Type": "HIGHLOW"}, {"RVA": 12269, "Type": "HIGHLOW"}, {"RVA": 12275, "Type": "HIGHLOW"}, {"RVA": 12281, "Type": "HIGHLOW"}, {"RVA": 8192, "Type": "ABSOLUTE"}], [{"SizeOfBlock": {"FileOffset": 361616, "Value": 148, "Offset": 4}, "VirtualAddress": {"FileOffset": 361612, "Value": 12288, "Offset": 0}, "Structure": "IMAGE_BASE_RELOCATION"}, {"RVA": 12288, "Type": "HIGHLOW"}, {"RVA": 12295, "Type": "HIGHLOW"}, {"RVA": 12302, "Type": "HIGHLOW"}, {"RVA": 12309, "Type": "HIGHLOW"}, {"RVA": 12316, "Type": "HIGHLOW"}, {"RVA": 12323, "Type": "HIGHLOW"}, {"RVA": 12330, "Type": "HIGHLOW"}, {"RVA": 12338, "Type": "HIGHLOW"}, {"RVA": 12346, "Type": "HIGHLOW"}, {"RVA": 12354, "Type": "HIGHLOW"}, {"RVA": 12366, "Type": "HIGHLOW"}, {"RVA": 12375, "Type": "HIGHLOW"}, {"RVA": 12380, "Type": "HIGHLOW"}, {"RVA": 12386, "Type": "HIGHLOW"}, {"RVA": 12396, "Type": "HIGHLOW"}, {"RVA": 12405, "Type": "HIGHLOW"}, {"RVA": 12416, "Type": "HIGHLOW"}, {"RVA": 12428, "Type": "HIGHLOW"}, {"RVA": 12433, "Type": "HIGHLOW"}, {"RVA": 12449, "Type": "HIGHLOW"}, {"RVA": 12454, "Type": "HIGHLOW"}, {"RVA": 12460, "Type": "HIGHLOW"}, {"RVA": 12466, "Type": "HIGHLOW"}, {"RVA": 12488, "Type": "HIGHLOW"}, {"RVA": 12495, "Type": "HIGHLOW"}, {"RVA": 12513, "Type": "HIGHLOW"}, {"RVA": 12538, "Type": "HIGHLOW"}, {"RVA": 12692, "Type": "HIGHLOW"}, {"RVA": 12711, "Type": "HIGHLOW"}, {"RVA": 12757, "Type": "HIGHLOW"}, {"RVA": 12782, "Type": "HIGHLOW"}, {"RVA": 12836, "Type": "HIGHLOW"}, {"RVA": 12843, "Type": "HIGHLOW"}, {"RVA": 12851, "Type": "HIGHLOW"}, {"RVA": 12963, "Type": "HIGHLOW"}, {"RVA": 12968, "Type": "HIGHLOW"}, {"RVA": 12977, "Type": "HIGHLOW"}, {"RVA": 12992, "Type": "HIGHLOW"}, {"RVA": 13027, "Type": "HIGHLOW"}, {"RVA": 13032, "Type": "HIGHLOW"}, {"RVA": 13037, "Type": "HIGHLOW"}, {"RVA": 13060, "Type": "HIGHLOW"}, {"RVA": 13158, "Type": "HIGHLOW"}, {"RVA": 13205, "Type": "HIGHLOW"}, {"RVA": 13211, "Type": "HIGHLOW"}, {"RVA": 13226, "Type": "HIGHLOW"}, {"RVA": 13297, "Type": "HIGHLOW"}, {"RVA": 13310, "Type": "HIGHLOW"}, {"RVA": 13316, "Type": "HIGHLOW"}, {"RVA": 13360, "Type": "HIGHLOW"}, {"RVA": 13411, "Type": "HIGHLOW"}, {"RVA": 13679, "Type": "HIGHLOW"}, {"RVA": 13686, "Type": "HIGHLOW"}, {"RVA": 13817, "Type": "HIGHLOW"}, {"RVA": 13825, "Type": "HIGHLOW"}, {"RVA": 13846, "Type": "HIGHLOW"}, {"RVA": 13857, "Type": "HIGHLOW"}, {"RVA": 14089, "Type": "HIGHLOW"}, {"RVA": 14241, "Type": "HIGHLOW"}, {"RVA": 14271, "Type": "HIGHLOW"}, {"RVA": 14309, "Type": "HIGHLOW"}, {"RVA": 14405, "Type": "HIGHLOW"}, {"RVA": 14420, "Type": "HIGHLOW"}, {"RVA": 14447, "Type": "HIGHLOW"}, {"RVA": 15293, "Type": "HIGHLOW"}, {"RVA": 15533, "Type": "HIGHLOW"}, {"RVA": 15864, "Type": "HIGHLOW"}, {"RVA": 15931, "Type": "HIGHLOW"}, {"RVA": 15975, "Type": "HIGHLOW"}, {"RVA": 16008, "Type": "HIGHLOW"}], [{"SizeOfBlock": {"FileOffset": 361764, "Value": 120, "Offset": 4}, "VirtualAddress": {"FileOffset": 361760, "Value": 16384, "Offset": 0}, "Structure": "IMAGE_BASE_RELOCATION"}, {"RVA": 16488, "Type": "HIGHLOW"}, {"RVA": 17033, "Type": "HIGHLOW"}, {"RVA": 17037, "Type": "HIGHLOW"}, {"RVA": 17041, "Type": "HIGHLOW"}, {"RVA": 17045, "Type": "HIGHLOW"}, {"RVA": 17049, "Type": "HIGHLOW"}, {"RVA": 17053, "Type": "HIGHLOW"}, {"RVA": 17057, "Type": "HIGHLOW"}, {"RVA": 17061, "Type": "HIGHLOW"}, {"RVA": 17074, "Type": "HIGHLOW"}, {"RVA": 17092, "Type": "HIGHLOW"}, {"RVA": 17316, "Type": "HIGHLOW"}, {"RVA": 17326, "Type": "HIGHLOW"}, {"RVA": 17339, "Type": "HIGHLOW"}, {"RVA": 17401, "Type": "HIGHLOW"}, {"RVA": 17408, "Type": "HIGHLOW"}, {"RVA": 17421, "Type": "HIGHLOW"}, {"RVA": 17427, "Type": "HIGHLOW"}, {"RVA": 17488, "Type": "HIGHLOW"}, {"RVA": 17516, "Type": "HIGHLOW"}, {"RVA": 17551, "Type": "HIGHLOW"}, {"RVA": 17570, "Type": "HIGHLOW"}, {"RVA": 17615, "Type": "HIGHLOW"}, {"RVA": 17621, "Type": "HIGHLOW"}, {"RVA": 17647, "Type": "HIGHLOW"}, {"RVA": 17662, "Type": "HIGHLOW"}, {"RVA": 17675, "Type": "HIGHLOW"}, {"RVA": 17687, "Type": "HIGHLOW"}, {"RVA": 17703, "Type": "HIGHLOW"}, {"RVA": 17710, "Type": "HIGHLOW"}, {"RVA": 17725, "Type": "HIGHLOW"}, {"RVA": 17737, "Type": "HIGHLOW"}, {"RVA": 17750, "Type": "HIGHLOW"}, {"RVA": 17786, "Type": "HIGHLOW"}, {"RVA": 17804, "Type": "HIGHLOW"}, {"RVA": 17818, "Type": "HIGHLOW"}, {"RVA": 17839, "Type": "HIGHLOW"}, {"RVA": 17849, "Type": "HIGHLOW"}, {"RVA": 17887, "Type": "HIGHLOW"}, {"RVA": 17938, "Type": "HIGHLOW"}, {"RVA": 17953, "Type": "HIGHLOW"}, {"RVA": 17962, "Type": "HIGHLOW"}, {"RVA": 17998, "Type": "HIGHLOW"}, {"RVA": 18045, "Type": "HIGHLOW"}, {"RVA": 18111, "Type": "HIGHLOW"}, {"RVA": 18129, "Type": "HIGHLOW"}, {"RVA": 18439, "Type": "HIGHLOW"}, {"RVA": 18661, "Type": "HIGHLOW"}, {"RVA": 18676, "Type": "HIGHLOW"}, {"RVA": 18703, "Type": "HIGHLOW"}, {"RVA": 19500, "Type": "HIGHLOW"}, {"RVA": 19823, "Type": "HIGHLOW"}, {"RVA": 20169, "Type": "HIGHLOW"}, {"RVA": 20233, "Type": "HIGHLOW"}, {"RVA": 20277, "Type": "HIGHLOW"}, {"RVA": 20311, "Type": "HIGHLOW"}], [{"SizeOfBlock": {"FileOffset": 361884, "Value": 108, "Offset": 4}, "VirtualAddress": {"FileOffset": 361880, "Value": 20480, "Offset": 0}, "Structure": "IMAGE_BASE_RELOCATION"}, {"RVA": 20775, "Type": "HIGHLOW"}, {"RVA": 21407, "Type": "HIGHLOW"}, {"RVA": 21411, "Type": "HIGHLOW"}, {"RVA": 21415, "Type": "HIGHLOW"}, {"RVA": 21419, "Type": "HIGHLOW"}, {"RVA": 21423, "Type": "HIGHLOW"}, {"RVA": 21427, "Type": "HIGHLOW"}, {"RVA": 21431, "Type": "HIGHLOW"}, {"RVA": 21435, "Type": "HIGHLOW"}, {"RVA": 21441, "Type": "HIGHLOW"}, {"RVA": 21470, "Type": "HIGHLOW"}, {"RVA": 21554, "Type": "HIGHLOW"}, {"RVA": 21772, "Type": "HIGHLOW"}, {"RVA": 21780, "Type": "HIGHLOW"}, {"RVA": 21804, "Type": "HIGHLOW"}, {"RVA": 21831, "Type": "HIGHLOW"}, {"RVA": 21918, "Type": "HIGHLOW"}, {"RVA": 22151, "Type": "HIGHLOW"}, {"RVA": 22574, "Type": "HIGHLOW"}, {"RVA": 22615, "Type": "HIGHLOW"}, {"RVA": 22646, "Type": "HIGHLOW"}, {"RVA": 22677, "Type": "HIGHLOW"}, {"RVA": 22768, "Type": "HIGHLOW"}, {"RVA": 22808, "Type": "HIGHLOW"}, {"RVA": 22842, "Type": "HIGHLOW"}, {"RVA": 22853, "Type": "HIGHLOW"}, {"RVA": 22907, "Type": "HIGHLOW"}, {"RVA": 22923, "Type": "HIGHLOW"}, {"RVA": 22965, "Type": "HIGHLOW"}, {"RVA": 22982, "Type": "HIGHLOW"}, {"RVA": 22995, "Type": "HIGHLOW"}, {"RVA": 23002, "Type": "HIGHLOW"}, {"RVA": 23018, "Type": "HIGHLOW"}, {"RVA": 23036, "Type": "HIGHLOW"}, {"RVA": 23041, "Type": "HIGHLOW"}, {"RVA": 23141, "Type": "HIGHLOW"}, {"RVA": 23153, "Type": "HIGHLOW"}, {"RVA": 23420, "Type": "HIGHLOW"}, {"RVA": 23476, "Type": "HIGHLOW"}, {"RVA": 23482, "Type": "HIGHLOW"}, {"RVA": 23500, "Type": "HIGHLOW"}, {"RVA": 23525, "Type": "HIGHLOW"}, {"RVA": 23558, "Type": "HIGHLOW"}, {"RVA": 23592, "Type": "HIGHLOW"}, {"RVA": 23665, "Type": "HIGHLOW"}, {"RVA": 23738, "Type": "HIGHLOW"}, {"RVA": 24508, "Type": "HIGHLOW"}, {"RVA": 24515, "Type": "HIGHLOW"}, {"RVA": 24555, "Type": "HIGHLOW"}, {"RVA": 20480, "Type": "ABSOLUTE"}], [{"SizeOfBlock": {"FileOffset": 361992, "Value": 208, "Offset": 4}, "VirtualAddress": {"FileOffset": 361988, "Value": 24576, "Offset": 0}, "Structure": "IMAGE_BASE_RELOCATION"}, {"RVA": 24616, "Type": "HIGHLOW"}, {"RVA": 24626, "Type": "HIGHLOW"}, {"RVA": 24650, "Type": "HIGHLOW"}, {"RVA": 24691, "Type": "HIGHLOW"}, {"RVA": 24741, "Type": "HIGHLOW"}, {"RVA": 24781, "Type": "HIGHLOW"}, {"RVA": 25150, "Type": "HIGHLOW"}, {"RVA": 25185, "Type": "HIGHLOW"}, {"RVA": 25196, "Type": "HIGHLOW"}, {"RVA": 25231, "Type": "HIGHLOW"}, {"RVA": 25310, "Type": "HIGHLOW"}, {"RVA": 25441, "Type": "HIGHLOW"}, {"RVA": 25447, "Type": "HIGHLOW"}, {"RVA": 25460, "Type": "HIGHLOW"}, {"RVA": 25466, "Type": "HIGHLOW"}, {"RVA": 25475, "Type": "HIGHLOW"}, {"RVA": 25482, "Type": "HIGHLOW"}, {"RVA": 25516, "Type": "HIGHLOW"}, {"RVA": 25633, "Type": "HIGHLOW"}, {"RVA": 25641, "Type": "HIGHLOW"}, {"RVA": 25660, "Type": "HIGHLOW"}, {"RVA": 25671, "Type": "HIGHLOW"}, {"RVA": 25676, "Type": "HIGHLOW"}, {"RVA": 25694, "Type": "HIGHLOW"}, {"RVA": 25704, "Type": "HIGHLOW"}, {"RVA": 25709, "Type": "HIGHLOW"}, {"RVA": 25737, "Type": "HIGHLOW"}, {"RVA": 25747, "Type": "HIGHLOW"}, {"RVA": 25769, "Type": "HIGHLOW"}, {"RVA": 25780, "Type": "HIGHLOW"}, {"RVA": 25806, "Type": "HIGHLOW"}, {"RVA": 25817, "Type": "HIGHLOW"}, {"RVA": 25825, "Type": "HIGHLOW"}, {"RVA": 25841, "Type": "HIGHLOW"}, {"RVA": 25847, "Type": "HIGHLOW"}, {"RVA": 25864, "Type": "HIGHLOW"}, {"RVA": 25921, "Type": "HIGHLOW"}, {"RVA": 25931, "Type": "HIGHLOW"}, {"RVA": 25969, "Type": "HIGHLOW"}, {"RVA": 25976, "Type": "HIGHLOW"}, {"RVA": 26002, "Type": "HIGHLOW"}, {"RVA": 26009, "Type": "HIGHLOW"}, {"RVA": 26052, "Type": "HIGHLOW"}, {"RVA": 26214, "Type": "HIGHLOW"}, {"RVA": 26233, "Type": "HIGHLOW"}, {"RVA": 26251, "Type": "HIGHLOW"}, {"RVA": 26322, "Type": "HIGHLOW"}, {"RVA": 26346, "Type": "HIGHLOW"}, {"RVA": 26356, "Type": "HIGHLOW"}, {"RVA": 26383, "Type": "HIGHLOW"}, {"RVA": 26391, "Type": "HIGHLOW"}, {"RVA": 26397, "Type": "HIGHLOW"}, {"RVA": 26411, "Type": "HIGHLOW"}, {"RVA": 26463, "Type": "HIGHLOW"}, {"RVA": 26476, "Type": "HIGHLOW"}, {"RVA": 26497, "Type": "HIGHLOW"}, {"RVA": 26546, "Type": "HIGHLOW"}, {"RVA": 26575, "Type": "HIGHLOW"}, {"RVA": 26651, "Type": "HIGHLOW"}, {"RVA": 26697, "Type": "HIGHLOW"}, {"RVA": 27065, "Type": "HIGHLOW"}, {"RVA": 27078, "Type": "HIGHLOW"}, {"RVA": 27087, "Type": "HIGHLOW"}, {"RVA": 27154, "Type": "HIGHLOW"}, {"RVA": 27169, "Type": "HIGHLOW"}, {"RVA": 27225, "Type": "HIGHLOW"}, {"RVA": 27235, "Type": "HIGHLOW"}, {"RVA": 27300, "Type": "HIGHLOW"}, {"RVA": 27311, "Type": "HIGHLOW"}, {"RVA": 27321, "Type": "HIGHLOW"}, {"RVA": 27338, "Type": "HIGHLOW"}, {"RVA": 27349, "Type": "HIGHLOW"}, {"RVA": 27797, "Type": "HIGHLOW"}, {"RVA": 27814, "Type": "HIGHLOW"}, {"RVA": 27822, "Type": "HIGHLOW"}, {"RVA": 27828, "Type": "HIGHLOW"}, {"RVA": 27833, "Type": "HIGHLOW"}, {"RVA": 27839, "Type": "HIGHLOW"}, {"RVA": 27947, "Type": "HIGHLOW"}, {"RVA": 27953, "Type": "HIGHLOW"}, {"RVA": 27981, "Type": "HIGHLOW"}, {"RVA": 28021, "Type": "HIGHLOW"}, {"RVA": 28097, "Type": "HIGHLOW"}, {"RVA": 28109, "Type": "HIGHLOW"}, {"RVA": 28135, "Type": "HIGHLOW"}, {"RVA": 28173, "Type": "HIGHLOW"}, {"RVA": 28179, "Type": "HIGHLOW"}, {"RVA": 28221, "Type": "HIGHLOW"}, {"RVA": 28290, "Type": "HIGHLOW"}, {"RVA": 28297, "Type": "HIGHLOW"}, {"RVA": 28318, "Type": "HIGHLOW"}, {"RVA": 28389, "Type": "HIGHLOW"}, {"RVA": 28399, "Type": "HIGHLOW"}, {"RVA": 28442, "Type": "HIGHLOW"}, {"RVA": 28466, "Type": "HIGHLOW"}, {"RVA": 28496, "Type": "HIGHLOW"}, {"RVA": 28532, "Type": "HIGHLOW"}, {"RVA": 28580, "Type": "HIGHLOW"}, {"RVA": 28598, "Type": "HIGHLOW"}, {"RVA": 28644, "Type": "HIGHLOW"}], [{"SizeOfBlock": {"FileOffset": 362200, "Value": 288, "Offset": 4}, "VirtualAddress": {"FileOffset": 362196, "Value": 28672, "Offset": 0}, "Structure": "IMAGE_BASE_RELOCATION"}, {"RVA": 28679, "Type": "HIGHLOW"}, {"RVA": 28685, "Type": "HIGHLOW"}, {"RVA": 28705, "Type": "HIGHLOW"}, {"RVA": 28710, "Type": "HIGHLOW"}, {"RVA": 28743, "Type": "HIGHLOW"}, {"RVA": 28748, "Type": "HIGHLOW"}, {"RVA": 28781, "Type": "HIGHLOW"}, {"RVA": 28788, "Type": "HIGHLOW"}, {"RVA": 28800, "Type": "HIGHLOW"}, {"RVA": 28806, "Type": "HIGHLOW"}, {"RVA": 28818, "Type": "HIGHLOW"}, {"RVA": 28824, "Type": "HIGHLOW"}, {"RVA": 28833, "Type": "HIGHLOW"}, {"RVA": 28839, "Type": "HIGHLOW"}, {"RVA": 28848, "Type": "HIGHLOW"}, {"RVA": 28860, "Type": "HIGHLOW"}, {"RVA": 28866, "Type": "HIGHLOW"}, {"RVA": 28874, "Type": "HIGHLOW"}, {"RVA": 28880, "Type": "HIGHLOW"}, {"RVA": 28892, "Type": "HIGHLOW"}, {"RVA": 28898, "Type": "HIGHLOW"}, {"RVA": 28911, "Type": "HIGHLOW"}, {"RVA": 28921, "Type": "HIGHLOW"}, {"RVA": 28927, "Type": "HIGHLOW"}, {"RVA": 28937, "Type": "HIGHLOW"}, {"RVA": 28971, "Type": "HIGHLOW"}, {"RVA": 28992, "Type": "HIGHLOW"}, {"RVA": 29030, "Type": "HIGHLOW"}, {"RVA": 29094, "Type": "HIGHLOW"}, {"RVA": 29100, "Type": "HIGHLOW"}, {"RVA": 29142, "Type": "HIGHLOW"}, {"RVA": 29148, "Type": "HIGHLOW"}, {"RVA": 29154, "Type": "HIGHLOW"}, {"RVA": 29176, "Type": "HIGHLOW"}, {"RVA": 29200, "Type": "HIGHLOW"}, {"RVA": 29238, "Type": "HIGHLOW"}, {"RVA": 29360, "Type": "HIGHLOW"}, {"RVA": 29395, "Type": "HIGHLOW"}, {"RVA": 29405, "Type": "HIGHLOW"}, {"RVA": 29461, "Type": "HIGHLOW"}, {"RVA": 29469, "Type": "HIGHLOW"}, {"RVA": 29542, "Type": "HIGHLOW"}, {"RVA": 29548, "Type": "HIGHLOW"}, {"RVA": 29570, "Type": "HIGHLOW"}, {"RVA": 29575, "Type": "HIGHLOW"}, {"RVA": 29583, "Type": "HIGHLOW"}, {"RVA": 29589, "Type": "HIGHLOW"}, {"RVA": 29596, "Type": "HIGHLOW"}, {"RVA": 29602, "Type": "HIGHLOW"}, {"RVA": 29609, "Type": "HIGHLOW"}, {"RVA": 29615, "Type": "HIGHLOW"}, {"RVA": 29623, "Type": "HIGHLOW"}, {"RVA": 29630, "Type": "HIGHLOW"}, {"RVA": 29635, "Type": "HIGHLOW"}, {"RVA": 29643, "Type": "HIGHLOW"}, {"RVA": 29652, "Type": "HIGHLOW"}, {"RVA": 29664, "Type": "HIGHLOW"}, {"RVA": 29669, "Type": "HIGHLOW"}, {"RVA": 29674, "Type": "HIGHLOW"}, {"RVA": 29680, "Type": "HIGHLOW"}, {"RVA": 29684, "Type": "HIGHLOW"}, {"RVA": 29690, "Type": "HIGHLOW"}, {"RVA": 29695, "Type": "HIGHLOW"}, {"RVA": 29701, "Type": "HIGHLOW"}, {"RVA": 29706, "Type": "HIGHLOW"}, {"RVA": 29721, "Type": "HIGHLOW"}, {"RVA": 29743, "Type": "HIGHLOW"}, {"RVA": 29749, "Type": "HIGHLOW"}, {"RVA": 29757, "Type": "HIGHLOW"}, {"RVA": 29762, "Type": "HIGHLOW"}, {"RVA": 29770, "Type": "HIGHLOW"}, {"RVA": 29775, "Type": "HIGHLOW"}, {"RVA": 29783, "Type": "HIGHLOW"}, {"RVA": 29788, "Type": "HIGHLOW"}, {"RVA": 29795, "Type": "HIGHLOW"}, {"RVA": 29810, "Type": "HIGHLOW"}, {"RVA": 29815, "Type": "HIGHLOW"}, {"RVA": 29821, "Type": "HIGHLOW"}, {"RVA": 29830, "Type": "HIGHLOW"}, {"RVA": 29862, "Type": "HIGHLOW"}, {"RVA": 29868, "Type": "HIGHLOW"}, {"RVA": 29892, "Type": "HIGHLOW"}, {"RVA": 29928, "Type": "HIGHLOW"}, {"RVA": 29940, "Type": "HIGHLOW"}, {"RVA": 29956, "Type": "HIGHLOW"}, {"RVA": 29991, "Type": "HIGHLOW"}, {"RVA": 30004, "Type": "HIGHLOW"}, {"RVA": 30016, "Type": "HIGHLOW"}, {"RVA": 30024, "Type": "HIGHLOW"}, {"RVA": 30032, "Type": "HIGHLOW"}, {"RVA": 30044, "Type": "HIGHLOW"}, {"RVA": 30085, "Type": "HIGHLOW"}, {"RVA": 30093, "Type": "HIGHLOW"}, {"RVA": 30104, "Type": "HIGHLOW"}, {"RVA": 30350, "Type": "HIGHLOW"}, {"RVA": 30382, "Type": "HIGHLOW"}, {"RVA": 30387, "Type": "HIGHLOW"}, {"RVA": 30626, "Type": "HIGHLOW"}, {"RVA": 30635, "Type": "HIGHLOW"}, {"RVA": 30647, "Type": "HIGHLOW"}, {"RVA": 30702, "Type": "HIGHLOW"}, {"RVA": 30711, "Type": "HIGHLOW"}, {"RVA": 30723, "Type": "HIGHLOW"}, {"RVA": 30780, "Type": "HIGHLOW"}, {"RVA": 30789, "Type": "HIGHLOW"}, {"RVA": 30801, "Type": "HIGHLOW"}, {"RVA": 30862, "Type": "HIGHLOW"}, {"RVA": 30868, "Type": "HIGHLOW"}, {"RVA": 30881, "Type": "HIGHLOW"}, {"RVA": 30888, "Type": "HIGHLOW"}, {"RVA": 30898, "Type": "HIGHLOW"}, {"RVA": 30916, "Type": "HIGHLOW"}, {"RVA": 30939, "Type": "HIGHLOW"}, {"RVA": 30953, "Type": "HIGHLOW"}, {"RVA": 30959, "Type": "HIGHLOW"}, {"RVA": 30994, "Type": "HIGHLOW"}, {"RVA": 31001, "Type": "HIGHLOW"}, {"RVA": 31026, "Type": "HIGHLOW"}, {"RVA": 31046, "Type": "HIGHLOW"}, {"RVA": 31052, "Type": "HIGHLOW"}, {"RVA": 31061, "Type": "HIGHLOW"}, {"RVA": 31080, "Type": "HIGHLOW"}, {"RVA": 31116, "Type": "HIGHLOW"}, {"RVA": 31180, "Type": "HIGHLOW"}, {"RVA": 31264, "Type": "HIGHLOW"}, {"RVA": 31296, "Type": "HIGHLOW"}, {"RVA": 31371, "Type": "HIGHLOW"}, {"RVA": 31384, "Type": "HIGHLOW"}, {"RVA": 31409, "Type": "HIGHLOW"}, {"RVA": 31439, "Type": "HIGHLOW"}, {"RVA": 31499, "Type": "HIGHLOW"}, {"RVA": 31539, "Type": "HIGHLOW"}, {"RVA": 31686, "Type": "HIGHLOW"}, {"RVA": 31781, "Type": "HIGHLOW"}, {"RVA": 31944, "Type": "HIGHLOW"}, {"RVA": 31976, "Type": "HIGHLOW"}, {"RVA": 32216, "Type": "HIGHLOW"}, {"RVA": 32257, "Type": "HIGHLOW"}, {"RVA": 32346, "Type": "HIGHLOW"}, {"RVA": 32712, "Type": "HIGHLOW"}], [{"SizeOfBlock": {"FileOffset": 362488, "Value": 156, "Offset": 4}, "VirtualAddress": {"FileOffset": 362484, "Value": 32768, "Offset": 0}, "Structure": "IMAGE_BASE_RELOCATION"}, {"RVA": 32930, "Type": "HIGHLOW"}, {"RVA": 33138, "Type": "HIGHLOW"}, {"RVA": 33187, "Type": "HIGHLOW"}, {"RVA": 33209, "Type": "HIGHLOW"}, {"RVA": 33274, "Type": "HIGHLOW"}, {"RVA": 33305, "Type": "HIGHLOW"}, {"RVA": 33462, "Type": "HIGHLOW"}, {"RVA": 33512, "Type": "HIGHLOW"}, {"RVA": 33552, "Type": "HIGHLOW"}, {"RVA": 33678, "Type": "HIGHLOW"}, {"RVA": 33778, "Type": "HIGHLOW"}, {"RVA": 33813, "Type": "HIGHLOW"}, {"RVA": 33928, "Type": "HIGHLOW"}, {"RVA": 33989, "Type": "HIGHLOW"}, {"RVA": 34012, "Type": "HIGHLOW"}, {"RVA": 34380, "Type": "HIGHLOW"}, {"RVA": 34397, "Type": "HIGHLOW"}, {"RVA": 34455, "Type": "HIGHLOW"}, {"RVA": 34468, "Type": "HIGHLOW"}, {"RVA": 34478, "Type": "HIGHLOW"}, {"RVA": 34492, "Type": "HIGHLOW"}, {"RVA": 34501, "Type": "HIGHLOW"}, {"RVA": 34511, "Type": "HIGHLOW"}, {"RVA": 34563, "Type": "HIGHLOW"}, {"RVA": 34574, "Type": "HIGHLOW"}, {"RVA": 34584, "Type": "HIGHLOW"}, {"RVA": 34609, "Type": "HIGHLOW"}, {"RVA": 34619, "Type": "HIGHLOW"}, {"RVA": 34638, "Type": "HIGHLOW"}, {"RVA": 34674, "Type": "HIGHLOW"}, {"RVA": 34729, "Type": "HIGHLOW"}, {"RVA": 34782, "Type": "HIGHLOW"}, {"RVA": 34801, "Type": "HIGHLOW"}, {"RVA": 34913, "Type": "HIGHLOW"}, {"RVA": 34942, "Type": "HIGHLOW"}, {"RVA": 35015, "Type": "HIGHLOW"}, {"RVA": 35126, "Type": "HIGHLOW"}, {"RVA": 35157, "Type": "HIGHLOW"}, {"RVA": 35274, "Type": "HIGHLOW"}, {"RVA": 35286, "Type": "HIGHLOW"}, {"RVA": 35305, "Type": "HIGHLOW"}, {"RVA": 35323, "Type": "HIGHLOW"}, {"RVA": 35350, "Type": "HIGHLOW"}, {"RVA": 35358, "Type": "HIGHLOW"}, {"RVA": 35366, "Type": "HIGHLOW"}, {"RVA": 35389, "Type": "HIGHLOW"}, {"RVA": 35414, "Type": "HIGHLOW"}, {"RVA": 35442, "Type": "HIGHLOW"}, {"RVA": 35451, "Type": "HIGHLOW"}, {"RVA": 35457, "Type": "HIGHLOW"}, {"RVA": 35466, "Type": "HIGHLOW"}, {"RVA": 35471, "Type": "HIGHLOW"}, {"RVA": 35486, "Type": "HIGHLOW"}, {"RVA": 35525, "Type": "HIGHLOW"}, {"RVA": 35566, "Type": "HIGHLOW"}, {"RVA": 35583, "Type": "HIGHLOW"}, {"RVA": 35603, "Type": "HIGHLOW"}, {"RVA": 35679, "Type": "HIGHLOW"}, {"RVA": 35758, "Type": "HIGHLOW"}, {"RVA": 35830, "Type": "HIGHLOW"}, {"RVA": 35914, "Type": "HIGHLOW"}, {"RVA": 36109, "Type": "HIGHLOW"}, {"RVA": 36155, "Type": "HIGHLOW"}, {"RVA": 36275, "Type": "HIGHLOW"}, {"RVA": 36301, "Type": "HIGHLOW"}, {"RVA": 36318, "Type": "HIGHLOW"}, {"RVA": 36375, "Type": "HIGHLOW"}, {"RVA": 36427, "Type": "HIGHLOW"}, {"RVA": 36433, "Type": "HIGHLOW"}, {"RVA": 36439, "Type": "HIGHLOW"}, {"RVA": 36455, "Type": "HIGHLOW"}, {"RVA": 36466, "Type": "HIGHLOW"}, {"RVA": 36742, "Type": "HIGHLOW"}, {"RVA": 36772, "Type": "HIGHLOW"}], [{"SizeOfBlock": {"FileOffset": 362644, "Value": 80, "Offset": 4}, "VirtualAddress": {"FileOffset": 362640, "Value": 36864, "Offset": 0}, "Structure": "IMAGE_BASE_RELOCATION"}, {"RVA": 37120, "Type": "HIGHLOW"}, {"RVA": 37213, "Type": "HIGHLOW"}, {"RVA": 37246, "Type": "HIGHLOW"}, {"RVA": 37255, "Type": "HIGHLOW"}, {"RVA": 37294, "Type": "HIGHLOW"}, {"RVA": 37307, "Type": "HIGHLOW"}, {"RVA": 37312, "Type": "HIGHLOW"}, {"RVA": 37326, "Type": "HIGHLOW"}, {"RVA": 37520, "Type": "HIGHLOW"}, {"RVA": 37630, "Type": "HIGHLOW"}, {"RVA": 37832, "Type": "HIGHLOW"}, {"RVA": 37837, "Type": "HIGHLOW"}, {"RVA": 37855, "Type": "HIGHLOW"}, {"RVA": 37885, "Type": "HIGHLOW"}, {"RVA": 37905, "Type": "HIGHLOW"}, {"RVA": 37911, "Type": "HIGHLOW"}, {"RVA": 38432, "Type": "HIGHLOW"}, {"RVA": 38560, "Type": "HIGHLOW"}, {"RVA": 38667, "Type": "HIGHLOW"}, {"RVA": 38686, "Type": "HIGHLOW"}, {"RVA": 38717, "Type": "HIGHLOW"}, {"RVA": 38735, "Type": "HIGHLOW"}, {"RVA": 38754, "Type": "HIGHLOW"}, {"RVA": 38772, "Type": "HIGHLOW"}, {"RVA": 38836, "Type": "HIGHLOW"}, {"RVA": 38868, "Type": "HIGHLOW"}, {"RVA": 39592, "Type": "HIGHLOW"}, {"RVA": 39626, "Type": "HIGHLOW"}, {"RVA": 39683, "Type": "HIGHLOW"}, {"RVA": 39722, "Type": "HIGHLOW"}, {"RVA": 39754, "Type": "HIGHLOW"}, {"RVA": 39764, "Type": "HIGHLOW"}, {"RVA": 39787, "Type": "HIGHLOW"}, {"RVA": 39824, "Type": "HIGHLOW"}, {"RVA": 39859, "Type": "HIGHLOW"}, {"RVA": 40032, "Type": "HIGHLOW"}], [{"SizeOfBlock": {"FileOffset": 362724, "Value": 216, "Offset": 4}, "VirtualAddress": {"FileOffset": 362720, "Value": 40960, "Offset": 0}, "Structure": "IMAGE_BASE_RELOCATION"}, {"RVA": 41004, "Type": "HIGHLOW"}, {"RVA": 41105, "Type": "HIGHLOW"}, {"RVA": 41117, "Type": "HIGHLOW"}, {"RVA": 41237, "Type": "HIGHLOW"}, {"RVA": 41263, "Type": "HIGHLOW"}, {"RVA": 41272, "Type": "HIGHLOW"}, {"RVA": 41569, "Type": "HIGHLOW"}, {"RVA": 41576, "Type": "HIGHLOW"}, {"RVA": 41940, "Type": "HIGHLOW"}, {"RVA": 41959, "Type": "HIGHLOW"}, {"RVA": 41976, "Type": "HIGHLOW"}, {"RVA": 42013, "Type": "HIGHLOW"}, {"RVA": 42072, "Type": "HIGHLOW"}, {"RVA": 42091, "Type": "HIGHLOW"}, {"RVA": 42115, "Type": "HIGHLOW"}, {"RVA": 42147, "Type": "HIGHLOW"}, {"RVA": 42230, "Type": "HIGHLOW"}, {"RVA": 42270, "Type": "HIGHLOW"}, {"RVA": 42295, "Type": "HIGHLOW"}, {"RVA": 42323, "Type": "HIGHLOW"}, {"RVA": 42368, "Type": "HIGHLOW"}, {"RVA": 42413, "Type": "HIGHLOW"}, {"RVA": 42424, "Type": "HIGHLOW"}, {"RVA": 42470, "Type": "HIGHLOW"}, {"RVA": 42484, "Type": "HIGHLOW"}, {"RVA": 42493, "Type": "HIGHLOW"}, {"RVA": 42557, "Type": "HIGHLOW"}, {"RVA": 42575, "Type": "HIGHLOW"}, {"RVA": 42635, "Type": "HIGHLOW"}, {"RVA": 42672, "Type": "HIGHLOW"}, {"RVA": 42685, "Type": "HIGHLOW"}, {"RVA": 42725, "Type": "HIGHLOW"}, {"RVA": 42775, "Type": "HIGHLOW"}, {"RVA": 42783, "Type": "HIGHLOW"}, {"RVA": 42845, "Type": "HIGHLOW"}, {"RVA": 42902, "Type": "HIGHLOW"}, {"RVA": 42944, "Type": "HIGHLOW"}, {"RVA": 42976, "Type": "HIGHLOW"}, {"RVA": 43030, "Type": "HIGHLOW"}, {"RVA": 43040, "Type": "HIGHLOW"}, {"RVA": 43119, "Type": "HIGHLOW"}, {"RVA": 43174, "Type": "HIGHLOW"}, {"RVA": 43180, "Type": "HIGHLOW"}, {"RVA": 43185, "Type": "HIGHLOW"}, {"RVA": 43199, "Type": "HIGHLOW"}, {"RVA": 43204, "Type": "HIGHLOW"}, {"RVA": 43209, "Type": "HIGHLOW"}, {"RVA": 43214, "Type": "HIGHLOW"}, {"RVA": 43230, "Type": "HIGHLOW"}, {"RVA": 43277, "Type": "HIGHLOW"}, {"RVA": 43283, "Type": "HIGHLOW"}, {"RVA": 43291, "Type": "HIGHLOW"}, {"RVA": 43362, "Type": "HIGHLOW"}, {"RVA": 43367, "Type": "HIGHLOW"}, {"RVA": 43425, "Type": "HIGHLOW"}, {"RVA": 43430, "Type": "HIGHLOW"}, {"RVA": 43437, "Type": "HIGHLOW"}, {"RVA": 43442, "Type": "HIGHLOW"}, {"RVA": 43449, "Type": "HIGHLOW"}, {"RVA": 43454, "Type": "HIGHLOW"}, {"RVA": 43468, "Type": "HIGHLOW"}, {"RVA": 43565, "Type": "HIGHLOW"}, {"RVA": 43574, "Type": "HIGHLOW"}, {"RVA": 43580, "Type": "HIGHLOW"}, {"RVA": 43716, "Type": "HIGHLOW"}, {"RVA": 43731, "Type": "HIGHLOW"}, {"RVA": 43746, "Type": "HIGHLOW"}, {"RVA": 43781, "Type": "HIGHLOW"}, {"RVA": 43792, "Type": "HIGHLOW"}, {"RVA": 43798, "Type": "HIGHLOW"}, {"RVA": 43814, "Type": "HIGHLOW"}, {"RVA": 43819, "Type": "HIGHLOW"}, {"RVA": 43836, "Type": "HIGHLOW"}, {"RVA": 43844, "Type": "HIGHLOW"}, {"RVA": 43850, "Type": "HIGHLOW"}, {"RVA": 43860, "Type": "HIGHLOW"}, {"RVA": 43866, "Type": "HIGHLOW"}, {"RVA": 43876, "Type": "HIGHLOW"}, {"RVA": 43882, "Type": "HIGHLOW"}, {"RVA": 43892, "Type": "HIGHLOW"}, {"RVA": 43901, "Type": "HIGHLOW"}, {"RVA": 43912, "Type": "HIGHLOW"}, {"RVA": 43917, "Type": "HIGHLOW"}, {"RVA": 43926, "Type": "HIGHLOW"}, {"RVA": 43936, "Type": "HIGHLOW"}, {"RVA": 43947, "Type": "HIGHLOW"}, {"RVA": 44006, "Type": "HIGHLOW"}, {"RVA": 44032, "Type": "HIGHLOW"}, {"RVA": 44058, "Type": "HIGHLOW"}, {"RVA": 44545, "Type": "HIGHLOW"}, {"RVA": 44552, "Type": "HIGHLOW"}, {"RVA": 44558, "Type": "HIGHLOW"}, {"RVA": 44755, "Type": "HIGHLOW"}, {"RVA": 44761, "Type": "HIGHLOW"}, {"RVA": 44771, "Type": "HIGHLOW"}, {"RVA": 44881, "Type": "HIGHLOW"}, {"RVA": 44887, "Type": "HIGHLOW"}, {"RVA": 44899, "Type": "HIGHLOW"}, {"RVA": 44954, "Type": "HIGHLOW"}, {"RVA": 44978, "Type": "HIGHLOW"}, {"RVA": 45003, "Type": "HIGHLOW"}, {"RVA": 45016, "Type": "HIGHLOW"}, {"RVA": 45047, "Type": "HIGHLOW"}, {"RVA": 40960, "Type": "ABSOLUTE"}], [{"SizeOfBlock": {"FileOffset": 362940, "Value": 96, "Offset": 4}, "VirtualAddress": {"FileOffset": 362936, "Value": 45056, "Offset": 0}, "Structure": "IMAGE_BASE_RELOCATION"}, {"RVA": 45156, "Type": "HIGHLOW"}, {"RVA": 45229, "Type": "HIGHLOW"}, {"RVA": 45382, "Type": "HIGHLOW"}, {"RVA": 45590, "Type": "HIGHLOW"}, {"RVA": 45712, "Type": "HIGHLOW"}, {"RVA": 45747, "Type": "HIGHLOW"}, {"RVA": 45900, "Type": "HIGHLOW"}, {"RVA": 46903, "Type": "HIGHLOW"}, {"RVA": 46921, "Type": "HIGHLOW"}, {"RVA": 46939, "Type": "HIGHLOW"}, {"RVA": 46957, "Type": "HIGHLOW"}, {"RVA": 46975, "Type": "HIGHLOW"}, {"RVA": 47013, "Type": "HIGHLOW"}, {"RVA": 47031, "Type": "HIGHLOW"}, {"RVA": 47049, "Type": "HIGHLOW"}, {"RVA": 47067, "Type": "HIGHLOW"}, {"RVA": 47085, "Type": "HIGHLOW"}, {"RVA": 47103, "Type": "HIGHLOW"}, {"RVA": 47121, "Type": "HIGHLOW"}, {"RVA": 47139, "Type": "HIGHLOW"}, {"RVA": 47157, "Type": "HIGHLOW"}, {"RVA": 47175, "Type": "HIGHLOW"}, {"RVA": 47193, "Type": "HIGHLOW"}, {"RVA": 47211, "Type": "HIGHLOW"}, {"RVA": 47229, "Type": "HIGHLOW"}, {"RVA": 47444, "Type": "HIGHLOW"}, {"RVA": 47449, "Type": "HIGHLOW"}, {"RVA": 47563, "Type": "HIGHLOW"}, {"RVA": 47570, "Type": "HIGHLOW"}, {"RVA": 47694, "Type": "HIGHLOW"}, {"RVA": 47701, "Type": "HIGHLOW"}, {"RVA": 47792, "Type": "HIGHLOW"}, {"RVA": 47837, "Type": "HIGHLOW"}, {"RVA": 47958, "Type": "HIGHLOW"}, {"RVA": 48007, "Type": "HIGHLOW"}, {"RVA": 48396, "Type": "HIGHLOW"}, {"RVA": 48578, "Type": "HIGHLOW"}, {"RVA": 48588, "Type": "HIGHLOW"}, {"RVA": 48768, "Type": "HIGHLOW"}, {"RVA": 48783, "Type": "HIGHLOW"}, {"RVA": 48902, "Type": "HIGHLOW"}, {"RVA": 48915, "Type": "HIGHLOW"}, {"RVA": 49128, "Type": "HIGHLOW"}, {"RVA": 49138, "Type": "HIGHLOW"}], [{"SizeOfBlock": {"FileOffset": 363036, "Value": 136, "Offset": 4}, "VirtualAddress": {"FileOffset": 363032, "Value": 49152, "Offset": 0}, "Structure": "IMAGE_BASE_RELOCATION"}, {"RVA": 49298, "Type": "HIGHLOW"}, {"RVA": 49406, "Type": "HIGHLOW"}, {"RVA": 49419, "Type": "HIGHLOW"}, {"RVA": 49451, "Type": "HIGHLOW"}, {"RVA": 49495, "Type": "HIGHLOW"}, {"RVA": 49696, "Type": "HIGHLOW"}, {"RVA": 49941, "Type": "HIGHLOW"}, {"RVA": 50330, "Type": "HIGHLOW"}, {"RVA": 50380, "Type": "HIGHLOW"}, {"RVA": 50404, "Type": "HIGHLOW"}, {"RVA": 50411, "Type": "HIGHLOW"}, {"RVA": 50419, "Type": "HIGHLOW"}, {"RVA": 50424, "Type": "HIGHLOW"}, {"RVA": 50428, "Type": "HIGHLOW"}, {"RVA": 50432, "Type": "HIGHLOW"}, {"RVA": 50473, "Type": "HIGHLOW"}, {"RVA": 50511, "Type": "HIGHLOW"}, {"RVA": 50541, "Type": "HIGHLOW"}, {"RVA": 50548, "Type": "HIGHLOW"}, {"RVA": 50552, "Type": "HIGHLOW"}, {"RVA": 50556, "Type": "HIGHLOW"}, {"RVA": 50560, "Type": "HIGHLOW"}, {"RVA": 50564, "Type": "HIGHLOW"}, {"RVA": 50568, "Type": "HIGHLOW"}, {"RVA": 50572, "Type": "HIGHLOW"}, {"RVA": 50576, "Type": "HIGHLOW"}, {"RVA": 50650, "Type": "HIGHLOW"}, {"RVA": 50656, "Type": "HIGHLOW"}, {"RVA": 50660, "Type": "HIGHLOW"}, {"RVA": 50664, "Type": "HIGHLOW"}, {"RVA": 50668, "Type": "HIGHLOW"}, {"RVA": 50770, "Type": "HIGHLOW"}, {"RVA": 50781, "Type": "HIGHLOW"}, {"RVA": 50808, "Type": "HIGHLOW"}, {"RVA": 50815, "Type": "HIGHLOW"}, {"RVA": 50820, "Type": "HIGHLOW"}, {"RVA": 50824, "Type": "HIGHLOW"}, {"RVA": 50828, "Type": "HIGHLOW"}, {"RVA": 50861, "Type": "HIGHLOW"}, {"RVA": 50903, "Type": "HIGHLOW"}, {"RVA": 50953, "Type": "HIGHLOW"}, {"RVA": 50960, "Type": "HIGHLOW"}, {"RVA": 50964, "Type": "HIGHLOW"}, {"RVA": 50968, "Type": "HIGHLOW"}, {"RVA": 50972, "Type": "HIGHLOW"}, {"RVA": 50976, "Type": "HIGHLOW"}, {"RVA": 50980, "Type": "HIGHLOW"}, {"RVA": 50984, "Type": "HIGHLOW"}, {"RVA": 50988, "Type": "HIGHLOW"}, {"RVA": 51062, "Type": "HIGHLOW"}, {"RVA": 51068, "Type": "HIGHLOW"}, {"RVA": 51072, "Type": "HIGHLOW"}, {"RVA": 51076, "Type": "HIGHLOW"}, {"RVA": 51080, "Type": "HIGHLOW"}, {"RVA": 51251, "Type": "HIGHLOW"}, {"RVA": 51298, "Type": "HIGHLOW"}, {"RVA": 51304, "Type": "HIGHLOW"}, {"RVA": 51309, "Type": "HIGHLOW"}, {"RVA": 51315, "Type": "HIGHLOW"}, {"RVA": 51332, "Type": "HIGHLOW"}, {"RVA": 52038, "Type": "HIGHLOW"}, {"RVA": 52044, "Type": "HIGHLOW"}, {"RVA": 52048, "Type": "HIGHLOW"}, {"RVA": 52053, "Type": "HIGHLOW"}], [{"SizeOfBlock": {"FileOffset": 363172, "Value": 88, "Offset": 4}, "VirtualAddress": {"FileOffset": 363168, "Value": 53248, "Offset": 0}, "Structure": "IMAGE_BASE_RELOCATION"}, {"RVA": 53712, "Type": "HIGHLOW"}, {"RVA": 53716, "Type": "HIGHLOW"}, {"RVA": 53720, "Type": "HIGHLOW"}, {"RVA": 53724, "Type": "HIGHLOW"}, {"RVA": 53728, "Type": "HIGHLOW"}, {"RVA": 53740, "Type": "HIGHLOW"}, {"RVA": 53744, "Type": "HIGHLOW"}, {"RVA": 53788, "Type": "HIGHLOW"}, {"RVA": 53792, "Type": "HIGHLOW"}, {"RVA": 53796, "Type": "HIGHLOW"}, {"RVA": 53816, "Type": "HIGHLOW"}, {"RVA": 53820, "Type": "HIGHLOW"}, {"RVA": 53824, "Type": "HIGHLOW"}, {"RVA": 53828, "Type": "HIGHLOW"}, {"RVA": 53832, "Type": "HIGHLOW"}, {"RVA": 53856, "Type": "HIGHLOW"}, {"RVA": 53860, "Type": "HIGHLOW"}, {"RVA": 56268, "Type": "HIGHLOW"}, {"RVA": 56276, "Type": "HIGHLOW"}, {"RVA": 56284, "Type": "HIGHLOW"}, {"RVA": 56292, "Type": "HIGHLOW"}, {"RVA": 56300, "Type": "HIGHLOW"}, {"RVA": 56308, "Type": "HIGHLOW"}, {"RVA": 56316, "Type": "HIGHLOW"}, {"RVA": 56324, "Type": "HIGHLOW"}, {"RVA": 56332, "Type": "HIGHLOW"}, {"RVA": 56340, "Type": "HIGHLOW"}, {"RVA": 56348, "Type": "HIGHLOW"}, {"RVA": 56356, "Type": "HIGHLOW"}, {"RVA": 56364, "Type": "HIGHLOW"}, {"RVA": 56372, "Type": "HIGHLOW"}, {"RVA": 56380, "Type": "HIGHLOW"}, {"RVA": 56388, "Type": "HIGHLOW"}, {"RVA": 56396, "Type": "HIGHLOW"}, {"RVA": 56404, "Type": "HIGHLOW"}, {"RVA": 56412, "Type": "HIGHLOW"}, {"RVA": 56420, "Type": "HIGHLOW"}, {"RVA": 56428, "Type": "HIGHLOW"}, {"RVA": 56436, "Type": "HIGHLOW"}, {"RVA": 53248, "Type": "ABSOLUTE"}], [{"SizeOfBlock": {"FileOffset": 363260, "Value": 204, "Offset": 4}, "VirtualAddress": {"FileOffset": 363256, "Value": 57344, "Offset": 0}, "Structure": "IMAGE_BASE_RELOCATION"}, {"RVA": 59512, "Type": "HIGHLOW"}, {"RVA": 59516, "Type": "HIGHLOW"}, {"RVA": 59520, "Type": "HIGHLOW"}, {"RVA": 59524, "Type": "HIGHLOW"}, {"RVA": 59528, "Type": "HIGHLOW"}, {"RVA": 59532, "Type": "HIGHLOW"}, {"RVA": 59536, "Type": "HIGHLOW"}, {"RVA": 59540, "Type": "HIGHLOW"}, {"RVA": 59544, "Type": "HIGHLOW"}, {"RVA": 59548, "Type": "HIGHLOW"}, {"RVA": 59552, "Type": "HIGHLOW"}, {"RVA": 59556, "Type": "HIGHLOW"}, {"RVA": 59560, "Type": "HIGHLOW"}, {"RVA": 59564, "Type": "HIGHLOW"}, {"RVA": 59568, "Type": "HIGHLOW"}, {"RVA": 59572, "Type": "HIGHLOW"}, {"RVA": 59576, "Type": "HIGHLOW"}, {"RVA": 59580, "Type": "HIGHLOW"}, {"RVA": 59584, "Type": "HIGHLOW"}, {"RVA": 59588, "Type": "HIGHLOW"}, {"RVA": 59592, "Type": "HIGHLOW"}, {"RVA": 59596, "Type": "HIGHLOW"}, {"RVA": 59600, "Type": "HIGHLOW"}, {"RVA": 59604, "Type": "HIGHLOW"}, {"RVA": 59608, "Type": "HIGHLOW"}, {"RVA": 59612, "Type": "HIGHLOW"}, {"RVA": 59616, "Type": "HIGHLOW"}, {"RVA": 59620, "Type": "HIGHLOW"}, {"RVA": 59624, "Type": "HIGHLOW"}, {"RVA": 59628, "Type": "HIGHLOW"}, {"RVA": 59632, "Type": "HIGHLOW"}, {"RVA": 59636, "Type": "HIGHLOW"}, {"RVA": 59640, "Type": "HIGHLOW"}, {"RVA": 59644, "Type": "HIGHLOW"}, {"RVA": 59648, "Type": "HIGHLOW"}, {"RVA": 59652, "Type": "HIGHLOW"}, {"RVA": 59656, "Type": "HIGHLOW"}, {"RVA": 59660, "Type": "HIGHLOW"}, {"RVA": 59664, "Type": "HIGHLOW"}, {"RVA": 59668, "Type": "HIGHLOW"}, {"RVA": 59672, "Type": "HIGHLOW"}, {"RVA": 59676, "Type": "HIGHLOW"}, {"RVA": 59680, "Type": "HIGHLOW"}, {"RVA": 59684, "Type": "HIGHLOW"}, {"RVA": 59688, "Type": "HIGHLOW"}, {"RVA": 59692, "Type": "HIGHLOW"}, {"RVA": 59696, "Type": "HIGHLOW"}, {"RVA": 59700, "Type": "HIGHLOW"}, {"RVA": 59704, "Type": "HIGHLOW"}, {"RVA": 59708, "Type": "HIGHLOW"}, {"RVA": 59712, "Type": "HIGHLOW"}, {"RVA": 59716, "Type": "HIGHLOW"}, {"RVA": 59720, "Type": "HIGHLOW"}, {"RVA": 59724, "Type": "HIGHLOW"}, {"RVA": 59728, "Type": "HIGHLOW"}, {"RVA": 59732, "Type": "HIGHLOW"}, {"RVA": 59736, "Type": "HIGHLOW"}, {"RVA": 59740, "Type": "HIGHLOW"}, {"RVA": 59744, "Type": "HIGHLOW"}, {"RVA": 59748, "Type": "HIGHLOW"}, {"RVA": 59752, "Type": "HIGHLOW"}, {"RVA": 59756, "Type": "HIGHLOW"}, {"RVA": 59760, "Type": "HIGHLOW"}, {"RVA": 59764, "Type": "HIGHLOW"}, {"RVA": 59768, "Type": "HIGHLOW"}, {"RVA": 59772, "Type": "HIGHLOW"}, {"RVA": 59776, "Type": "HIGHLOW"}, {"RVA": 59780, "Type": "HIGHLOW"}, {"RVA": 59784, "Type": "HIGHLOW"}, {"RVA": 59788, "Type": "HIGHLOW"}, {"RVA": 59792, "Type": "HIGHLOW"}, {"RVA": 59796, "Type": "HIGHLOW"}, {"RVA": 59800, "Type": "HIGHLOW"}, {"RVA": 59804, "Type": "HIGHLOW"}, {"RVA": 59808, "Type": "HIGHLOW"}, {"RVA": 59812, "Type": "HIGHLOW"}, {"RVA": 59816, "Type": "HIGHLOW"}, {"RVA": 59820, "Type": "HIGHLOW"}, {"RVA": 59824, "Type": "HIGHLOW"}, {"RVA": 59828, "Type": "HIGHLOW"}, {"RVA": 59832, "Type": "HIGHLOW"}, {"RVA": 59836, "Type": "HIGHLOW"}, {"RVA": 59840, "Type": "HIGHLOW"}, {"RVA": 59844, "Type": "HIGHLOW"}, {"RVA": 59848, "Type": "HIGHLOW"}, {"RVA": 59852, "Type": "HIGHLOW"}, {"RVA": 59856, "Type": "HIGHLOW"}, {"RVA": 59860, "Type": "HIGHLOW"}, {"RVA": 59864, "Type": "HIGHLOW"}, {"RVA": 59868, "Type": "HIGHLOW"}, {"RVA": 59872, "Type": "HIGHLOW"}, {"RVA": 59876, "Type": "HIGHLOW"}, {"RVA": 59880, "Type": "HIGHLOW"}, {"RVA": 59884, "Type": "HIGHLOW"}, {"RVA": 59888, "Type": "HIGHLOW"}, {"RVA": 59892, "Type": "HIGHLOW"}, {"RVA": 59896, "Type": "HIGHLOW"}, {"RVA": 57344, "Type": "ABSOLUTE"}], [{"SizeOfBlock": {"FileOffset": 363464, "Value": 136, "Offset": 4}, "VirtualAddress": {"FileOffset": 363460, "Value": 61440, "Offset": 0}, "Structure": "IMAGE_BASE_RELOCATION"}, {"RVA": 62796, "Type": "HIGHLOW"}, {"RVA": 62800, "Type": "HIGHLOW"}, {"RVA": 62880, "Type": "HIGHLOW"}, {"RVA": 62884, "Type": "HIGHLOW"}, {"RVA": 62900, "Type": "HIGHLOW"}, {"RVA": 62904, "Type": "HIGHLOW"}, {"RVA": 62908, "Type": "HIGHLOW"}, {"RVA": 62916, "Type": "HIGHLOW"}, {"RVA": 62940, "Type": "HIGHLOW"}, {"RVA": 62944, "Type": "HIGHLOW"}, {"RVA": 62968, "Type": "HIGHLOW"}, {"RVA": 62984, "Type": "HIGHLOW"}, {"RVA": 62988, "Type": "HIGHLOW"}, {"RVA": 63008, "Type": "HIGHLOW"}, {"RVA": 63012, "Type": "HIGHLOW"}, {"RVA": 63028, "Type": "HIGHLOW"}, {"RVA": 63032, "Type": "HIGHLOW"}, {"RVA": 63048, "Type": "HIGHLOW"}, {"RVA": 63052, "Type": "HIGHLOW"}, {"RVA": 63060, "Type": "HIGHLOW"}, {"RVA": 63084, "Type": "HIGHLOW"}, {"RVA": 63124, "Type": "HIGHLOW"}, {"RVA": 63132, "Type": "HIGHLOW"}, {"RVA": 63140, "Type": "HIGHLOW"}, {"RVA": 63144, "Type": "HIGHLOW"}, {"RVA": 63152, "Type": "HIGHLOW"}, {"RVA": 63172, "Type": "HIGHLOW"}, {"RVA": 63180, "Type": "HIGHLOW"}, {"RVA": 63200, "Type": "HIGHLOW"}, {"RVA": 63232, "Type": "HIGHLOW"}, {"RVA": 63264, "Type": "HIGHLOW"}, {"RVA": 63296, "Type": "HIGHLOW"}, {"RVA": 63328, "Type": "HIGHLOW"}, {"RVA": 63356, "Type": "HIGHLOW"}, {"RVA": 63360, "Type": "HIGHLOW"}, {"RVA": 63392, "Type": "HIGHLOW"}, {"RVA": 63424, "Type": "HIGHLOW"}, {"RVA": 63456, "Type": "HIGHLOW"}, {"RVA": 63488, "Type": "HIGHLOW"}, {"RVA": 63500, "Type": "HIGHLOW"}, {"RVA": 63528, "Type": "HIGHLOW"}, {"RVA": 63560, "Type": "HIGHLOW"}, {"RVA": 63572, "Type": "HIGHLOW"}, {"RVA": 63600, "Type": "HIGHLOW"}, {"RVA": 63612, "Type": "HIGHLOW"}, {"RVA": 63640, "Type": "HIGHLOW"}, {"RVA": 63672, "Type": "HIGHLOW"}, {"RVA": 63704, "Type": "HIGHLOW"}, {"RVA": 63736, "Type": "HIGHLOW"}, {"RVA": 63768, "Type": "HIGHLOW"}, {"RVA": 63800, "Type": "HIGHLOW"}, {"RVA": 63832, "Type": "HIGHLOW"}, {"RVA": 63864, "Type": "HIGHLOW"}, {"RVA": 63892, "Type": "HIGHLOW"}, {"RVA": 63896, "Type": "HIGHLOW"}, {"RVA": 63928, "Type": "HIGHLOW"}, {"RVA": 63960, "Type": "HIGHLOW"}, {"RVA": 63992, "Type": "HIGHLOW"}, {"RVA": 64004, "Type": "HIGHLOW"}, {"RVA": 64032, "Type": "HIGHLOW"}, {"RVA": 64060, "Type": "HIGHLOW"}, {"RVA": 64064, "Type": "HIGHLOW"}, {"RVA": 64096, "Type": "HIGHLOW"}, {"RVA": 61440, "Type": "ABSOLUTE"}], [{"SizeOfBlock": {"FileOffset": 363600, "Value": 332, "Offset": 4}, "VirtualAddress": {"FileOffset": 363596, "Value": 69632, "Offset": 0}, "Structure": "IMAGE_BASE_RELOCATION"}, {"RVA": 69632, "Type": "HIGHLOW"}, {"RVA": 69660, "Type": "HIGHLOW"}, {"RVA": 69708, "Type": "HIGHLOW"}, {"RVA": 69732, "Type": "HIGHLOW"}, {"RVA": 69736, "Type": "HIGHLOW"}, {"RVA": 70112, "Type": "HIGHLOW"}, {"RVA": 70120, "Type": "HIGHLOW"}, {"RVA": 72184, "Type": "HIGHLOW"}, {"RVA": 72440, "Type": "HIGHLOW"}, {"RVA": 72444, "Type": "HIGHLOW"}, {"RVA": 72448, "Type": "HIGHLOW"}, {"RVA": 72452, "Type": "HIGHLOW"}, {"RVA": 72456, "Type": "HIGHLOW"}, {"RVA": 72460, "Type": "HIGHLOW"}, {"RVA": 72464, "Type": "HIGHLOW"}, {"RVA": 72468, "Type": "HIGHLOW"}, {"RVA": 72472, "Type": "HIGHLOW"}, {"RVA": 72476, "Type": "HIGHLOW"}, {"RVA": 72480, "Type": "HIGHLOW"}, {"RVA": 72484, "Type": "HIGHLOW"}, {"RVA": 72488, "Type": "HIGHLOW"}, {"RVA": 72492, "Type": "HIGHLOW"}, {"RVA": 72496, "Type": "HIGHLOW"}, {"RVA": 72500, "Type": "HIGHLOW"}, {"RVA": 72504, "Type": "HIGHLOW"}, {"RVA": 72508, "Type": "HIGHLOW"}, {"RVA": 72512, "Type": "HIGHLOW"}, {"RVA": 72516, "Type": "HIGHLOW"}, {"RVA": 72520, "Type": "HIGHLOW"}, {"RVA": 72524, "Type": "HIGHLOW"}, {"RVA": 72528, "Type": "HIGHLOW"}, {"RVA": 72532, "Type": "HIGHLOW"}, {"RVA": 72536, "Type": "HIGHLOW"}, {"RVA": 72540, "Type": "HIGHLOW"}, {"RVA": 72544, "Type": "HIGHLOW"}, {"RVA": 72548, "Type": "HIGHLOW"}, {"RVA": 72552, "Type": "HIGHLOW"}, {"RVA": 72556, "Type": "HIGHLOW"}, {"RVA": 72560, "Type": "HIGHLOW"}, {"RVA": 72564, "Type": "HIGHLOW"}, {"RVA": 72568, "Type": "HIGHLOW"}, {"RVA": 72572, "Type": "HIGHLOW"}, {"RVA": 72576, "Type": "HIGHLOW"}, {"RVA": 72580, "Type": "HIGHLOW"}, {"RVA": 72584, "Type": "HIGHLOW"}, {"RVA": 72588, "Type": "HIGHLOW"}, {"RVA": 72592, "Type": "HIGHLOW"}, {"RVA": 72596, "Type": "HIGHLOW"}, {"RVA": 72600, "Type": "HIGHLOW"}, {"RVA": 72604, "Type": "HIGHLOW"}, {"RVA": 72608, "Type": "HIGHLOW"}, {"RVA": 72624, "Type": "HIGHLOW"}, {"RVA": 72628, "Type": "HIGHLOW"}, {"RVA": 72632, "Type": "HIGHLOW"}, {"RVA": 72636, "Type": "HIGHLOW"}, {"RVA": 72640, "Type": "HIGHLOW"}, {"RVA": 72644, "Type": "HIGHLOW"}, {"RVA": 72648, "Type": "HIGHLOW"}, {"RVA": 72652, "Type": "HIGHLOW"}, {"RVA": 72656, "Type": "HIGHLOW"}, {"RVA": 72660, "Type": "HIGHLOW"}, {"RVA": 72664, "Type": "HIGHLOW"}, {"RVA": 72668, "Type": "HIGHLOW"}, {"RVA": 72672, "Type": "HIGHLOW"}, {"RVA": 72676, "Type": "HIGHLOW"}, {"RVA": 72680, "Type": "HIGHLOW"}, {"RVA": 72684, "Type": "HIGHLOW"}, {"RVA": 72688, "Type": "HIGHLOW"}, {"RVA": 72692, "Type": "HIGHLOW"}, {"RVA": 72696, "Type": "HIGHLOW"}, {"RVA": 72700, "Type": "HIGHLOW"}, {"RVA": 72704, "Type": "HIGHLOW"}, {"RVA": 72708, "Type": "HIGHLOW"}, {"RVA": 72712, "Type": "HIGHLOW"}, {"RVA": 72716, "Type": "HIGHLOW"}, {"RVA": 72720, "Type": "HIGHLOW"}, {"RVA": 72724, "Type": "HIGHLOW"}, {"RVA": 72728, "Type": "HIGHLOW"}, {"RVA": 72732, "Type": "HIGHLOW"}, {"RVA": 72736, "Type": "HIGHLOW"}, {"RVA": 72740, "Type": "HIGHLOW"}, {"RVA": 72744, "Type": "HIGHLOW"}, {"RVA": 72748, "Type": "HIGHLOW"}, {"RVA": 72752, "Type": "HIGHLOW"}, {"RVA": 72756, "Type": "HIGHLOW"}, {"RVA": 72760, "Type": "HIGHLOW"}, {"RVA": 72764, "Type": "HIGHLOW"}, {"RVA": 72768, "Type": "HIGHLOW"}, {"RVA": 72772, "Type": "HIGHLOW"}, {"RVA": 72776, "Type": "HIGHLOW"}, {"RVA": 72780, "Type": "HIGHLOW"}, {"RVA": 72784, "Type": "HIGHLOW"}, {"RVA": 72788, "Type": "HIGHLOW"}, {"RVA": 72792, "Type": "HIGHLOW"}, {"RVA": 72888, "Type": "HIGHLOW"}, {"RVA": 72904, "Type": "HIGHLOW"}, {"RVA": 72920, "Type": "HIGHLOW"}, {"RVA": 72936, "Type": "HIGHLOW"}, {"RVA": 72952, "Type": "HIGHLOW"}, {"RVA": 72988, "Type": "HIGHLOW"}, {"RVA": 73000, "Type": "HIGHLOW"}, {"RVA": 73004, "Type": "HIGHLOW"}, {"RVA": 73008, "Type": "HIGHLOW"}, {"RVA": 73012, "Type": "HIGHLOW"}, {"RVA": 73016, "Type": "HIGHLOW"}, {"RVA": 73020, "Type": "HIGHLOW"}, {"RVA": 73024, "Type": "HIGHLOW"}, {"RVA": 73028, "Type": "HIGHLOW"}, {"RVA": 73032, "Type": "HIGHLOW"}, {"RVA": 73036, "Type": "HIGHLOW"}, {"RVA": 73040, "Type": "HIGHLOW"}, {"RVA": 73044, "Type": "HIGHLOW"}, {"RVA": 73048, "Type": "HIGHLOW"}, {"RVA": 73052, "Type": "HIGHLOW"}, {"RVA": 73056, "Type": "HIGHLOW"}, {"RVA": 73060, "Type": "HIGHLOW"}, {"RVA": 73064, "Type": "HIGHLOW"}, {"RVA": 73088, "Type": "HIGHLOW"}, {"RVA": 73112, "Type": "HIGHLOW"}, {"RVA": 73116, "Type": "HIGHLOW"}, {"RVA": 73120, "Type": "HIGHLOW"}, {"RVA": 73124, "Type": "HIGHLOW"}, {"RVA": 73128, "Type": "HIGHLOW"}, {"RVA": 73132, "Type": "HIGHLOW"}, {"RVA": 73136, "Type": "HIGHLOW"}, {"RVA": 73140, "Type": "HIGHLOW"}, {"RVA": 73144, "Type": "HIGHLOW"}, {"RVA": 73148, "Type": "HIGHLOW"}, {"RVA": 73160, "Type": "HIGHLOW"}, {"RVA": 73164, "Type": "HIGHLOW"}, {"RVA": 73168, "Type": "HIGHLOW"}, {"RVA": 73172, "Type": "HIGHLOW"}, {"RVA": 73176, "Type": "HIGHLOW"}, {"RVA": 73180, "Type": "HIGHLOW"}, {"RVA": 73184, "Type": "HIGHLOW"}, {"RVA": 73188, "Type": "HIGHLOW"}, {"RVA": 73192, "Type": "HIGHLOW"}, {"RVA": 73196, "Type": "HIGHLOW"}, {"RVA": 73200, "Type": "HIGHLOW"}, {"RVA": 73504, "Type": "HIGHLOW"}, {"RVA": 73508, "Type": "HIGHLOW"}, {"RVA": 73512, "Type": "HIGHLOW"}, {"RVA": 73516, "Type": "HIGHLOW"}, {"RVA": 73520, "Type": "HIGHLOW"}, {"RVA": 73524, "Type": "HIGHLOW"}, {"RVA": 73528, "Type": "HIGHLOW"}, {"RVA": 73532, "Type": "HIGHLOW"}, {"RVA": 73536, "Type": "HIGHLOW"}, {"RVA": 73544, "Type": "HIGHLOW"}, {"RVA": 73552, "Type": "HIGHLOW"}, {"RVA": 73560, "Type": "HIGHLOW"}, {"RVA": 73568, "Type": "HIGHLOW"}, {"RVA": 73576, "Type": "HIGHLOW"}, {"RVA": 73584, "Type": "HIGHLOW"}, {"RVA": 73592, "Type": "HIGHLOW"}, {"RVA": 73600, "Type": "HIGHLOW"}, {"RVA": 73608, "Type": "HIGHLOW"}, {"RVA": 73616, "Type": "HIGHLOW"}, {"RVA": 73624, "Type": "HIGHLOW"}, {"RVA": 73632, "Type": "HIGHLOW"}, {"RVA": 73636, "Type": "HIGHLOW"}, {"RVA": 73640, "Type": "HIGHLOW"}]], "NT_HEADERS": {"Structure": "IMAGE_NT_HEADERS", "Signature": {"FileOffset": 232, "Value": 17744, "Offset": 0}}, "LOAD_CONFIG": {"TimeDateStamp": {"FileOffset": 58644, "Value": "0x0        [Thu Jan  1 00:00:00 1970 UTC]", "Offset": 4}, "ProcessHeapFlags": {"FileOffset": 58684, "Value": 0, "Offset": 44}, "CSDVersion": {"FileOffset": 58692, "Value": 0, "Offset": 52}, "GuardCFFunctionCount": {"FileOffset": 58724, "Value": 1632747921, "Offset": 84}, "SEHandlerCount": {"FileOffset": 58708, "Value": 3, "Offset": 68}, "GuardCFCheckFunctionPointer": {"FileOffset": 58712, "Value": 1396986706, "Offset": 72}, "GlobalFlagsClear": {"FileOffset": 58652, "Value": 0, "Offset": 12}, "ProcessAffinityMask": {"FileOffset": 58688, "Value": 0, "Offset": 48}, "VirtualMemoryThreshold": {"FileOffset": 58680, "Value": 0, "Offset": 40}, "LockPrefixTable": {"FileOffset": 58672, "Value": 0, "Offset": 32}, "MaximumAllocationSize": {"FileOffset": 58676, "Value": 0, "Offset": 36}, "Structure": "IMAGE_LOAD_CONFIG_DIRECTORY", "SEHandlerTable": {"FileOffset": 58704, "Value": 4257392, "Offset": 64}, "GuardCFFunctionTable": {"FileOffset": 58720, "Value": 1210673130, "Offset": 80}, "DeCommitFreeBlockThreshold": {"FileOffset": 58664, "Value": 0, "Offset": 24}, "MinorVersion": {"FileOffset": 58650, "Value": 0, "Offset": 10}, "MajorVersion": {"FileOffset": 58648, "Value": 0, "Offset": 8}, "Reserved1": {"FileOffset": 58694, "Value": 0, "Offset": 54}, "SecurityCookie": {"FileOffset": 58700, "Value": 4264004, "Offset": 60}, "GlobalFlagsSet": {"FileOffset": 58656, "Value": 0, "Offset": 16}, "CriticalSectionDefaultTimeout": {"FileOffset": 58660, "Value": 0, "Offset": 20}, "DeCommitTotalFreeThreshold": {"FileOffset": 58668, "Value": 0, "Offset": 28}, "Reserved2": {"FileOffset": 58716, "Value": 2217182331, "Offset": 76}, "EditList": {"FileOffset": 58696, "Value": 0, "Offset": 56}, "GuardFlags": {"FileOffset": 58728, "Value": 3791786717, "Offset": 88}, "Size": {"FileOffset": 58640, "Value": 72, "Offset": 0}}, "Flags": ["IMAGE_FILE_32BIT_MACHINE", "IMAGE_FILE_EXECUTABLE_IMAGE"], "Version Information": [{"ValueLength": {"FileOffset": 359382, "Value": 52, "Offset": 2}, "Length": {"FileOffset": 359380, "Value": 832, "Offset": 0}, "Type": {"FileOffset": 359384, "Value": 0, "Offset": 4}, "Structure": "VS_VERSIONINFO"}, {"FileFlagsMask": {"FileOffset": 359444, "Value": 63, "Offset": 24}, "FileType": {"FileOffset": 359456, "Value": 1, "Offset": 36}, "FileVersionMS": {"FileOffset": 359428, "Value": 131099, "Offset": 8}, "FileVersionLS": {"FileOffset": 359432, "Value": 22, "Offset": 12}, "Signature": {"FileOffset": 359420, "Value": 4277077181, "Offset": 0}, "FileSubtype": {"FileOffset": 359460, "Value": 0, "Offset": 40}, "FileFlags": {"FileOffset": 359448, "Value": 0, "Offset": 28}, "FileDateLS": {"FileOffset": 359468, "Value": 0, "Offset": 48}, "ProductVersionLS": {"FileOffset": 359440, "Value": 1, "Offset": 20}, "FileOS": {"FileOffset": 359452, "Value": 262148, "Offset": 32}, "ProductVersionMS": {"FileOffset": 359436, "Value": 65541, "Offset": 16}, "FileDateMS": {"FileOffset": 359464, "Value": 0, "Offset": 44}, "Structure": "VS_FIXEDFILEINFO", "StrucVersion": {"FileOffset": 359424, "Value": 65536, "Offset": 4}}], "Debug information": [{"MajorVersion": {"FileOffset": 49672, "Value": 0, "Offset": 8}, "PointerToRawData": {"FileOffset": 49688, "Value": 58712, "Offset": 24}, "MinorVersion": {"FileOffset": 49674, "Value": 0, "Offset": 10}, "TimeDateStamp": {"FileOffset": 49668, "Value": "0x52226975 [Sat Aug 31 22:08:53 2013 UTC]", "Offset": 4}, "Characteristics": {"FileOffset": 49664, "Value": 0, "Offset": 0}, "Structure": "IMAGE_DEBUG_DIRECTORY", "Type": "IMAGE_DEBUG_TYPE_CODEVIEW", "SizeOfData": {"FileOffset": 49680, "Value": 60, "Offset": 16}, "AddressOfRawData": {"FileOffset": 49684, "Value": 62808, "Offset": 20}}], "Imported symbols": [[{"TimeDateStamp": {"FileOffset": 60008, "Value": "0x0        [Thu Jan  1 00:00:00 1970 UTC]", "Offset": 4}, "Name": {"FileOffset": 60016, "Value": 64994, "Offset": 12}, "ForwarderChain": {"FileOffset": 60012, "Value": 0, "Offset": 8}, "OriginalFirstThunk": {"FileOffset": 60004, "Value": 64208, "Offset": 0}, "FirstThunk": {"FileOffset": 60020, "Value": 53256, "Offset": 16}, "Characteristics": {"FileOffset": 60004, "Value": 64208, "Offset": 0}, "Structure": "IMAGE_IMPORT_DESCRIPTOR"}, {"Hint": 136, "Name": "CreateFileA", "DLL": "KERNEL32.dll"}, {"Hint": 496, "Name": "GetFileSize", "DLL": "KERNEL32.dll"}, {"Hint": 1126, "Name": "SetFilePointer", "DLL": "KERNEL32.dll"}, {"Hint": 863, "Name": "MoveFileExA", "DLL": "KERNEL32.dll"}, {"Hint": 354, "Name": "FreeLibrary", "DLL": "KERNEL32.dll"}, {"Hint": 702, "Name": "GlobalLock", "DLL": "KERNEL32.dll"}, {"Hint": 1317, "Name": "WriteFile", "DLL": "KERNEL32.dll"}, {"Hint": 390, "Name": "GetCommandLineA", "DLL": "KERNEL32.dll"}, {"Hint": 1202, "Name": "Sleep", "DLL": "KERNEL32.dll"}, {"Hint": 485, "Name": "GetFileAttributesA", "DLL": "KERNEL32.dll"}, {"Hint": 960, "Name": "ReadFile", "DLL": "KERNEL32.dll"}, {"Hint": 709, "Name": "GlobalUnlock", "DLL": "KERNEL32.dll"}, {"Hint": 514, "Name": "GetLastError", "DLL": "KERNEL32.dll"}, {"Hint": 581, "Name": "GetProcAddress", "DLL": "KERNEL32.dll"}, {"Hint": 828, "Name": "LoadLibraryA", "DLL": "KERNEL32.dll"}, {"Hint": 531, "Name": "GetModuleFileNameA", "DLL": "KERNEL32.dll"}, {"Hint": 155, "Name": "CreateMutexA", "DLL": "KERNEL32.dll"}, {"Hint": 82, "Name": "CloseHandle", "DLL": "KERNEL32.dll"}, {"Hint": 211, "Name": "DeleteFileA", "DLL": "KERNEL32.dll"}, {"Hint": 181, "Name": "CreateThread", "DLL": "KERNEL32.dll"}, {"Hint": 396, "Name": "GetComputerNameA", "DLL": "KERNEL32.dll"}, {"Hint": 586, "Name": "GetProcessHeap", "DLL": "KERNEL32.dll"}, {"Hint": 1107, "Name": "SetEndOfFile", "DLL": "KERNEL32.dll"}, {"Hint": 772, "Name": "IsProcessorFeaturePresent", "DLL": "KERNEL32.dll"}, {"Hint": 617, "Name": "GetStringTypeW", "DLL": "KERNEL32.dll"}, {"Hint": 813, "Name": "LCMapStringW", "DLL": "KERNEL32.dll"}, {"Hint": 1316, "Name": "WriteConsoleW", "DLL": "KERNEL32.dll"}, {"Hint": 722, "Name": "HeapReAlloc", "DLL": "KERNEL32.dll"}, {"Hint": 831, "Name": "LoadLibraryW", "DLL": "KERNEL32.dll"}, {"Hint": 343, "Name": "FlushFileBuffers", "DLL": "KERNEL32.dll"}, {"Hint": 1159, "Name": "SetStdHandle", "DLL": "KERNEL32.dll"}, {"Hint": 871, "Name": "MultiByteToWideChar", "DLL": "KERNEL32.dll"}, {"Hint": 778, "Name": "IsValidCodePage", "DLL": "KERNEL32.dll"}, {"Hint": 567, "Name": "GetOEMCP", "DLL": "KERNEL32.dll"}, {"Hint": 360, "Name": "GetACP", "DLL": "KERNEL32.dll"}, {"Hint": 370, "Name": "GetCPInfo", "DLL": "KERNEL32.dll"}, {"Hint": 428, "Name": "GetConsoleMode", "DLL": "KERNEL32.dll"}, {"Hint": 410, "Name": "GetConsoleCP", "DLL": "KERNEL32.dll"}, {"Hint": 724, "Name": "HeapSize", "DLL": "KERNEL32.dll"}, {"Hint": 633, "Name": "GetSystemTimeAsFileTime", "DLL": "KERNEL32.dll"}, {"Hint": 449, "Name": "GetCurrentProcessId", "DLL": "KERNEL32.dll"}, {"Hint": 281, "Name": "ExitProcess", "DLL": "KERNEL32.dll"}, {"Hint": 659, "Name": "GetTickCount", "DLL": "KERNEL32.dll"}, {"Hint": 935, "Name": "QueryPerformanceCounter", "DLL": "KERNEL32.dll"}, {"Hint": 723, "Name": "HeapSetInformation", "DLL": "KERNEL32.dll"}, {"Hint": 611, "Name": "GetStartupInfoW", "DLL": "KERNEL32.dll"}, {"Hint": 1216, "Name": "TerminateProcess", "DLL": "KERNEL32.dll"}, {"Hint": 448, "Name": "GetCurrentProcess", "DLL": "KERNEL32.dll"}, {"Hint": 1235, "Name": "UnhandledExceptionFilter", "DLL": "KERNEL32.dll"}, {"Hint": 1189, "Name": "SetUnhandledExceptionFilter", "DLL": "KERNEL32.dll"}, {"Hint": 768, "Name": "IsDebuggerPresent", "DLL": "KERNEL32.dll"}, {"Hint": 234, "Name": "EncodePointer", "DLL": "KERNEL32.dll"}, {"Hint": 202, "Name": "DecodePointer", "DLL": "KERNEL32.dll"}, {"Hint": 715, "Name": "HeapAlloc", "DLL": "KERNEL32.dll"}, {"Hint": 945, "Name": "RaiseException", "DLL": "KERNEL32.dll"}, {"Hint": 238, "Name": "EnterCriticalSection", "DLL": "KERNEL32.dll"}, {"Hint": 825, "Name": "LeaveCriticalSection", "DLL": "KERNEL32.dll"}, {"Hint": 739, "Name": "InitializeCriticalSectionAndSpinCount", "DLL": "KERNEL32.dll"}, {"Hint": 1048, "Name": "RtlUnwind", "DLL": "KERNEL32.dll"}, {"Hint": 719, "Name": "HeapFree", "DLL": "KERNEL32.dll"}, {"Hint": 536, "Name": "GetModuleHandleW", "DLL": "KERNEL32.dll"}, {"Hint": 612, "Name": "GetStdHandle", "DLL": "KERNEL32.dll"}, {"Hint": 532, "Name": "GetModuleFileNameW", "DLL": "KERNEL32.dll"}, {"Hint": 353, "Name": "FreeEnvironmentStringsW", "DLL": "KERNEL32.dll"}, {"Hint": 1297, "Name": "WideCharToMultiByte", "DLL": "KERNEL32.dll"}, {"Hint": 474, "Name": "GetEnvironmentStringsW", "DLL": "KERNEL32.dll"}, {"Hint": 1135, "Name": "SetHandleCount", "DLL": "KERNEL32.dll"}, {"Hint": 499, "Name": "GetFileType", "DLL": "KERNEL32.dll"}, {"Hint": 209, "Name": "DeleteCriticalSection", "DLL": "KERNEL32.dll"}, {"Hint": 1221, "Name": "TlsAlloc", "DLL": "KERNEL32.dll"}, {"Hint": 1223, "Name": "TlsGetValue", "DLL": "KERNEL32.dll"}, {"Hint": 1224, "Name": "TlsSetValue", "DLL": "KERNEL32.dll"}, {"Hint": 1222, "Name": "TlsFree", "DLL": "KERNEL32.dll"}, {"Hint": 751, "Name": "InterlockedIncrement", "DLL": "KERNEL32.dll"}, {"Hint": 1139, "Name": "SetLastError", "DLL": "KERNEL32.dll"}, {"Hint": 453, "Name": "GetCurrentThreadId", "DLL": "KERNEL32.dll"}, {"Hint": 747, "Name": "InterlockedDecrement", "DLL": "KERNEL32.dll"}, {"Hint": 717, "Name": "HeapCreate", "DLL": "KERNEL32.dll"}, {"Hint": 143, "Name": "CreateFileW", "DLL": "KERNEL32.dll"}], [{"TimeDateStamp": {"FileOffset": 60028, "Value": "0x0        [Thu Jan  1 00:00:00 1970 UTC]", "Offset": 4}, "Name": {"FileOffset": 60036, "Value": 65532, "Offset": 12}, "ForwarderChain": {"FileOffset": 60032, "Value": 0, "Offset": 8}, "OriginalFirstThunk": {"FileOffset": 60024, "Value": 64540, "Offset": 0}, "FirstThunk": {"FileOffset": 60040, "Value": 53588, "Offset": 16}, "Characteristics": {"FileOffset": 60024, "Value": 64540, "Offset": 0}, "Structure": "IMAGE_IMPORT_DESCRIPTOR"}, {"Hint": 418, "Name": "GetWindowTextLengthW", "DLL": "USER32.dll"}, {"Hint": 345, "Name": "GetMessageA", "DLL": "USER32.dll"}, {"Hint": 73, "Name": "CloseClipboard", "DLL": "USER32.dll"}, {"Hint": 412, "Name": "GetWindowRect", "DLL": "USER32.dll"}, {"Hint": 98, "Name": "CreateDialogParamA", "DLL": "USER32.dll"}, {"Hint": 567, "Name": "PostQuitMessage", "DLL": "USER32.dll"}, {"Hint": 366, "Name": "GetRawInputData", "DLL": "USER32.dll"}, {"Hint": 317, "Name": "GetKeyState", "DLL": "USER32.dll"}, {"Hint": 458, "Name": "IsClipboardFormatAvailable", "DLL": "USER32.dll"}, {"Hint": 764, "Name": "TranslateMessage", "DLL": "USER32.dll"}, {"Hint": 322, "Name": "GetKeyboardState", "DLL": "USER32.dll"}, {"Hint": 301, "Name": "GetForegroundWindow", "DLL": "USER32.dll"}, {"Hint": 517, "Name": "MapVirtualKeyA", "DLL": "USER32.dll"}, {"Hint": 278, "Name": "GetClipboardData", "DLL": "USER32.dll"}, {"Hint": 419, "Name": "GetWindowTextW", "DLL": "USER32.dll"}, {"Hint": 155, "Name": "DefWindowProcA", "DLL": "USER32.dll"}, {"Hint": 291, "Name": "GetDesktopWindow", "DLL": "USER32.dll"}, {"Hint": 710, "Name": "SetWindowPos", "DLL": "USER32.dll"}, {"Hint": 735, "Name": "ShowWindow", "DLL": "USER32.dll"}, {"Hint": 602, "Name": "RegisterRawInputDevices", "DLL": "USER32.dll"}, {"Hint": 174, "Name": "DispatchMessageA", "DLL": "USER32.dll"}, {"Hint": 316, "Name": "GetKeyNameTextW", "DLL": "USER32.dll"}, {"Hint": 550, "Name": "OpenClipboard", "DLL": "USER32.dll"}, {"Hint": 647, "Name": "SetClipboardViewer", "DLL": "USER32.dll"}, {"Hint": 420, "Name": "GetWindowThreadProcessId", "DLL": "USER32.dll"}, {"Hint": 756, "Name": "ToUnicodeEx", "DLL": "USER32.dll"}, {"Hint": 318, "Name": "GetKeyboardLayout", "DLL": "USER32.dll"}], [{"TimeDateStamp": {"FileOffset": 60048, "Value": "0x0        [Thu Jan  1 00:00:00 1970 UTC]", "Offset": 4}, "Name": {"FileOffset": 60056, "Value": 65560, "Offset": 12}, "ForwarderChain": {"FileOffset": 60052, "Value": 0, "Offset": 8}, "OriginalFirstThunk": {"FileOffset": 60044, "Value": 64200, "Offset": 0}, "FirstThunk": {"FileOffset": 60060, "Value": 53248, "Offset": 16}, "Characteristics": {"FileOffset": 60044, "Value": 64200, "Offset": 0}, "Structure": "IMAGE_IMPORT_DESCRIPTOR"}, {"Hint": 356, "Name": "GetUserNameA", "DLL": "ADVAPI32.dll"}], [{"TimeDateStamp": {"FileOffset": 60068, "Value": "0x0        [Thu Jan  1 00:00:00 1970 UTC]", "Offset": 4}, "Name": {"FileOffset": 60076, "Value": 65610, "Offset": 12}, "ForwarderChain": {"FileOffset": 60072, "Value": 0, "Offset": 8}, "OriginalFirstThunk": {"FileOffset": 60064, "Value": 64528, "Offset": 0}, "FirstThunk": {"FileOffset": 60080, "Value": 53576, "Offset": 16}, "Characteristics": {"FileOffset": 60064, "Value": 64528, "Offset": 0}, "Structure": "IMAGE_IMPORT_DESCRIPTOR"}, {"Hint": 191, "Name": "SHGetFolderPathA", "DLL": "SHELL32.dll"}, {"Hint": 286, "Name": "ShellExecuteA", "DLL": "SHELL32.dll"}]], "PE Sections": [{"PointerToRawData": {"FileOffset": 500, "Value": 1024, "Offset": 20}, "SHA1": "0770c3f258f3fa9c8f157b7ca88b4622d1f71084", "SHA256": "794ed9edf135811b3e2a0f11ff04aaee004d9cd9540be823339fd46e9195a45c", "Name": {"FileOffset": 480, "Value": ".text", "Offset": 0}, "NumberOfRelocations": {"FileOffset": 512, "Value": 0, "Offset": 32}, "Misc_VirtualSize": {"FileOffset": 488, "Value": 47966, "Offset": 8}, "Characteristics": {"FileOffset": 516, "Value": 1610612768, "Offset": 36}, "Misc": {"FileOffset": 488, "Value": 47966, "Offset": 8}, "PointerToLinenumbers": {"FileOffset": 508, "Value": 0, "Offset": 28}, "SizeOfRawData": {"FileOffset": 496, "Value": 48128, "Offset": 16}, "Misc_PhysicalAddress": {"FileOffset": 488, "Value": 47966, "Offset": 8}, "PointerToRelocations": {"FileOffset": 504, "Value": 0, "Offset": 24}, "Flags": ["IMAGE_SCN_MEM_EXECUTE", "IMAGE_SCN_CNT_CODE", "IMAGE_SCN_MEM_READ"], "SHA512": "e916d89973712d3dba871577c29a9258403ead11c496a39f4d3e1bd36cc9fa99538f662d9453f1f566f6f60ec2844ab070fec7e0a7c34309a290c210ee79702c", "MD5": "fe504beb66bc13ac11678ed20660b6ae", "Entropy": 6.548186589569096, "VirtualAddress": {"FileOffset": 492, "Value": 4096, "Offset": 12}, "Structure": "IMAGE_SECTION_HEADER", "NumberOfLinenumbers": {"FileOffset": 514, "Value": 0, "Offset": 34}}, {"PointerToRawData": {"FileOffset": 540, "Value": 49152, "Offset": 20}, "SHA1": "48d49b79907bd6499e4a05e1e1678d039e39632b", "SHA256": "f554ff7da4a37617f5e7b514e97efe94b9dc0480c16f16af77974f82ea4266d7", "Name": {"FileOffset": 520, "Value": ".rdata", "Offset": 0}, "NumberOfRelocations": {"FileOffset": 552, "Value": 0, "Offset": 32}, "Misc_VirtualSize": {"FileOffset": 528, "Value": 13446, "Offset": 8}, "Characteristics": {"FileOffset": 556, "Value": 1073741888, "Offset": 36}, "Misc": {"FileOffset": 528, "Value": 13446, "Offset": 8}, "PointerToLinenumbers": {"FileOffset": 548, "Value": 0, "Offset": 28}, "SizeOfRawData": {"FileOffset": 536, "Value": 13824, "Offset": 16}, "Misc_PhysicalAddress": {"FileOffset": 528, "Value": 13446, "Offset": 8}, "PointerToRelocations": {"FileOffset": 544, "Value": 0, "Offset": 24}, "Flags": ["IMAGE_SCN_CNT_INITIALIZED_DATA", "IMAGE_SCN_MEM_READ"], "SHA512": "56646639d1fe44416d7b5d7f8c6e33868539bb9d041ee4df6716063cba8b8f2c6555833e3d26d6b26b87fb203bb14a3fe919c80ab0113cd478d139b24c7713ef", "MD5": "0dea730ed4989b92acb0402b1c1fddf5", "Entropy": 5.029930903118284, "VirtualAddress": {"FileOffset": 532, "Value": 53248, "Offset": 12}, "Structure": "IMAGE_SECTION_HEADER", "NumberOfLinenumbers": {"FileOffset": 554, "Value": 0, "Offset": 34}}, {"PointerToRawData": {"FileOffset": 580, "Value": 62976, "Offset": 20}, "SHA1": "5e606bdc4967108564140e471a605b34292810eb", "SHA256": "8379fb3f04ff7be0ebc364d5f408688740b34840a84257b6feaf59cfc0b06bf0", "Name": {"FileOffset": 560, "Value": ".data", "Offset": 0}, "NumberOfRelocations": {"FileOffset": 592, "Value": 0, "Offset": 32}, "Misc_VirtualSize": {"FileOffset": 568, "Value": 12908, "Offset": 8}, "Characteristics": {"FileOffset": 596, "Value": 3221225536, "Offset": 36}, "Misc": {"FileOffset": 568, "Value": 12908, "Offset": 8}, "PointerToLinenumbers": {"FileOffset": 588, "Value": 0, "Offset": 28}, "SizeOfRawData": {"FileOffset": 576, "Value": 4096, "Offset": 16}, "Misc_PhysicalAddress": {"FileOffset": 568, "Value": 12908, "Offset": 8}, "PointerToRelocations": {"FileOffset": 584, "Value": 0, "Offset": 24}, "Flags": ["IMAGE_SCN_CNT_INITIALIZED_DATA", "IMAGE_SCN_MEM_WRITE", "IMAGE_SCN_MEM_READ"], "SHA512": "6f2b88a9ccfa6f87905fe9c6fd369add24408b18bb0df6b5c4c283b92dd8de474fb6d9c3be5a8634aa7ec954d8ebc7adf99945fa6d9a46d76bea3cde57324ad2", "MD5": "95a2e06860889f78a494d73b3102ba45", "Entropy": 2.592024882101332, "VirtualAddress": {"FileOffset": 572, "Value": 69632, "Offset": 12}, "Structure": "IMAGE_SECTION_HEADER", "NumberOfLinenumbers": {"FileOffset": 594, "Value": 0, "Offset": 34}}, {"PointerToRawData": {"FileOffset": 620, "Value": 67072, "Offset": 20}, "SHA1": "fe8d1ca0623617995b9db32829bd9be5895bae52", "SHA256": "dc52750e3953677a4d96fff34ecc34110463f25cc0ac894b9204c1c4b119e176", "Name": {"FileOffset": 600, "Value": ".rsrc", "Offset": 0}, "NumberOfRelocations": {"FileOffset": 632, "Value": 0, "Offset": 32}, "Misc_VirtualSize": {"FileOffset": 608, "Value": 293488, "Offset": 8}, "Characteristics": {"FileOffset": 636, "Value": 1073741888, "Offset": 36}, "Misc": {"FileOffset": 608, "Value": 293488, "Offset": 8}, "PointerToLinenumbers": {"FileOffset": 628, "Value": 0, "Offset": 28}, "SizeOfRawData": {"FileOffset": 616, "Value": 293888, "Offset": 16}, "Misc_PhysicalAddress": {"FileOffset": 608, "Value": 293488, "Offset": 8}, "PointerToRelocations": {"FileOffset": 624, "Value": 0, "Offset": 24}, "Flags": ["IMAGE_SCN_CNT_INITIALIZED_DATA", "IMAGE_SCN_MEM_READ"], "SHA512": "ffb5a29ddb271e75557ca06d17fa3410116003684cbf608089ac4f5ea6e681e67e3a7c516b4c6283fa97017278c5f3db56ac16d595de8e273c2cf15019ec5daf", "MD5": "e4ecdad96b75bb034d0dca8b8484d16d", "Entropy": 2.019594509924355, "VirtualAddress": {"FileOffset": 612, "Value": 86016, "Offset": 12}, "Structure": "IMAGE_SECTION_HEADER", "NumberOfLinenumbers": {"FileOffset": 634, "Value": 0, "Offset": 34}}, {"PointerToRawData": {"FileOffset": 660, "Value": 360960, "Offset": 20}, "SHA1": "d5bcc71557f88b86447da79b0889e2430c0bdc34", "SHA256": "a176af3485c72cb3d72c7c53f9b7aa9da3723cc5de5404e590b5a81006614d35", "Name": {"FileOffset": 640, "Value": ".reloc", "Offset": 0}, "NumberOfRelocations": {"FileOffset": 672, "Value": 0, "Offset": 32}, "Misc_VirtualSize": {"FileOffset": 648, "Value": 6362, "Offset": 8}, "Characteristics": {"FileOffset": 676, "Value": 1107296320, "Offset": 36}, "Misc": {"FileOffset": 648, "Value": 6362, "Offset": 8}, "PointerToLinenumbers": {"FileOffset": 668, "Value": 0, "Offset": 28}, "SizeOfRawData": {"FileOffset": 656, "Value": 6656, "Offset": 16}, "Misc_PhysicalAddress": {"FileOffset": 648, "Value": 6362, "Offset": 8}, "PointerToRelocations": {"FileOffset": 664, "Value": 0, "Offset": 24}, "Flags": ["IMAGE_SCN_CNT_INITIALIZED_DATA", "IMAGE_SCN_MEM_DISCARDABLE", "IMAGE_SCN_MEM_READ"], "SHA512": "00ce4654e26e7253c031e2c091a117b8b716bbbb3b2034ec445fd709321902fdaab7900d1dfb8d7a9e02756041ba7ee7138fbcd175a6feb0c58c163387f44764", "MD5": "3c864b364feca6a95427743fdae3db97", "Entropy": 3.8535199584091875, "VirtualAddress": {"FileOffset": 652, "Value": 380928, "Offset": 12}, "Structure": "IMAGE_SECTION_HEADER", "NumberOfLinenumbers": {"FileOffset": 674, "Value": 0, "Offset": 34}}], "Resource directory": [{"MajorVersion": {"FileOffset": 67080, "Value": 4, "Offset": 8}, "NumberOfIdEntries": {"FileOffset": 67086, "Value": 5, "Offset": 14}, "MinorVersion": {"FileOffset": 67082, "Value": 0, "Offset": 10}, "TimeDateStamp": {"FileOffset": 67076, "Value": "0x0        [Thu Jan  1 00:00:00 1970 UTC]", "Offset": 4}, "Characteristics": {"FileOffset": 67072, "Value": 0, "Offset": 0}, "NumberOfNamedEntries": {"FileOffset": 67084, "Value": 0, "Offset": 12}, "Structure": "IMAGE_RESOURCE_DIRECTORY"}, {"Structure": "IMAGE_RESOURCE_DIRECTORY_ENTRY", "Id": [3, "RT_ICON"], "OffsetToData": {"FileOffset": 67092, "Value": 2147483704, "Offset": 4}, "Name": {"FileOffset": 67088, "Value": 3, "Offset": 0}}, [{"MajorVersion": {"FileOffset": 67136, "Value": 4, "Offset": 8}, "NumberOfIdEntries": {"FileOffset": 67142, "Value": 3, "Offset": 14}, "MinorVersion": {"FileOffset": 67138, "Value": 0, "Offset": 10}, "TimeDateStamp": {"FileOffset": 67132, "Value": "0x0        [Thu Jan  1 00:00:00 1970 UTC]", "Offset": 4}, "Characteristics": {"FileOffset": 67128, "Value": 0, "Offset": 0}, "NumberOfNamedEntries": {"FileOffset": 67140, "Value": 0, "Offset": 12}, "Structure": "IMAGE_RESOURCE_DIRECTORY"}, {"Structure": "IMAGE_RESOURCE_DIRECTORY_ENTRY", "Id": 1, "OffsetToData": {"FileOffset": 67148, "Value": 2147483840, "Offset": 4}, "Name": {"FileOffset": 67144, "Value": 1, "Offset": 0}}, [{"MajorVersion": {"FileOffset": 67272, "Value": 4, "Offset": 8}, "NumberOfIdEntries": {"FileOffset": 67278, "Value": 1, "Offset": 14}, "MinorVersion": {"FileOffset": 67274, "Value": 0, "Offset": 10}, "TimeDateStamp": {"FileOffset": 67268, "Value": "0x0        [Thu Jan  1 00:00:00 1970 UTC]", "Offset": 4}, "Characteristics": {"FileOffset": 67264, "Value": 0, "Offset": 0}, "NumberOfNamedEntries": {"FileOffset": 67276, "Value": 0, "Offset": 12}, "Structure": "IMAGE_RESOURCE_DIRECTORY"}, {"LANG": 9, "SUBLANG_NAME": "SUBLANG_ENGLISH_US", "Name": {"FileOffset": 67280, "Value": 1033, "Offset": 0}, "CodePage": {"FileOffset": 67440, "Value": 1252, "Offset": 8}, "LANG_NAME": "LANG_ENGLISH", "OffsetToData": {"FileOffset": 67432, "Value": 86488, "Offset": 0}, "Reserved": {"FileOffset": 67444, "Value": 0, "Offset": 12}, "SUBLANG": 1, "Structure": "IMAGE_RESOURCE_DATA_ENTRY", "Size": {"FileOffset": 67436, "Value": 4264, "Offset": 4}}], {"Structure": "IMAGE_RESOURCE_DIRECTORY_ENTRY", "Id": 2, "OffsetToData": {"FileOffset": 67156, "Value": 2147483864, "Offset": 4}, "Name": {"FileOffset": 67152, "Value": 2, "Offset": 0}}, [{"MajorVersion": {"FileOffset": 67296, "Value": 4, "Offset": 8}, "NumberOfIdEntries": {"FileOffset": 67302, "Value": 1, "Offset": 14}, "MinorVersion": {"FileOffset": 67298, "Value": 0, "Offset": 10}, "TimeDateStamp": {"FileOffset": 67292, "Value": "0x0        [Thu Jan  1 00:00:00 1970 UTC]", "Offset": 4}, "Characteristics": {"FileOffset": 67288, "Value": 0, "Offset": 0}, "NumberOfNamedEntries": {"FileOffset": 67300, "Value": 0, "Offset": 12}, "Structure": "IMAGE_RESOURCE_DIRECTORY"}, {"LANG": 9, "SUBLANG_NAME": "SUBLANG_ENGLISH_US", "Name": {"FileOffset": 67304, "Value": 1033, "Offset": 0}, "CodePage": {"FileOffset": 67456, "Value": 1252, "Offset": 8}, "LANG_NAME": "LANG_ENGLISH", "OffsetToData": {"FileOffset": 67448, "Value": 90752, "Offset": 0}, "Reserved": {"FileOffset": 67460, "Value": 0, "Offset": 12}, "SUBLANG": 1, "Structure": "IMAGE_RESOURCE_DATA_ENTRY", "Size": {"FileOffset": 67452, "Value": 270376, "Offset": 4}}], {"Structure": "IMAGE_RESOURCE_DIRECTORY_ENTRY", "Id": 3, "OffsetToData": {"FileOffset": 67164, "Value": 2147483888, "Offset": 4}, "Name": {"FileOffset": 67160, "Value": 3, "Offset": 0}}, [{"MajorVersion": {"FileOffset": 67320, "Value": 4, "Offset": 8}, "NumberOfIdEntries": {"FileOffset": 67326, "Value": 1, "Offset": 14}, "MinorVersion": {"FileOffset": 67322, "Value": 0, "Offset": 10}, "TimeDateStamp": {"FileOffset": 67316, "Value": "0x0        [Thu Jan  1 00:00:00 1970 UTC]", "Offset": 4}, "Characteristics": {"FileOffset": 67312, "Value": 0, "Offset": 0}, "NumberOfNamedEntries": {"FileOffset": 67324, "Value": 0, "Offset": 12}, "Structure": "IMAGE_RESOURCE_DIRECTORY"}, {"LANG": 9, "SUBLANG_NAME": "SUBLANG_ENGLISH_US", "Name": {"FileOffset": 67328, "Value": 1033, "Offset": 0}, "CodePage": {"FileOffset": 67472, "Value": 1252, "Offset": 8}, "LANG_NAME": "LANG_ENGLISH", "OffsetToData": {"FileOffset": 67464, "Value": 361128, "Offset": 0}, "Reserved": {"FileOffset": 67476, "Value": 0, "Offset": 12}, "SUBLANG": 1, "Structure": "IMAGE_RESOURCE_DATA_ENTRY", "Size": {"FileOffset": 67468, "Value": 16936, "Offset": 4}}]], {"Structure": "IMAGE_RESOURCE_DIRECTORY_ENTRY", "Id": [5, "RT_DIALOG"], "OffsetToData": {"FileOffset": 67100, "Value": 2147483744, "Offset": 4}, "Name": {"FileOffset": 67096, "Value": 5, "Offset": 0}}, [{"MajorVersion": {"FileOffset": 67176, "Value": 4, "Offset": 8}, "NumberOfIdEntries": {"FileOffset": 67182, "Value": 1, "Offset": 14}, "MinorVersion": {"FileOffset": 67178, "Value": 0, "Offset": 10}, "TimeDateStamp": {"FileOffset": 67172, "Value": "0x0        [Thu Jan  1 00:00:00 1970 UTC]", "Offset": 4}, "Characteristics": {"FileOffset": 67168, "Value": 0, "Offset": 0}, "NumberOfNamedEntries": {"FileOffset": 67180, "Value": 0, "Offset": 12}, "Structure": "IMAGE_RESOURCE_DIRECTORY"}, {"Structure": "IMAGE_RESOURCE_DIRECTORY_ENTRY", "Id": 101, "OffsetToData": {"FileOffset": 67188, "Value": 2147483912, "Offset": 4}, "Name": {"FileOffset": 67184, "Value": 101, "Offset": 0}}, [{"MajorVersion": {"FileOffset": 67344, "Value": 4, "Offset": 8}, "NumberOfIdEntries": {"FileOffset": 67350, "Value": 1, "Offset": 14}, "MinorVersion": {"FileOffset": 67346, "Value": 0, "Offset": 10}, "TimeDateStamp": {"FileOffset": 67340, "Value": "0x0        [Thu Jan  1 00:00:00 1970 UTC]", "Offset": 4}, "Characteristics": {"FileOffset": 67336, "Value": 0, "Offset": 0}, "NumberOfNamedEntries": {"FileOffset": 67348, "Value": 0, "Offset": 12}, "Structure": "IMAGE_RESOURCE_DIRECTORY"}, {"LANG": 9, "SUBLANG_NAME": "SUBLANG_ENGLISH_US", "Name": {"FileOffset": 67352, "Value": 1033, "Offset": 0}, "CodePage": {"FileOffset": 67488, "Value": 1252, "Offset": 8}, "LANG_NAME": "LANG_ENGLISH", "OffsetToData": {"FileOffset": 67480, "Value": 378064, "Offset": 0}, "Reserved": {"FileOffset": 67492, "Value": 0, "Offset": 12}, "SUBLANG": 1, "Structure": "IMAGE_RESOURCE_DATA_ENTRY", "Size": {"FileOffset": 67484, "Value": 212, "Offset": 4}}]], {"Structure": "IMAGE_RESOURCE_DIRECTORY_ENTRY", "Id": [14, "RT_GROUP_ICON"], "OffsetToData": {"FileOffset": 67108, "Value": 2147483768, "Offset": 4}, "Name": {"FileOffset": 67104, "Value": 14, "Offset": 0}}, [{"MajorVersion": {"FileOffset": 67200, "Value": 4, "Offset": 8}, "NumberOfIdEntries": {"FileOffset": 67206, "Value": 1, "Offset": 14}, "MinorVersion": {"FileOffset": 67202, "Value": 0, "Offset": 10}, "TimeDateStamp": {"FileOffset": 67196, "Value": "0x0        [Thu Jan  1 00:00:00 1970 UTC]", "Offset": 4}, "Characteristics": {"FileOffset": 67192, "Value": 0, "Offset": 0}, "NumberOfNamedEntries": {"FileOffset": 67204, "Value": 0, "Offset": 12}, "Structure": "IMAGE_RESOURCE_DIRECTORY"}, {"Structure": "IMAGE_RESOURCE_DIRECTORY_ENTRY", "Id": 103, "OffsetToData": {"FileOffset": 67212, "Value": 2147483936, "Offset": 4}, "Name": {"FileOffset": 67208, "Value": 103, "Offset": 0}}, [{"MajorVersion": {"FileOffset": 67368, "Value": 4, "Offset": 8}, "NumberOfIdEntries": {"FileOffset": 67374, "Value": 1, "Offset": 14}, "MinorVersion": {"FileOffset": 67370, "Value": 0, "Offset": 10}, "TimeDateStamp": {"FileOffset": 67364, "Value": "0x0        [Thu Jan  1 00:00:00 1970 UTC]", "Offset": 4}, "Characteristics": {"FileOffset": 67360, "Value": 0, "Offset": 0}, "NumberOfNamedEntries": {"FileOffset": 67372, "Value": 0, "Offset": 12}, "Structure": "IMAGE_RESOURCE_DIRECTORY"}, {"LANG": 9, "SUBLANG_NAME": "SUBLANG_ENGLISH_US", "Name": {"FileOffset": 67376, "Value": 1033, "Offset": 0}, "CodePage": {"FileOffset": 67504, "Value": 1252, "Offset": 8}, "LANG_NAME": "LANG_ENGLISH", "OffsetToData": {"FileOffset": 67496, "Value": 378276, "Offset": 0}, "Reserved": {"FileOffset": 67508, "Value": 0, "Offset": 12}, "SUBLANG": 1, "Structure": "IMAGE_RESOURCE_DATA_ENTRY", "Size": {"FileOffset": 67500, "Value": 48, "Offset": 4}}]], {"Structure": "IMAGE_RESOURCE_DIRECTORY_ENTRY", "Id": [16, "RT_VERSION"], "OffsetToData": {"FileOffset": 67116, "Value": 2147483792, "Offset": 4}, "Name": {"FileOffset": 67112, "Value": 16, "Offset": 0}}, [{"MajorVersion": {"FileOffset": 67224, "Value": 4, "Offset": 8}, "NumberOfIdEntries": {"FileOffset": 67230, "Value": 1, "Offset": 14}, "MinorVersion": {"FileOffset": 67226, "Value": 0, "Offset": 10}, "TimeDateStamp": {"FileOffset": 67220, "Value": "0x0        [Thu Jan  1 00:00:00 1970 UTC]", "Offset": 4}, "Characteristics": {"FileOffset": 67216, "Value": 0, "Offset": 0}, "NumberOfNamedEntries": {"FileOffset": 67228, "Value": 0, "Offset": 12}, "Structure": "IMAGE_RESOURCE_DIRECTORY"}, {"Structure": "IMAGE_RESOURCE_DIRECTORY_ENTRY", "Id": 1, "OffsetToData": {"FileOffset": 67236, "Value": 2147483960, "Offset": 4}, "Name": {"FileOffset": 67232, "Value": 1, "Offset": 0}}, [{"MajorVersion": {"FileOffset": 67392, "Value": 4, "Offset": 8}, "NumberOfIdEntries": {"FileOffset": 67398, "Value": 1, "Offset": 14}, "MinorVersion": {"FileOffset": 67394, "Value": 0, "Offset": 10}, "TimeDateStamp": {"FileOffset": 67388, "Value": "0x0        [Thu Jan  1 00:00:00 1970 UTC]", "Offset": 4}, "Characteristics": {"FileOffset": 67384, "Value": 0, "Offset": 0}, "NumberOfNamedEntries": {"FileOffset": 67396, "Value": 0, "Offset": 12}, "Structure": "IMAGE_RESOURCE_DIRECTORY"}, {"LANG": 9, "SUBLANG_NAME": "SUBLANG_ENGLISH_US", "Name": {"FileOffset": 67400, "Value": 1033, "Offset": 0}, "CodePage": {"FileOffset": 67520, "Value": 1252, "Offset": 8}, "LANG_NAME": "LANG_ENGLISH", "OffsetToData": {"FileOffset": 67512, "Value": 378324, "Offset": 0}, "Reserved": {"FileOffset": 67524, "Value": 0, "Offset": 12}, "SUBLANG": 1, "Structure": "IMAGE_RESOURCE_DATA_ENTRY", "Size": {"FileOffset": 67516, "Value": 832, "Offset": 4}}]], {"Structure": "IMAGE_RESOURCE_DIRECTORY_ENTRY", "Id": [24, "RT_MANIFEST"], "OffsetToData": {"FileOffset": 67124, "Value": 2147483816, "Offset": 4}, "Name": {"FileOffset": 67120, "Value": 24, "Offset": 0}}, [{"MajorVersion": {"FileOffset": 67248, "Value": 4, "Offset": 8}, "NumberOfIdEntries": {"FileOffset": 67254, "Value": 1, "Offset": 14}, "MinorVersion": {"FileOffset": 67250, "Value": 0, "Offset": 10}, "TimeDateStamp": {"FileOffset": 67244, "Value": "0x0        [Thu Jan  1 00:00:00 1970 UTC]", "Offset": 4}, "Characteristics": {"FileOffset": 67240, "Value": 0, "Offset": 0}, "NumberOfNamedEntries": {"FileOffset": 67252, "Value": 0, "Offset": 12}, "Structure": "IMAGE_RESOURCE_DIRECTORY"}, {"Structure": "IMAGE_RESOURCE_DIRECTORY_ENTRY", "Id": 1, "OffsetToData": {"FileOffset": 67260, "Value": 2147483984, "Offset": 4}, "Name": {"FileOffset": 67256, "Value": 1, "Offset": 0}}, [{"MajorVersion": {"FileOffset": 67416, "Value": 4, "Offset": 8}, "NumberOfIdEntries": {"FileOffset": 67422, "Value": 1, "Offset": 14}, "MinorVersion": {"FileOffset": 67418, "Value": 0, "Offset": 10}, "TimeDateStamp": {"FileOffset": 67412, "Value": "0x0        [Thu Jan  1 00:00:00 1970 UTC]", "Offset": 4}, "Characteristics": {"FileOffset": 67408, "Value": 0, "Offset": 0}, "NumberOfNamedEntries": {"FileOffset": 67420, "Value": 0, "Offset": 12}, "Structure": "IMAGE_RESOURCE_DIRECTORY"}, {"LANG": 9, "SUBLANG_NAME": "SUBLANG_ENGLISH_US", "Name": {"FileOffset": 67424, "Value": 1033, "Offset": 0}, "CodePage": {"FileOffset": 67536, "Value": 1252, "Offset": 8}, "LANG_NAME": "LANG_ENGLISH", "OffsetToData": {"FileOffset": 67528, "Value": 379156, "Offset": 0}, "Reserved": {"FileOffset": 67540, "Value": 0, "Offset": 12}, "SUBLANG": 1, "Structure": "IMAGE_RESOURCE_DATA_ENTRY", "Size": {"FileOffset": 67532, "Value": 346, "Offset": 4}}]]]}
