{"DllCharacteristics": ["IMAGE_DLLCHARACTERISTICS_TERMINAL_SERVER_AWARE", "IMAGE_DLLCHARACTERISTICS_DYNAMIC_BASE"], "FILE_HEADER": {"NumberOfSections": {"FileOffset": 230, "Value": 6, "Offset": 2}, "TimeDateStamp": {"FileOffset": 232, "Value": "0x4F591CFF [Thu Mar  8 20:56:31 2012 UTC]", "Offset": 4}, "PointerToSymbolTable": {"FileOffset": 236, "Value": 0, "Offset": 8}, "NumberOfSymbols": {"FileOffset": 240, "Value": 0, "Offset": 12}, "Machine": {"FileOffset": 228, "Value": 332, "Offset": 0}, "Characteristics": {"FileOffset": 246, "Value": 271, "Offset": 18}, "SizeOfOptionalHeader": {"FileOffset": 244, "Value": 224, "Offset": 16}, "Structure": "IMAGE_FILE_HEADER"}, "Parsing Warnings": ["Suspicious flags set for section 0. Both IMAGE_SCN_MEM_WRITE and IMAGE_SCN_MEM_EXECUTE are set. This might indicate a packed executable.", "Suspicious flags set for section 3. Both IMAGE_SCN_MEM_WRITE and IMAGE_SCN_MEM_EXECUTE are set. This might indicate a packed executable.", "Suspicious flags set for section 4. Both IMAGE_SCN_MEM_WRITE and IMAGE_SCN_MEM_EXECUTE are set. This might indicate a packed executable.", "Suspicious flags set for section 5. Both IMAGE_SCN_MEM_WRITE and IMAGE_SCN_MEM_EXECUTE are set. This might indicate a packed executable."], "Directories": [{"VirtualAddress": {"FileOffset": 344, "Value": 0, "Offset": 0}, "Structure": "IMAGE_DIRECTORY_ENTRY_EXPORT", "Size": {"FileOffset": 348, "Value": 0, "Offset": 4}}, {"VirtualAddress": {"FileOffset": 352, "Value": 221293, "Offset": 0}, "Structure": "IMAGE_DIRECTORY_ENTRY_IMPORT", "Size": {"FileOffset": 356, "Value": 149, "Offset": 4}}, {"VirtualAddress": {"FileOffset": 360, "Value": 163840, "Offset": 0}, "Structure": "IMAGE_DIRECTORY_ENTRY_RESOURCE", "Size": {"FileOffset": 364, "Value": 54896, "Offset": 4}}, {"VirtualAddress": {"FileOffset": 368, "Value": 0, "Offset": 0}, "Structure": "IMAGE_DIRECTORY_ENTRY_EXCEPTION", "Size": {"FileOffset": 372, "Value": 0, "Offset": 4}}, {"VirtualAddress": {"FileOffset": 376, "Value": 0, "Offset": 0}, "Structure": "IMAGE_DIRECTORY_ENTRY_SECURITY", "Size": {"FileOffset": 380, "Value": 0, "Offset": 4}}, {"VirtualAddress": {"FileOffset": 384, "Value": 0, "Offset": 0}, "Structure": "IMAGE_DIRECTORY_ENTRY_BASERELOC", "Size": {"FileOffset": 388, "Value": 0, "Offset": 4}}, {"VirtualAddress": {"FileOffset": 392, "Value": 0, "Offset": 0}, "Structure": "IMAGE_DIRECTORY_ENTRY_DEBUG", "Size": {"FileOffset": 396, "Value": 0, "Offset": 4}}, {"VirtualAddress": {"FileOffset": 400, "Value": 0, "Offset": 0}, "Structure": "IMAGE_DIRECTORY_ENTRY_COPYRIGHT", "Size": {"FileOffset": 404, "Value": 0, "Offset": 4}}, {"VirtualAddress": {"FileOffset": 408, "Value": 0, "Offset": 0}, "Structure": "IMAGE_DIRECTORY_ENTRY_GLOBALPTR", "Size": {"FileOffset": 412, "Value": 0, "Offset": 4}}, {"VirtualAddress": {"FileOffset": 416, "Value": 0, "Offset": 0}, "Structure": "IMAGE_DIRECTORY_ENTRY_TLS", "Size": {"FileOffset": 420, "Value": 0, "Offset": 4}}, {"VirtualAddress": {"FileOffset": 424, "Value": 0, "Offset": 0}, "Structure": "IMAGE_DIRECTORY_ENTRY_LOAD_CONFIG", "Size": {"FileOffset": 428, "Value": 0, "Offset": 4}}, {"VirtualAddress": {"FileOffset": 432, "Value": 0, "Offset": 0}, "Structure": "IMAGE_DIRECTORY_ENTRY_BOUND_IMPORT", "Size": {"FileOffset": 436, "Value": 0, "Offset": 4}}, {"VirtualAddress": {"FileOffset": 440, "Value": 0, "Offset": 0}, "Structure": "IMAGE_DIRECTORY_ENTRY_IAT", "Size": {"FileOffset": 444, "Value": 0, "Offset": 4}}, {"VirtualAddress": {"FileOffset": 448, "Value": 0, "Offset": 0}, "Structure": "IMAGE_DIRECTORY_ENTRY_DELAY_IMPORT", "Size": {"FileOffset": 452, "Value": 0, "Offset": 4}}, {"VirtualAddress": {"FileOffset": 456, "Value": 0, "Offset": 0}, "Structure": "IMAGE_DIRECTORY_ENTRY_COM_DESCRIPTOR", "Size": {"FileOffset": 460, "Value": 0, "Offset": 4}}, {"VirtualAddress": {"FileOffset": 464, "Value": 0, "Offset": 0}, "Structure": "IMAGE_DIRECTORY_ENTRY_RESERVED", "Size": {"FileOffset": 468, "Value": 0, "Offset": 4}}], "OPTIONAL_HEADER": {"DllCharacteristics": {"FileOffset": 318, "Value": 32832, "Offset": 70}, "BaseOfCode": {"FileOffset": 268, "Value": 4096, "Offset": 20}, "MajorLinkerVersion": {"FileOffset": 250, "Value": 10, "Offset": 2}, "MinorOperatingSystemVersion": {"FileOffset": 290, "Value": 1, "Offset": 42}, "MinorLinkerVersion": {"FileOffset": 251, "Value": 0, "Offset": 3}, "MajorSubsystemVersion": {"FileOffset": 296, "Value": 5, "Offset": 48}, "MajorOperatingSystemVersion": {"FileOffset": 288, "Value": 5, "Offset": 40}, "SizeOfStackCommit": {"FileOffset": 324, "Value": 4096, "Offset": 76}, "SizeOfUninitializedData": {"FileOffset": 260, "Value": 0, "Offset": 12}, "NumberOfRvaAndSizes": {"FileOffset": 340, "Value": 16, "Offset": 92}, "SizeOfHeapReserve": {"FileOffset": 328, "Value": 1048576, "Offset": 80}, "LoaderFlags": {"FileOffset": 336, "Value": 0, "Offset": 88}, "SizeOfHeapCommit": {"FileOffset": 332, "Value": 4096, "Offset": 84}, "SizeOfStackReserve": {"FileOffset": 320, "Value": 1048576, "Offset": 72}, "Structure": "IMAGE_OPTIONAL_HEADER", "SizeOfHeaders": {"FileOffset": 308, "Value": 1024, "Offset": 60}, "Subsystem": {"FileOffset": 316, "Value": 3, "Offset": 68}, "Magic": {"FileOffset": 248, "Value": 267, "Offset": 0}, "MinorImageVersion": {"FileOffset": 294, "Value": 0, "Offset": 46}, "MajorImageVersion": {"FileOffset": 292, "Value": 0, "Offset": 44}, "FileAlignment": {"FileOffset": 284, "Value": 512, "Offset": 36}, "BaseOfData": {"FileOffset": 272, "Value": 118784, "Offset": 24}, "AddressOfEntryPoint": {"FileOffset": 264, "Value": 2043904, "Offset": 16}, "SectionAlignment": {"FileOffset": 280, "Value": 4096, "Offset": 32}, "SizeOfCode": {"FileOffset": 252, "Value": 112128, "Offset": 4}, "ImageBase": {"FileOffset": 276, "Value": 4194304, "Offset": 28}, "SizeOfInitializedData": {"FileOffset": 256, "Value": 105472, "Offset": 8}, "SizeOfImage": {"FileOffset": 304, "Value": 2048000, "Offset": 56}, "MinorSubsystemVersion": {"FileOffset": 298, "Value": 1, "Offset": 50}, "CheckSum": {"FileOffset": 312, "Value": 928459, "Offset": 64}, "Reserved1": {"FileOffset": 300, "Value": 0, "Offset": 52}}, "DOS_HEADER": {"e_cblp": {"FileOffset": 2, "Value": 144, "Offset": 2}, "e_crlc": {"FileOffset": 6, "Value": 0, "Offset": 6}, "e_ovno": {"FileOffset": 26, "Value": 0, "Offset": 26}, "e_minalloc": {"FileOffset": 10, "Value": 0, "Offset": 10}, "e_csum": {"FileOffset": 18, "Value": 0, "Offset": 18}, "e_cparhdr": {"FileOffset": 8, "Value": 4, "Offset": 8}, "e_cp": {"FileOffset": 4, "Value": 3, "Offset": 4}, "e_cs": {"FileOffset": 22, "Value": 0, "Offset": 22}, "e_maxalloc": {"FileOffset": 12, "Value": 65535, "Offset": 12}, "e_lfarlc": {"FileOffset": 24, "Value": 64, "Offset": 24}, "e_oemid": {"FileOffset": 36, "Value": 0, "Offset": 36}, "e_lfanew": {"FileOffset": 60, "Value": 224, "Offset": 60}, "e_ss": {"FileOffset": 14, "Value": 0, "Offset": 14}, "e_magic": {"FileOffset": 0, "Value": 23117, "Offset": 0}, "e_oeminfo": {"FileOffset": 38, "Value": 0, "Offset": 38}, "e_res2": {"FileOffset": 40, "Value": "", "Offset": 40}, "e_res": {"FileOffset": 28, "Value": "", "Offset": 28}, "e_sp": {"FileOffset": 16, "Value": 184, "Offset": 16}, "Structure": "IMAGE_DOS_HEADER", "e_ip": {"FileOffset": 20, "Value": 0, "Offset": 20}}, "NT_HEADERS": {"Structure": "IMAGE_NT_HEADERS", "Signature": {"FileOffset": 224, "Value": 17744, "Offset": 0}}, "Flags": ["IMAGE_FILE_LOCAL_SYMS_STRIPPED", "IMAGE_FILE_32BIT_MACHINE", "IMAGE_FILE_EXECUTABLE_IMAGE", "IMAGE_FILE_LINE_NUMS_STRIPPED", "IMAGE_FILE_RELOCS_STRIPPED"], "Imported symbols": [[{"TimeDateStamp": {"FileOffset": 96369, "Value": "0x0        [Thu Jan  1 00:00:00 1970 UTC]", "Offset": 4}, "Name": {"FileOffset": 96377, "Value": 221267, "Offset": 12}, "ForwarderChain": {"FileOffset": 96373, "Value": 0, "Offset": 8}, "OriginalFirstThunk": {"FileOffset": 96365, "Value": 221251, "Offset": 0}, "FirstThunk": {"FileOffset": 96381, "Value": 221235, "Offset": 16}, "Characteristics": {"FileOffset": 96365, "Value": 221251, "Offset": 0}, "Structure": "IMAGE_IMPORT_DESCRIPTOR"}, {"Hint": 0, "Name": "lstrcpy", "DLL": "kernel32.dll"}], [{"TimeDateStamp": {"FileOffset": 96389, "Value": "0x0        [Thu Jan  1 00:00:00 1970 UTC]", "Offset": 4}, "Name": {"FileOffset": 96397, "Value": 221280, "Offset": 12}, "ForwarderChain": {"FileOffset": 96393, "Value": 0, "Offset": 8}, "OriginalFirstThunk": {"FileOffset": 96385, "Value": 221259, "Offset": 0}, "FirstThunk": {"FileOffset": 96401, "Value": 221243, "Offset": 16}, "Characteristics": {"FileOffset": 96385, "Value": 221259, "Offset": 0}, "Structure": "IMAGE_IMPORT_DESCRIPTOR"}, {"Hint": 0, "Name": "InitCommonControls", "DLL": "comctl32.dll"}]], "PE Sections": [{"PointerToRawData": {"FileOffset": 492, "Value": 4096, "Offset": 20}, "SHA1": "876a488f3ca271c3ca50421570b2eb62c69942c4", "SHA256": "03a2f2f91d7cd0515b332b9e2ba242dd85d4cc8d20d295e0b8892b8ace2ca3a5", "Name": {"FileOffset": 472, "Value": "       ", "Offset": 0}, "NumberOfRelocations": {"FileOffset": 504, "Value": 0, "Offset": 32}, "Misc_VirtualSize": {"FileOffset": 480, "Value": 159744, "Offset": 8}, "Characteristics": {"FileOffset": 508, "Value": 3758096448, "Offset": 36}, "Misc": {"FileOffset": 480, "Value": 159744, "Offset": 8}, "PointerToLinenumbers": {"FileOffset": 500, "Value": 0, "Offset": 28}, "SizeOfRawData": {"FileOffset": 488, "Value": 65536, "Offset": 16}, "Misc_PhysicalAddress": {"FileOffset": 480, "Value": 159744, "Offset": 8}, "PointerToRelocations": {"FileOffset": 496, "Value": 0, "Offset": 24}, "Flags": ["IMAGE_SCN_MEM_EXECUTE", "IMAGE_SCN_CNT_INITIALIZED_DATA", "IMAGE_SCN_MEM_WRITE", "IMAGE_SCN_MEM_READ"], "SHA512": "ffbe3d4256aa607ca407c22d6b278297de077fee5171eef70b2d4f90a0a4f9c9d7973a012f285dddd8dbf6973dbcb14403b18f810fcd9eb4c6f35ef0e15f004e", "MD5": "45da6f1f367857ca2c03bcc62b9694a3", "Entropy": 7.979131115530132, "VirtualAddress": {"FileOffset": 484, "Value": 4096, "Offset": 12}, "Structure": "IMAGE_SECTION_HEADER", "NumberOfLinenumbers": {"FileOffset": 506, "Value": 0, "Offset": 34}}, {"PointerToRawData": {"FileOffset": 532, "Value": 69632, "Offset": 20}, "SHA1": "ceee49dcf2e28a26de34e646f3d9e20bcc5907c8", "SHA256": "1a15243e6fd5143f5d0605922233d1517e321ca60e45c7732b91084a1c5e85fa", "Name": {"FileOffset": 512, "Value": ".rsrc", "Offset": 0}, "NumberOfRelocations": {"FileOffset": 544, "Value": 0, "Offset": 32}, "Misc_VirtualSize": {"FileOffset": 520, "Value": 54896, "Offset": 8}, "Characteristics": {"FileOffset": 548, "Value": 3221225536, "Offset": 36}, "Misc": {"FileOffset": 520, "Value": 54896, "Offset": 8}, "PointerToLinenumbers": {"FileOffset": 540, "Value": 0, "Offset": 28}, "SizeOfRawData": {"FileOffset": 528, "Value": 26624, "Offset": 16}, "Misc_PhysicalAddress": {"FileOffset": 520, "Value": 54896, "Offset": 8}, "PointerToRelocations": {"FileOffset": 536, "Value": 0, "Offset": 24}, "Flags": ["IMAGE_SCN_CNT_INITIALIZED_DATA", "IMAGE_SCN_MEM_WRITE", "IMAGE_SCN_MEM_READ"], "SHA512": "898e6927ab5c2c20eed53c5cb42b5e6772b3c8894b1ab7ab25878d21e38454f25a34475cde1b8c2bf27b0e2785af0be8f4d6467c999d58868b52eed34a801cf9", "MD5": "853c925378eadac5bd60106c4b9eaf99", "Entropy": 7.9854035065072715, "VirtualAddress": {"FileOffset": 524, "Value": 163840, "Offset": 12}, "Structure": "IMAGE_SECTION_HEADER", "NumberOfLinenumbers": {"FileOffset": 546, "Value": 0, "Offset": 34}}, {"PointerToRawData": {"FileOffset": 572, "Value": 96256, "Offset": 20}, "SHA1": "9ecf8f1419724e771512837c9358ea521b48f8ef", "SHA256": "44f5775ce40ef34931a245ed97daa9cd05b0eb7f6714832e93afbc620227f6cd", "Name": {"FileOffset": 552, "Value": ".idata  ", "Offset": 0}, "NumberOfRelocations": {"FileOffset": 584, "Value": 0, "Offset": 32}, "Misc_VirtualSize": {"FileOffset": 560, "Value": 4096, "Offset": 8}, "Characteristics": {"FileOffset": 588, "Value": 3221225536, "Offset": 36}, "Misc": {"FileOffset": 560, "Value": 4096, "Offset": 8}, "PointerToLinenumbers": {"FileOffset": 580, "Value": 0, "Offset": 28}, "SizeOfRawData": {"FileOffset": 568, "Value": 512, "Offset": 16}, "Misc_PhysicalAddress": {"FileOffset": 560, "Value": 4096, "Offset": 8}, "PointerToRelocations": {"FileOffset": 576, "Value": 0, "Offset": 24}, "Flags": ["IMAGE_SCN_CNT_INITIALIZED_DATA", "IMAGE_SCN_MEM_WRITE", "IMAGE_SCN_MEM_READ"], "SHA512": "0d5c41f7dda69f8a24ce5915037cf804efcac4e5864402576b843d438e239938c9c9f9a213f98ef71779dae08822268790fdf0ad3d36209ca332ec5c1ca5dd85", "MD5": "bdff23c00faf8810b25cb7aa38283f36", "Entropy": 1.2793598462581839, "VirtualAddress": {"FileOffset": 564, "Value": 221184, "Offset": 12}, "Structure": "IMAGE_SECTION_HEADER", "NumberOfLinenumbers": {"FileOffset": 586, "Value": 0, "Offset": 34}}, {"PointerToRawData": {"FileOffset": 612, "Value": 96768, "Offset": 20}, "SHA1": "2411c9a948caedc35d9d5b6397d117448c434269", "SHA256": "a1407d3729df2285b3054e44e994b97268c294ded6669deb8e044e76b9602c3a", "Name": {"FileOffset": 592, "Value": "        ", "Offset": 0}, "NumberOfRelocations": {"FileOffset": 624, "Value": 0, "Offset": 32}, "Misc_VirtualSize": {"FileOffset": 600, "Value": 1007616, "Offset": 8}, "Characteristics": {"FileOffset": 628, "Value": 3758096448, "Offset": 36}, "Misc": {"FileOffset": 600, "Value": 1007616, "Offset": 8}, "PointerToLinenumbers": {"FileOffset": 620, "Value": 0, "Offset": 28}, "SizeOfRawData": {"FileOffset": 608, "Value": 512, "Offset": 16}, "Misc_PhysicalAddress": {"FileOffset": 600, "Value": 1007616, "Offset": 8}, "PointerToRelocations": {"FileOffset": 616, "Value": 0, "Offset": 24}, "Flags": ["IMAGE_SCN_MEM_EXECUTE", "IMAGE_SCN_CNT_INITIALIZED_DATA", "IMAGE_SCN_MEM_WRITE", "IMAGE_SCN_MEM_READ"], "SHA512": "b0a11107d56993068cdacca8e7aa4ac25cac74e2c4d6746dfec517cd403c804bfddb1ebbe4c87e52a645e2493d1fd7f0105f4d1b2bed62fd711627a0e194526f", "MD5": "c495ad0dde0ecee5aa0b983920cd1cbe", "Entropy": 0.26077127604825584, "VirtualAddress": {"FileOffset": 604, "Value": 225280, "Offset": 12}, "Structure": "IMAGE_SECTION_HEADER", "NumberOfLinenumbers": {"FileOffset": 626, "Value": 0, "Offset": 34}}, {"PointerToRawData": {"FileOffset": 652, "Value": 97280, "Offset": 20}, "SHA1": "a902576c1dbabbf882e07c2e8b122837859feb19", "SHA256": "1e5f0fed7969c691f43267488c5cf0e7e1bdd14659a65617be576ae183c8c4e0", "Name": {"FileOffset": 632, "Value": "tdnqmyhv", "Offset": 0}, "NumberOfRelocations": {"FileOffset": 664, "Value": 0, "Offset": 32}, "Misc_VirtualSize": {"FileOffset": 640, "Value": 811008, "Offset": 8}, "Characteristics": {"FileOffset": 668, "Value": 3758096448, "Offset": 36}, "Misc": {"FileOffset": 640, "Value": 811008, "Offset": 8}, "PointerToLinenumbers": {"FileOffset": 660, "Value": 0, "Offset": 28}, "SizeOfRawData": {"FileOffset": 648, "Value": 807936, "Offset": 16}, "Misc_PhysicalAddress": {"FileOffset": 640, "Value": 811008, "Offset": 8}, "PointerToRelocations": {"FileOffset": 656, "Value": 0, "Offset": 24}, "Flags": ["IMAGE_SCN_MEM_EXECUTE", "IMAGE_SCN_CNT_INITIALIZED_DATA", "IMAGE_SCN_MEM_WRITE", "IMAGE_SCN_MEM_READ"], "SHA512": "b5afee6caaf01edd4cf22922735f444b93003abd3923015fe7612265e4574f35f7b3c9fffe6160b3b985e480c70d7f1e1e047e23ba70136840afb57f5b4e3f2f", "MD5": "9a0319534ad5926840f921830b3d12e3", "Entropy": 7.910418125113684, "VirtualAddress": {"FileOffset": 644, "Value": 1232896, "Offset": 12}, "Structure": "IMAGE_SECTION_HEADER", "NumberOfLinenumbers": {"FileOffset": 666, "Value": 0, "Offset": 34}}, {"PointerToRawData": {"FileOffset": 692, "Value": 905216, "Offset": 20}, "SHA1": "338add8ad8ae7fa6d5d5accfe5d191bd76c26ef9", "SHA256": "eead4c022f942a0eb7d8ca92336946da3fcd3e1e8e8cfea4402f9198bb321cbd", "Name": {"FileOffset": 672, "Value": "nsdbzljh", "Offset": 0}, "NumberOfRelocations": {"FileOffset": 704, "Value": 0, "Offset": 32}, "Misc_VirtualSize": {"FileOffset": 680, "Value": 4096, "Offset": 8}, "Characteristics": {"FileOffset": 708, "Value": 3758096448, "Offset": 36}, "Misc": {"FileOffset": 680, "Value": 4096, "Offset": 8}, "PointerToLinenumbers": {"FileOffset": 700, "Value": 0, "Offset": 28}, "SizeOfRawData": {"FileOffset": 688, "Value": 512, "Offset": 16}, "Misc_PhysicalAddress": {"FileOffset": 680, "Value": 4096, "Offset": 8}, "PointerToRelocations": {"FileOffset": 696, "Value": 0, "Offset": 24}, "Flags": ["IMAGE_SCN_MEM_EXECUTE", "IMAGE_SCN_CNT_INITIALIZED_DATA", "IMAGE_SCN_MEM_WRITE", "IMAGE_SCN_MEM_READ"], "SHA512": "8521d3bbe53be29fd4a6d4f08d79d067b1fb595e6a2f271f747d65c166a51ff9ebfd5693c690d500b58e3d8e06961c4ad855fe916f2327404a20703247cd4d99", "MD5": "4c4c1a5e0ea5635eb45d3b89f474ff5f", "Entropy": 3.710382281011874, "VirtualAddress": {"FileOffset": 684, "Value": 2043904, "Offset": 12}, "Structure": "IMAGE_SECTION_HEADER", "NumberOfLinenumbers": {"FileOffset": 706, "Value": 0, "Offset": 34}}], "Resource directory": [{"MajorVersion": {"FileOffset": 69640, "Value": 0, "Offset": 8}, "NumberOfIdEntries": {"FileOffset": 69646, "Value": 0, "Offset": 14}, "MinorVersion": {"FileOffset": 69642, "Value": 0, "Offset": 10}, "TimeDateStamp": {"FileOffset": 69636, "Value": "0x0        [Thu Jan  1 00:00:00 1970 UTC]", "Offset": 4}, "Characteristics": {"FileOffset": 69632, "Value": 0, "Offset": 0}, "NumberOfNamedEntries": {"FileOffset": 69644, "Value": 1, "Offset": 12}, "Structure": "IMAGE_RESOURCE_DIRECTORY"}, {"Name": {"FileOffset": 69648, "Value": 2147483736, "Offset": 0}, "OffsetToData": {"FileOffset": 69652, "Value": 2147483672, "Offset": 4}, "Structure": "IMAGE_RESOURCE_DIRECTORY_ENTRY"}, [{"MajorVersion": {"FileOffset": 69664, "Value": 0, "Offset": 8}, "NumberOfIdEntries": {"FileOffset": 69670, "Value": 1, "Offset": 14}, "MinorVersion": {"FileOffset": 69666, "Value": 0, "Offset": 10}, "TimeDateStamp": {"FileOffset": 69660, "Value": "0x0        [Thu Jan  1 00:00:00 1970 UTC]", "Offset": 4}, "Characteristics": {"FileOffset": 69656, "Value": 0, "Offset": 0}, "NumberOfNamedEntries": {"FileOffset": 69668, "Value": 0, "Offset": 12}, "Structure": "IMAGE_RESOURCE_DIRECTORY"}, {"Structure": "IMAGE_RESOURCE_DIRECTORY_ENTRY", "Id": 35466, "OffsetToData": {"FileOffset": 69676, "Value": 2147483696, "Offset": 4}, "Name": {"FileOffset": 69672, "Value": 35466, "Offset": 0}}, [{"MajorVersion": {"FileOffset": 69688, "Value": 0, "Offset": 8}, "NumberOfIdEntries": {"FileOffset": 69694, "Value": 1, "Offset": 14}, "MinorVersion": {"FileOffset": 69690, "Value": 0, "Offset": 10}, "TimeDateStamp": {"FileOffset": 69684, "Value": "0x0        [Thu Jan  1 00:00:00 1970 UTC]", "Offset": 4}, "Characteristics": {"FileOffset": 69680, "Value": 0, "Offset": 0}, "NumberOfNamedEntries": {"FileOffset": 69692, "Value": 0, "Offset": 12}, "Structure": "IMAGE_RESOURCE_DIRECTORY"}, {"LANG": 9, "SUBLANG_NAME": "SUBLANG_ENGLISH_US", "Name": {"FileOffset": 69696, "Value": 1033, "Offset": 0}, "CodePage": {"FileOffset": 69712, "Value": 0, "Offset": 8}, "LANG_NAME": "LANG_ENGLISH", "OffsetToData": {"FileOffset": 69704, "Value": 163952, "Offset": 0}, "Reserved": {"FileOffset": 69716, "Value": 0, "Offset": 12}, "SUBLANG": 1, "Structure": "IMAGE_RESOURCE_DATA_ENTRY", "Size": {"FileOffset": 69708, "Value": 54784, "Offset": 4}}]]]}
