{"DllCharacteristics": ["IMAGE_DLLCHARACTERISTICS_NO_SEH", "IMAGE_DLLCHARACTERISTICS_TERMINAL_SERVER_AWARE", "IMAGE_DLLCHARACTERISTICS_DYNAMIC_BASE", "IMAGE_DLLCHARACTERISTICS_NX_COMPAT"], "FILE_HEADER": {"NumberOfSections": {"FileOffset": 134, "Value": 3, "Offset": 2}, "TimeDateStamp": {"FileOffset": 136, "Value": "0x541A09B7 [Wed Sep 17 22:22:47 2014 UTC]", "Offset": 4}, "PointerToSymbolTable": {"FileOffset": 140, "Value": 0, "Offset": 8}, "NumberOfSymbols": {"FileOffset": 144, "Value": 0, "Offset": 12}, "Machine": {"FileOffset": 132, "Value": 332, "Offset": 0}, "Characteristics": {"FileOffset": 150, "Value": 258, "Offset": 18}, "SizeOfOptionalHeader": {"FileOffset": 148, "Value": 224, "Offset": 16}, "Structure": "IMAGE_FILE_HEADER"}, "Directories": [{"VirtualAddress": {"FileOffset": 248, "Value": 0, "Offset": 0}, "Structure": "IMAGE_DIRECTORY_ENTRY_EXPORT", "Size": {"FileOffset": 252, "Value": 0, "Offset": 4}}, {"VirtualAddress": {"FileOffset": 256, "Value": 103116, "Offset": 0}, "Structure": "IMAGE_DIRECTORY_ENTRY_IMPORT", "Size": {"FileOffset": 260, "Value": 79, "Offset": 4}}, {"VirtualAddress": {"FileOffset": 264, "Value": 106496, "Offset": 0}, "Structure": "IMAGE_DIRECTORY_ENTRY_RESOURCE", "Size": {"FileOffset": 268, "Value": 1448, "Offset": 4}}, {"VirtualAddress": {"FileOffset": 272, "Value": 0, "Offset": 0}, "Structure": "IMAGE_DIRECTORY_ENTRY_EXCEPTION", "Size": {"FileOffset": 276, "Value": 0, "Offset": 4}}, {"VirtualAddress": {"FileOffset": 280, "Value": 0, "Offset": 0}, "Structure": "IMAGE_DIRECTORY_ENTRY_SECURITY", "Size": {"FileOffset": 284, "Value": 0, "Offset": 4}}, {"VirtualAddress": {"FileOffset": 288, "Value": 114688, "Offset": 0}, "Structure": "IMAGE_DIRECTORY_ENTRY_BASERELOC", "Size": {"FileOffset": 292, "Value": 12, "Offset": 4}}, {"VirtualAddress": {"FileOffset": 296, "Value": 102804, "Offset": 0}, "Structure": "IMAGE_DIRECTORY_ENTRY_DEBUG", "Size": {"FileOffset": 300, "Value": 28, "Offset": 4}}, {"VirtualAddress": {"FileOffset": 304, "Value": 0, "Offset": 0}, "Structure": "IMAGE_DIRECTORY_ENTRY_COPYRIGHT", "Size": {"FileOffset": 308, "Value": 0, "Offset": 4}}, {"VirtualAddress": {"FileOffset": 312, "Value": 0, "Offset": 0}, "Structure": "IMAGE_DIRECTORY_ENTRY_GLOBALPTR", "Size": {"FileOffset": 316, "Value": 0, "Offset": 4}}, {"VirtualAddress": {"FileOffset": 320, "Value": 0, "Offset": 0}, "Structure": "IMAGE_DIRECTORY_ENTRY_TLS", "Size": {"FileOffset": 324, "Value": 0, "Offset": 4}}, {"VirtualAddress": {"FileOffset": 328, "Value": 0, "Offset": 0}, "Structure": "IMAGE_DIRECTORY_ENTRY_LOAD_CONFIG", "Size": {"FileOffset": 332, "Value": 0, "Offset": 4}}, {"VirtualAddress": {"FileOffset": 336, "Value": 0, "Offset": 0}, "Structure": "IMAGE_DIRECTORY_ENTRY_BOUND_IMPORT", "Size": {"FileOffset": 340, "Value": 0, "Offset": 4}}, {"VirtualAddress": {"FileOffset": 344, "Value": 8192, "Offset": 0}, "Structure": "IMAGE_DIRECTORY_ENTRY_IAT", "Size": {"FileOffset": 348, "Value": 8, "Offset": 4}}, {"VirtualAddress": {"FileOffset": 352, "Value": 0, "Offset": 0}, "Structure": "IMAGE_DIRECTORY_ENTRY_DELAY_IMPORT", "Size": {"FileOffset": 356, "Value": 0, "Offset": 4}}, {"VirtualAddress": {"FileOffset": 360, "Value": 8200, "Offset": 0}, "Structure": "IMAGE_DIRECTORY_ENTRY_COM_DESCRIPTOR", "Size": {"FileOffset": 364, "Value": 72, "Offset": 4}}, {"VirtualAddress": {"FileOffset": 368, "Value": 0, "Offset": 0}, "Structure": "IMAGE_DIRECTORY_ENTRY_RESERVED", "Size": {"FileOffset": 372, "Value": 0, "Offset": 4}}], "OPTIONAL_HEADER": {"DllCharacteristics": {"FileOffset": 222, "Value": 34112, "Offset": 70}, "BaseOfCode": {"FileOffset": 172, "Value": 8192, "Offset": 20}, "MajorLinkerVersion": {"FileOffset": 154, "Value": 11, "Offset": 2}, "MinorOperatingSystemVersion": {"FileOffset": 194, "Value": 0, "Offset": 42}, "MinorLinkerVersion": {"FileOffset": 155, "Value": 0, "Offset": 3}, "MajorSubsystemVersion": {"FileOffset": 200, "Value": 4, "Offset": 48}, "MajorOperatingSystemVersion": {"FileOffset": 192, "Value": 4, "Offset": 40}, "SizeOfStackCommit": {"FileOffset": 228, "Value": 4096, "Offset": 76}, "SizeOfUninitializedData": {"FileOffset": 164, "Value": 0, "Offset": 12}, "NumberOfRvaAndSizes": {"FileOffset": 244, "Value": 16, "Offset": 92}, "SizeOfHeapReserve": {"FileOffset": 232, "Value": 1048576, "Offset": 80}, "LoaderFlags": {"FileOffset": 240, "Value": 0, "Offset": 88}, "SizeOfHeapCommit": {"FileOffset": 236, "Value": 4096, "Offset": 84}, "SizeOfStackReserve": {"FileOffset": 224, "Value": 1048576, "Offset": 72}, "Structure": "IMAGE_OPTIONAL_HEADER", "SizeOfHeaders": {"FileOffset": 212, "Value": 512, "Offset": 60}, "Subsystem": {"FileOffset": 220, "Value": 2, "Offset": 68}, "Magic": {"FileOffset": 152, "Value": 267, "Offset": 0}, "MinorImageVersion": {"FileOffset": 198, "Value": 0, "Offset": 46}, "MajorImageVersion": {"FileOffset": 196, "Value": 0, "Offset": 44}, "FileAlignment": {"FileOffset": 188, "Value": 512, "Offset": 36}, "BaseOfData": {"FileOffset": 176, "Value": 106496, "Offset": 24}, "AddressOfEntryPoint": {"FileOffset": 168, "Value": 103198, "Offset": 16}, "SectionAlignment": {"FileOffset": 184, "Value": 8192, "Offset": 32}, "SizeOfCode": {"FileOffset": 156, "Value": 95232, "Offset": 4}, "ImageBase": {"FileOffset": 180, "Value": 4194304, "Offset": 28}, "SizeOfInitializedData": {"FileOffset": 160, "Value": 2048, "Offset": 8}, "SizeOfImage": {"FileOffset": 208, "Value": 122880, "Offset": 56}, "MinorSubsystemVersion": {"FileOffset": 202, "Value": 0, "Offset": 50}, "CheckSum": {"FileOffset": 216, "Value": 0, "Offset": 64}, "Reserved1": {"FileOffset": 204, "Value": 0, "Offset": 52}}, "DOS_HEADER": {"e_cblp": {"FileOffset": 2, "Value": 144, "Offset": 2}, "e_crlc": {"FileOffset": 6, "Value": 0, "Offset": 6}, "e_ovno": {"FileOffset": 26, "Value": 0, "Offset": 26}, "e_minalloc": {"FileOffset": 10, "Value": 0, "Offset": 10}, "e_csum": {"FileOffset": 18, "Value": 0, "Offset": 18}, "e_cparhdr": {"FileOffset": 8, "Value": 4, "Offset": 8}, "e_cp": {"FileOffset": 4, "Value": 3, "Offset": 4}, "e_cs": {"FileOffset": 22, "Value": 0, "Offset": 22}, "e_maxalloc": {"FileOffset": 12, "Value": 65535, "Offset": 12}, "e_lfarlc": {"FileOffset": 24, "Value": 64, "Offset": 24}, "e_oemid": {"FileOffset": 36, "Value": 0, "Offset": 36}, "e_lfanew": {"FileOffset": 60, "Value": 128, "Offset": 60}, "e_ss": {"FileOffset": 14, "Value": 0, "Offset": 14}, "e_magic": {"FileOffset": 0, "Value": 23117, "Offset": 0}, "e_oeminfo": {"FileOffset": 38, "Value": 0, "Offset": 38}, "e_res2": {"FileOffset": 40, "Value": "", "Offset": 40}, "e_res": {"FileOffset": 28, "Value": "", "Offset": 28}, "e_sp": {"FileOffset": 16, "Value": 184, "Offset": 16}, "Structure": "IMAGE_DOS_HEADER", "e_ip": {"FileOffset": 20, "Value": 0, "Offset": 20}}, "Base relocations": [[{"SizeOfBlock": {"FileOffset": 97284, "Value": 12, "Offset": 4}, "VirtualAddress": {"FileOffset": 97280, "Value": 102400, "Offset": 0}, "Structure": "IMAGE_BASE_RELOCATION"}, {"RVA": 103200, "Type": "HIGHLOW"}, {"RVA": 102400, "Type": "ABSOLUTE"}]], "NT_HEADERS": {"Structure": "IMAGE_NT_HEADERS", "Signature": {"FileOffset": 128, "Value": 17744, "Offset": 0}}, "Flags": ["IMAGE_FILE_32BIT_MACHINE", "IMAGE_FILE_EXECUTABLE_IMAGE"], "Version Information": [{"ValueLength": {"FileOffset": 95906, "Value": 52, "Offset": 2}, "Length": {"FileOffset": 95904, "Value": 788, "Offset": 0}, "Type": {"FileOffset": 95908, "Value": 0, "Offset": 4}, "Structure": "VS_VERSIONINFO"}, {"FileFlagsMask": {"FileOffset": 95968, "Value": 63, "Offset": 24}, "FileType": {"FileOffset": 95980, "Value": 1, "Offset": 36}, "FileVersionMS": {"FileOffset": 95952, "Value": 65536, "Offset": 8}, "FileVersionLS": {"FileOffset": 95956, "Value": 0, "Offset": 12}, "Signature": {"FileOffset": 95944, "Value": 4277077181, "Offset": 0}, "FileSubtype": {"FileOffset": 95984, "Value": 0, "Offset": 40}, "FileFlags": {"FileOffset": 95972, "Value": 0, "Offset": 28}, "FileDateLS": {"FileOffset": 95992, "Value": 0, "Offset": 48}, "ProductVersionLS": {"FileOffset": 95964, "Value": 0, "Offset": 20}, "FileOS": {"FileOffset": 95976, "Value": 4, "Offset": 32}, "ProductVersionMS": {"FileOffset": 95960, "Value": 65536, "Offset": 16}, "FileDateMS": {"FileOffset": 95988, "Value": 0, "Offset": 44}, "Structure": "VS_FIXEDFILEINFO", "StrucVersion": {"FileOffset": 95948, "Value": 65536, "Offset": 4}}], "Debug information": [{"MajorVersion": {"FileOffset": 95132, "Value": 0, "Offset": 8}, "PointerToRawData": {"FileOffset": 95148, "Value": 95152, "Offset": 24}, "MinorVersion": {"FileOffset": 95134, "Value": 0, "Offset": 10}, "TimeDateStamp": {"FileOffset": 95128, "Value": "0x541A09B7 [Wed Sep 17 22:22:47 2014 UTC]", "Offset": 4}, "Characteristics": {"FileOffset": 95124, "Value": 0, "Offset": 0}, "Structure": "IMAGE_DEBUG_DIRECTORY", "Type": "IMAGE_DEBUG_TYPE_CODEVIEW", "SizeOfData": {"FileOffset": 95140, "Value": 284, "Offset": 16}, "AddressOfRawData": {"FileOffset": 95144, "Value": 102832, "Offset": 20}}], "Imported symbols": [[{"TimeDateStamp": {"FileOffset": 95440, "Value": "0x0        [Thu Jan  1 00:00:00 1970 UTC]", "Offset": 4}, "Name": {"FileOffset": 95448, "Value": 103182, "Offset": 12}, "ForwarderChain": {"FileOffset": 95444, "Value": 0, "Offset": 8}, "OriginalFirstThunk": {"FileOffset": 95436, "Value": 103156, "Offset": 0}, "FirstThunk": {"FileOffset": 95452, "Value": 8192, "Offset": 16}, "Characteristics": {"FileOffset": 95436, "Value": 103156, "Offset": 0}, "Structure": "IMAGE_IMPORT_DESCRIPTOR"}, {"Hint": 0, "Name": "_CorExeMain", "DLL": "mscoree.dll"}]], "PE Sections": [{"PointerToRawData": {"FileOffset": 396, "Value": 512, "Offset": 20}, "SHA1": "e7ccff0626be811b0518920e24f514224351efdc", "SHA256": "65276778e5a5f1eabba2472d7b7678e60e3d139dc68dd0f7c22f93d95ef40506", "Name": {"FileOffset": 376, "Value": ".text", "Offset": 0}, "NumberOfRelocations": {"FileOffset": 408, "Value": 0, "Offset": 32}, "Misc_VirtualSize": {"FileOffset": 384, "Value": 95012, "Offset": 8}, "Characteristics": {"FileOffset": 412, "Value": 1610612768, "Offset": 36}, "Misc": {"FileOffset": 384, "Value": 95012, "Offset": 8}, "PointerToLinenumbers": {"FileOffset": 404, "Value": 0, "Offset": 28}, "SizeOfRawData": {"FileOffset": 392, "Value": 95232, "Offset": 16}, "Misc_PhysicalAddress": {"FileOffset": 384, "Value": 95012, "Offset": 8}, "PointerToRelocations": {"FileOffset": 400, "Value": 0, "Offset": 24}, "Flags": ["IMAGE_SCN_MEM_EXECUTE", "IMAGE_SCN_CNT_CODE", "IMAGE_SCN_MEM_READ"], "SHA512": "9aae60c1bf43671615ad73b16104c88b0d192d046ee945af7de340765c00e7fb92d3f8c811f3d629d8352db06af3aecb3362a3a172b9c97b05b427c307eb826a", "MD5": "31866e1978ffa323902feecd6e7b4c94", "Entropy": 6.740403413478602, "VirtualAddress": {"FileOffset": 388, "Value": 8192, "Offset": 12}, "Structure": "IMAGE_SECTION_HEADER", "NumberOfLinenumbers": {"FileOffset": 410, "Value": 0, "Offset": 34}}, {"PointerToRawData": {"FileOffset": 436, "Value": 95744, "Offset": 20}, "SHA1": "e6e72ac70cf9f4c4d737eb92485ae94c2e63fddb", "SHA256": "3832da72bf59450260ffce46b7b1ec45481aea5b144b5721efaeb28dc1f386d3", "Name": {"FileOffset": 416, "Value": ".rsrc", "Offset": 0}, "NumberOfRelocations": {"FileOffset": 448, "Value": 0, "Offset": 32}, "Misc_VirtualSize": {"FileOffset": 424, "Value": 1448, "Offset": 8}, "Characteristics": {"FileOffset": 452, "Value": 1073741888, "Offset": 36}, "Misc": {"FileOffset": 424, "Value": 1448, "Offset": 8}, "PointerToLinenumbers": {"FileOffset": 444, "Value": 0, "Offset": 28}, "SizeOfRawData": {"FileOffset": 432, "Value": 1536, "Offset": 16}, "Misc_PhysicalAddress": {"FileOffset": 424, "Value": 1448, "Offset": 8}, "PointerToRelocations": {"FileOffset": 440, "Value": 0, "Offset": 24}, "Flags": ["IMAGE_SCN_CNT_INITIALIZED_DATA", "IMAGE_SCN_MEM_READ"], "SHA512": "c497131ef3d456d460bb69495e02a25264f745933e29493d235f8952071b25bbfa535d1e41a460d4595ccb9e1b096121e9c558d3a9106605125e9f8c65672e8a", "MD5": "afaad5159c7f4ed0e0031f1fa2470d57", "Entropy": 4.054624537657391, "VirtualAddress": {"FileOffset": 428, "Value": 106496, "Offset": 12}, "Structure": "IMAGE_SECTION_HEADER", "NumberOfLinenumbers": {"FileOffset": 450, "Value": 0, "Offset": 34}}, {"PointerToRawData": {"FileOffset": 476, "Value": 97280, "Offset": 20}, "SHA1": "f76abaa9a17862c677c235cb9e063ed14d5583f4", "SHA256": "3564586288e7e26dd19d0f78f025cb2c6e10666bdbc21225a29d251ce660b2c0", "Name": {"FileOffset": 456, "Value": ".reloc", "Offset": 0}, "NumberOfRelocations": {"FileOffset": 488, "Value": 0, "Offset": 32}, "Misc_VirtualSize": {"FileOffset": 464, "Value": 12, "Offset": 8}, "Characteristics": {"FileOffset": 492, "Value": 1107296320, "Offset": 36}, "Misc": {"FileOffset": 464, "Value": 12, "Offset": 8}, "PointerToLinenumbers": {"FileOffset": 484, "Value": 0, "Offset": 28}, "SizeOfRawData": {"FileOffset": 472, "Value": 512, "Offset": 16}, "Misc_PhysicalAddress": {"FileOffset": 464, "Value": 12, "Offset": 8}, "PointerToRelocations": {"FileOffset": 480, "Value": 0, "Offset": 24}, "Flags": ["IMAGE_SCN_CNT_INITIALIZED_DATA", "IMAGE_SCN_MEM_DISCARDABLE", "IMAGE_SCN_MEM_READ"], "SHA512": "e06433ed325ad70544261566ce82dcaabc5b9ac70987fb8b260c072da880dc68ade20eb029c27214666c69563144513d6dd9a1f097178eaf90f8625f700bac69", "MD5": "0627db52f6e0985135aed290c7d4f3d7", "Entropy": 0.10191042566270775, "VirtualAddress": {"FileOffset": 468, "Value": 114688, "Offset": 12}, "Structure": "IMAGE_SECTION_HEADER", "NumberOfLinenumbers": {"FileOffset": 490, "Value": 0, "Offset": 34}}], "Resource directory": [{"MajorVersion": {"FileOffset": 95752, "Value": 0, "Offset": 8}, "NumberOfIdEntries": {"FileOffset": 95758, "Value": 2, "Offset": 14}, "MinorVersion": {"FileOffset": 95754, "Value": 0, "Offset": 10}, "TimeDateStamp": {"FileOffset": 95748, "Value": "0x0        [Thu Jan  1 00:00:00 1970 UTC]", "Offset": 4}, "Characteristics": {"FileOffset": 95744, "Value": 0, "Offset": 0}, "NumberOfNamedEntries": {"FileOffset": 95756, "Value": 0, "Offset": 12}, "Structure": "IMAGE_RESOURCE_DIRECTORY"}, {"Structure": "IMAGE_RESOURCE_DIRECTORY_ENTRY", "Id": [16, "RT_VERSION"], "OffsetToData": {"FileOffset": 95764, "Value": 2147483680, "Offset": 4}, "Name": {"FileOffset": 95760, "Value": 16, "Offset": 0}}, [{"MajorVersion": {"FileOffset": 95784, "Value": 0, "Offset": 8}, "NumberOfIdEntries": {"FileOffset": 95790, "Value": 1, "Offset": 14}, "MinorVersion": {"FileOffset": 95786, "Value": 0, "Offset": 10}, "TimeDateStamp": {"FileOffset": 95780, "Value": "0x0        [Thu Jan  1 00:00:00 1970 UTC]", "Offset": 4}, "Characteristics": {"FileOffset": 95776, "Value": 0, "Offset": 0}, "NumberOfNamedEntries": {"FileOffset": 95788, "Value": 0, "Offset": 12}, "Structure": "IMAGE_RESOURCE_DIRECTORY"}, {"Structure": "IMAGE_RESOURCE_DIRECTORY_ENTRY", "Id": 1, "OffsetToData": {"FileOffset": 95796, "Value": 2147483728, "Offset": 4}, "Name": {"FileOffset": 95792, "Value": 1, "Offset": 0}}, [{"MajorVersion": {"FileOffset": 95832, "Value": 0, "Offset": 8}, "NumberOfIdEntries": {"FileOffset": 95838, "Value": 1, "Offset": 14}, "MinorVersion": {"FileOffset": 95834, "Value": 0, "Offset": 10}, "TimeDateStamp": {"FileOffset": 95828, "Value": "0x0        [Thu Jan  1 00:00:00 1970 UTC]", "Offset": 4}, "Characteristics": {"FileOffset": 95824, "Value": 0, "Offset": 0}, "NumberOfNamedEntries": {"FileOffset": 95836, "Value": 0, "Offset": 12}, "Structure": "IMAGE_RESOURCE_DIRECTORY"}, {"LANG": 0, "SUBLANG_NAME": "SUBLANG_NEUTRAL", "Name": {"FileOffset": 95840, "Value": 0, "Offset": 0}, "CodePage": {"FileOffset": 95880, "Value": 0, "Offset": 8}, "LANG_NAME": "LANG_NEUTRAL", "OffsetToData": {"FileOffset": 95872, "Value": 106656, "Offset": 0}, "Reserved": {"FileOffset": 95884, "Value": 0, "Offset": 12}, "SUBLANG": 0, "Structure": "IMAGE_RESOURCE_DATA_ENTRY", "Size": {"FileOffset": 95876, "Value": 788, "Offset": 4}}]], {"Structure": "IMAGE_RESOURCE_DIRECTORY_ENTRY", "Id": [24, "RT_MANIFEST"], "OffsetToData": {"FileOffset": 95772, "Value": 2147483704, "Offset": 4}, "Name": {"FileOffset": 95768, "Value": 24, "Offset": 0}}, [{"MajorVersion": {"FileOffset": 95808, "Value": 0, "Offset": 8}, "NumberOfIdEntries": {"FileOffset": 95814, "Value": 1, "Offset": 14}, "MinorVersion": {"FileOffset": 95810, "Value": 0, "Offset": 10}, "TimeDateStamp": {"FileOffset": 95804, "Value": "0x0        [Thu Jan  1 00:00:00 1970 UTC]", "Offset": 4}, "Characteristics": {"FileOffset": 95800, "Value": 0, "Offset": 0}, "NumberOfNamedEntries": {"FileOffset": 95812, "Value": 0, "Offset": 12}, "Structure": "IMAGE_RESOURCE_DIRECTORY"}, {"Structure": "IMAGE_RESOURCE_DIRECTORY_ENTRY", "Id": 1, "OffsetToData": {"FileOffset": 95820, "Value": 2147483752, "Offset": 4}, "Name": {"FileOffset": 95816, "Value": 1, "Offset": 0}}, [{"MajorVersion": {"FileOffset": 95856, "Value": 0, "Offset": 8}, "NumberOfIdEntries": {"FileOffset": 95862, "Value": 1, "Offset": 14}, "MinorVersion": {"FileOffset": 95858, "Value": 0, "Offset": 10}, "TimeDateStamp": {"FileOffset": 95852, "Value": "0x0        [Thu Jan  1 00:00:00 1970 UTC]", "Offset": 4}, "Characteristics": {"FileOffset": 95848, "Value": 0, "Offset": 0}, "NumberOfNamedEntries": {"FileOffset": 95860, "Value": 0, "Offset": 12}, "Structure": "IMAGE_RESOURCE_DIRECTORY"}, {"LANG": 0, "SUBLANG_NAME": "SUBLANG_NEUTRAL", "Name": {"FileOffset": 95864, "Value": 0, "Offset": 0}, "CodePage": {"FileOffset": 95896, "Value": 0, "Offset": 8}, "LANG_NAME": "LANG_NEUTRAL", "OffsetToData": {"FileOffset": 95888, "Value": 107448, "Offset": 0}, "Reserved": {"FileOffset": 95900, "Value": 0, "Offset": 12}, "SUBLANG": 0, "Structure": "IMAGE_RESOURCE_DATA_ENTRY", "Size": {"FileOffset": 95892, "Value": 490, "Offset": 4}}]]]}
