{"DllCharacteristics": ["IMAGE_DLLCHARACTERISTICS_TERMINAL_SERVER_AWARE", "IMAGE_DLLCHARACTERISTICS_DYNAMIC_BASE", "IMAGE_DLLCHARACTERISTICS_NX_COMPAT"], "FILE_HEADER": {"NumberOfSections": {"FileOffset": 238, "Value": 5, "Offset": 2}, "TimeDateStamp": {"FileOffset": 240, "Value": "0x521473A1 [Wed Aug 21 08:00:33 2013 UTC]", "Offset": 4}, "PointerToSymbolTable": {"FileOffset": 244, "Value": 0, "Offset": 8}, "NumberOfSymbols": {"FileOffset": 248, "Value": 0, "Offset": 12}, "Machine": {"FileOffset": 236, "Value": 332, "Offset": 0}, "Characteristics": {"FileOffset": 254, "Value": 258, "Offset": 18}, "SizeOfOptionalHeader": {"FileOffset": 252, "Value": 224, "Offset": 16}, "Structure": "IMAGE_FILE_HEADER"}, "Directories": [{"VirtualAddress": {"FileOffset": 352, "Value": 0, "Offset": 0}, "Structure": "IMAGE_DIRECTORY_ENTRY_EXPORT", "Size": {"FileOffset": 356, "Value": 0, "Offset": 4}}, {"VirtualAddress": {"FileOffset": 360, "Value": 64100, "Offset": 0}, "Structure": "IMAGE_DIRECTORY_ENTRY_IMPORT", "Size": {"FileOffset": 364, "Value": 100, "Offset": 4}}, {"VirtualAddress": {"FileOffset": 368, "Value": 86016, "Offset": 0}, "Structure": "IMAGE_DIRECTORY_ENTRY_RESOURCE", "Size": {"FileOffset": 372, "Value": 355024, "Offset": 4}}, {"VirtualAddress": {"FileOffset": 376, "Value": 0, "Offset": 0}, "Structure": "IMAGE_DIRECTORY_ENTRY_EXCEPTION", "Size": {"FileOffset": 380, "Value": 0, "Offset": 4}}, {"VirtualAddress": {"FileOffset": 384, "Value": 0, "Offset": 0}, "Structure": "IMAGE_DIRECTORY_ENTRY_SECURITY", "Size": {"FileOffset": 388, "Value": 0, "Offset": 4}}, {"VirtualAddress": {"FileOffset": 392, "Value": 442368, "Offset": 0}, "Structure": "IMAGE_DIRECTORY_ENTRY_BASERELOC", "Size": {"FileOffset": 396, "Value": 2964, "Offset": 4}}, {"VirtualAddress": {"FileOffset": 400, "Value": 53760, "Offset": 0}, "Structure": "IMAGE_DIRECTORY_ENTRY_DEBUG", "Size": {"FileOffset": 404, "Value": 28, "Offset": 4}}, {"VirtualAddress": {"FileOffset": 408, "Value": 0, "Offset": 0}, "Structure": "IMAGE_DIRECTORY_ENTRY_COPYRIGHT", "Size": {"FileOffset": 412, "Value": 0, "Offset": 4}}, {"VirtualAddress": {"FileOffset": 416, "Value": 0, "Offset": 0}, "Structure": "IMAGE_DIRECTORY_ENTRY_GLOBALPTR", "Size": {"FileOffset": 420, "Value": 0, "Offset": 4}}, {"VirtualAddress": {"FileOffset": 424, "Value": 0, "Offset": 0}, "Structure": "IMAGE_DIRECTORY_ENTRY_TLS", "Size": {"FileOffset": 428, "Value": 0, "Offset": 4}}, {"VirtualAddress": {"FileOffset": 432, "Value": 62728, "Offset": 0}, "Structure": "IMAGE_DIRECTORY_ENTRY_LOAD_CONFIG", "Size": {"FileOffset": 436, "Value": 64, "Offset": 4}}, {"VirtualAddress": {"FileOffset": 440, "Value": 0, "Offset": 0}, "Structure": "IMAGE_DIRECTORY_ENTRY_BOUND_IMPORT", "Size": {"FileOffset": 444, "Value": 0, "Offset": 4}}, {"VirtualAddress": {"FileOffset": 448, "Value": 53248, "Offset": 0}, "Structure": "IMAGE_DIRECTORY_ENTRY_IAT", "Size": {"FileOffset": 452, "Value": 452, "Offset": 4}}, {"VirtualAddress": {"FileOffset": 456, "Value": 0, "Offset": 0}, "Structure": "IMAGE_DIRECTORY_ENTRY_DELAY_IMPORT", "Size": {"FileOffset": 460, "Value": 0, "Offset": 4}}, {"VirtualAddress": {"FileOffset": 464, "Value": 0, "Offset": 0}, "Structure": "IMAGE_DIRECTORY_ENTRY_COM_DESCRIPTOR", "Size": {"FileOffset": 468, "Value": 0, "Offset": 4}}, {"VirtualAddress": {"FileOffset": 472, "Value": 0, "Offset": 0}, "Structure": "IMAGE_DIRECTORY_ENTRY_RESERVED", "Size": {"FileOffset": 476, "Value": 0, "Offset": 4}}], "OPTIONAL_HEADER": {"DllCharacteristics": {"FileOffset": 326, "Value": 33088, "Offset": 70}, "BaseOfCode": {"FileOffset": 276, "Value": 4096, "Offset": 20}, "MajorLinkerVersion": {"FileOffset": 258, "Value": 10, "Offset": 2}, "MinorOperatingSystemVersion": {"FileOffset": 298, "Value": 1, "Offset": 42}, "MinorLinkerVersion": {"FileOffset": 259, "Value": 0, "Offset": 3}, "MajorSubsystemVersion": {"FileOffset": 304, "Value": 5, "Offset": 48}, "MajorOperatingSystemVersion": {"FileOffset": 296, "Value": 5, "Offset": 40}, "SizeOfStackCommit": {"FileOffset": 332, "Value": 4096, "Offset": 76}, "SizeOfUninitializedData": {"FileOffset": 268, "Value": 0, "Offset": 12}, "NumberOfRvaAndSizes": {"FileOffset": 348, "Value": 16, "Offset": 92}, "SizeOfHeapReserve": {"FileOffset": 336, "Value": 1048576, "Offset": 80}, "LoaderFlags": {"FileOffset": 344, "Value": 0, "Offset": 88}, "SizeOfHeapCommit": {"FileOffset": 340, "Value": 4096, "Offset": 84}, "SizeOfStackReserve": {"FileOffset": 328, "Value": 1048576, "Offset": 72}, "Structure": "IMAGE_OPTIONAL_HEADER", "SizeOfHeaders": {"FileOffset": 316, "Value": 1024, "Offset": 60}, "Subsystem": {"FileOffset": 324, "Value": 2, "Offset": 68}, "Magic": {"FileOffset": 256, "Value": 267, "Offset": 0}, "MinorImageVersion": {"FileOffset": 302, "Value": 0, "Offset": 46}, "MajorImageVersion": {"FileOffset": 300, "Value": 0, "Offset": 44}, "FileAlignment": {"FileOffset": 292, "Value": 512, "Offset": 36}, "BaseOfData": {"FileOffset": 280, "Value": 53248, "Offset": 24}, "AddressOfEntryPoint": {"FileOffset": 272, "Value": 12165, "Offset": 16}, "SectionAlignment": {"FileOffset": 288, "Value": 4096, "Offset": 32}, "SizeOfCode": {"FileOffset": 260, "Value": 48128, "Offset": 4}, "ImageBase": {"FileOffset": 284, "Value": 4194304, "Offset": 28}, "SizeOfInitializedData": {"FileOffset": 264, "Value": 379904, "Offset": 8}, "SizeOfImage": {"FileOffset": 312, "Value": 450560, "Offset": 56}, "MinorSubsystemVersion": {"FileOffset": 306, "Value": 1, "Offset": 50}, "CheckSum": {"FileOffset": 320, "Value": 467042, "Offset": 64}, "Reserved1": {"FileOffset": 308, "Value": 0, "Offset": 52}}, "DOS_HEADER": {"e_cblp": {"FileOffset": 2, "Value": 144, "Offset": 2}, "e_crlc": {"FileOffset": 6, "Value": 0, "Offset": 6}, "e_ovno": {"FileOffset": 26, "Value": 0, "Offset": 26}, "e_minalloc": {"FileOffset": 10, "Value": 0, "Offset": 10}, "e_csum": {"FileOffset": 18, "Value": 0, "Offset": 18}, "e_cparhdr": {"FileOffset": 8, "Value": 4, "Offset": 8}, "e_cp": {"FileOffset": 4, "Value": 3, "Offset": 4}, "e_cs": {"FileOffset": 22, "Value": 0, "Offset": 22}, "e_maxalloc": {"FileOffset": 12, "Value": 65535, "Offset": 12}, "e_lfarlc": {"FileOffset": 24, "Value": 64, "Offset": 24}, "e_oemid": {"FileOffset": 36, "Value": 0, "Offset": 36}, "e_lfanew": {"FileOffset": 60, "Value": 232, "Offset": 60}, "e_ss": {"FileOffset": 14, "Value": 0, "Offset": 14}, "e_magic": {"FileOffset": 0, "Value": 23117, "Offset": 0}, "e_oeminfo": {"FileOffset": 38, "Value": 0, "Offset": 38}, "e_res2": {"FileOffset": 40, "Value": "", "Offset": 40}, "e_res": {"FileOffset": 28, "Value": "", "Offset": 28}, "e_sp": {"FileOffset": 16, "Value": 184, "Offset": 16}, "Structure": "IMAGE_DOS_HEADER", "e_ip": {"FileOffset": 20, "Value": 0, "Offset": 20}}, "Base relocations": [[{"SizeOfBlock": {"FileOffset": 422404, "Value": 380, "Offset": 4}, "VirtualAddress": {"FileOffset": 422400, "Value": 4096, "Offset": 0}, "Structure": "IMAGE_BASE_RELOCATION"}, {"RVA": 4104, "Type": "HIGHLOW"}, {"RVA": 4125, "Type": "HIGHLOW"}, {"RVA": 4134, "Type": "HIGHLOW"}, {"RVA": 4248, "Type": "HIGHLOW"}, {"RVA": 4454, "Type": "HIGHLOW"}, {"RVA": 4553, "Type": "HIGHLOW"}, {"RVA": 4677, "Type": "HIGHLOW"}, {"RVA": 4746, "Type": "HIGHLOW"}, {"RVA": 4752, "Type": "HIGHLOW"}, {"RVA": 4796, "Type": "HIGHLOW"}, {"RVA": 4802, "Type": "HIGHLOW"}, {"RVA": 4819, "Type": "HIGHLOW"}, {"RVA": 4825, "Type": "HIGHLOW"}, {"RVA": 4833, "Type": "HIGHLOW"}, {"RVA": 4848, "Type": "HIGHLOW"}, {"RVA": 4863, "Type": "HIGHLOW"}, {"RVA": 4869, "Type": "HIGHLOW"}, {"RVA": 4882, "Type": "HIGHLOW"}, {"RVA": 4895, "Type": "HIGHLOW"}, {"RVA": 4900, "Type": "HIGHLOW"}, {"RVA": 4905, "Type": "HIGHLOW"}, {"RVA": 4925, "Type": "HIGHLOW"}, {"RVA": 4931, "Type": "HIGHLOW"}, {"RVA": 4938, "Type": "HIGHLOW"}, {"RVA": 4956, "Type": "HIGHLOW"}, {"RVA": 4961, "Type": "HIGHLOW"}, {"RVA": 4966, "Type": "HIGHLOW"}, {"RVA": 4986, "Type": "HIGHLOW"}, {"RVA": 4991, "Type": "HIGHLOW"}, {"RVA": 4996, "Type": "HIGHLOW"}, {"RVA": 5016, "Type": "HIGHLOW"}, {"RVA": 5022, "Type": "HIGHLOW"}, {"RVA": 5029, "Type": "HIGHLOW"}, {"RVA": 5047, "Type": "HIGHLOW"}, {"RVA": 5052, "Type": "HIGHLOW"}, {"RVA": 5057, "Type": "HIGHLOW"}, {"RVA": 5077, "Type": "HIGHLOW"}, {"RVA": 5082, "Type": "HIGHLOW"}, {"RVA": 5087, "Type": "HIGHLOW"}, {"RVA": 5106, "Type": "HIGHLOW"}, {"RVA": 5112, "Type": "HIGHLOW"}, {"RVA": 5118, "Type": "HIGHLOW"}, {"RVA": 5138, "Type": "HIGHLOW"}, {"RVA": 5143, "Type": "HIGHLOW"}, {"RVA": 5148, "Type": "HIGHLOW"}, {"RVA": 5168, "Type": "HIGHLOW"}, {"RVA": 5173, "Type": "HIGHLOW"}, {"RVA": 5178, "Type": "HIGHLOW"}, {"RVA": 5198, "Type": "HIGHLOW"}, {"RVA": 5204, "Type": "HIGHLOW"}, {"RVA": 5212, "Type": "HIGHLOW"}, {"RVA": 5221, "Type": "HIGHLOW"}, {"RVA": 5230, "Type": "HIGHLOW"}, {"RVA": 5239, "Type": "HIGHLOW"}, {"RVA": 5248, "Type": "HIGHLOW"}, {"RVA": 5257, "Type": "HIGHLOW"}, {"RVA": 5266, "Type": "HIGHLOW"}, {"RVA": 5275, "Type": "HIGHLOW"}, {"RVA": 5308, "Type": "HIGHLOW"}, {"RVA": 5380, "Type": "HIGHLOW"}, {"RVA": 5385, "Type": "HIGHLOW"}, {"RVA": 5410, "Type": "HIGHLOW"}, {"RVA": 5431, "Type": "HIGHLOW"}, {"RVA": 5459, "Type": "HIGHLOW"}, {"RVA": 5470, "Type": "HIGHLOW"}, {"RVA": 5516, "Type": "HIGHLOW"}, {"RVA": 5573, "Type": "HIGHLOW"}, {"RVA": 5581, "Type": "HIGHLOW"}, {"RVA": 5594, "Type": "HIGHLOW"}, {"RVA": 5603, "Type": "HIGHLOW"}, {"RVA": 5683, "Type": "HIGHLOW"}, {"RVA": 5689, "Type": "HIGHLOW"}, {"RVA": 5694, "Type": "HIGHLOW"}, {"RVA": 5699, "Type": "HIGHLOW"}, {"RVA": 5721, "Type": "HIGHLOW"}, {"RVA": 5729, "Type": "HIGHLOW"}, {"RVA": 5735, "Type": "HIGHLOW"}, {"RVA": 5750, "Type": "HIGHLOW"}, {"RVA": 5802, "Type": "HIGHLOW"}, {"RVA": 5819, "Type": "HIGHLOW"}, {"RVA": 5836, "Type": "HIGHLOW"}, {"RVA": 5851, "Type": "HIGHLOW"}, {"RVA": 5914, "Type": "HIGHLOW"}, {"RVA": 5920, "Type": "HIGHLOW"}, {"RVA": 6023, "Type": "HIGHLOW"}, {"RVA": 6043, "Type": "HIGHLOW"}, {"RVA": 6048, "Type": "HIGHLOW"}, {"RVA": 6063, "Type": "HIGHLOW"}, {"RVA": 6074, "Type": "HIGHLOW"}, {"RVA": 6080, "Type": "HIGHLOW"}, {"RVA": 6095, "Type": "HIGHLOW"}, {"RVA": 6161, "Type": "HIGHLOW"}, {"RVA": 6167, "Type": "HIGHLOW"}, {"RVA": 6198, "Type": "HIGHLOW"}, {"RVA": 6217, "Type": "HIGHLOW"}, {"RVA": 6319, "Type": "HIGHLOW"}, {"RVA": 6326, "Type": "HIGHLOW"}, {"RVA": 6350, "Type": "HIGHLOW"}, {"RVA": 6358, "Type": "HIGHLOW"}, {"RVA": 6367, "Type": "HIGHLOW"}, {"RVA": 6398, "Type": "HIGHLOW"}, {"RVA": 6406, "Type": "HIGHLOW"}, {"RVA": 6416, "Type": "HIGHLOW"}, {"RVA": 6430, "Type": "HIGHLOW"}, {"RVA": 6488, "Type": "HIGHLOW"}, {"RVA": 6499, "Type": "HIGHLOW"}, {"RVA": 6516, "Type": "HIGHLOW"}, {"RVA": 6529, "Type": "HIGHLOW"}, {"RVA": 6539, "Type": "HIGHLOW"}, {"RVA": 6560, "Type": "HIGHLOW"}, {"RVA": 6565, "Type": "HIGHLOW"}, {"RVA": 6580, "Type": "HIGHLOW"}, {"RVA": 6590, "Type": "HIGHLOW"}, {"RVA": 6596, "Type": "HIGHLOW"}, {"RVA": 6611, "Type": "HIGHLOW"}, {"RVA": 6684, "Type": "HIGHLOW"}, {"RVA": 6688, "Type": "HIGHLOW"}, {"RVA": 6692, "Type": "HIGHLOW"}, {"RVA": 6696, "Type": "HIGHLOW"}, {"RVA": 6700, "Type": "HIGHLOW"}, {"RVA": 6727, "Type": "HIGHLOW"}, {"RVA": 6786, "Type": "HIGHLOW"}, {"RVA": 6903, "Type": "HIGHLOW"}, {"RVA": 6934, "Type": "HIGHLOW"}, {"RVA": 6966, "Type": "HIGHLOW"}, {"RVA": 7024, "Type": "HIGHLOW"}, {"RVA": 7057, "Type": "HIGHLOW"}, {"RVA": 7077, "Type": "HIGHLOW"}, {"RVA": 7088, "Type": "HIGHLOW"}, {"RVA": 7104, "Type": "HIGHLOW"}, {"RVA": 7110, "Type": "HIGHLOW"}, {"RVA": 7116, "Type": "HIGHLOW"}, {"RVA": 7122, "Type": "HIGHLOW"}, {"RVA": 7162, "Type": "HIGHLOW"}, {"RVA": 7170, "Type": "HIGHLOW"}, {"RVA": 7179, "Type": "HIGHLOW"}, {"RVA": 7199, "Type": "HIGHLOW"}, {"RVA": 7207, "Type": "HIGHLOW"}, {"RVA": 7216, "Type": "HIGHLOW"}, {"RVA": 7250, "Type": "HIGHLOW"}, {"RVA": 7261, "Type": "HIGHLOW"}, {"RVA": 7268, "Type": "HIGHLOW"}, {"RVA": 7322, "Type": "HIGHLOW"}, {"RVA": 7339, "Type": "HIGHLOW"}, {"RVA": 7377, "Type": "HIGHLOW"}, {"RVA": 7398, "Type": "HIGHLOW"}, {"RVA": 7417, "Type": "HIGHLOW"}, {"RVA": 7422, "Type": "HIGHLOW"}, {"RVA": 7442, "Type": "HIGHLOW"}, {"RVA": 7463, "Type": "HIGHLOW"}, {"RVA": 7475, "Type": "HIGHLOW"}, {"RVA": 7484, "Type": "HIGHLOW"}, {"RVA": 7507, "Type": "HIGHLOW"}, {"RVA": 7521, "Type": "HIGHLOW"}, {"RVA": 7541, "Type": "HIGHLOW"}, {"RVA": 7553, "Type": "HIGHLOW"}, {"RVA": 7559, "Type": "HIGHLOW"}, {"RVA": 7564, "Type": "HIGHLOW"}, {"RVA": 7577, "Type": "HIGHLOW"}, {"RVA": 7596, "Type": "HIGHLOW"}, {"RVA": 7624, "Type": "HIGHLOW"}, {"RVA": 7633, "Type": "HIGHLOW"}, {"RVA": 7640, "Type": "HIGHLOW"}, {"RVA": 7732, "Type": "HIGHLOW"}, {"RVA": 7738, "Type": "HIGHLOW"}, {"RVA": 7771, "Type": "HIGHLOW"}, {"RVA": 7777, "Type": "HIGHLOW"}, {"RVA": 7797, "Type": "HIGHLOW"}, {"RVA": 7819, "Type": "HIGHLOW"}, {"RVA": 7827, "Type": "HIGHLOW"}, {"RVA": 7841, "Type": "HIGHLOW"}, {"RVA": 7848, "Type": "HIGHLOW"}, {"RVA": 7876, "Type": "HIGHLOW"}, {"RVA": 7908, "Type": "HIGHLOW"}, {"RVA": 7940, "Type": "HIGHLOW"}, {"RVA": 7971, "Type": "HIGHLOW"}, {"RVA": 7998, "Type": "HIGHLOW"}, {"RVA": 8061, "Type": "HIGHLOW"}, {"RVA": 8120, "Type": "HIGHLOW"}, {"RVA": 8131, "Type": "HIGHLOW"}, {"RVA": 8148, "Type": "HIGHLOW"}, {"RVA": 8153, "Type": "HIGHLOW"}, {"RVA": 8160, "Type": "HIGHLOW"}, {"RVA": 8166, "Type": "HIGHLOW"}, {"RVA": 8188, "Type": "HIGHLOW"}, {"RVA": 4096, "Type": "ABSOLUTE"}], [{"SizeOfBlock": {"FileOffset": 422784, "Value": 284, "Offset": 4}, "VirtualAddress": {"FileOffset": 422780, "Value": 8192, "Offset": 0}, "Structure": "IMAGE_BASE_RELOCATION"}, {"RVA": 8194, "Type": "HIGHLOW"}, {"RVA": 8199, "Type": "HIGHLOW"}, {"RVA": 8206, "Type": "HIGHLOW"}, {"RVA": 8227, "Type": "HIGHLOW"}, {"RVA": 8267, "Type": "HIGHLOW"}, {"RVA": 8298, "Type": "HIGHLOW"}, {"RVA": 8304, "Type": "HIGHLOW"}, {"RVA": 8318, "Type": "HIGHLOW"}, {"RVA": 8349, "Type": "HIGHLOW"}, {"RVA": 8400, "Type": "HIGHLOW"}, {"RVA": 8418, "Type": "HIGHLOW"}, {"RVA": 8431, "Type": "HIGHLOW"}, {"RVA": 8454, "Type": "HIGHLOW"}, {"RVA": 8479, "Type": "HIGHLOW"}, {"RVA": 8489, "Type": "HIGHLOW"}, {"RVA": 8501, "Type": "HIGHLOW"}, {"RVA": 8507, "Type": "HIGHLOW"}, {"RVA": 8512, "Type": "HIGHLOW"}, {"RVA": 8525, "Type": "HIGHLOW"}, {"RVA": 8544, "Type": "HIGHLOW"}, {"RVA": 8572, "Type": "HIGHLOW"}, {"RVA": 8579, "Type": "HIGHLOW"}, {"RVA": 8588, "Type": "HIGHLOW"}, {"RVA": 8621, "Type": "HIGHLOW"}, {"RVA": 8703, "Type": "HIGHLOW"}, {"RVA": 8719, "Type": "HIGHLOW"}, {"RVA": 8725, "Type": "HIGHLOW"}, {"RVA": 8741, "Type": "HIGHLOW"}, {"RVA": 8763, "Type": "HIGHLOW"}, {"RVA": 8771, "Type": "HIGHLOW"}, {"RVA": 8781, "Type": "HIGHLOW"}, {"RVA": 8788, "Type": "HIGHLOW"}, {"RVA": 8819, "Type": "HIGHLOW"}, {"RVA": 8841, "Type": "HIGHLOW"}, {"RVA": 8871, "Type": "HIGHLOW"}, {"RVA": 8943, "Type": "HIGHLOW"}, {"RVA": 9050, "Type": "HIGHLOW"}, {"RVA": 9105, "Type": "HIGHLOW"}, {"RVA": 9197, "Type": "HIGHLOW"}, {"RVA": 9222, "Type": "HIGHLOW"}, {"RVA": 9257, "Type": "HIGHLOW"}, {"RVA": 9282, "Type": "HIGHLOW"}, {"RVA": 9297, "Type": "HIGHLOW"}, {"RVA": 9312, "Type": "HIGHLOW"}, {"RVA": 9325, "Type": "HIGHLOW"}, {"RVA": 9332, "Type": "HIGHLOW"}, {"RVA": 9337, "Type": "HIGHLOW"}, {"RVA": 9352, "Type": "HIGHLOW"}, {"RVA": 9415, "Type": "HIGHLOW"}, {"RVA": 9450, "Type": "HIGHLOW"}, {"RVA": 9456, "Type": "HIGHLOW"}, {"RVA": 9514, "Type": "HIGHLOW"}, {"RVA": 9522, "Type": "HIGHLOW"}, {"RVA": 9531, "Type": "HIGHLOW"}, {"RVA": 9543, "Type": "HIGHLOW"}, {"RVA": 9555, "Type": "HIGHLOW"}, {"RVA": 9561, "Type": "HIGHLOW"}, {"RVA": 9570, "Type": "HIGHLOW"}, {"RVA": 9581, "Type": "HIGHLOW"}, {"RVA": 9587, "Type": "HIGHLOW"}, {"RVA": 9658, "Type": "HIGHLOW"}, {"RVA": 9665, "Type": "HIGHLOW"}, {"RVA": 9683, "Type": "HIGHLOW"}, {"RVA": 9691, "Type": "HIGHLOW"}, {"RVA": 9696, "Type": "HIGHLOW"}, {"RVA": 9710, "Type": "HIGHLOW"}, {"RVA": 9729, "Type": "HIGHLOW"}, {"RVA": 9775, "Type": "HIGHLOW"}, {"RVA": 9790, "Type": "HIGHLOW"}, {"RVA": 9807, "Type": "HIGHLOW"}, {"RVA": 9834, "Type": "HIGHLOW"}, {"RVA": 9842, "Type": "HIGHLOW"}, {"RVA": 9851, "Type": "HIGHLOW"}, {"RVA": 9861, "Type": "HIGHLOW"}, {"RVA": 9879, "Type": "HIGHLOW"}, {"RVA": 9894, "Type": "HIGHLOW"}, {"RVA": 9915, "Type": "HIGHLOW"}, {"RVA": 9921, "Type": "HIGHLOW"}, {"RVA": 9934, "Type": "HIGHLOW"}, {"RVA": 9943, "Type": "HIGHLOW"}, {"RVA": 9957, "Type": "HIGHLOW"}, {"RVA": 9990, "Type": "HIGHLOW"}, {"RVA": 10019, "Type": "HIGHLOW"}, {"RVA": 10054, "Type": "HIGHLOW"}, {"RVA": 10082, "Type": "HIGHLOW"}, {"RVA": 10096, "Type": "HIGHLOW"}, {"RVA": 10113, "Type": "HIGHLOW"}, {"RVA": 10125, "Type": "HIGHLOW"}, {"RVA": 10147, "Type": "HIGHLOW"}, {"RVA": 10153, "Type": "HIGHLOW"}, {"RVA": 10198, "Type": "HIGHLOW"}, {"RVA": 10213, "Type": "HIGHLOW"}, {"RVA": 10232, "Type": "HIGHLOW"}, {"RVA": 10279, "Type": "HIGHLOW"}, {"RVA": 10330, "Type": "HIGHLOW"}, {"RVA": 10336, "Type": "HIGHLOW"}, {"RVA": 10341, "Type": "HIGHLOW"}, {"RVA": 10349, "Type": "HIGHLOW"}, {"RVA": 10365, "Type": "HIGHLOW"}, {"RVA": 10375, "Type": "HIGHLOW"}, {"RVA": 10381, "Type": "HIGHLOW"}, {"RVA": 10401, "Type": "HIGHLOW"}, {"RVA": 10553, "Type": "HIGHLOW"}, {"RVA": 11105, "Type": "HIGHLOW"}, {"RVA": 11129, "Type": "HIGHLOW"}, {"RVA": 11252, "Type": "HIGHLOW"}, {"RVA": 11351, "Type": "HIGHLOW"}, {"RVA": 11646, "Type": "HIGHLOW"}, {"RVA": 11766, "Type": "HIGHLOW"}, {"RVA": 11803, "Type": "HIGHLOW"}, {"RVA": 11818, "Type": "HIGHLOW"}, {"RVA": 11826, "Type": "HIGHLOW"}, {"RVA": 11839, "Type": "HIGHLOW"}, {"RVA": 11851, "Type": "HIGHLOW"}, {"RVA": 11863, "Type": "HIGHLOW"}, {"RVA": 11869, "Type": "HIGHLOW"}, {"RVA": 11887, "Type": "HIGHLOW"}, {"RVA": 11895, "Type": "HIGHLOW"}, {"RVA": 11906, "Type": "HIGHLOW"}, {"RVA": 11977, "Type": "HIGHLOW"}, {"RVA": 11982, "Type": "HIGHLOW"}, {"RVA": 11992, "Type": "HIGHLOW"}, {"RVA": 12073, "Type": "HIGHLOW"}, {"RVA": 12187, "Type": "HIGHLOW"}, {"RVA": 12193, "Type": "HIGHLOW"}, {"RVA": 12199, "Type": "HIGHLOW"}, {"RVA": 12205, "Type": "HIGHLOW"}, {"RVA": 12211, "Type": "HIGHLOW"}, {"RVA": 12217, "Type": "HIGHLOW"}, {"RVA": 12224, "Type": "HIGHLOW"}, {"RVA": 12231, "Type": "HIGHLOW"}, {"RVA": 12238, "Type": "HIGHLOW"}, {"RVA": 12245, "Type": "HIGHLOW"}, {"RVA": 12252, "Type": "HIGHLOW"}, {"RVA": 12259, "Type": "HIGHLOW"}, {"RVA": 12266, "Type": "HIGHLOW"}, {"RVA": 12274, "Type": "HIGHLOW"}, {"RVA": 12282, "Type": "HIGHLOW"}], [{"SizeOfBlock": {"FileOffset": 423068, "Value": 132, "Offset": 4}, "VirtualAddress": {"FileOffset": 423064, "Value": 12288, "Offset": 0}, "Structure": "IMAGE_BASE_RELOCATION"}, {"RVA": 12290, "Type": "HIGHLOW"}, {"RVA": 12302, "Type": "HIGHLOW"}, {"RVA": 12311, "Type": "HIGHLOW"}, {"RVA": 12316, "Type": "HIGHLOW"}, {"RVA": 12322, "Type": "HIGHLOW"}, {"RVA": 12332, "Type": "HIGHLOW"}, {"RVA": 12341, "Type": "HIGHLOW"}, {"RVA": 12352, "Type": "HIGHLOW"}, {"RVA": 12364, "Type": "HIGHLOW"}, {"RVA": 12369, "Type": "HIGHLOW"}, {"RVA": 12385, "Type": "HIGHLOW"}, {"RVA": 12390, "Type": "HIGHLOW"}, {"RVA": 12396, "Type": "HIGHLOW"}, {"RVA": 12402, "Type": "HIGHLOW"}, {"RVA": 12424, "Type": "HIGHLOW"}, {"RVA": 12431, "Type": "HIGHLOW"}, {"RVA": 12449, "Type": "HIGHLOW"}, {"RVA": 12474, "Type": "HIGHLOW"}, {"RVA": 12628, "Type": "HIGHLOW"}, {"RVA": 12647, "Type": "HIGHLOW"}, {"RVA": 12693, "Type": "HIGHLOW"}, {"RVA": 12718, "Type": "HIGHLOW"}, {"RVA": 12772, "Type": "HIGHLOW"}, {"RVA": 12779, "Type": "HIGHLOW"}, {"RVA": 12787, "Type": "HIGHLOW"}, {"RVA": 12899, "Type": "HIGHLOW"}, {"RVA": 12904, "Type": "HIGHLOW"}, {"RVA": 12913, "Type": "HIGHLOW"}, {"RVA": 12928, "Type": "HIGHLOW"}, {"RVA": 12963, "Type": "HIGHLOW"}, {"RVA": 12968, "Type": "HIGHLOW"}, {"RVA": 12973, "Type": "HIGHLOW"}, {"RVA": 12996, "Type": "HIGHLOW"}, {"RVA": 13094, "Type": "HIGHLOW"}, {"RVA": 13141, "Type": "HIGHLOW"}, {"RVA": 13147, "Type": "HIGHLOW"}, {"RVA": 13162, "Type": "HIGHLOW"}, {"RVA": 13233, "Type": "HIGHLOW"}, {"RVA": 13246, "Type": "HIGHLOW"}, {"RVA": 13252, "Type": "HIGHLOW"}, {"RVA": 13296, "Type": "HIGHLOW"}, {"RVA": 13347, "Type": "HIGHLOW"}, {"RVA": 13615, "Type": "HIGHLOW"}, {"RVA": 13622, "Type": "HIGHLOW"}, {"RVA": 13753, "Type": "HIGHLOW"}, {"RVA": 13761, "Type": "HIGHLOW"}, {"RVA": 13782, "Type": "HIGHLOW"}, {"RVA": 13793, "Type": "HIGHLOW"}, {"RVA": 14025, "Type": "HIGHLOW"}, {"RVA": 14177, "Type": "HIGHLOW"}, {"RVA": 14207, "Type": "HIGHLOW"}, {"RVA": 14245, "Type": "HIGHLOW"}, {"RVA": 14341, "Type": "HIGHLOW"}, {"RVA": 14356, "Type": "HIGHLOW"}, {"RVA": 14383, "Type": "HIGHLOW"}, {"RVA": 15229, "Type": "HIGHLOW"}, {"RVA": 15469, "Type": "HIGHLOW"}, {"RVA": 15800, "Type": "HIGHLOW"}, {"RVA": 15867, "Type": "HIGHLOW"}, {"RVA": 15911, "Type": "HIGHLOW"}, {"RVA": 15944, "Type": "HIGHLOW"}, {"RVA": 12288, "Type": "ABSOLUTE"}], [{"SizeOfBlock": {"FileOffset": 423200, "Value": 120, "Offset": 4}, "VirtualAddress": {"FileOffset": 423196, "Value": 16384, "Offset": 0}, "Structure": "IMAGE_BASE_RELOCATION"}, {"RVA": 16424, "Type": "HIGHLOW"}, {"RVA": 16969, "Type": "HIGHLOW"}, {"RVA": 16973, "Type": "HIGHLOW"}, {"RVA": 16977, "Type": "HIGHLOW"}, {"RVA": 16981, "Type": "HIGHLOW"}, {"RVA": 16985, "Type": "HIGHLOW"}, {"RVA": 16989, "Type": "HIGHLOW"}, {"RVA": 16993, "Type": "HIGHLOW"}, {"RVA": 16997, "Type": "HIGHLOW"}, {"RVA": 17010, "Type": "HIGHLOW"}, {"RVA": 17028, "Type": "HIGHLOW"}, {"RVA": 17252, "Type": "HIGHLOW"}, {"RVA": 17262, "Type": "HIGHLOW"}, {"RVA": 17275, "Type": "HIGHLOW"}, {"RVA": 17337, "Type": "HIGHLOW"}, {"RVA": 17344, "Type": "HIGHLOW"}, {"RVA": 17357, "Type": "HIGHLOW"}, {"RVA": 17363, "Type": "HIGHLOW"}, {"RVA": 17424, "Type": "HIGHLOW"}, {"RVA": 17452, "Type": "HIGHLOW"}, {"RVA": 17487, "Type": "HIGHLOW"}, {"RVA": 17506, "Type": "HIGHLOW"}, {"RVA": 17551, "Type": "HIGHLOW"}, {"RVA": 17557, "Type": "HIGHLOW"}, {"RVA": 17583, "Type": "HIGHLOW"}, {"RVA": 17598, "Type": "HIGHLOW"}, {"RVA": 17611, "Type": "HIGHLOW"}, {"RVA": 17623, "Type": "HIGHLOW"}, {"RVA": 17639, "Type": "HIGHLOW"}, {"RVA": 17646, "Type": "HIGHLOW"}, {"RVA": 17661, "Type": "HIGHLOW"}, {"RVA": 17673, "Type": "HIGHLOW"}, {"RVA": 17686, "Type": "HIGHLOW"}, {"RVA": 17722, "Type": "HIGHLOW"}, {"RVA": 17740, "Type": "HIGHLOW"}, {"RVA": 17754, "Type": "HIGHLOW"}, {"RVA": 17775, "Type": "HIGHLOW"}, {"RVA": 17785, "Type": "HIGHLOW"}, {"RVA": 17823, "Type": "HIGHLOW"}, {"RVA": 17874, "Type": "HIGHLOW"}, {"RVA": 17889, "Type": "HIGHLOW"}, {"RVA": 17898, "Type": "HIGHLOW"}, {"RVA": 17934, "Type": "HIGHLOW"}, {"RVA": 17981, "Type": "HIGHLOW"}, {"RVA": 18047, "Type": "HIGHLOW"}, {"RVA": 18065, "Type": "HIGHLOW"}, {"RVA": 18375, "Type": "HIGHLOW"}, {"RVA": 18597, "Type": "HIGHLOW"}, {"RVA": 18612, "Type": "HIGHLOW"}, {"RVA": 18639, "Type": "HIGHLOW"}, {"RVA": 19436, "Type": "HIGHLOW"}, {"RVA": 19759, "Type": "HIGHLOW"}, {"RVA": 20105, "Type": "HIGHLOW"}, {"RVA": 20169, "Type": "HIGHLOW"}, {"RVA": 20213, "Type": "HIGHLOW"}, {"RVA": 20247, "Type": "HIGHLOW"}], [{"SizeOfBlock": {"FileOffset": 423320, "Value": 112, "Offset": 4}, "VirtualAddress": {"FileOffset": 423316, "Value": 20480, "Offset": 0}, "Structure": "IMAGE_BASE_RELOCATION"}, {"RVA": 20711, "Type": "HIGHLOW"}, {"RVA": 21343, "Type": "HIGHLOW"}, {"RVA": 21347, "Type": "HIGHLOW"}, {"RVA": 21351, "Type": "HIGHLOW"}, {"RVA": 21355, "Type": "HIGHLOW"}, {"RVA": 21359, "Type": "HIGHLOW"}, {"RVA": 21363, "Type": "HIGHLOW"}, {"RVA": 21367, "Type": "HIGHLOW"}, {"RVA": 21371, "Type": "HIGHLOW"}, {"RVA": 21377, "Type": "HIGHLOW"}, {"RVA": 21406, "Type": "HIGHLOW"}, {"RVA": 21490, "Type": "HIGHLOW"}, {"RVA": 21708, "Type": "HIGHLOW"}, {"RVA": 21716, "Type": "HIGHLOW"}, {"RVA": 21740, "Type": "HIGHLOW"}, {"RVA": 21767, "Type": "HIGHLOW"}, {"RVA": 21854, "Type": "HIGHLOW"}, {"RVA": 22087, "Type": "HIGHLOW"}, {"RVA": 22510, "Type": "HIGHLOW"}, {"RVA": 22551, "Type": "HIGHLOW"}, {"RVA": 22582, "Type": "HIGHLOW"}, {"RVA": 22613, "Type": "HIGHLOW"}, {"RVA": 22704, "Type": "HIGHLOW"}, {"RVA": 22744, "Type": "HIGHLOW"}, {"RVA": 22778, "Type": "HIGHLOW"}, {"RVA": 22789, "Type": "HIGHLOW"}, {"RVA": 22843, "Type": "HIGHLOW"}, {"RVA": 22859, "Type": "HIGHLOW"}, {"RVA": 22901, "Type": "HIGHLOW"}, {"RVA": 22918, "Type": "HIGHLOW"}, {"RVA": 22931, "Type": "HIGHLOW"}, {"RVA": 22938, "Type": "HIGHLOW"}, {"RVA": 22954, "Type": "HIGHLOW"}, {"RVA": 22972, "Type": "HIGHLOW"}, {"RVA": 22977, "Type": "HIGHLOW"}, {"RVA": 23077, "Type": "HIGHLOW"}, {"RVA": 23089, "Type": "HIGHLOW"}, {"RVA": 23356, "Type": "HIGHLOW"}, {"RVA": 23412, "Type": "HIGHLOW"}, {"RVA": 23418, "Type": "HIGHLOW"}, {"RVA": 23436, "Type": "HIGHLOW"}, {"RVA": 23461, "Type": "HIGHLOW"}, {"RVA": 23494, "Type": "HIGHLOW"}, {"RVA": 23528, "Type": "HIGHLOW"}, {"RVA": 23601, "Type": "HIGHLOW"}, {"RVA": 23674, "Type": "HIGHLOW"}, {"RVA": 24444, "Type": "HIGHLOW"}, {"RVA": 24451, "Type": "HIGHLOW"}, {"RVA": 24491, "Type": "HIGHLOW"}, {"RVA": 24552, "Type": "HIGHLOW"}, {"RVA": 24562, "Type": "HIGHLOW"}, {"RVA": 20480, "Type": "ABSOLUTE"}], [{"SizeOfBlock": {"FileOffset": 423432, "Value": 212, "Offset": 4}, "VirtualAddress": {"FileOffset": 423428, "Value": 24576, "Offset": 0}, "Structure": "IMAGE_BASE_RELOCATION"}, {"RVA": 24586, "Type": "HIGHLOW"}, {"RVA": 24627, "Type": "HIGHLOW"}, {"RVA": 24677, "Type": "HIGHLOW"}, {"RVA": 24717, "Type": "HIGHLOW"}, {"RVA": 25086, "Type": "HIGHLOW"}, {"RVA": 25121, "Type": "HIGHLOW"}, {"RVA": 25132, "Type": "HIGHLOW"}, {"RVA": 25167, "Type": "HIGHLOW"}, {"RVA": 25246, "Type": "HIGHLOW"}, {"RVA": 25377, "Type": "HIGHLOW"}, {"RVA": 25383, "Type": "HIGHLOW"}, {"RVA": 25396, "Type": "HIGHLOW"}, {"RVA": 25402, "Type": "HIGHLOW"}, {"RVA": 25411, "Type": "HIGHLOW"}, {"RVA": 25418, "Type": "HIGHLOW"}, {"RVA": 25452, "Type": "HIGHLOW"}, {"RVA": 25569, "Type": "HIGHLOW"}, {"RVA": 25577, "Type": "HIGHLOW"}, {"RVA": 25596, "Type": "HIGHLOW"}, {"RVA": 25607, "Type": "HIGHLOW"}, {"RVA": 25612, "Type": "HIGHLOW"}, {"RVA": 25630, "Type": "HIGHLOW"}, {"RVA": 25640, "Type": "HIGHLOW"}, {"RVA": 25645, "Type": "HIGHLOW"}, {"RVA": 25673, "Type": "HIGHLOW"}, {"RVA": 25683, "Type": "HIGHLOW"}, {"RVA": 25705, "Type": "HIGHLOW"}, {"RVA": 25716, "Type": "HIGHLOW"}, {"RVA": 25742, "Type": "HIGHLOW"}, {"RVA": 25753, "Type": "HIGHLOW"}, {"RVA": 25761, "Type": "HIGHLOW"}, {"RVA": 25777, "Type": "HIGHLOW"}, {"RVA": 25783, "Type": "HIGHLOW"}, {"RVA": 25800, "Type": "HIGHLOW"}, {"RVA": 25857, "Type": "HIGHLOW"}, {"RVA": 25867, "Type": "HIGHLOW"}, {"RVA": 25905, "Type": "HIGHLOW"}, {"RVA": 25912, "Type": "HIGHLOW"}, {"RVA": 25938, "Type": "HIGHLOW"}, {"RVA": 25945, "Type": "HIGHLOW"}, {"RVA": 25988, "Type": "HIGHLOW"}, {"RVA": 26150, "Type": "HIGHLOW"}, {"RVA": 26169, "Type": "HIGHLOW"}, {"RVA": 26187, "Type": "HIGHLOW"}, {"RVA": 26258, "Type": "HIGHLOW"}, {"RVA": 26282, "Type": "HIGHLOW"}, {"RVA": 26292, "Type": "HIGHLOW"}, {"RVA": 26319, "Type": "HIGHLOW"}, {"RVA": 26327, "Type": "HIGHLOW"}, {"RVA": 26333, "Type": "HIGHLOW"}, {"RVA": 26347, "Type": "HIGHLOW"}, {"RVA": 26399, "Type": "HIGHLOW"}, {"RVA": 26412, "Type": "HIGHLOW"}, {"RVA": 26433, "Type": "HIGHLOW"}, {"RVA": 26482, "Type": "HIGHLOW"}, {"RVA": 26511, "Type": "HIGHLOW"}, {"RVA": 26587, "Type": "HIGHLOW"}, {"RVA": 26633, "Type": "HIGHLOW"}, {"RVA": 27001, "Type": "HIGHLOW"}, {"RVA": 27014, "Type": "HIGHLOW"}, {"RVA": 27023, "Type": "HIGHLOW"}, {"RVA": 27090, "Type": "HIGHLOW"}, {"RVA": 27105, "Type": "HIGHLOW"}, {"RVA": 27161, "Type": "HIGHLOW"}, {"RVA": 27171, "Type": "HIGHLOW"}, {"RVA": 27236, "Type": "HIGHLOW"}, {"RVA": 27247, "Type": "HIGHLOW"}, {"RVA": 27257, "Type": "HIGHLOW"}, {"RVA": 27274, "Type": "HIGHLOW"}, {"RVA": 27285, "Type": "HIGHLOW"}, {"RVA": 27733, "Type": "HIGHLOW"}, {"RVA": 27750, "Type": "HIGHLOW"}, {"RVA": 27758, "Type": "HIGHLOW"}, {"RVA": 27764, "Type": "HIGHLOW"}, {"RVA": 27769, "Type": "HIGHLOW"}, {"RVA": 27775, "Type": "HIGHLOW"}, {"RVA": 27883, "Type": "HIGHLOW"}, {"RVA": 27889, "Type": "HIGHLOW"}, {"RVA": 27917, "Type": "HIGHLOW"}, {"RVA": 27957, "Type": "HIGHLOW"}, {"RVA": 28033, "Type": "HIGHLOW"}, {"RVA": 28045, "Type": "HIGHLOW"}, {"RVA": 28071, "Type": "HIGHLOW"}, {"RVA": 28109, "Type": "HIGHLOW"}, {"RVA": 28115, "Type": "HIGHLOW"}, {"RVA": 28157, "Type": "HIGHLOW"}, {"RVA": 28226, "Type": "HIGHLOW"}, {"RVA": 28233, "Type": "HIGHLOW"}, {"RVA": 28254, "Type": "HIGHLOW"}, {"RVA": 28325, "Type": "HIGHLOW"}, {"RVA": 28335, "Type": "HIGHLOW"}, {"RVA": 28378, "Type": "HIGHLOW"}, {"RVA": 28402, "Type": "HIGHLOW"}, {"RVA": 28432, "Type": "HIGHLOW"}, {"RVA": 28468, "Type": "HIGHLOW"}, {"RVA": 28516, "Type": "HIGHLOW"}, {"RVA": 28534, "Type": "HIGHLOW"}, {"RVA": 28580, "Type": "HIGHLOW"}, {"RVA": 28615, "Type": "HIGHLOW"}, {"RVA": 28621, "Type": "HIGHLOW"}, {"RVA": 28641, "Type": "HIGHLOW"}, {"RVA": 28646, "Type": "HIGHLOW"}], [{"SizeOfBlock": {"FileOffset": 423644, "Value": 280, "Offset": 4}, "VirtualAddress": {"FileOffset": 423640, "Value": 28672, "Offset": 0}, "Structure": "IMAGE_BASE_RELOCATION"}, {"RVA": 28679, "Type": "HIGHLOW"}, {"RVA": 28684, "Type": "HIGHLOW"}, {"RVA": 28717, "Type": "HIGHLOW"}, {"RVA": 28724, "Type": "HIGHLOW"}, {"RVA": 28736, "Type": "HIGHLOW"}, {"RVA": 28742, "Type": "HIGHLOW"}, {"RVA": 28754, "Type": "HIGHLOW"}, {"RVA": 28760, "Type": "HIGHLOW"}, {"RVA": 28769, "Type": "HIGHLOW"}, {"RVA": 28775, "Type": "HIGHLOW"}, {"RVA": 28784, "Type": "HIGHLOW"}, {"RVA": 28796, "Type": "HIGHLOW"}, {"RVA": 28802, "Type": "HIGHLOW"}, {"RVA": 28810, "Type": "HIGHLOW"}, {"RVA": 28816, "Type": "HIGHLOW"}, {"RVA": 28828, "Type": "HIGHLOW"}, {"RVA": 28834, "Type": "HIGHLOW"}, {"RVA": 28847, "Type": "HIGHLOW"}, {"RVA": 28857, "Type": "HIGHLOW"}, {"RVA": 28863, "Type": "HIGHLOW"}, {"RVA": 28873, "Type": "HIGHLOW"}, {"RVA": 28907, "Type": "HIGHLOW"}, {"RVA": 28928, "Type": "HIGHLOW"}, {"RVA": 28966, "Type": "HIGHLOW"}, {"RVA": 29030, "Type": "HIGHLOW"}, {"RVA": 29036, "Type": "HIGHLOW"}, {"RVA": 29078, "Type": "HIGHLOW"}, {"RVA": 29084, "Type": "HIGHLOW"}, {"RVA": 29090, "Type": "HIGHLOW"}, {"RVA": 29112, "Type": "HIGHLOW"}, {"RVA": 29136, "Type": "HIGHLOW"}, {"RVA": 29174, "Type": "HIGHLOW"}, {"RVA": 29296, "Type": "HIGHLOW"}, {"RVA": 29331, "Type": "HIGHLOW"}, {"RVA": 29341, "Type": "HIGHLOW"}, {"RVA": 29397, "Type": "HIGHLOW"}, {"RVA": 29405, "Type": "HIGHLOW"}, {"RVA": 29478, "Type": "HIGHLOW"}, {"RVA": 29484, "Type": "HIGHLOW"}, {"RVA": 29506, "Type": "HIGHLOW"}, {"RVA": 29511, "Type": "HIGHLOW"}, {"RVA": 29519, "Type": "HIGHLOW"}, {"RVA": 29525, "Type": "HIGHLOW"}, {"RVA": 29532, "Type": "HIGHLOW"}, {"RVA": 29538, "Type": "HIGHLOW"}, {"RVA": 29545, "Type": "HIGHLOW"}, {"RVA": 29551, "Type": "HIGHLOW"}, {"RVA": 29559, "Type": "HIGHLOW"}, {"RVA": 29566, "Type": "HIGHLOW"}, {"RVA": 29571, "Type": "HIGHLOW"}, {"RVA": 29579, "Type": "HIGHLOW"}, {"RVA": 29588, "Type": "HIGHLOW"}, {"RVA": 29600, "Type": "HIGHLOW"}, {"RVA": 29605, "Type": "HIGHLOW"}, {"RVA": 29610, "Type": "HIGHLOW"}, {"RVA": 29616, "Type": "HIGHLOW"}, {"RVA": 29620, "Type": "HIGHLOW"}, {"RVA": 29626, "Type": "HIGHLOW"}, {"RVA": 29631, "Type": "HIGHLOW"}, {"RVA": 29637, "Type": "HIGHLOW"}, {"RVA": 29642, "Type": "HIGHLOW"}, {"RVA": 29657, "Type": "HIGHLOW"}, {"RVA": 29679, "Type": "HIGHLOW"}, {"RVA": 29685, "Type": "HIGHLOW"}, {"RVA": 29693, "Type": "HIGHLOW"}, {"RVA": 29698, "Type": "HIGHLOW"}, {"RVA": 29706, "Type": "HIGHLOW"}, {"RVA": 29711, "Type": "HIGHLOW"}, {"RVA": 29719, "Type": "HIGHLOW"}, {"RVA": 29724, "Type": "HIGHLOW"}, {"RVA": 29731, "Type": "HIGHLOW"}, {"RVA": 29746, "Type": "HIGHLOW"}, {"RVA": 29751, "Type": "HIGHLOW"}, {"RVA": 29757, "Type": "HIGHLOW"}, {"RVA": 29766, "Type": "HIGHLOW"}, {"RVA": 29798, "Type": "HIGHLOW"}, {"RVA": 29804, "Type": "HIGHLOW"}, {"RVA": 29828, "Type": "HIGHLOW"}, {"RVA": 29864, "Type": "HIGHLOW"}, {"RVA": 29876, "Type": "HIGHLOW"}, {"RVA": 29892, "Type": "HIGHLOW"}, {"RVA": 29927, "Type": "HIGHLOW"}, {"RVA": 29940, "Type": "HIGHLOW"}, {"RVA": 29952, "Type": "HIGHLOW"}, {"RVA": 29960, "Type": "HIGHLOW"}, {"RVA": 29968, "Type": "HIGHLOW"}, {"RVA": 29980, "Type": "HIGHLOW"}, {"RVA": 30021, "Type": "HIGHLOW"}, {"RVA": 30029, "Type": "HIGHLOW"}, {"RVA": 30040, "Type": "HIGHLOW"}, {"RVA": 30286, "Type": "HIGHLOW"}, {"RVA": 30318, "Type": "HIGHLOW"}, {"RVA": 30323, "Type": "HIGHLOW"}, {"RVA": 30562, "Type": "HIGHLOW"}, {"RVA": 30571, "Type": "HIGHLOW"}, {"RVA": 30583, "Type": "HIGHLOW"}, {"RVA": 30638, "Type": "HIGHLOW"}, {"RVA": 30647, "Type": "HIGHLOW"}, {"RVA": 30659, "Type": "HIGHLOW"}, {"RVA": 30716, "Type": "HIGHLOW"}, {"RVA": 30725, "Type": "HIGHLOW"}, {"RVA": 30737, "Type": "HIGHLOW"}, {"RVA": 30798, "Type": "HIGHLOW"}, {"RVA": 30804, "Type": "HIGHLOW"}, {"RVA": 30817, "Type": "HIGHLOW"}, {"RVA": 30824, "Type": "HIGHLOW"}, {"RVA": 30834, "Type": "HIGHLOW"}, {"RVA": 30852, "Type": "HIGHLOW"}, {"RVA": 30875, "Type": "HIGHLOW"}, {"RVA": 30889, "Type": "HIGHLOW"}, {"RVA": 30895, "Type": "HIGHLOW"}, {"RVA": 30930, "Type": "HIGHLOW"}, {"RVA": 30937, "Type": "HIGHLOW"}, {"RVA": 30962, "Type": "HIGHLOW"}, {"RVA": 30982, "Type": "HIGHLOW"}, {"RVA": 30988, "Type": "HIGHLOW"}, {"RVA": 30997, "Type": "HIGHLOW"}, {"RVA": 31016, "Type": "HIGHLOW"}, {"RVA": 31052, "Type": "HIGHLOW"}, {"RVA": 31116, "Type": "HIGHLOW"}, {"RVA": 31200, "Type": "HIGHLOW"}, {"RVA": 31232, "Type": "HIGHLOW"}, {"RVA": 31307, "Type": "HIGHLOW"}, {"RVA": 31320, "Type": "HIGHLOW"}, {"RVA": 31345, "Type": "HIGHLOW"}, {"RVA": 31375, "Type": "HIGHLOW"}, {"RVA": 31435, "Type": "HIGHLOW"}, {"RVA": 31475, "Type": "HIGHLOW"}, {"RVA": 31622, "Type": "HIGHLOW"}, {"RVA": 31717, "Type": "HIGHLOW"}, {"RVA": 31880, "Type": "HIGHLOW"}, {"RVA": 31912, "Type": "HIGHLOW"}, {"RVA": 32152, "Type": "HIGHLOW"}, {"RVA": 32193, "Type": "HIGHLOW"}, {"RVA": 32282, "Type": "HIGHLOW"}, {"RVA": 32648, "Type": "HIGHLOW"}], [{"SizeOfBlock": {"FileOffset": 423924, "Value": 156, "Offset": 4}, "VirtualAddress": {"FileOffset": 423920, "Value": 32768, "Offset": 0}, "Structure": "IMAGE_BASE_RELOCATION"}, {"RVA": 32866, "Type": "HIGHLOW"}, {"RVA": 33074, "Type": "HIGHLOW"}, {"RVA": 33123, "Type": "HIGHLOW"}, {"RVA": 33145, "Type": "HIGHLOW"}, {"RVA": 33210, "Type": "HIGHLOW"}, {"RVA": 33241, "Type": "HIGHLOW"}, {"RVA": 33398, "Type": "HIGHLOW"}, {"RVA": 33448, "Type": "HIGHLOW"}, {"RVA": 33488, "Type": "HIGHLOW"}, {"RVA": 33614, "Type": "HIGHLOW"}, {"RVA": 33714, "Type": "HIGHLOW"}, {"RVA": 33749, "Type": "HIGHLOW"}, {"RVA": 33864, "Type": "HIGHLOW"}, {"RVA": 33925, "Type": "HIGHLOW"}, {"RVA": 33948, "Type": "HIGHLOW"}, {"RVA": 34316, "Type": "HIGHLOW"}, {"RVA": 34333, "Type": "HIGHLOW"}, {"RVA": 34391, "Type": "HIGHLOW"}, {"RVA": 34404, "Type": "HIGHLOW"}, {"RVA": 34414, "Type": "HIGHLOW"}, {"RVA": 34428, "Type": "HIGHLOW"}, {"RVA": 34437, "Type": "HIGHLOW"}, {"RVA": 34447, "Type": "HIGHLOW"}, {"RVA": 34499, "Type": "HIGHLOW"}, {"RVA": 34510, "Type": "HIGHLOW"}, {"RVA": 34520, "Type": "HIGHLOW"}, {"RVA": 34545, "Type": "HIGHLOW"}, {"RVA": 34555, "Type": "HIGHLOW"}, {"RVA": 34574, "Type": "HIGHLOW"}, {"RVA": 34610, "Type": "HIGHLOW"}, {"RVA": 34665, "Type": "HIGHLOW"}, {"RVA": 34718, "Type": "HIGHLOW"}, {"RVA": 34737, "Type": "HIGHLOW"}, {"RVA": 34849, "Type": "HIGHLOW"}, {"RVA": 34878, "Type": "HIGHLOW"}, {"RVA": 34951, "Type": "HIGHLOW"}, {"RVA": 35062, "Type": "HIGHLOW"}, {"RVA": 35093, "Type": "HIGHLOW"}, {"RVA": 35210, "Type": "HIGHLOW"}, {"RVA": 35222, "Type": "HIGHLOW"}, {"RVA": 35241, "Type": "HIGHLOW"}, {"RVA": 35259, "Type": "HIGHLOW"}, {"RVA": 35286, "Type": "HIGHLOW"}, {"RVA": 35294, "Type": "HIGHLOW"}, {"RVA": 35302, "Type": "HIGHLOW"}, {"RVA": 35325, "Type": "HIGHLOW"}, {"RVA": 35350, "Type": "HIGHLOW"}, {"RVA": 35378, "Type": "HIGHLOW"}, {"RVA": 35387, "Type": "HIGHLOW"}, {"RVA": 35393, "Type": "HIGHLOW"}, {"RVA": 35402, "Type": "HIGHLOW"}, {"RVA": 35407, "Type": "HIGHLOW"}, {"RVA": 35422, "Type": "HIGHLOW"}, {"RVA": 35461, "Type": "HIGHLOW"}, {"RVA": 35502, "Type": "HIGHLOW"}, {"RVA": 35519, "Type": "HIGHLOW"}, {"RVA": 35539, "Type": "HIGHLOW"}, {"RVA": 35615, "Type": "HIGHLOW"}, {"RVA": 35694, "Type": "HIGHLOW"}, {"RVA": 35766, "Type": "HIGHLOW"}, {"RVA": 35850, "Type": "HIGHLOW"}, {"RVA": 36045, "Type": "HIGHLOW"}, {"RVA": 36091, "Type": "HIGHLOW"}, {"RVA": 36211, "Type": "HIGHLOW"}, {"RVA": 36237, "Type": "HIGHLOW"}, {"RVA": 36254, "Type": "HIGHLOW"}, {"RVA": 36311, "Type": "HIGHLOW"}, {"RVA": 36363, "Type": "HIGHLOW"}, {"RVA": 36369, "Type": "HIGHLOW"}, {"RVA": 36375, "Type": "HIGHLOW"}, {"RVA": 36391, "Type": "HIGHLOW"}, {"RVA": 36402, "Type": "HIGHLOW"}, {"RVA": 36678, "Type": "HIGHLOW"}, {"RVA": 36708, "Type": "HIGHLOW"}], [{"SizeOfBlock": {"FileOffset": 424080, "Value": 84, "Offset": 4}, "VirtualAddress": {"FileOffset": 424076, "Value": 36864, "Offset": 0}, "Structure": "IMAGE_BASE_RELOCATION"}, {"RVA": 37056, "Type": "HIGHLOW"}, {"RVA": 37149, "Type": "HIGHLOW"}, {"RVA": 37182, "Type": "HIGHLOW"}, {"RVA": 37191, "Type": "HIGHLOW"}, {"RVA": 37230, "Type": "HIGHLOW"}, {"RVA": 37243, "Type": "HIGHLOW"}, {"RVA": 37248, "Type": "HIGHLOW"}, {"RVA": 37262, "Type": "HIGHLOW"}, {"RVA": 37456, "Type": "HIGHLOW"}, {"RVA": 37566, "Type": "HIGHLOW"}, {"RVA": 37768, "Type": "HIGHLOW"}, {"RVA": 37773, "Type": "HIGHLOW"}, {"RVA": 37791, "Type": "HIGHLOW"}, {"RVA": 37821, "Type": "HIGHLOW"}, {"RVA": 37841, "Type": "HIGHLOW"}, {"RVA": 37847, "Type": "HIGHLOW"}, {"RVA": 38368, "Type": "HIGHLOW"}, {"RVA": 38496, "Type": "HIGHLOW"}, {"RVA": 38603, "Type": "HIGHLOW"}, {"RVA": 38622, "Type": "HIGHLOW"}, {"RVA": 38653, "Type": "HIGHLOW"}, {"RVA": 38671, "Type": "HIGHLOW"}, {"RVA": 38690, "Type": "HIGHLOW"}, {"RVA": 38708, "Type": "HIGHLOW"}, {"RVA": 38772, "Type": "HIGHLOW"}, {"RVA": 38804, "Type": "HIGHLOW"}, {"RVA": 39528, "Type": "HIGHLOW"}, {"RVA": 39562, "Type": "HIGHLOW"}, {"RVA": 39619, "Type": "HIGHLOW"}, {"RVA": 39658, "Type": "HIGHLOW"}, {"RVA": 39690, "Type": "HIGHLOW"}, {"RVA": 39700, "Type": "HIGHLOW"}, {"RVA": 39723, "Type": "HIGHLOW"}, {"RVA": 39760, "Type": "HIGHLOW"}, {"RVA": 39795, "Type": "HIGHLOW"}, {"RVA": 39968, "Type": "HIGHLOW"}, {"RVA": 40940, "Type": "HIGHLOW"}, {"RVA": 36864, "Type": "ABSOLUTE"}], [{"SizeOfBlock": {"FileOffset": 424164, "Value": 212, "Offset": 4}, "VirtualAddress": {"FileOffset": 424160, "Value": 40960, "Offset": 0}, "Structure": "IMAGE_BASE_RELOCATION"}, {"RVA": 41041, "Type": "HIGHLOW"}, {"RVA": 41053, "Type": "HIGHLOW"}, {"RVA": 41173, "Type": "HIGHLOW"}, {"RVA": 41199, "Type": "HIGHLOW"}, {"RVA": 41208, "Type": "HIGHLOW"}, {"RVA": 41505, "Type": "HIGHLOW"}, {"RVA": 41512, "Type": "HIGHLOW"}, {"RVA": 41876, "Type": "HIGHLOW"}, {"RVA": 41895, "Type": "HIGHLOW"}, {"RVA": 41912, "Type": "HIGHLOW"}, {"RVA": 41949, "Type": "HIGHLOW"}, {"RVA": 42008, "Type": "HIGHLOW"}, {"RVA": 42027, "Type": "HIGHLOW"}, {"RVA": 42051, "Type": "HIGHLOW"}, {"RVA": 42083, "Type": "HIGHLOW"}, {"RVA": 42166, "Type": "HIGHLOW"}, {"RVA": 42206, "Type": "HIGHLOW"}, {"RVA": 42231, "Type": "HIGHLOW"}, {"RVA": 42259, "Type": "HIGHLOW"}, {"RVA": 42304, "Type": "HIGHLOW"}, {"RVA": 42349, "Type": "HIGHLOW"}, {"RVA": 42360, "Type": "HIGHLOW"}, {"RVA": 42406, "Type": "HIGHLOW"}, {"RVA": 42420, "Type": "HIGHLOW"}, {"RVA": 42429, "Type": "HIGHLOW"}, {"RVA": 42493, "Type": "HIGHLOW"}, {"RVA": 42511, "Type": "HIGHLOW"}, {"RVA": 42571, "Type": "HIGHLOW"}, {"RVA": 42608, "Type": "HIGHLOW"}, {"RVA": 42621, "Type": "HIGHLOW"}, {"RVA": 42661, "Type": "HIGHLOW"}, {"RVA": 42711, "Type": "HIGHLOW"}, {"RVA": 42719, "Type": "HIGHLOW"}, {"RVA": 42781, "Type": "HIGHLOW"}, {"RVA": 42838, "Type": "HIGHLOW"}, {"RVA": 42880, "Type": "HIGHLOW"}, {"RVA": 42912, "Type": "HIGHLOW"}, {"RVA": 42966, "Type": "HIGHLOW"}, {"RVA": 42976, "Type": "HIGHLOW"}, {"RVA": 43055, "Type": "HIGHLOW"}, {"RVA": 43110, "Type": "HIGHLOW"}, {"RVA": 43116, "Type": "HIGHLOW"}, {"RVA": 43121, "Type": "HIGHLOW"}, {"RVA": 43135, "Type": "HIGHLOW"}, {"RVA": 43140, "Type": "HIGHLOW"}, {"RVA": 43145, "Type": "HIGHLOW"}, {"RVA": 43150, "Type": "HIGHLOW"}, {"RVA": 43166, "Type": "HIGHLOW"}, {"RVA": 43213, "Type": "HIGHLOW"}, {"RVA": 43219, "Type": "HIGHLOW"}, {"RVA": 43227, "Type": "HIGHLOW"}, {"RVA": 43298, "Type": "HIGHLOW"}, {"RVA": 43303, "Type": "HIGHLOW"}, {"RVA": 43361, "Type": "HIGHLOW"}, {"RVA": 43366, "Type": "HIGHLOW"}, {"RVA": 43373, "Type": "HIGHLOW"}, {"RVA": 43378, "Type": "HIGHLOW"}, {"RVA": 43385, "Type": "HIGHLOW"}, {"RVA": 43390, "Type": "HIGHLOW"}, {"RVA": 43404, "Type": "HIGHLOW"}, {"RVA": 43501, "Type": "HIGHLOW"}, {"RVA": 43510, "Type": "HIGHLOW"}, {"RVA": 43516, "Type": "HIGHLOW"}, {"RVA": 43652, "Type": "HIGHLOW"}, {"RVA": 43667, "Type": "HIGHLOW"}, {"RVA": 43682, "Type": "HIGHLOW"}, {"RVA": 43717, "Type": "HIGHLOW"}, {"RVA": 43728, "Type": "HIGHLOW"}, {"RVA": 43734, "Type": "HIGHLOW"}, {"RVA": 43750, "Type": "HIGHLOW"}, {"RVA": 43755, "Type": "HIGHLOW"}, {"RVA": 43772, "Type": "HIGHLOW"}, {"RVA": 43780, "Type": "HIGHLOW"}, {"RVA": 43786, "Type": "HIGHLOW"}, {"RVA": 43796, "Type": "HIGHLOW"}, {"RVA": 43802, "Type": "HIGHLOW"}, {"RVA": 43812, "Type": "HIGHLOW"}, {"RVA": 43818, "Type": "HIGHLOW"}, {"RVA": 43828, "Type": "HIGHLOW"}, {"RVA": 43837, "Type": "HIGHLOW"}, {"RVA": 43848, "Type": "HIGHLOW"}, {"RVA": 43853, "Type": "HIGHLOW"}, {"RVA": 43862, "Type": "HIGHLOW"}, {"RVA": 43872, "Type": "HIGHLOW"}, {"RVA": 43883, "Type": "HIGHLOW"}, {"RVA": 43942, "Type": "HIGHLOW"}, {"RVA": 43968, "Type": "HIGHLOW"}, {"RVA": 43994, "Type": "HIGHLOW"}, {"RVA": 44481, "Type": "HIGHLOW"}, {"RVA": 44488, "Type": "HIGHLOW"}, {"RVA": 44494, "Type": "HIGHLOW"}, {"RVA": 44691, "Type": "HIGHLOW"}, {"RVA": 44697, "Type": "HIGHLOW"}, {"RVA": 44707, "Type": "HIGHLOW"}, {"RVA": 44817, "Type": "HIGHLOW"}, {"RVA": 44823, "Type": "HIGHLOW"}, {"RVA": 44835, "Type": "HIGHLOW"}, {"RVA": 44890, "Type": "HIGHLOW"}, {"RVA": 44914, "Type": "HIGHLOW"}, {"RVA": 44939, "Type": "HIGHLOW"}, {"RVA": 44952, "Type": "HIGHLOW"}, {"RVA": 44983, "Type": "HIGHLOW"}], [{"SizeOfBlock": {"FileOffset": 424376, "Value": 96, "Offset": 4}, "VirtualAddress": {"FileOffset": 424372, "Value": 45056, "Offset": 0}, "Structure": "IMAGE_BASE_RELOCATION"}, {"RVA": 45092, "Type": "HIGHLOW"}, {"RVA": 45165, "Type": "HIGHLOW"}, {"RVA": 45318, "Type": "HIGHLOW"}, {"RVA": 45526, "Type": "HIGHLOW"}, {"RVA": 45648, "Type": "HIGHLOW"}, {"RVA": 45683, "Type": "HIGHLOW"}, {"RVA": 45836, "Type": "HIGHLOW"}, {"RVA": 46839, "Type": "HIGHLOW"}, {"RVA": 46857, "Type": "HIGHLOW"}, {"RVA": 46875, "Type": "HIGHLOW"}, {"RVA": 46893, "Type": "HIGHLOW"}, {"RVA": 46911, "Type": "HIGHLOW"}, {"RVA": 46949, "Type": "HIGHLOW"}, {"RVA": 46967, "Type": "HIGHLOW"}, {"RVA": 46985, "Type": "HIGHLOW"}, {"RVA": 47003, "Type": "HIGHLOW"}, {"RVA": 47021, "Type": "HIGHLOW"}, {"RVA": 47039, "Type": "HIGHLOW"}, {"RVA": 47057, "Type": "HIGHLOW"}, {"RVA": 47075, "Type": "HIGHLOW"}, {"RVA": 47093, "Type": "HIGHLOW"}, {"RVA": 47111, "Type": "HIGHLOW"}, {"RVA": 47129, "Type": "HIGHLOW"}, {"RVA": 47147, "Type": "HIGHLOW"}, {"RVA": 47165, "Type": "HIGHLOW"}, {"RVA": 47380, "Type": "HIGHLOW"}, {"RVA": 47385, "Type": "HIGHLOW"}, {"RVA": 47499, "Type": "HIGHLOW"}, {"RVA": 47506, "Type": "HIGHLOW"}, {"RVA": 47630, "Type": "HIGHLOW"}, {"RVA": 47637, "Type": "HIGHLOW"}, {"RVA": 47728, "Type": "HIGHLOW"}, {"RVA": 47773, "Type": "HIGHLOW"}, {"RVA": 47894, "Type": "HIGHLOW"}, {"RVA": 47943, "Type": "HIGHLOW"}, {"RVA": 48332, "Type": "HIGHLOW"}, {"RVA": 48514, "Type": "HIGHLOW"}, {"RVA": 48524, "Type": "HIGHLOW"}, {"RVA": 48704, "Type": "HIGHLOW"}, {"RVA": 48719, "Type": "HIGHLOW"}, {"RVA": 48838, "Type": "HIGHLOW"}, {"RVA": 48851, "Type": "HIGHLOW"}, {"RVA": 49064, "Type": "HIGHLOW"}, {"RVA": 49074, "Type": "HIGHLOW"}], [{"SizeOfBlock": {"FileOffset": 424472, "Value": 136, "Offset": 4}, "VirtualAddress": {"FileOffset": 424468, "Value": 49152, "Offset": 0}, "Structure": "IMAGE_BASE_RELOCATION"}, {"RVA": 49234, "Type": "HIGHLOW"}, {"RVA": 49342, "Type": "HIGHLOW"}, {"RVA": 49355, "Type": "HIGHLOW"}, {"RVA": 49387, "Type": "HIGHLOW"}, {"RVA": 49431, "Type": "HIGHLOW"}, {"RVA": 49632, "Type": "HIGHLOW"}, {"RVA": 49877, "Type": "HIGHLOW"}, {"RVA": 50266, "Type": "HIGHLOW"}, {"RVA": 50316, "Type": "HIGHLOW"}, {"RVA": 50340, "Type": "HIGHLOW"}, {"RVA": 50347, "Type": "HIGHLOW"}, {"RVA": 50355, "Type": "HIGHLOW"}, {"RVA": 50360, "Type": "HIGHLOW"}, {"RVA": 50364, "Type": "HIGHLOW"}, {"RVA": 50368, "Type": "HIGHLOW"}, {"RVA": 50409, "Type": "HIGHLOW"}, {"RVA": 50447, "Type": "HIGHLOW"}, {"RVA": 50477, "Type": "HIGHLOW"}, {"RVA": 50484, "Type": "HIGHLOW"}, {"RVA": 50488, "Type": "HIGHLOW"}, {"RVA": 50492, "Type": "HIGHLOW"}, {"RVA": 50496, "Type": "HIGHLOW"}, {"RVA": 50500, "Type": "HIGHLOW"}, {"RVA": 50504, "Type": "HIGHLOW"}, {"RVA": 50508, "Type": "HIGHLOW"}, {"RVA": 50512, "Type": "HIGHLOW"}, {"RVA": 50586, "Type": "HIGHLOW"}, {"RVA": 50592, "Type": "HIGHLOW"}, {"RVA": 50596, "Type": "HIGHLOW"}, {"RVA": 50600, "Type": "HIGHLOW"}, {"RVA": 50604, "Type": "HIGHLOW"}, {"RVA": 50706, "Type": "HIGHLOW"}, {"RVA": 50717, "Type": "HIGHLOW"}, {"RVA": 50744, "Type": "HIGHLOW"}, {"RVA": 50751, "Type": "HIGHLOW"}, {"RVA": 50756, "Type": "HIGHLOW"}, {"RVA": 50760, "Type": "HIGHLOW"}, {"RVA": 50764, "Type": "HIGHLOW"}, {"RVA": 50797, "Type": "HIGHLOW"}, {"RVA": 50839, "Type": "HIGHLOW"}, {"RVA": 50889, "Type": "HIGHLOW"}, {"RVA": 50896, "Type": "HIGHLOW"}, {"RVA": 50900, "Type": "HIGHLOW"}, {"RVA": 50904, "Type": "HIGHLOW"}, {"RVA": 50908, "Type": "HIGHLOW"}, {"RVA": 50912, "Type": "HIGHLOW"}, {"RVA": 50916, "Type": "HIGHLOW"}, {"RVA": 50920, "Type": "HIGHLOW"}, {"RVA": 50924, "Type": "HIGHLOW"}, {"RVA": 50998, "Type": "HIGHLOW"}, {"RVA": 51004, "Type": "HIGHLOW"}, {"RVA": 51008, "Type": "HIGHLOW"}, {"RVA": 51012, "Type": "HIGHLOW"}, {"RVA": 51016, "Type": "HIGHLOW"}, {"RVA": 51187, "Type": "HIGHLOW"}, {"RVA": 51234, "Type": "HIGHLOW"}, {"RVA": 51240, "Type": "HIGHLOW"}, {"RVA": 51245, "Type": "HIGHLOW"}, {"RVA": 51251, "Type": "HIGHLOW"}, {"RVA": 51268, "Type": "HIGHLOW"}, {"RVA": 51974, "Type": "HIGHLOW"}, {"RVA": 51980, "Type": "HIGHLOW"}, {"RVA": 51984, "Type": "HIGHLOW"}, {"RVA": 51989, "Type": "HIGHLOW"}], [{"SizeOfBlock": {"FileOffset": 424608, "Value": 88, "Offset": 4}, "VirtualAddress": {"FileOffset": 424604, "Value": 53248, "Offset": 0}, "Structure": "IMAGE_BASE_RELOCATION"}, {"RVA": 53712, "Type": "HIGHLOW"}, {"RVA": 53716, "Type": "HIGHLOW"}, {"RVA": 53720, "Type": "HIGHLOW"}, {"RVA": 53724, "Type": "HIGHLOW"}, {"RVA": 53728, "Type": "HIGHLOW"}, {"RVA": 53740, "Type": "HIGHLOW"}, {"RVA": 53744, "Type": "HIGHLOW"}, {"RVA": 53788, "Type": "HIGHLOW"}, {"RVA": 53792, "Type": "HIGHLOW"}, {"RVA": 53796, "Type": "HIGHLOW"}, {"RVA": 53816, "Type": "HIGHLOW"}, {"RVA": 53820, "Type": "HIGHLOW"}, {"RVA": 53824, "Type": "HIGHLOW"}, {"RVA": 53828, "Type": "HIGHLOW"}, {"RVA": 53832, "Type": "HIGHLOW"}, {"RVA": 53856, "Type": "HIGHLOW"}, {"RVA": 53860, "Type": "HIGHLOW"}, {"RVA": 56268, "Type": "HIGHLOW"}, {"RVA": 56276, "Type": "HIGHLOW"}, {"RVA": 56284, "Type": "HIGHLOW"}, {"RVA": 56292, "Type": "HIGHLOW"}, {"RVA": 56300, "Type": "HIGHLOW"}, {"RVA": 56308, "Type": "HIGHLOW"}, {"RVA": 56316, "Type": "HIGHLOW"}, {"RVA": 56324, "Type": "HIGHLOW"}, {"RVA": 56332, "Type": "HIGHLOW"}, {"RVA": 56340, "Type": "HIGHLOW"}, {"RVA": 56348, "Type": "HIGHLOW"}, {"RVA": 56356, "Type": "HIGHLOW"}, {"RVA": 56364, "Type": "HIGHLOW"}, {"RVA": 56372, "Type": "HIGHLOW"}, {"RVA": 56380, "Type": "HIGHLOW"}, {"RVA": 56388, "Type": "HIGHLOW"}, {"RVA": 56396, "Type": "HIGHLOW"}, {"RVA": 56404, "Type": "HIGHLOW"}, {"RVA": 56412, "Type": "HIGHLOW"}, {"RVA": 56420, "Type": "HIGHLOW"}, {"RVA": 56428, "Type": "HIGHLOW"}, {"RVA": 56436, "Type": "HIGHLOW"}, {"RVA": 53248, "Type": "ABSOLUTE"}], [{"SizeOfBlock": {"FileOffset": 424696, "Value": 204, "Offset": 4}, "VirtualAddress": {"FileOffset": 424692, "Value": 57344, "Offset": 0}, "Structure": "IMAGE_BASE_RELOCATION"}, {"RVA": 59512, "Type": "HIGHLOW"}, {"RVA": 59516, "Type": "HIGHLOW"}, {"RVA": 59520, "Type": "HIGHLOW"}, {"RVA": 59524, "Type": "HIGHLOW"}, {"RVA": 59528, "Type": "HIGHLOW"}, {"RVA": 59532, "Type": "HIGHLOW"}, {"RVA": 59536, "Type": "HIGHLOW"}, {"RVA": 59540, "Type": "HIGHLOW"}, {"RVA": 59544, "Type": "HIGHLOW"}, {"RVA": 59548, "Type": "HIGHLOW"}, {"RVA": 59552, "Type": "HIGHLOW"}, {"RVA": 59556, "Type": "HIGHLOW"}, {"RVA": 59560, "Type": "HIGHLOW"}, {"RVA": 59564, "Type": "HIGHLOW"}, {"RVA": 59568, "Type": "HIGHLOW"}, {"RVA": 59572, "Type": "HIGHLOW"}, {"RVA": 59576, "Type": "HIGHLOW"}, {"RVA": 59580, "Type": "HIGHLOW"}, {"RVA": 59584, "Type": "HIGHLOW"}, {"RVA": 59588, "Type": "HIGHLOW"}, {"RVA": 59592, "Type": "HIGHLOW"}, {"RVA": 59596, "Type": "HIGHLOW"}, {"RVA": 59600, "Type": "HIGHLOW"}, {"RVA": 59604, "Type": "HIGHLOW"}, {"RVA": 59608, "Type": "HIGHLOW"}, {"RVA": 59612, "Type": "HIGHLOW"}, {"RVA": 59616, "Type": "HIGHLOW"}, {"RVA": 59620, "Type": "HIGHLOW"}, {"RVA": 59624, "Type": "HIGHLOW"}, {"RVA": 59628, "Type": "HIGHLOW"}, {"RVA": 59632, "Type": "HIGHLOW"}, {"RVA": 59636, "Type": "HIGHLOW"}, {"RVA": 59640, "Type": "HIGHLOW"}, {"RVA": 59644, "Type": "HIGHLOW"}, {"RVA": 59648, "Type": "HIGHLOW"}, {"RVA": 59652, "Type": "HIGHLOW"}, {"RVA": 59656, "Type": "HIGHLOW"}, {"RVA": 59660, "Type": "HIGHLOW"}, {"RVA": 59664, "Type": "HIGHLOW"}, {"RVA": 59668, "Type": "HIGHLOW"}, {"RVA": 59672, "Type": "HIGHLOW"}, {"RVA": 59676, "Type": "HIGHLOW"}, {"RVA": 59680, "Type": "HIGHLOW"}, {"RVA": 59684, "Type": "HIGHLOW"}, {"RVA": 59688, "Type": "HIGHLOW"}, {"RVA": 59692, "Type": "HIGHLOW"}, {"RVA": 59696, "Type": "HIGHLOW"}, {"RVA": 59700, "Type": "HIGHLOW"}, {"RVA": 59704, "Type": "HIGHLOW"}, {"RVA": 59708, "Type": "HIGHLOW"}, {"RVA": 59712, "Type": "HIGHLOW"}, {"RVA": 59716, "Type": "HIGHLOW"}, {"RVA": 59720, "Type": "HIGHLOW"}, {"RVA": 59724, "Type": "HIGHLOW"}, {"RVA": 59728, "Type": "HIGHLOW"}, {"RVA": 59732, "Type": "HIGHLOW"}, {"RVA": 59736, "Type": "HIGHLOW"}, {"RVA": 59740, "Type": "HIGHLOW"}, {"RVA": 59744, "Type": "HIGHLOW"}, {"RVA": 59748, "Type": "HIGHLOW"}, {"RVA": 59752, "Type": "HIGHLOW"}, {"RVA": 59756, "Type": "HIGHLOW"}, {"RVA": 59760, "Type": "HIGHLOW"}, {"RVA": 59764, "Type": "HIGHLOW"}, {"RVA": 59768, "Type": "HIGHLOW"}, {"RVA": 59772, "Type": "HIGHLOW"}, {"RVA": 59776, "Type": "HIGHLOW"}, {"RVA": 59780, "Type": "HIGHLOW"}, {"RVA": 59784, "Type": "HIGHLOW"}, {"RVA": 59788, "Type": "HIGHLOW"}, {"RVA": 59792, "Type": "HIGHLOW"}, {"RVA": 59796, "Type": "HIGHLOW"}, {"RVA": 59800, "Type": "HIGHLOW"}, {"RVA": 59804, "Type": "HIGHLOW"}, {"RVA": 59808, "Type": "HIGHLOW"}, {"RVA": 59812, "Type": "HIGHLOW"}, {"RVA": 59816, "Type": "HIGHLOW"}, {"RVA": 59820, "Type": "HIGHLOW"}, {"RVA": 59824, "Type": "HIGHLOW"}, {"RVA": 59828, "Type": "HIGHLOW"}, {"RVA": 59832, "Type": "HIGHLOW"}, {"RVA": 59836, "Type": "HIGHLOW"}, {"RVA": 59840, "Type": "HIGHLOW"}, {"RVA": 59844, "Type": "HIGHLOW"}, {"RVA": 59848, "Type": "HIGHLOW"}, {"RVA": 59852, "Type": "HIGHLOW"}, {"RVA": 59856, "Type": "HIGHLOW"}, {"RVA": 59860, "Type": "HIGHLOW"}, {"RVA": 59864, "Type": "HIGHLOW"}, {"RVA": 59868, "Type": "HIGHLOW"}, {"RVA": 59872, "Type": "HIGHLOW"}, {"RVA": 59876, "Type": "HIGHLOW"}, {"RVA": 59880, "Type": "HIGHLOW"}, {"RVA": 59884, "Type": "HIGHLOW"}, {"RVA": 59888, "Type": "HIGHLOW"}, {"RVA": 59892, "Type": "HIGHLOW"}, {"RVA": 59896, "Type": "HIGHLOW"}, {"RVA": 57344, "Type": "ABSOLUTE"}], [{"SizeOfBlock": {"FileOffset": 424900, "Value": 136, "Offset": 4}, "VirtualAddress": {"FileOffset": 424896, "Value": 61440, "Offset": 0}, "Structure": "IMAGE_BASE_RELOCATION"}, {"RVA": 62788, "Type": "HIGHLOW"}, {"RVA": 62792, "Type": "HIGHLOW"}, {"RVA": 62872, "Type": "HIGHLOW"}, {"RVA": 62876, "Type": "HIGHLOW"}, {"RVA": 62892, "Type": "HIGHLOW"}, {"RVA": 62896, "Type": "HIGHLOW"}, {"RVA": 62900, "Type": "HIGHLOW"}, {"RVA": 62908, "Type": "HIGHLOW"}, {"RVA": 62932, "Type": "HIGHLOW"}, {"RVA": 62936, "Type": "HIGHLOW"}, {"RVA": 62960, "Type": "HIGHLOW"}, {"RVA": 62976, "Type": "HIGHLOW"}, {"RVA": 62980, "Type": "HIGHLOW"}, {"RVA": 63000, "Type": "HIGHLOW"}, {"RVA": 63004, "Type": "HIGHLOW"}, {"RVA": 63020, "Type": "HIGHLOW"}, {"RVA": 63024, "Type": "HIGHLOW"}, {"RVA": 63040, "Type": "HIGHLOW"}, {"RVA": 63044, "Type": "HIGHLOW"}, {"RVA": 63052, "Type": "HIGHLOW"}, {"RVA": 63076, "Type": "HIGHLOW"}, {"RVA": 63124, "Type": "HIGHLOW"}, {"RVA": 63132, "Type": "HIGHLOW"}, {"RVA": 63140, "Type": "HIGHLOW"}, {"RVA": 63144, "Type": "HIGHLOW"}, {"RVA": 63152, "Type": "HIGHLOW"}, {"RVA": 63172, "Type": "HIGHLOW"}, {"RVA": 63180, "Type": "HIGHLOW"}, {"RVA": 63200, "Type": "HIGHLOW"}, {"RVA": 63232, "Type": "HIGHLOW"}, {"RVA": 63264, "Type": "HIGHLOW"}, {"RVA": 63296, "Type": "HIGHLOW"}, {"RVA": 63328, "Type": "HIGHLOW"}, {"RVA": 63356, "Type": "HIGHLOW"}, {"RVA": 63360, "Type": "HIGHLOW"}, {"RVA": 63392, "Type": "HIGHLOW"}, {"RVA": 63424, "Type": "HIGHLOW"}, {"RVA": 63456, "Type": "HIGHLOW"}, {"RVA": 63488, "Type": "HIGHLOW"}, {"RVA": 63500, "Type": "HIGHLOW"}, {"RVA": 63528, "Type": "HIGHLOW"}, {"RVA": 63560, "Type": "HIGHLOW"}, {"RVA": 63572, "Type": "HIGHLOW"}, {"RVA": 63600, "Type": "HIGHLOW"}, {"RVA": 63612, "Type": "HIGHLOW"}, {"RVA": 63640, "Type": "HIGHLOW"}, {"RVA": 63672, "Type": "HIGHLOW"}, {"RVA": 63704, "Type": "HIGHLOW"}, {"RVA": 63736, "Type": "HIGHLOW"}, {"RVA": 63768, "Type": "HIGHLOW"}, {"RVA": 63800, "Type": "HIGHLOW"}, {"RVA": 63832, "Type": "HIGHLOW"}, {"RVA": 63864, "Type": "HIGHLOW"}, {"RVA": 63892, "Type": "HIGHLOW"}, {"RVA": 63896, "Type": "HIGHLOW"}, {"RVA": 63928, "Type": "HIGHLOW"}, {"RVA": 63960, "Type": "HIGHLOW"}, {"RVA": 63992, "Type": "HIGHLOW"}, {"RVA": 64004, "Type": "HIGHLOW"}, {"RVA": 64032, "Type": "HIGHLOW"}, {"RVA": 64060, "Type": "HIGHLOW"}, {"RVA": 64064, "Type": "HIGHLOW"}, {"RVA": 64096, "Type": "HIGHLOW"}, {"RVA": 61440, "Type": "ABSOLUTE"}], [{"SizeOfBlock": {"FileOffset": 425036, "Value": 332, "Offset": 4}, "VirtualAddress": {"FileOffset": 425032, "Value": 69632, "Offset": 0}, "Structure": "IMAGE_BASE_RELOCATION"}, {"RVA": 69632, "Type": "HIGHLOW"}, {"RVA": 69660, "Type": "HIGHLOW"}, {"RVA": 69708, "Type": "HIGHLOW"}, {"RVA": 69732, "Type": "HIGHLOW"}, {"RVA": 69736, "Type": "HIGHLOW"}, {"RVA": 70112, "Type": "HIGHLOW"}, {"RVA": 70120, "Type": "HIGHLOW"}, {"RVA": 72184, "Type": "HIGHLOW"}, {"RVA": 72440, "Type": "HIGHLOW"}, {"RVA": 72444, "Type": "HIGHLOW"}, {"RVA": 72448, "Type": "HIGHLOW"}, {"RVA": 72452, "Type": "HIGHLOW"}, {"RVA": 72456, "Type": "HIGHLOW"}, {"RVA": 72460, "Type": "HIGHLOW"}, {"RVA": 72464, "Type": "HIGHLOW"}, {"RVA": 72468, "Type": "HIGHLOW"}, {"RVA": 72472, "Type": "HIGHLOW"}, {"RVA": 72476, "Type": "HIGHLOW"}, {"RVA": 72480, "Type": "HIGHLOW"}, {"RVA": 72484, "Type": "HIGHLOW"}, {"RVA": 72488, "Type": "HIGHLOW"}, {"RVA": 72492, "Type": "HIGHLOW"}, {"RVA": 72496, "Type": "HIGHLOW"}, {"RVA": 72500, "Type": "HIGHLOW"}, {"RVA": 72504, "Type": "HIGHLOW"}, {"RVA": 72508, "Type": "HIGHLOW"}, {"RVA": 72512, "Type": "HIGHLOW"}, {"RVA": 72516, "Type": "HIGHLOW"}, {"RVA": 72520, "Type": "HIGHLOW"}, {"RVA": 72524, "Type": "HIGHLOW"}, {"RVA": 72528, "Type": "HIGHLOW"}, {"RVA": 72532, "Type": "HIGHLOW"}, {"RVA": 72536, "Type": "HIGHLOW"}, {"RVA": 72540, "Type": "HIGHLOW"}, {"RVA": 72544, "Type": "HIGHLOW"}, {"RVA": 72548, "Type": "HIGHLOW"}, {"RVA": 72552, "Type": "HIGHLOW"}, {"RVA": 72556, "Type": "HIGHLOW"}, {"RVA": 72560, "Type": "HIGHLOW"}, {"RVA": 72564, "Type": "HIGHLOW"}, {"RVA": 72568, "Type": "HIGHLOW"}, {"RVA": 72572, "Type": "HIGHLOW"}, {"RVA": 72576, "Type": "HIGHLOW"}, {"RVA": 72580, "Type": "HIGHLOW"}, {"RVA": 72584, "Type": "HIGHLOW"}, {"RVA": 72588, "Type": "HIGHLOW"}, {"RVA": 72592, "Type": "HIGHLOW"}, {"RVA": 72596, "Type": "HIGHLOW"}, {"RVA": 72600, "Type": "HIGHLOW"}, {"RVA": 72604, "Type": "HIGHLOW"}, {"RVA": 72608, "Type": "HIGHLOW"}, {"RVA": 72624, "Type": "HIGHLOW"}, {"RVA": 72628, "Type": "HIGHLOW"}, {"RVA": 72632, "Type": "HIGHLOW"}, {"RVA": 72636, "Type": "HIGHLOW"}, {"RVA": 72640, "Type": "HIGHLOW"}, {"RVA": 72644, "Type": "HIGHLOW"}, {"RVA": 72648, "Type": "HIGHLOW"}, {"RVA": 72652, "Type": "HIGHLOW"}, {"RVA": 72656, "Type": "HIGHLOW"}, {"RVA": 72660, "Type": "HIGHLOW"}, {"RVA": 72664, "Type": "HIGHLOW"}, {"RVA": 72668, "Type": "HIGHLOW"}, {"RVA": 72672, "Type": "HIGHLOW"}, {"RVA": 72676, "Type": "HIGHLOW"}, {"RVA": 72680, "Type": "HIGHLOW"}, {"RVA": 72684, "Type": "HIGHLOW"}, {"RVA": 72688, "Type": "HIGHLOW"}, {"RVA": 72692, "Type": "HIGHLOW"}, {"RVA": 72696, "Type": "HIGHLOW"}, {"RVA": 72700, "Type": "HIGHLOW"}, {"RVA": 72704, "Type": "HIGHLOW"}, {"RVA": 72708, "Type": "HIGHLOW"}, {"RVA": 72712, "Type": "HIGHLOW"}, {"RVA": 72716, "Type": "HIGHLOW"}, {"RVA": 72720, "Type": "HIGHLOW"}, {"RVA": 72724, "Type": "HIGHLOW"}, {"RVA": 72728, "Type": "HIGHLOW"}, {"RVA": 72732, "Type": "HIGHLOW"}, {"RVA": 72736, "Type": "HIGHLOW"}, {"RVA": 72740, "Type": "HIGHLOW"}, {"RVA": 72744, "Type": "HIGHLOW"}, {"RVA": 72748, "Type": "HIGHLOW"}, {"RVA": 72752, "Type": "HIGHLOW"}, {"RVA": 72756, "Type": "HIGHLOW"}, {"RVA": 72760, "Type": "HIGHLOW"}, {"RVA": 72764, "Type": "HIGHLOW"}, {"RVA": 72768, "Type": "HIGHLOW"}, {"RVA": 72772, "Type": "HIGHLOW"}, {"RVA": 72776, "Type": "HIGHLOW"}, {"RVA": 72780, "Type": "HIGHLOW"}, {"RVA": 72784, "Type": "HIGHLOW"}, {"RVA": 72788, "Type": "HIGHLOW"}, {"RVA": 72792, "Type": "HIGHLOW"}, {"RVA": 72888, "Type": "HIGHLOW"}, {"RVA": 72904, "Type": "HIGHLOW"}, {"RVA": 72920, "Type": "HIGHLOW"}, {"RVA": 72936, "Type": "HIGHLOW"}, {"RVA": 72952, "Type": "HIGHLOW"}, {"RVA": 72988, "Type": "HIGHLOW"}, {"RVA": 73000, "Type": "HIGHLOW"}, {"RVA": 73004, "Type": "HIGHLOW"}, {"RVA": 73008, "Type": "HIGHLOW"}, {"RVA": 73012, "Type": "HIGHLOW"}, {"RVA": 73016, "Type": "HIGHLOW"}, {"RVA": 73020, "Type": "HIGHLOW"}, {"RVA": 73024, "Type": "HIGHLOW"}, {"RVA": 73028, "Type": "HIGHLOW"}, {"RVA": 73032, "Type": "HIGHLOW"}, {"RVA": 73036, "Type": "HIGHLOW"}, {"RVA": 73040, "Type": "HIGHLOW"}, {"RVA": 73044, "Type": "HIGHLOW"}, {"RVA": 73048, "Type": "HIGHLOW"}, {"RVA": 73052, "Type": "HIGHLOW"}, {"RVA": 73056, "Type": "HIGHLOW"}, {"RVA": 73060, "Type": "HIGHLOW"}, {"RVA": 73064, "Type": "HIGHLOW"}, {"RVA": 73088, "Type": "HIGHLOW"}, {"RVA": 73112, "Type": "HIGHLOW"}, {"RVA": 73116, "Type": "HIGHLOW"}, {"RVA": 73120, "Type": "HIGHLOW"}, {"RVA": 73124, "Type": "HIGHLOW"}, {"RVA": 73128, "Type": "HIGHLOW"}, {"RVA": 73132, "Type": "HIGHLOW"}, {"RVA": 73136, "Type": "HIGHLOW"}, {"RVA": 73140, "Type": "HIGHLOW"}, {"RVA": 73144, "Type": "HIGHLOW"}, {"RVA": 73148, "Type": "HIGHLOW"}, {"RVA": 73160, "Type": "HIGHLOW"}, {"RVA": 73164, "Type": "HIGHLOW"}, {"RVA": 73168, "Type": "HIGHLOW"}, {"RVA": 73172, "Type": "HIGHLOW"}, {"RVA": 73176, "Type": "HIGHLOW"}, {"RVA": 73180, "Type": "HIGHLOW"}, {"RVA": 73184, "Type": "HIGHLOW"}, {"RVA": 73188, "Type": "HIGHLOW"}, {"RVA": 73192, "Type": "HIGHLOW"}, {"RVA": 73196, "Type": "HIGHLOW"}, {"RVA": 73200, "Type": "HIGHLOW"}, {"RVA": 73504, "Type": "HIGHLOW"}, {"RVA": 73508, "Type": "HIGHLOW"}, {"RVA": 73512, "Type": "HIGHLOW"}, {"RVA": 73516, "Type": "HIGHLOW"}, {"RVA": 73520, "Type": "HIGHLOW"}, {"RVA": 73524, "Type": "HIGHLOW"}, {"RVA": 73528, "Type": "HIGHLOW"}, {"RVA": 73532, "Type": "HIGHLOW"}, {"RVA": 73536, "Type": "HIGHLOW"}, {"RVA": 73544, "Type": "HIGHLOW"}, {"RVA": 73552, "Type": "HIGHLOW"}, {"RVA": 73560, "Type": "HIGHLOW"}, {"RVA": 73568, "Type": "HIGHLOW"}, {"RVA": 73576, "Type": "HIGHLOW"}, {"RVA": 73584, "Type": "HIGHLOW"}, {"RVA": 73592, "Type": "HIGHLOW"}, {"RVA": 73600, "Type": "HIGHLOW"}, {"RVA": 73608, "Type": "HIGHLOW"}, {"RVA": 73616, "Type": "HIGHLOW"}, {"RVA": 73624, "Type": "HIGHLOW"}, {"RVA": 73632, "Type": "HIGHLOW"}, {"RVA": 73636, "Type": "HIGHLOW"}, {"RVA": 73640, "Type": "HIGHLOW"}]], "NT_HEADERS": {"Structure": "IMAGE_NT_HEADERS", "Signature": {"FileOffset": 232, "Value": 17744, "Offset": 0}}, "LOAD_CONFIG": {"TimeDateStamp": {"FileOffset": 58636, "Value": "0x0        [Thu Jan  1 00:00:00 1970 UTC]", "Offset": 4}, "ProcessHeapFlags": {"FileOffset": 58676, "Value": 0, "Offset": 44}, "CSDVersion": {"FileOffset": 58684, "Value": 0, "Offset": 52}, "GuardCFFunctionCount": {"FileOffset": 58716, "Value": 1632747921, "Offset": 84}, "SEHandlerCount": {"FileOffset": 58700, "Value": 3, "Offset": 68}, "GuardCFCheckFunctionPointer": {"FileOffset": 58704, "Value": 1396986706, "Offset": 72}, "GlobalFlagsClear": {"FileOffset": 58644, "Value": 0, "Offset": 12}, "ProcessAffinityMask": {"FileOffset": 58680, "Value": 0, "Offset": 48}, "VirtualMemoryThreshold": {"FileOffset": 58672, "Value": 0, "Offset": 40}, "LockPrefixTable": {"FileOffset": 58664, "Value": 0, "Offset": 32}, "MaximumAllocationSize": {"FileOffset": 58668, "Value": 0, "Offset": 36}, "Structure": "IMAGE_LOAD_CONFIG_DIRECTORY", "SEHandlerTable": {"FileOffset": 58696, "Value": 4257392, "Offset": 64}, "GuardCFFunctionTable": {"FileOffset": 58712, "Value": 1210673130, "Offset": 80}, "DeCommitFreeBlockThreshold": {"FileOffset": 58656, "Value": 0, "Offset": 24}, "MinorVersion": {"FileOffset": 58642, "Value": 0, "Offset": 10}, "MajorVersion": {"FileOffset": 58640, "Value": 0, "Offset": 8}, "Reserved1": {"FileOffset": 58686, "Value": 0, "Offset": 54}, "SecurityCookie": {"FileOffset": 58692, "Value": 4264004, "Offset": 60}, "GlobalFlagsSet": {"FileOffset": 58648, "Value": 0, "Offset": 16}, "CriticalSectionDefaultTimeout": {"FileOffset": 58652, "Value": 0, "Offset": 20}, "DeCommitTotalFreeThreshold": {"FileOffset": 58660, "Value": 0, "Offset": 28}, "Reserved2": {"FileOffset": 58708, "Value": 2217182331, "Offset": 76}, "EditList": {"FileOffset": 58688, "Value": 0, "Offset": 56}, "GuardFlags": {"FileOffset": 58720, "Value": 3791786717, "Offset": 88}, "Size": {"FileOffset": 58632, "Value": 72, "Offset": 0}}, "Flags": ["IMAGE_FILE_32BIT_MACHINE", "IMAGE_FILE_EXECUTABLE_IMAGE"], "Version Information": [{"ValueLength": {"FileOffset": 420962, "Value": 52, "Offset": 2}, "Length": {"FileOffset": 420960, "Value": 788, "Offset": 0}, "Type": {"FileOffset": 420964, "Value": 0, "Offset": 4}, "Structure": "VS_VERSIONINFO"}, {"FileFlagsMask": {"FileOffset": 421024, "Value": 63, "Offset": 24}, "FileType": {"FileOffset": 421036, "Value": 1, "Offset": 36}, "FileVersionMS": {"FileOffset": 421008, "Value": 131080, "Offset": 8}, "FileVersionLS": {"FileOffset": 421012, "Value": 6, "Offset": 12}, "Signature": {"FileOffset": 421000, "Value": 4277077181, "Offset": 0}, "FileSubtype": {"FileOffset": 421040, "Value": 0, "Offset": 40}, "FileFlags": {"FileOffset": 421028, "Value": 0, "Offset": 28}, "FileDateLS": {"FileOffset": 421048, "Value": 0, "Offset": 48}, "ProductVersionLS": {"FileOffset": 421020, "Value": 1, "Offset": 20}, "FileOS": {"FileOffset": 421032, "Value": 262148, "Offset": 32}, "ProductVersionMS": {"FileOffset": 421016, "Value": 65540, "Offset": 16}, "FileDateMS": {"FileOffset": 421044, "Value": 0, "Offset": 44}, "Structure": "VS_FIXEDFILEINFO", "StrucVersion": {"FileOffset": 421004, "Value": 65536, "Offset": 4}}], "Debug information": [{"MajorVersion": {"FileOffset": 49672, "Value": 0, "Offset": 8}, "PointerToRawData": {"FileOffset": 49688, "Value": 58704, "Offset": 24}, "MinorVersion": {"FileOffset": 49674, "Value": 0, "Offset": 10}, "TimeDateStamp": {"FileOffset": 49668, "Value": "0x521473A1 [Wed Aug 21 08:00:33 2013 UTC]", "Offset": 4}, "Characteristics": {"FileOffset": 49664, "Value": 0, "Offset": 0}, "Structure": "IMAGE_DEBUG_DIRECTORY", "Type": "IMAGE_DEBUG_TYPE_CODEVIEW", "SizeOfData": {"FileOffset": 49680, "Value": 60, "Offset": 16}, "AddressOfRawData": {"FileOffset": 49684, "Value": 62800, "Offset": 20}}], "Imported symbols": [[{"TimeDateStamp": {"FileOffset": 60008, "Value": "0x0        [Thu Jan  1 00:00:00 1970 UTC]", "Offset": 4}, "Name": {"FileOffset": 60016, "Value": 64994, "Offset": 12}, "ForwarderChain": {"FileOffset": 60012, "Value": 0, "Offset": 8}, "OriginalFirstThunk": {"FileOffset": 60004, "Value": 64208, "Offset": 0}, "FirstThunk": {"FileOffset": 60020, "Value": 53256, "Offset": 16}, "Characteristics": {"FileOffset": 60004, "Value": 64208, "Offset": 0}, "Structure": "IMAGE_IMPORT_DESCRIPTOR"}, {"Hint": 136, "Name": "CreateFileA", "DLL": "KERNEL32.dll"}, {"Hint": 496, "Name": "GetFileSize", "DLL": "KERNEL32.dll"}, {"Hint": 1126, "Name": "SetFilePointer", "DLL": "KERNEL32.dll"}, {"Hint": 863, "Name": "MoveFileExA", "DLL": "KERNEL32.dll"}, {"Hint": 354, "Name": "FreeLibrary", "DLL": "KERNEL32.dll"}, {"Hint": 702, "Name": "GlobalLock", "DLL": "KERNEL32.dll"}, {"Hint": 1317, "Name": "WriteFile", "DLL": "KERNEL32.dll"}, {"Hint": 390, "Name": "GetCommandLineA", "DLL": "KERNEL32.dll"}, {"Hint": 1202, "Name": "Sleep", "DLL": "KERNEL32.dll"}, {"Hint": 485, "Name": "GetFileAttributesA", "DLL": "KERNEL32.dll"}, {"Hint": 960, "Name": "ReadFile", "DLL": "KERNEL32.dll"}, {"Hint": 709, "Name": "GlobalUnlock", "DLL": "KERNEL32.dll"}, {"Hint": 514, "Name": "GetLastError", "DLL": "KERNEL32.dll"}, {"Hint": 581, "Name": "GetProcAddress", "DLL": "KERNEL32.dll"}, {"Hint": 828, "Name": "LoadLibraryA", "DLL": "KERNEL32.dll"}, {"Hint": 531, "Name": "GetModuleFileNameA", "DLL": "KERNEL32.dll"}, {"Hint": 155, "Name": "CreateMutexA", "DLL": "KERNEL32.dll"}, {"Hint": 82, "Name": "CloseHandle", "DLL": "KERNEL32.dll"}, {"Hint": 211, "Name": "DeleteFileA", "DLL": "KERNEL32.dll"}, {"Hint": 181, "Name": "CreateThread", "DLL": "KERNEL32.dll"}, {"Hint": 396, "Name": "GetComputerNameA", "DLL": "KERNEL32.dll"}, {"Hint": 586, "Name": "GetProcessHeap", "DLL": "KERNEL32.dll"}, {"Hint": 1107, "Name": "SetEndOfFile", "DLL": "KERNEL32.dll"}, {"Hint": 772, "Name": "IsProcessorFeaturePresent", "DLL": "KERNEL32.dll"}, {"Hint": 617, "Name": "GetStringTypeW", "DLL": "KERNEL32.dll"}, {"Hint": 813, "Name": "LCMapStringW", "DLL": "KERNEL32.dll"}, {"Hint": 1316, "Name": "WriteConsoleW", "DLL": "KERNEL32.dll"}, {"Hint": 722, "Name": "HeapReAlloc", "DLL": "KERNEL32.dll"}, {"Hint": 831, "Name": "LoadLibraryW", "DLL": "KERNEL32.dll"}, {"Hint": 343, "Name": "FlushFileBuffers", "DLL": "KERNEL32.dll"}, {"Hint": 1159, "Name": "SetStdHandle", "DLL": "KERNEL32.dll"}, {"Hint": 871, "Name": "MultiByteToWideChar", "DLL": "KERNEL32.dll"}, {"Hint": 778, "Name": "IsValidCodePage", "DLL": "KERNEL32.dll"}, {"Hint": 567, "Name": "GetOEMCP", "DLL": "KERNEL32.dll"}, {"Hint": 360, "Name": "GetACP", "DLL": "KERNEL32.dll"}, {"Hint": 370, "Name": "GetCPInfo", "DLL": "KERNEL32.dll"}, {"Hint": 428, "Name": "GetConsoleMode", "DLL": "KERNEL32.dll"}, {"Hint": 410, "Name": "GetConsoleCP", "DLL": "KERNEL32.dll"}, {"Hint": 724, "Name": "HeapSize", "DLL": "KERNEL32.dll"}, {"Hint": 633, "Name": "GetSystemTimeAsFileTime", "DLL": "KERNEL32.dll"}, {"Hint": 449, "Name": "GetCurrentProcessId", "DLL": "KERNEL32.dll"}, {"Hint": 281, "Name": "ExitProcess", "DLL": "KERNEL32.dll"}, {"Hint": 659, "Name": "GetTickCount", "DLL": "KERNEL32.dll"}, {"Hint": 935, "Name": "QueryPerformanceCounter", "DLL": "KERNEL32.dll"}, {"Hint": 723, "Name": "HeapSetInformation", "DLL": "KERNEL32.dll"}, {"Hint": 611, "Name": "GetStartupInfoW", "DLL": "KERNEL32.dll"}, {"Hint": 1216, "Name": "TerminateProcess", "DLL": "KERNEL32.dll"}, {"Hint": 448, "Name": "GetCurrentProcess", "DLL": "KERNEL32.dll"}, {"Hint": 1235, "Name": "UnhandledExceptionFilter", "DLL": "KERNEL32.dll"}, {"Hint": 1189, "Name": "SetUnhandledExceptionFilter", "DLL": "KERNEL32.dll"}, {"Hint": 768, "Name": "IsDebuggerPresent", "DLL": "KERNEL32.dll"}, {"Hint": 234, "Name": "EncodePointer", "DLL": "KERNEL32.dll"}, {"Hint": 202, "Name": "DecodePointer", "DLL": "KERNEL32.dll"}, {"Hint": 715, "Name": "HeapAlloc", "DLL": "KERNEL32.dll"}, {"Hint": 945, "Name": "RaiseException", "DLL": "KERNEL32.dll"}, {"Hint": 238, "Name": "EnterCriticalSection", "DLL": "KERNEL32.dll"}, {"Hint": 825, "Name": "LeaveCriticalSection", "DLL": "KERNEL32.dll"}, {"Hint": 739, "Name": "InitializeCriticalSectionAndSpinCount", "DLL": "KERNEL32.dll"}, {"Hint": 1048, "Name": "RtlUnwind", "DLL": "KERNEL32.dll"}, {"Hint": 719, "Name": "HeapFree", "DLL": "KERNEL32.dll"}, {"Hint": 536, "Name": "GetModuleHandleW", "DLL": "KERNEL32.dll"}, {"Hint": 612, "Name": "GetStdHandle", "DLL": "KERNEL32.dll"}, {"Hint": 532, "Name": "GetModuleFileNameW", "DLL": "KERNEL32.dll"}, {"Hint": 353, "Name": "FreeEnvironmentStringsW", "DLL": "KERNEL32.dll"}, {"Hint": 1297, "Name": "WideCharToMultiByte", "DLL": "KERNEL32.dll"}, {"Hint": 474, "Name": "GetEnvironmentStringsW", "DLL": "KERNEL32.dll"}, {"Hint": 1135, "Name": "SetHandleCount", "DLL": "KERNEL32.dll"}, {"Hint": 499, "Name": "GetFileType", "DLL": "KERNEL32.dll"}, {"Hint": 209, "Name": "DeleteCriticalSection", "DLL": "KERNEL32.dll"}, {"Hint": 1221, "Name": "TlsAlloc", "DLL": "KERNEL32.dll"}, {"Hint": 1223, "Name": "TlsGetValue", "DLL": "KERNEL32.dll"}, {"Hint": 1224, "Name": "TlsSetValue", "DLL": "KERNEL32.dll"}, {"Hint": 1222, "Name": "TlsFree", "DLL": "KERNEL32.dll"}, {"Hint": 751, "Name": "InterlockedIncrement", "DLL": "KERNEL32.dll"}, {"Hint": 1139, "Name": "SetLastError", "DLL": "KERNEL32.dll"}, {"Hint": 453, "Name": "GetCurrentThreadId", "DLL": "KERNEL32.dll"}, {"Hint": 747, "Name": "InterlockedDecrement", "DLL": "KERNEL32.dll"}, {"Hint": 717, "Name": "HeapCreate", "DLL": "KERNEL32.dll"}, {"Hint": 143, "Name": "CreateFileW", "DLL": "KERNEL32.dll"}], [{"TimeDateStamp": {"FileOffset": 60028, "Value": "0x0        [Thu Jan  1 00:00:00 1970 UTC]", "Offset": 4}, "Name": {"FileOffset": 60036, "Value": 65532, "Offset": 12}, "ForwarderChain": {"FileOffset": 60032, "Value": 0, "Offset": 8}, "OriginalFirstThunk": {"FileOffset": 60024, "Value": 64540, "Offset": 0}, "FirstThunk": {"FileOffset": 60040, "Value": 53588, "Offset": 16}, "Characteristics": {"FileOffset": 60024, "Value": 64540, "Offset": 0}, "Structure": "IMAGE_IMPORT_DESCRIPTOR"}, {"Hint": 418, "Name": "GetWindowTextLengthW", "DLL": "USER32.dll"}, {"Hint": 345, "Name": "GetMessageA", "DLL": "USER32.dll"}, {"Hint": 73, "Name": "CloseClipboard", "DLL": "USER32.dll"}, {"Hint": 412, "Name": "GetWindowRect", "DLL": "USER32.dll"}, {"Hint": 98, "Name": "CreateDialogParamA", "DLL": "USER32.dll"}, {"Hint": 567, "Name": "PostQuitMessage", "DLL": "USER32.dll"}, {"Hint": 366, "Name": "GetRawInputData", "DLL": "USER32.dll"}, {"Hint": 317, "Name": "GetKeyState", "DLL": "USER32.dll"}, {"Hint": 458, "Name": "IsClipboardFormatAvailable", "DLL": "USER32.dll"}, {"Hint": 764, "Name": "TranslateMessage", "DLL": "USER32.dll"}, {"Hint": 322, "Name": "GetKeyboardState", "DLL": "USER32.dll"}, {"Hint": 301, "Name": "GetForegroundWindow", "DLL": "USER32.dll"}, {"Hint": 517, "Name": "MapVirtualKeyA", "DLL": "USER32.dll"}, {"Hint": 278, "Name": "GetClipboardData", "DLL": "USER32.dll"}, {"Hint": 419, "Name": "GetWindowTextW", "DLL": "USER32.dll"}, {"Hint": 155, "Name": "DefWindowProcA", "DLL": "USER32.dll"}, {"Hint": 291, "Name": "GetDesktopWindow", "DLL": "USER32.dll"}, {"Hint": 710, "Name": "SetWindowPos", "DLL": "USER32.dll"}, {"Hint": 735, "Name": "ShowWindow", "DLL": "USER32.dll"}, {"Hint": 602, "Name": "RegisterRawInputDevices", "DLL": "USER32.dll"}, {"Hint": 174, "Name": "DispatchMessageA", "DLL": "USER32.dll"}, {"Hint": 316, "Name": "GetKeyNameTextW", "DLL": "USER32.dll"}, {"Hint": 550, "Name": "OpenClipboard", "DLL": "USER32.dll"}, {"Hint": 647, "Name": "SetClipboardViewer", "DLL": "USER32.dll"}, {"Hint": 420, "Name": "GetWindowThreadProcessId", "DLL": "USER32.dll"}, {"Hint": 756, "Name": "ToUnicodeEx", "DLL": "USER32.dll"}, {"Hint": 318, "Name": "GetKeyboardLayout", "DLL": "USER32.dll"}], [{"TimeDateStamp": {"FileOffset": 60048, "Value": "0x0        [Thu Jan  1 00:00:00 1970 UTC]", "Offset": 4}, "Name": {"FileOffset": 60056, "Value": 65560, "Offset": 12}, "ForwarderChain": {"FileOffset": 60052, "Value": 0, "Offset": 8}, "OriginalFirstThunk": {"FileOffset": 60044, "Value": 64200, "Offset": 0}, "FirstThunk": {"FileOffset": 60060, "Value": 53248, "Offset": 16}, "Characteristics": {"FileOffset": 60044, "Value": 64200, "Offset": 0}, "Structure": "IMAGE_IMPORT_DESCRIPTOR"}, {"Hint": 356, "Name": "GetUserNameA", "DLL": "ADVAPI32.dll"}], [{"TimeDateStamp": {"FileOffset": 60068, "Value": "0x0        [Thu Jan  1 00:00:00 1970 UTC]", "Offset": 4}, "Name": {"FileOffset": 60076, "Value": 65610, "Offset": 12}, "ForwarderChain": {"FileOffset": 60072, "Value": 0, "Offset": 8}, "OriginalFirstThunk": {"FileOffset": 60064, "Value": 64528, "Offset": 0}, "FirstThunk": {"FileOffset": 60080, "Value": 53576, "Offset": 16}, "Characteristics": {"FileOffset": 60064, "Value": 64528, "Offset": 0}, "Structure": "IMAGE_IMPORT_DESCRIPTOR"}, {"Hint": 191, "Name": "SHGetFolderPathA", "DLL": "SHELL32.dll"}, {"Hint": 286, "Name": "ShellExecuteA", "DLL": "SHELL32.dll"}]], "PE Sections": [{"PointerToRawData": {"FileOffset": 500, "Value": 1024, "Offset": 20}, "SHA1": "862ee0a15bd92fcf91c262df8c3bc152d8c53a66", "SHA256": "cbb3023f132963ae0b5848a8ba35dc3e4a32e6f1193fbdec9c07e483f6bcd67f", "Name": {"FileOffset": 480, "Value": ".text", "Offset": 0}, "NumberOfRelocations": {"FileOffset": 512, "Value": 0, "Offset": 32}, "Misc_VirtualSize": {"FileOffset": 488, "Value": 47902, "Offset": 8}, "Characteristics": {"FileOffset": 516, "Value": 1610612768, "Offset": 36}, "Misc": {"FileOffset": 488, "Value": 47902, "Offset": 8}, "PointerToLinenumbers": {"FileOffset": 508, "Value": 0, "Offset": 28}, "SizeOfRawData": {"FileOffset": 496, "Value": 48128, "Offset": 16}, "Misc_PhysicalAddress": {"FileOffset": 488, "Value": 47902, "Offset": 8}, "PointerToRelocations": {"FileOffset": 504, "Value": 0, "Offset": 24}, "Flags": ["IMAGE_SCN_MEM_EXECUTE", "IMAGE_SCN_CNT_CODE", "IMAGE_SCN_MEM_READ"], "SHA512": "e9ee064cb6a5770d890bd3190ffa775ccb712e28b319f63697a743519f3fd861afe4a498d566e7675f940019275168cdb20cf16b202c6a9f7cd323a76dc9c5cc", "MD5": "a222deefea240d7c1328d2e1eeb07e10", "Entropy": 6.544316535293392, "VirtualAddress": {"FileOffset": 492, "Value": 4096, "Offset": 12}, "Structure": "IMAGE_SECTION_HEADER", "NumberOfLinenumbers": {"FileOffset": 514, "Value": 0, "Offset": 34}}, {"PointerToRawData": {"FileOffset": 540, "Value": 49152, "Offset": 20}, "SHA1": "532948a6393cf144cafe9de97ecf2cb0cdb50128", "SHA256": "081f6428e61ce035caea204b12d3580ac3f1ece39916aa053a726a07978691a1", "Name": {"FileOffset": 520, "Value": ".rdata", "Offset": 0}, "NumberOfRelocations": {"FileOffset": 552, "Value": 0, "Offset": 32}, "Misc_VirtualSize": {"FileOffset": 528, "Value": 13446, "Offset": 8}, "Characteristics": {"FileOffset": 556, "Value": 1073741888, "Offset": 36}, "Misc": {"FileOffset": 528, "Value": 13446, "Offset": 8}, "PointerToLinenumbers": {"FileOffset": 548, "Value": 0, "Offset": 28}, "SizeOfRawData": {"FileOffset": 536, "Value": 13824, "Offset": 16}, "Misc_PhysicalAddress": {"FileOffset": 528, "Value": 13446, "Offset": 8}, "PointerToRelocations": {"FileOffset": 544, "Value": 0, "Offset": 24}, "Flags": ["IMAGE_SCN_CNT_INITIALIZED_DATA", "IMAGE_SCN_MEM_READ"], "SHA512": "65f6ed3c1ca37e432a6b66735a4f8813404cd04bc4d6bd09084a6e2788870238b04a41f85e524b34a03d15529a9243164dd0583c64a7db6192a451d95e5b5cc4", "MD5": "e026d668801294f88947f8216616046e", "Entropy": 5.026194161031971, "VirtualAddress": {"FileOffset": 532, "Value": 53248, "Offset": 12}, "Structure": "IMAGE_SECTION_HEADER", "NumberOfLinenumbers": {"FileOffset": 554, "Value": 0, "Offset": 34}}, {"PointerToRawData": {"FileOffset": 580, "Value": 62976, "Offset": 20}, "SHA1": "28ebc2d999ae6f2dc35469d92caff5de62425eff", "SHA256": "2431206c30ed0116bd5476ad6dd2bddbd103a0247a6996dc482b0a6aa77e5945", "Name": {"FileOffset": 560, "Value": ".data", "Offset": 0}, "NumberOfRelocations": {"FileOffset": 592, "Value": 0, "Offset": 32}, "Misc_VirtualSize": {"FileOffset": 568, "Value": 12908, "Offset": 8}, "Characteristics": {"FileOffset": 596, "Value": 3221225536, "Offset": 36}, "Misc": {"FileOffset": 568, "Value": 12908, "Offset": 8}, "PointerToLinenumbers": {"FileOffset": 588, "Value": 0, "Offset": 28}, "SizeOfRawData": {"FileOffset": 576, "Value": 4096, "Offset": 16}, "Misc_PhysicalAddress": {"FileOffset": 568, "Value": 12908, "Offset": 8}, "PointerToRelocations": {"FileOffset": 584, "Value": 0, "Offset": 24}, "Flags": ["IMAGE_SCN_CNT_INITIALIZED_DATA", "IMAGE_SCN_MEM_WRITE", "IMAGE_SCN_MEM_READ"], "SHA512": "3800d22361974d7cd5331a5bb50104f6ab5c38800168cd2b175254c5264dc67615d49288d918caf659dccf37978875d70fa0a87bbd47394f11244c9fc31fa7cf", "MD5": "d6b6876a9907da3780992678cff03f14", "Entropy": 2.5895513596685196, "VirtualAddress": {"FileOffset": 572, "Value": 69632, "Offset": 12}, "Structure": "IMAGE_SECTION_HEADER", "NumberOfLinenumbers": {"FileOffset": 594, "Value": 0, "Offset": 34}}, {"PointerToRawData": {"FileOffset": 620, "Value": 67072, "Offset": 20}, "SHA1": "69357315f56c48f20d655749e926411fd23fd728", "SHA256": "bb4791109cb704b9505e43bcc4a09ccae69eae6ab62b978c6497a714af5316cc", "Name": {"FileOffset": 600, "Value": ".rsrc", "Offset": 0}, "NumberOfRelocations": {"FileOffset": 632, "Value": 0, "Offset": 32}, "Misc_VirtualSize": {"FileOffset": 608, "Value": 355024, "Offset": 8}, "Characteristics": {"FileOffset": 636, "Value": 1073741888, "Offset": 36}, "Misc": {"FileOffset": 608, "Value": 355024, "Offset": 8}, "PointerToLinenumbers": {"FileOffset": 628, "Value": 0, "Offset": 28}, "SizeOfRawData": {"FileOffset": 616, "Value": 355328, "Offset": 16}, "Misc_PhysicalAddress": {"FileOffset": 608, "Value": 355024, "Offset": 8}, "PointerToRelocations": {"FileOffset": 624, "Value": 0, "Offset": 24}, "Flags": ["IMAGE_SCN_CNT_INITIALIZED_DATA", "IMAGE_SCN_MEM_READ"], "SHA512": "48503ab6d9b8947015c73328bcbd09a7645b395b67970e7758a46dc2fc0a64d14a834b9481cd9625d8c92a2e49fe1836f8e22332c496f24b4a7dbc6fa62ad0fa", "MD5": "b1902d736c3045454889629f21adc025", "Entropy": 4.784197659751369, "VirtualAddress": {"FileOffset": 612, "Value": 86016, "Offset": 12}, "Structure": "IMAGE_SECTION_HEADER", "NumberOfLinenumbers": {"FileOffset": 634, "Value": 0, "Offset": 34}}, {"PointerToRawData": {"FileOffset": 660, "Value": 422400, "Offset": 20}, "SHA1": "585dced699340a98cefec00b928f621b63bcc9d4", "SHA256": "d9dfbfbfe69cdcb6dd0b20b6ff82ad30b46cc0c0f53349498091f41a0477c127", "Name": {"FileOffset": 640, "Value": ".reloc", "Offset": 0}, "NumberOfRelocations": {"FileOffset": 672, "Value": 0, "Offset": 32}, "Misc_VirtualSize": {"FileOffset": 648, "Value": 6508, "Offset": 8}, "Characteristics": {"FileOffset": 676, "Value": 1107296320, "Offset": 36}, "Misc": {"FileOffset": 648, "Value": 6508, "Offset": 8}, "PointerToLinenumbers": {"FileOffset": 668, "Value": 0, "Offset": 28}, "SizeOfRawData": {"FileOffset": 656, "Value": 6656, "Offset": 16}, "Misc_PhysicalAddress": {"FileOffset": 648, "Value": 6508, "Offset": 8}, "PointerToRelocations": {"FileOffset": 664, "Value": 0, "Offset": 24}, "Flags": ["IMAGE_SCN_CNT_INITIALIZED_DATA", "IMAGE_SCN_MEM_DISCARDABLE", "IMAGE_SCN_MEM_READ"], "SHA512": "44274dd2306d2e8b4488255d1002a660168093b2c1d95f924628a4e32061d7184605e2e62f46a55c583fbd02c98425a11d2e548cf9836b6273499f30d200e9c1", "MD5": "59ce301189083b899081a1d64f4dad83", "Entropy": 3.851005651851405, "VirtualAddress": {"FileOffset": 652, "Value": 442368, "Offset": 12}, "Structure": "IMAGE_SECTION_HEADER", "NumberOfLinenumbers": {"FileOffset": 674, "Value": 0, "Offset": 34}}], "Resource directory": [{"MajorVersion": {"FileOffset": 67080, "Value": 4, "Offset": 8}, "NumberOfIdEntries": {"FileOffset": 67086, "Value": 5, "Offset": 14}, "MinorVersion": {"FileOffset": 67082, "Value": 0, "Offset": 10}, "TimeDateStamp": {"FileOffset": 67076, "Value": "0x0        [Thu Jan  1 00:00:00 1970 UTC]", "Offset": 4}, "Characteristics": {"FileOffset": 67072, "Value": 0, "Offset": 0}, "NumberOfNamedEntries": {"FileOffset": 67084, "Value": 0, "Offset": 12}, "Structure": "IMAGE_RESOURCE_DIRECTORY"}, {"Structure": "IMAGE_RESOURCE_DIRECTORY_ENTRY", "Id": [3, "RT_ICON"], "OffsetToData": {"FileOffset": 67092, "Value": 2147483704, "Offset": 4}, "Name": {"FileOffset": 67088, "Value": 3, "Offset": 0}}, [{"MajorVersion": {"FileOffset": 67136, "Value": 4, "Offset": 8}, "NumberOfIdEntries": {"FileOffset": 67142, "Value": 5, "Offset": 14}, "MinorVersion": {"FileOffset": 67138, "Value": 0, "Offset": 10}, "TimeDateStamp": {"FileOffset": 67132, "Value": "0x0        [Thu Jan  1 00:00:00 1970 UTC]", "Offset": 4}, "Characteristics": {"FileOffset": 67128, "Value": 0, "Offset": 0}, "NumberOfNamedEntries": {"FileOffset": 67140, "Value": 0, "Offset": 12}, "Structure": "IMAGE_RESOURCE_DIRECTORY"}, {"Structure": "IMAGE_RESOURCE_DIRECTORY_ENTRY", "Id": 1, "OffsetToData": {"FileOffset": 67148, "Value": 2147483856, "Offset": 4}, "Name": {"FileOffset": 67144, "Value": 1, "Offset": 0}}, [{"MajorVersion": {"FileOffset": 67288, "Value": 4, "Offset": 8}, "NumberOfIdEntries": {"FileOffset": 67294, "Value": 1, "Offset": 14}, "MinorVersion": {"FileOffset": 67290, "Value": 0, "Offset": 10}, "TimeDateStamp": {"FileOffset": 67284, "Value": "0x0        [Thu Jan  1 00:00:00 1970 UTC]", "Offset": 4}, "Characteristics": {"FileOffset": 67280, "Value": 0, "Offset": 0}, "NumberOfNamedEntries": {"FileOffset": 67292, "Value": 0, "Offset": 12}, "Structure": "IMAGE_RESOURCE_DIRECTORY"}, {"LANG": 9, "SUBLANG_NAME": "SUBLANG_ENGLISH_US", "Name": {"FileOffset": 67296, "Value": 1033, "Offset": 0}, "CodePage": {"FileOffset": 67504, "Value": 1252, "Offset": 8}, "LANG_NAME": "LANG_ENGLISH", "OffsetToData": {"FileOffset": 67496, "Value": 86584, "Offset": 0}, "Reserved": {"FileOffset": 67508, "Value": 0, "Offset": 12}, "SUBLANG": 1, "Structure": "IMAGE_RESOURCE_DATA_ENTRY", "Size": {"FileOffset": 67500, "Value": 270376, "Offset": 4}}], {"Structure": "IMAGE_RESOURCE_DIRECTORY_ENTRY", "Id": 2, "OffsetToData": {"FileOffset": 67156, "Value": 2147483880, "Offset": 4}, "Name": {"FileOffset": 67152, "Value": 2, "Offset": 0}}, [{"MajorVersion": {"FileOffset": 67312, "Value": 4, "Offset": 8}, "NumberOfIdEntries": {"FileOffset": 67318, "Value": 1, "Offset": 14}, "MinorVersion": {"FileOffset": 67314, "Value": 0, "Offset": 10}, "TimeDateStamp": {"FileOffset": 67308, "Value": "0x0        [Thu Jan  1 00:00:00 1970 UTC]", "Offset": 4}, "Characteristics": {"FileOffset": 67304, "Value": 0, "Offset": 0}, "NumberOfNamedEntries": {"FileOffset": 67316, "Value": 0, "Offset": 12}, "Structure": "IMAGE_RESOURCE_DIRECTORY"}, {"LANG": 9, "SUBLANG_NAME": "SUBLANG_ENGLISH_US", "Name": {"FileOffset": 67320, "Value": 1033, "Offset": 0}, "CodePage": {"FileOffset": 67520, "Value": 1252, "Offset": 8}, "LANG_NAME": "LANG_ENGLISH", "OffsetToData": {"FileOffset": 67512, "Value": 356960, "Offset": 0}, "Reserved": {"FileOffset": 67524, "Value": 0, "Offset": 12}, "SUBLANG": 1, "Structure": "IMAGE_RESOURCE_DATA_ENTRY", "Size": {"FileOffset": 67516, "Value": 67624, "Offset": 4}}], {"Structure": "IMAGE_RESOURCE_DIRECTORY_ENTRY", "Id": 3, "OffsetToData": {"FileOffset": 67164, "Value": 2147483904, "Offset": 4}, "Name": {"FileOffset": 67160, "Value": 3, "Offset": 0}}, [{"MajorVersion": {"FileOffset": 67336, "Value": 4, "Offset": 8}, "NumberOfIdEntries": {"FileOffset": 67342, "Value": 1, "Offset": 14}, "MinorVersion": {"FileOffset": 67338, "Value": 0, "Offset": 10}, "TimeDateStamp": {"FileOffset": 67332, "Value": "0x0        [Thu Jan  1 00:00:00 1970 UTC]", "Offset": 4}, "Characteristics": {"FileOffset": 67328, "Value": 0, "Offset": 0}, "NumberOfNamedEntries": {"FileOffset": 67340, "Value": 0, "Offset": 12}, "Structure": "IMAGE_RESOURCE_DIRECTORY"}, {"LANG": 9, "SUBLANG_NAME": "SUBLANG_ENGLISH_US", "Name": {"FileOffset": 67344, "Value": 1033, "Offset": 0}, "CodePage": {"FileOffset": 67536, "Value": 1252, "Offset": 8}, "LANG_NAME": "LANG_ENGLISH", "OffsetToData": {"FileOffset": 67528, "Value": 424584, "Offset": 0}, "Reserved": {"FileOffset": 67540, "Value": 0, "Offset": 12}, "SUBLANG": 1, "Structure": "IMAGE_RESOURCE_DATA_ENTRY", "Size": {"FileOffset": 67532, "Value": 9640, "Offset": 4}}], {"Structure": "IMAGE_RESOURCE_DIRECTORY_ENTRY", "Id": 4, "OffsetToData": {"FileOffset": 67172, "Value": 2147483928, "Offset": 4}, "Name": {"FileOffset": 67168, "Value": 4, "Offset": 0}}, [{"MajorVersion": {"FileOffset": 67360, "Value": 4, "Offset": 8}, "NumberOfIdEntries": {"FileOffset": 67366, "Value": 1, "Offset": 14}, "MinorVersion": {"FileOffset": 67362, "Value": 0, "Offset": 10}, "TimeDateStamp": {"FileOffset": 67356, "Value": "0x0        [Thu Jan  1 00:00:00 1970 UTC]", "Offset": 4}, "Characteristics": {"FileOffset": 67352, "Value": 0, "Offset": 0}, "NumberOfNamedEntries": {"FileOffset": 67364, "Value": 0, "Offset": 12}, "Structure": "IMAGE_RESOURCE_DIRECTORY"}, {"LANG": 9, "SUBLANG_NAME": "SUBLANG_ENGLISH_US", "Name": {"FileOffset": 67368, "Value": 1033, "Offset": 0}, "CodePage": {"FileOffset": 67552, "Value": 1252, "Offset": 8}, "LANG_NAME": "LANG_ENGLISH", "OffsetToData": {"FileOffset": 67544, "Value": 434224, "Offset": 0}, "Reserved": {"FileOffset": 67556, "Value": 0, "Offset": 12}, "SUBLANG": 1, "Structure": "IMAGE_RESOURCE_DATA_ENTRY", "Size": {"FileOffset": 67548, "Value": 4264, "Offset": 4}}], {"Structure": "IMAGE_RESOURCE_DIRECTORY_ENTRY", "Id": 5, "OffsetToData": {"FileOffset": 67180, "Value": 2147483952, "Offset": 4}, "Name": {"FileOffset": 67176, "Value": 5, "Offset": 0}}, [{"MajorVersion": {"FileOffset": 67384, "Value": 4, "Offset": 8}, "NumberOfIdEntries": {"FileOffset": 67390, "Value": 1, "Offset": 14}, "MinorVersion": {"FileOffset": 67386, "Value": 0, "Offset": 10}, "TimeDateStamp": {"FileOffset": 67380, "Value": "0x0        [Thu Jan  1 00:00:00 1970 UTC]", "Offset": 4}, "Characteristics": {"FileOffset": 67376, "Value": 0, "Offset": 0}, "NumberOfNamedEntries": {"FileOffset": 67388, "Value": 0, "Offset": 12}, "Structure": "IMAGE_RESOURCE_DIRECTORY"}, {"LANG": 9, "SUBLANG_NAME": "SUBLANG_ENGLISH_US", "Name": {"FileOffset": 67392, "Value": 1033, "Offset": 0}, "CodePage": {"FileOffset": 67568, "Value": 1252, "Offset": 8}, "LANG_NAME": "LANG_ENGLISH", "OffsetToData": {"FileOffset": 67560, "Value": 438488, "Offset": 0}, "Reserved": {"FileOffset": 67572, "Value": 0, "Offset": 12}, "SUBLANG": 1, "Structure": "IMAGE_RESOURCE_DATA_ENTRY", "Size": {"FileOffset": 67564, "Value": 1128, "Offset": 4}}]], {"Structure": "IMAGE_RESOURCE_DIRECTORY_ENTRY", "Id": [5, "RT_DIALOG"], "OffsetToData": {"FileOffset": 67100, "Value": 2147483760, "Offset": 4}, "Name": {"FileOffset": 67096, "Value": 5, "Offset": 0}}, [{"MajorVersion": {"FileOffset": 67192, "Value": 4, "Offset": 8}, "NumberOfIdEntries": {"FileOffset": 67198, "Value": 1, "Offset": 14}, "MinorVersion": {"FileOffset": 67194, "Value": 0, "Offset": 10}, "TimeDateStamp": {"FileOffset": 67188, "Value": "0x0        [Thu Jan  1 00:00:00 1970 UTC]", "Offset": 4}, "Characteristics": {"FileOffset": 67184, "Value": 0, "Offset": 0}, "NumberOfNamedEntries": {"FileOffset": 67196, "Value": 0, "Offset": 12}, "Structure": "IMAGE_RESOURCE_DIRECTORY"}, {"Structure": "IMAGE_RESOURCE_DIRECTORY_ENTRY", "Id": 101, "OffsetToData": {"FileOffset": 67204, "Value": 2147483976, "Offset": 4}, "Name": {"FileOffset": 67200, "Value": 101, "Offset": 0}}, [{"MajorVersion": {"FileOffset": 67408, "Value": 4, "Offset": 8}, "NumberOfIdEntries": {"FileOffset": 67414, "Value": 1, "Offset": 14}, "MinorVersion": {"FileOffset": 67410, "Value": 0, "Offset": 10}, "TimeDateStamp": {"FileOffset": 67404, "Value": "0x0        [Thu Jan  1 00:00:00 1970 UTC]", "Offset": 4}, "Characteristics": {"FileOffset": 67400, "Value": 0, "Offset": 0}, "NumberOfNamedEntries": {"FileOffset": 67412, "Value": 0, "Offset": 12}, "Structure": "IMAGE_RESOURCE_DIRECTORY"}, {"LANG": 9, "SUBLANG_NAME": "SUBLANG_ENGLISH_US", "Name": {"FileOffset": 67416, "Value": 1033, "Offset": 0}, "CodePage": {"FileOffset": 67584, "Value": 1252, "Offset": 8}, "LANG_NAME": "LANG_ENGLISH", "OffsetToData": {"FileOffset": 67576, "Value": 439616, "Offset": 0}, "Reserved": {"FileOffset": 67588, "Value": 0, "Offset": 12}, "SUBLANG": 1, "Structure": "IMAGE_RESOURCE_DATA_ENTRY", "Size": {"FileOffset": 67580, "Value": 212, "Offset": 4}}]], {"Structure": "IMAGE_RESOURCE_DIRECTORY_ENTRY", "Id": [14, "RT_GROUP_ICON"], "OffsetToData": {"FileOffset": 67108, "Value": 2147483784, "Offset": 4}, "Name": {"FileOffset": 67104, "Value": 14, "Offset": 0}}, [{"MajorVersion": {"FileOffset": 67216, "Value": 4, "Offset": 8}, "NumberOfIdEntries": {"FileOffset": 67222, "Value": 1, "Offset": 14}, "MinorVersion": {"FileOffset": 67218, "Value": 0, "Offset": 10}, "TimeDateStamp": {"FileOffset": 67212, "Value": "0x0        [Thu Jan  1 00:00:00 1970 UTC]", "Offset": 4}, "Characteristics": {"FileOffset": 67208, "Value": 0, "Offset": 0}, "NumberOfNamedEntries": {"FileOffset": 67220, "Value": 0, "Offset": 12}, "Structure": "IMAGE_RESOURCE_DIRECTORY"}, {"Structure": "IMAGE_RESOURCE_DIRECTORY_ENTRY", "Id": 102, "OffsetToData": {"FileOffset": 67228, "Value": 2147484000, "Offset": 4}, "Name": {"FileOffset": 67224, "Value": 102, "Offset": 0}}, [{"MajorVersion": {"FileOffset": 67432, "Value": 4, "Offset": 8}, "NumberOfIdEntries": {"FileOffset": 67438, "Value": 1, "Offset": 14}, "MinorVersion": {"FileOffset": 67434, "Value": 0, "Offset": 10}, "TimeDateStamp": {"FileOffset": 67428, "Value": "0x0        [Thu Jan  1 00:00:00 1970 UTC]", "Offset": 4}, "Characteristics": {"FileOffset": 67424, "Value": 0, "Offset": 0}, "NumberOfNamedEntries": {"FileOffset": 67436, "Value": 0, "Offset": 12}, "Structure": "IMAGE_RESOURCE_DIRECTORY"}, {"LANG": 9, "SUBLANG_NAME": "SUBLANG_ENGLISH_US", "Name": {"FileOffset": 67440, "Value": 1033, "Offset": 0}, "CodePage": {"FileOffset": 67600, "Value": 1252, "Offset": 8}, "LANG_NAME": "LANG_ENGLISH", "OffsetToData": {"FileOffset": 67592, "Value": 439828, "Offset": 0}, "Reserved": {"FileOffset": 67604, "Value": 0, "Offset": 12}, "SUBLANG": 1, "Structure": "IMAGE_RESOURCE_DATA_ENTRY", "Size": {"FileOffset": 67596, "Value": 76, "Offset": 4}}]], {"Structure": "IMAGE_RESOURCE_DIRECTORY_ENTRY", "Id": [16, "RT_VERSION"], "OffsetToData": {"FileOffset": 67116, "Value": 2147483808, "Offset": 4}, "Name": {"FileOffset": 67112, "Value": 16, "Offset": 0}}, [{"MajorVersion": {"FileOffset": 67240, "Value": 4, "Offset": 8}, "NumberOfIdEntries": {"FileOffset": 67246, "Value": 1, "Offset": 14}, "MinorVersion": {"FileOffset": 67242, "Value": 0, "Offset": 10}, "TimeDateStamp": {"FileOffset": 67236, "Value": "0x0        [Thu Jan  1 00:00:00 1970 UTC]", "Offset": 4}, "Characteristics": {"FileOffset": 67232, "Value": 0, "Offset": 0}, "NumberOfNamedEntries": {"FileOffset": 67244, "Value": 0, "Offset": 12}, "Structure": "IMAGE_RESOURCE_DIRECTORY"}, {"Structure": "IMAGE_RESOURCE_DIRECTORY_ENTRY", "Id": 1, "OffsetToData": {"FileOffset": 67252, "Value": 2147484024, "Offset": 4}, "Name": {"FileOffset": 67248, "Value": 1, "Offset": 0}}, [{"MajorVersion": {"FileOffset": 67456, "Value": 4, "Offset": 8}, "NumberOfIdEntries": {"FileOffset": 67462, "Value": 1, "Offset": 14}, "MinorVersion": {"FileOffset": 67458, "Value": 0, "Offset": 10}, "TimeDateStamp": {"FileOffset": 67452, "Value": "0x0        [Thu Jan  1 00:00:00 1970 UTC]", "Offset": 4}, "Characteristics": {"FileOffset": 67448, "Value": 0, "Offset": 0}, "NumberOfNamedEntries": {"FileOffset": 67460, "Value": 0, "Offset": 12}, "Structure": "IMAGE_RESOURCE_DIRECTORY"}, {"LANG": 9, "SUBLANG_NAME": "SUBLANG_ENGLISH_US", "Name": {"FileOffset": 67464, "Value": 1033, "Offset": 0}, "CodePage": {"FileOffset": 67616, "Value": 1252, "Offset": 8}, "LANG_NAME": "LANG_ENGLISH", "OffsetToData": {"FileOffset": 67608, "Value": 439904, "Offset": 0}, "Reserved": {"FileOffset": 67620, "Value": 0, "Offset": 12}, "SUBLANG": 1, "Structure": "IMAGE_RESOURCE_DATA_ENTRY", "Size": {"FileOffset": 67612, "Value": 788, "Offset": 4}}]], {"Structure": "IMAGE_RESOURCE_DIRECTORY_ENTRY", "Id": [24, "RT_MANIFEST"], "OffsetToData": {"FileOffset": 67124, "Value": 2147483832, "Offset": 4}, "Name": {"FileOffset": 67120, "Value": 24, "Offset": 0}}, [{"MajorVersion": {"FileOffset": 67264, "Value": 4, "Offset": 8}, "NumberOfIdEntries": {"FileOffset": 67270, "Value": 1, "Offset": 14}, "MinorVersion": {"FileOffset": 67266, "Value": 0, "Offset": 10}, "TimeDateStamp": {"FileOffset": 67260, "Value": "0x0        [Thu Jan  1 00:00:00 1970 UTC]", "Offset": 4}, "Characteristics": {"FileOffset": 67256, "Value": 0, "Offset": 0}, "NumberOfNamedEntries": {"FileOffset": 67268, "Value": 0, "Offset": 12}, "Structure": "IMAGE_RESOURCE_DIRECTORY"}, {"Structure": "IMAGE_RESOURCE_DIRECTORY_ENTRY", "Id": 1, "OffsetToData": {"FileOffset": 67276, "Value": 2147484048, "Offset": 4}, "Name": {"FileOffset": 67272, "Value": 1, "Offset": 0}}, [{"MajorVersion": {"FileOffset": 67480, "Value": 4, "Offset": 8}, "NumberOfIdEntries": {"FileOffset": 67486, "Value": 1, "Offset": 14}, "MinorVersion": {"FileOffset": 67482, "Value": 0, "Offset": 10}, "TimeDateStamp": {"FileOffset": 67476, "Value": "0x0        [Thu Jan  1 00:00:00 1970 UTC]", "Offset": 4}, "Characteristics": {"FileOffset": 67472, "Value": 0, "Offset": 0}, "NumberOfNamedEntries": {"FileOffset": 67484, "Value": 0, "Offset": 12}, "Structure": "IMAGE_RESOURCE_DIRECTORY"}, {"LANG": 9, "SUBLANG_NAME": "SUBLANG_ENGLISH_US", "Name": {"FileOffset": 67488, "Value": 1033, "Offset": 0}, "CodePage": {"FileOffset": 67632, "Value": 1252, "Offset": 8}, "LANG_NAME": "LANG_ENGLISH", "OffsetToData": {"FileOffset": 67624, "Value": 440692, "Offset": 0}, "Reserved": {"FileOffset": 67636, "Value": 0, "Offset": 12}, "SUBLANG": 1, "Structure": "IMAGE_RESOURCE_DATA_ENTRY", "Size": {"FileOffset": 67628, "Value": 346, "Offset": 4}}]]]}
