{"DllCharacteristics": ["IMAGE_DLLCHARACTERISTICS_TERMINAL_SERVER_AWARE"], "FILE_HEADER": {"NumberOfSections": {"FileOffset": 246, "Value": 4, "Offset": 2}, "TimeDateStamp": {"FileOffset": 248, "Value": "0x51CABD03 [Wed Jun 26 10:05:55 2013 UTC]", "Offset": 4}, "PointerToSymbolTable": {"FileOffset": 252, "Value": 0, "Offset": 8}, "NumberOfSymbols": {"FileOffset": 256, "Value": 0, "Offset": 12}, "Machine": {"FileOffset": 244, "Value": 332, "Offset": 0}, "Characteristics": {"FileOffset": 262, "Value": 259, "Offset": 18}, "SizeOfOptionalHeader": {"FileOffset": 260, "Value": 224, "Offset": 16}, "Structure": "IMAGE_FILE_HEADER"}, "Directories": [{"VirtualAddress": {"FileOffset": 360, "Value": 0, "Offset": 0}, "Structure": "IMAGE_DIRECTORY_ENTRY_EXPORT", "Size": {"FileOffset": 364, "Value": 0, "Offset": 4}}, {"VirtualAddress": {"FileOffset": 368, "Value": 71404, "Offset": 0}, "Structure": "IMAGE_DIRECTORY_ENTRY_IMPORT", "Size": {"FileOffset": 372, "Value": 60, "Offset": 4}}, {"VirtualAddress": {"FileOffset": 376, "Value": 90112, "Offset": 0}, "Structure": "IMAGE_DIRECTORY_ENTRY_RESOURCE", "Size": {"FileOffset": 380, "Value": 984, "Offset": 4}}, {"VirtualAddress": {"FileOffset": 384, "Value": 0, "Offset": 0}, "Structure": "IMAGE_DIRECTORY_ENTRY_EXCEPTION", "Size": {"FileOffset": 388, "Value": 0, "Offset": 4}}, {"VirtualAddress": {"FileOffset": 392, "Value": 0, "Offset": 0}, "Structure": "IMAGE_DIRECTORY_ENTRY_SECURITY", "Size": {"FileOffset": 396, "Value": 0, "Offset": 4}}, {"VirtualAddress": {"FileOffset": 400, "Value": 0, "Offset": 0}, "Structure": "IMAGE_DIRECTORY_ENTRY_BASERELOC", "Size": {"FileOffset": 404, "Value": 0, "Offset": 4}}, {"VirtualAddress": {"FileOffset": 408, "Value": 0, "Offset": 0}, "Structure": "IMAGE_DIRECTORY_ENTRY_DEBUG", "Size": {"FileOffset": 412, "Value": 0, "Offset": 4}}, {"VirtualAddress": {"FileOffset": 416, "Value": 0, "Offset": 0}, "Structure": "IMAGE_DIRECTORY_ENTRY_COPYRIGHT", "Size": {"FileOffset": 420, "Value": 0, "Offset": 4}}, {"VirtualAddress": {"FileOffset": 424, "Value": 0, "Offset": 0}, "Structure": "IMAGE_DIRECTORY_ENTRY_GLOBALPTR", "Size": {"FileOffset": 428, "Value": 0, "Offset": 4}}, {"VirtualAddress": {"FileOffset": 432, "Value": 0, "Offset": 0}, "Structure": "IMAGE_DIRECTORY_ENTRY_TLS", "Size": {"FileOffset": 436, "Value": 0, "Offset": 4}}, {"VirtualAddress": {"FileOffset": 440, "Value": 69976, "Offset": 0}, "Structure": "IMAGE_DIRECTORY_ENTRY_LOAD_CONFIG", "Size": {"FileOffset": 444, "Value": 64, "Offset": 4}}, {"VirtualAddress": {"FileOffset": 448, "Value": 0, "Offset": 0}, "Structure": "IMAGE_DIRECTORY_ENTRY_BOUND_IMPORT", "Size": {"FileOffset": 452, "Value": 0, "Offset": 4}}, {"VirtualAddress": {"FileOffset": 456, "Value": 57344, "Offset": 0}, "Structure": "IMAGE_DIRECTORY_ENTRY_IAT", "Size": {"FileOffset": 460, "Value": 380, "Offset": 4}}, {"VirtualAddress": {"FileOffset": 464, "Value": 0, "Offset": 0}, "Structure": "IMAGE_DIRECTORY_ENTRY_DELAY_IMPORT", "Size": {"FileOffset": 468, "Value": 0, "Offset": 4}}, {"VirtualAddress": {"FileOffset": 472, "Value": 0, "Offset": 0}, "Structure": "IMAGE_DIRECTORY_ENTRY_COM_DESCRIPTOR", "Size": {"FileOffset": 476, "Value": 0, "Offset": 4}}, {"VirtualAddress": {"FileOffset": 480, "Value": 0, "Offset": 0}, "Structure": "IMAGE_DIRECTORY_ENTRY_RESERVED", "Size": {"FileOffset": 484, "Value": 0, "Offset": 4}}], "OPTIONAL_HEADER": {"DllCharacteristics": {"FileOffset": 334, "Value": 32768, "Offset": 70}, "BaseOfCode": {"FileOffset": 284, "Value": 4096, "Offset": 20}, "MajorLinkerVersion": {"FileOffset": 266, "Value": 10, "Offset": 2}, "MinorOperatingSystemVersion": {"FileOffset": 306, "Value": 1, "Offset": 42}, "MinorLinkerVersion": {"FileOffset": 267, "Value": 0, "Offset": 3}, "MajorSubsystemVersion": {"FileOffset": 312, "Value": 5, "Offset": 48}, "MajorOperatingSystemVersion": {"FileOffset": 304, "Value": 5, "Offset": 40}, "SizeOfStackCommit": {"FileOffset": 340, "Value": 4096, "Offset": 76}, "SizeOfUninitializedData": {"FileOffset": 276, "Value": 0, "Offset": 12}, "NumberOfRvaAndSizes": {"FileOffset": 356, "Value": 16, "Offset": 92}, "SizeOfHeapReserve": {"FileOffset": 344, "Value": 1048576, "Offset": 80}, "LoaderFlags": {"FileOffset": 352, "Value": 0, "Offset": 88}, "SizeOfHeapCommit": {"FileOffset": 348, "Value": 4096, "Offset": 84}, "SizeOfStackReserve": {"FileOffset": 336, "Value": 1048576, "Offset": 72}, "Structure": "IMAGE_OPTIONAL_HEADER", "SizeOfHeaders": {"FileOffset": 324, "Value": 1024, "Offset": 60}, "Subsystem": {"FileOffset": 332, "Value": 3, "Offset": 68}, "Magic": {"FileOffset": 264, "Value": 267, "Offset": 0}, "MinorImageVersion": {"FileOffset": 310, "Value": 0, "Offset": 46}, "MajorImageVersion": {"FileOffset": 308, "Value": 0, "Offset": 44}, "FileAlignment": {"FileOffset": 300, "Value": 512, "Offset": 36}, "BaseOfData": {"FileOffset": 288, "Value": 57344, "Offset": 24}, "AddressOfEntryPoint": {"FileOffset": 280, "Value": 14544, "Offset": 16}, "SectionAlignment": {"FileOffset": 296, "Value": 4096, "Offset": 32}, "SizeOfCode": {"FileOffset": 268, "Value": 52224, "Offset": 4}, "ImageBase": {"FileOffset": 292, "Value": 4194304, "Offset": 28}, "SizeOfInitializedData": {"FileOffset": 272, "Value": 30208, "Offset": 8}, "SizeOfImage": {"FileOffset": 320, "Value": 94208, "Offset": 56}, "MinorSubsystemVersion": {"FileOffset": 314, "Value": 1, "Offset": 50}, "CheckSum": {"FileOffset": 328, "Value": 0, "Offset": 64}, "Reserved1": {"FileOffset": 316, "Value": 0, "Offset": 52}}, "DOS_HEADER": {"e_cblp": {"FileOffset": 2, "Value": 144, "Offset": 2}, "e_crlc": {"FileOffset": 6, "Value": 0, "Offset": 6}, "e_ovno": {"FileOffset": 26, "Value": 0, "Offset": 26}, "e_minalloc": {"FileOffset": 10, "Value": 0, "Offset": 10}, "e_csum": {"FileOffset": 18, "Value": 0, "Offset": 18}, "e_cparhdr": {"FileOffset": 8, "Value": 4, "Offset": 8}, "e_cp": {"FileOffset": 4, "Value": 3, "Offset": 4}, "e_cs": {"FileOffset": 22, "Value": 0, "Offset": 22}, "e_maxalloc": {"FileOffset": 12, "Value": 65535, "Offset": 12}, "e_lfarlc": {"FileOffset": 24, "Value": 64, "Offset": 24}, "e_oemid": {"FileOffset": 36, "Value": 0, "Offset": 36}, "e_lfanew": {"FileOffset": 60, "Value": 240, "Offset": 60}, "e_ss": {"FileOffset": 14, "Value": 0, "Offset": 14}, "e_magic": {"FileOffset": 0, "Value": 23117, "Offset": 0}, "e_oeminfo": {"FileOffset": 38, "Value": 0, "Offset": 38}, "e_res2": {"FileOffset": 40, "Value": "", "Offset": 40}, "e_res": {"FileOffset": 28, "Value": "", "Offset": 28}, "e_sp": {"FileOffset": 16, "Value": 184, "Offset": 16}, "Structure": "IMAGE_DOS_HEADER", "e_ip": {"FileOffset": 20, "Value": 0, "Offset": 20}}, "NT_HEADERS": {"Structure": "IMAGE_NT_HEADERS", "Signature": {"FileOffset": 240, "Value": 17744, "Offset": 0}}, "LOAD_CONFIG": {"TimeDateStamp": {"FileOffset": 65884, "Value": "0x0        [Thu Jan  1 00:00:00 1970 UTC]", "Offset": 4}, "ProcessHeapFlags": {"FileOffset": 65924, "Value": 0, "Offset": 44}, "CSDVersion": {"FileOffset": 65932, "Value": 0, "Offset": 52}, "GuardCFFunctionCount": {"FileOffset": 65964, "Value": 4268032, "Offset": 84}, "SEHandlerCount": {"FileOffset": 65948, "Value": 3, "Offset": 68}, "GuardCFCheckFunctionPointer": {"FileOffset": 65952, "Value": 0, "Offset": 72}, "GlobalFlagsClear": {"FileOffset": 65892, "Value": 0, "Offset": 12}, "ProcessAffinityMask": {"FileOffset": 65928, "Value": 0, "Offset": 48}, "VirtualMemoryThreshold": {"FileOffset": 65920, "Value": 0, "Offset": 40}, "LockPrefixTable": {"FileOffset": 65912, "Value": 0, "Offset": 32}, "MaximumAllocationSize": {"FileOffset": 65916, "Value": 0, "Offset": 36}, "Structure": "IMAGE_LOAD_CONFIG_DIRECTORY", "SEHandlerTable": {"FileOffset": 65944, "Value": 4264576, "Offset": 64}, "GuardCFFunctionTable": {"FileOffset": 65960, "Value": 0, "Offset": 80}, "DeCommitFreeBlockThreshold": {"FileOffset": 65904, "Value": 0, "Offset": 24}, "MinorVersion": {"FileOffset": 65890, "Value": 0, "Offset": 10}, "MajorVersion": {"FileOffset": 65888, "Value": 0, "Offset": 8}, "Reserved1": {"FileOffset": 65934, "Value": 0, "Offset": 54}, "SecurityCookie": {"FileOffset": 65940, "Value": 4269120, "Offset": 60}, "GlobalFlagsSet": {"FileOffset": 65896, "Value": 0, "Offset": 16}, "CriticalSectionDefaultTimeout": {"FileOffset": 65900, "Value": 0, "Offset": 20}, "DeCommitTotalFreeThreshold": {"FileOffset": 65908, "Value": 0, "Offset": 28}, "Reserved2": {"FileOffset": 65956, "Value": 0, "Offset": 76}, "EditList": {"FileOffset": 65936, "Value": 0, "Offset": 56}, "GuardFlags": {"FileOffset": 65968, "Value": 4264372, "Offset": 88}, "Size": {"FileOffset": 65880, "Value": 72, "Offset": 0}}, "Flags": ["IMAGE_FILE_32BIT_MACHINE", "IMAGE_FILE_EXECUTABLE_IMAGE", "IMAGE_FILE_RELOCS_STRIPPED"], "Version Information": [{"ValueLength": {"FileOffset": 74330, "Value": 52, "Offset": 2}, "Length": {"FileOffset": 74328, "Value": 896, "Offset": 0}, "Type": {"FileOffset": 74332, "Value": 0, "Offset": 4}, "Structure": "VS_VERSIONINFO"}, {"FileFlagsMask": {"FileOffset": 74392, "Value": 63, "Offset": 24}, "FileType": {"FileOffset": 74404, "Value": 1, "Offset": 36}, "FileVersionMS": {"FileOffset": 74376, "Value": 0, "Offset": 8}, "FileVersionLS": {"FileOffset": 74380, "Value": 65537, "Offset": 12}, "Signature": {"FileOffset": 74368, "Value": 4277077181, "Offset": 0}, "FileSubtype": {"FileOffset": 74408, "Value": 0, "Offset": 40}, "FileFlags": {"FileOffset": 74396, "Value": 0, "Offset": 28}, "FileDateLS": {"FileOffset": 74416, "Value": 0, "Offset": 48}, "ProductVersionLS": {"FileOffset": 74388, "Value": 0, "Offset": 20}, "FileOS": {"FileOffset": 74400, "Value": 262148, "Offset": 32}, "ProductVersionMS": {"FileOffset": 74384, "Value": 65536, "Offset": 16}, "FileDateMS": {"FileOffset": 74412, "Value": 0, "Offset": 44}, "Structure": "VS_FIXEDFILEINFO", "StrucVersion": {"FileOffset": 74372, "Value": 65536, "Offset": 4}}], "Imported symbols": [[{"TimeDateStamp": {"FileOffset": 67312, "Value": "0x0        [Thu Jan  1 00:00:00 1970 UTC]", "Offset": 4}, "Name": {"FileOffset": 67320, "Value": 72094, "Offset": 12}, "ForwarderChain": {"FileOffset": 67316, "Value": 0, "Offset": 8}, "OriginalFirstThunk": {"FileOffset": 67308, "Value": 71464, "Offset": 0}, "FirstThunk": {"FileOffset": 67324, "Value": 57344, "Offset": 16}, "Characteristics": {"FileOffset": 67308, "Value": 71464, "Offset": 0}, "Structure": "IMAGE_IMPORT_DESCRIPTOR"}, {"Hint": 1136, "Name": "SetHandleInformation", "DLL": "KERNEL32.dll"}, {"Hint": 1273, "Name": "WaitForSingleObject", "DLL": "KERNEL32.dll"}, {"Hint": 1317, "Name": "WriteFile", "DLL": "KERNEL32.dll"}, {"Hint": 1217, "Name": "TerminateThread", "DLL": "KERNEL32.dll"}, {"Hint": 164, "Name": "CreateProcessA", "DLL": "KERNEL32.dll"}, {"Hint": 1216, "Name": "TerminateProcess", "DLL": "KERNEL32.dll"}, {"Hint": 960, "Name": "ReadFile", "DLL": "KERNEL32.dll"}, {"Hint": 612, "Name": "GetStdHandle", "DLL": "KERNEL32.dll"}, {"Hint": 514, "Name": "GetLastError", "DLL": "KERNEL32.dll"}, {"Hint": 1271, "Name": "WaitForMultipleObjects", "DLL": "KERNEL32.dll"}, {"Hint": 161, "Name": "CreatePipe", "DLL": "KERNEL32.dll"}, {"Hint": 82, "Name": "CloseHandle", "DLL": "KERNEL32.dll"}, {"Hint": 181, "Name": "CreateThread", "DLL": "KERNEL32.dll"}, {"Hint": 1202, "Name": "Sleep", "DLL": "KERNEL32.dll"}, {"Hint": 281, "Name": "ExitProcess", "DLL": "KERNEL32.dll"}, {"Hint": 100, "Name": "CompareStringW", "DLL": "KERNEL32.dll"}, {"Hint": 586, "Name": "GetProcessHeap", "DLL": "KERNEL32.dll"}, {"Hint": 1107, "Name": "SetEndOfFile", "DLL": "KERNEL32.dll"}, {"Hint": 143, "Name": "CreateFileW", "DLL": "KERNEL32.dll"}, {"Hint": 831, "Name": "LoadLibraryW", "DLL": "KERNEL32.dll"}, {"Hint": 722, "Name": "HeapReAlloc", "DLL": "KERNEL32.dll"}, {"Hint": 661, "Name": "GetTimeFormatA", "DLL": "KERNEL32.dll"}, {"Hint": 454, "Name": "GetDateFormatA", "DLL": "KERNEL32.dll"}, {"Hint": 633, "Name": "GetSystemTimeAsFileTime", "DLL": "KERNEL32.dll"}, {"Hint": 390, "Name": "GetCommandLineA", "DLL": "KERNEL32.dll"}, {"Hint": 723, "Name": "HeapSetInformation", "DLL": "KERNEL32.dll"}, {"Hint": 238, "Name": "EnterCriticalSection", "DLL": "KERNEL32.dll"}, {"Hint": 825, "Name": "LeaveCriticalSection", "DLL": "KERNEL32.dll"}, {"Hint": 202, "Name": "DecodePointer", "DLL": "KERNEL32.dll"}, {"Hint": 1235, "Name": "UnhandledExceptionFilter", "DLL": "KERNEL32.dll"}, {"Hint": 1189, "Name": "SetUnhandledExceptionFilter", "DLL": "KERNEL32.dll"}, {"Hint": 768, "Name": "IsDebuggerPresent", "DLL": "KERNEL32.dll"}, {"Hint": 234, "Name": "EncodePointer", "DLL": "KERNEL32.dll"}, {"Hint": 448, "Name": "GetCurrentProcess", "DLL": "KERNEL32.dll"}, {"Hint": 719, "Name": "HeapFree", "DLL": "KERNEL32.dll"}, {"Hint": 715, "Name": "HeapAlloc", "DLL": "KERNEL32.dll"}, {"Hint": 945, "Name": "RaiseException", "DLL": "KERNEL32.dll"}, {"Hint": 1297, "Name": "WideCharToMultiByte", "DLL": "KERNEL32.dll"}, {"Hint": 410, "Name": "GetConsoleCP", "DLL": "KERNEL32.dll"}, {"Hint": 428, "Name": "GetConsoleMode", "DLL": "KERNEL32.dll"}, {"Hint": 343, "Name": "FlushFileBuffers", "DLL": "KERNEL32.dll"}, {"Hint": 739, "Name": "InitializeCriticalSectionAndSpinCount", "DLL": "KERNEL32.dll"}, {"Hint": 209, "Name": "DeleteCriticalSection", "DLL": "KERNEL32.dll"}, {"Hint": 1048, "Name": "RtlUnwind", "DLL": "KERNEL32.dll"}, {"Hint": 1135, "Name": "SetHandleCount", "DLL": "KERNEL32.dll"}, {"Hint": 499, "Name": "GetFileType", "DLL": "KERNEL32.dll"}, {"Hint": 611, "Name": "GetStartupInfoW", "DLL": "KERNEL32.dll"}, {"Hint": 1221, "Name": "TlsAlloc", "DLL": "KERNEL32.dll"}, {"Hint": 1223, "Name": "TlsGetValue", "DLL": "KERNEL32.dll"}, {"Hint": 1224, "Name": "TlsSetValue", "DLL": "KERNEL32.dll"}, {"Hint": 1222, "Name": "TlsFree", "DLL": "KERNEL32.dll"}, {"Hint": 751, "Name": "InterlockedIncrement", "DLL": "KERNEL32.dll"}, {"Hint": 536, "Name": "GetModuleHandleW", "DLL": "KERNEL32.dll"}, {"Hint": 1139, "Name": "SetLastError", "DLL": "KERNEL32.dll"}, {"Hint": 453, "Name": "GetCurrentThreadId", "DLL": "KERNEL32.dll"}, {"Hint": 747, "Name": "InterlockedDecrement", "DLL": "KERNEL32.dll"}, {"Hint": 581, "Name": "GetProcAddress", "DLL": "KERNEL32.dll"}, {"Hint": 370, "Name": "GetCPInfo", "DLL": "KERNEL32.dll"}, {"Hint": 360, "Name": "GetACP", "DLL": "KERNEL32.dll"}, {"Hint": 567, "Name": "GetOEMCP", "DLL": "KERNEL32.dll"}, {"Hint": 778, "Name": "IsValidCodePage", "DLL": "KERNEL32.dll"}, {"Hint": 664, "Name": "GetTimeZoneInformation", "DLL": "KERNEL32.dll"}, {"Hint": 532, "Name": "GetModuleFileNameW", "DLL": "KERNEL32.dll"}, {"Hint": 531, "Name": "GetModuleFileNameA", "DLL": "KERNEL32.dll"}, {"Hint": 353, "Name": "FreeEnvironmentStringsW", "DLL": "KERNEL32.dll"}, {"Hint": 474, "Name": "GetEnvironmentStringsW", "DLL": "KERNEL32.dll"}, {"Hint": 717, "Name": "HeapCreate", "DLL": "KERNEL32.dll"}, {"Hint": 935, "Name": "QueryPerformanceCounter", "DLL": "KERNEL32.dll"}, {"Hint": 659, "Name": "GetTickCount", "DLL": "KERNEL32.dll"}, {"Hint": 449, "Name": "GetCurrentProcessId", "DLL": "KERNEL32.dll"}, {"Hint": 724, "Name": "HeapSize", "DLL": "KERNEL32.dll"}, {"Hint": 1316, "Name": "WriteConsoleW", "DLL": "KERNEL32.dll"}, {"Hint": 871, "Name": "MultiByteToWideChar", "DLL": "KERNEL32.dll"}, {"Hint": 1126, "Name": "SetFilePointer", "DLL": "KERNEL32.dll"}, {"Hint": 1159, "Name": "SetStdHandle", "DLL": "KERNEL32.dll"}, {"Hint": 136, "Name": "CreateFileA", "DLL": "KERNEL32.dll"}, {"Hint": 772, "Name": "IsProcessorFeaturePresent", "DLL": "KERNEL32.dll"}, {"Hint": 813, "Name": "LCMapStringW", "DLL": "KERNEL32.dll"}, {"Hint": 617, "Name": "GetStringTypeW", "DLL": "KERNEL32.dll"}, {"Hint": 1110, "Name": "SetEnvironmentVariableA", "DLL": "KERNEL32.dll"}], [{"TimeDateStamp": {"FileOffset": 67332, "Value": "0x0        [Thu Jan  1 00:00:00 1970 UTC]", "Offset": 4}, "Name": {"FileOffset": 67340, "Value": 72108, "Offset": 12}, "ForwarderChain": {"FileOffset": 67336, "Value": 0, "Offset": 8}, "OriginalFirstThunk": {"FileOffset": 67328, "Value": 71788, "Offset": 0}, "FirstThunk": {"FileOffset": 67344, "Value": 57668, "Offset": 16}, "Characteristics": {"FileOffset": 67328, "Value": 71788, "Offset": 0}, "Structure": "IMAGE_IMPORT_DESCRIPTOR"}, {"Ordinal": 115, "DLL": "WS2_32.dll"}, {"Ordinal": 116, "DLL": "WS2_32.dll"}, {"Ordinal": 16, "DLL": "WS2_32.dll"}, {"Ordinal": 19, "DLL": "WS2_32.dll"}, {"Ordinal": 4, "DLL": "WS2_32.dll"}, {"Ordinal": 11, "DLL": "WS2_32.dll"}, {"Ordinal": 8, "DLL": "WS2_32.dll"}, {"Ordinal": 9, "DLL": "WS2_32.dll"}, {"Ordinal": 2, "DLL": "WS2_32.dll"}, {"Ordinal": 23, "DLL": "WS2_32.dll"}, {"Ordinal": 3, "DLL": "WS2_32.dll"}, {"Ordinal": 13, "DLL": "WS2_32.dll"}, {"Ordinal": 1, "DLL": "WS2_32.dll"}]], "PE Sections": [{"PointerToRawData": {"FileOffset": 508, "Value": 1024, "Offset": 20}, "SHA1": "e75277221bbd8dfdbc363eb4715ddc324c328515", "SHA256": "cb101915ab6678e8564559ddadaf34c04de3984aa42608763fc52031c3644f59", "Name": {"FileOffset": 488, "Value": ".text", "Offset": 0}, "NumberOfRelocations": {"FileOffset": 520, "Value": 0, "Offset": 32}, "Misc_VirtualSize": {"FileOffset": 496, "Value": 51986, "Offset": 8}, "Characteristics": {"FileOffset": 524, "Value": 1610612768, "Offset": 36}, "Misc": {"FileOffset": 496, "Value": 51986, "Offset": 8}, "PointerToLinenumbers": {"FileOffset": 516, "Value": 0, "Offset": 28}, "SizeOfRawData": {"FileOffset": 504, "Value": 52224, "Offset": 16}, "Misc_PhysicalAddress": {"FileOffset": 496, "Value": 51986, "Offset": 8}, "PointerToRelocations": {"FileOffset": 512, "Value": 0, "Offset": 24}, "Flags": ["IMAGE_SCN_MEM_EXECUTE", "IMAGE_SCN_CNT_CODE", "IMAGE_SCN_MEM_READ"], "SHA512": "ca2e898492fbe432e7e1734d5ad2e82707ed1d022803bbdc2b2010fc4675b91b691d893afe02446e1061477cb30ec5ee5dce94b25b65ffb1e4367c6bbd617e69", "MD5": "7a2c551f6b2f5409dc8b09978378f4b1", "Entropy": 6.581655656049927, "VirtualAddress": {"FileOffset": 500, "Value": 4096, "Offset": 12}, "Structure": "IMAGE_SECTION_HEADER", "NumberOfLinenumbers": {"FileOffset": 522, "Value": 0, "Offset": 34}}, {"PointerToRawData": {"FileOffset": 548, "Value": 53248, "Offset": 20}, "SHA1": "2116b054840b154f4c42c9ce217455cd1a1295e5", "SHA256": "f1da721afdcfd21c891717eb7125c19285186c0d54c7fbbc4fd3e462553f3904", "Name": {"FileOffset": 528, "Value": ".rdata", "Offset": 0}, "NumberOfRelocations": {"FileOffset": 560, "Value": 0, "Offset": 32}, "Misc_VirtualSize": {"FileOffset": 536, "Value": 16008, "Offset": 8}, "Characteristics": {"FileOffset": 564, "Value": 1073741888, "Offset": 36}, "Misc": {"FileOffset": 536, "Value": 16008, "Offset": 8}, "PointerToLinenumbers": {"FileOffset": 556, "Value": 0, "Offset": 28}, "SizeOfRawData": {"FileOffset": 544, "Value": 16384, "Offset": 16}, "Misc_PhysicalAddress": {"FileOffset": 536, "Value": 16008, "Offset": 8}, "PointerToRelocations": {"FileOffset": 552, "Value": 0, "Offset": 24}, "Flags": ["IMAGE_SCN_CNT_INITIALIZED_DATA", "IMAGE_SCN_MEM_READ"], "SHA512": "900422670a69c2e379d36495916a283613215e10bc64b795fa1f35fc9f35122fdbb2001784411b0e92b057df5a192566b62f6b4356e1b3db4172ebe003ddc496", "MD5": "ff0e15de93c38a4fd3733df88a754667", "Entropy": 5.170541176713372, "VirtualAddress": {"FileOffset": 540, "Value": 57344, "Offset": 12}, "Structure": "IMAGE_SECTION_HEADER", "NumberOfLinenumbers": {"FileOffset": 562, "Value": 0, "Offset": 34}}, {"PointerToRawData": {"FileOffset": 588, "Value": 69632, "Offset": 20}, "SHA1": "d357d7b4e00ed4170eb5fce9382668e659c2f2a0", "SHA256": "65d3bf39fae64bfc2907c5fcd22ade20cecde3036f34a90247321c35959f8806", "Name": {"FileOffset": 568, "Value": ".data", "Offset": 0}, "NumberOfRelocations": {"FileOffset": 600, "Value": 0, "Offset": 32}, "Misc_VirtualSize": {"FileOffset": 576, "Value": 12588, "Offset": 8}, "Characteristics": {"FileOffset": 604, "Value": 3221225536, "Offset": 36}, "Misc": {"FileOffset": 576, "Value": 12588, "Offset": 8}, "PointerToLinenumbers": {"FileOffset": 596, "Value": 0, "Offset": 28}, "SizeOfRawData": {"FileOffset": 584, "Value": 4608, "Offset": 16}, "Misc_PhysicalAddress": {"FileOffset": 576, "Value": 12588, "Offset": 8}, "PointerToRelocations": {"FileOffset": 592, "Value": 0, "Offset": 24}, "Flags": ["IMAGE_SCN_CNT_INITIALIZED_DATA", "IMAGE_SCN_MEM_WRITE", "IMAGE_SCN_MEM_READ"], "SHA512": "3280104c5cff109ef9c209641e4ccbc93835ad070756b80beb90a419212ad9c658768778a3bd120c57752661a0510da781132dc39c29d885449c769a837e5fea", "MD5": "7fa206787c6cacc1d9af574364105367", "Entropy": 2.3028503418486856, "VirtualAddress": {"FileOffset": 580, "Value": 73728, "Offset": 12}, "Structure": "IMAGE_SECTION_HEADER", "NumberOfLinenumbers": {"FileOffset": 602, "Value": 0, "Offset": 34}}, {"PointerToRawData": {"FileOffset": 628, "Value": 74240, "Offset": 20}, "SHA1": "adfba8f50ed8fba8a4018929dfc6f95f2faff848", "SHA256": "fcf620229fed214b2b8208e11f2c268f6e993e7421afb0436767318d52afd0c9", "Name": {"FileOffset": 608, "Value": ".rsrc", "Offset": 0}, "NumberOfRelocations": {"FileOffset": 640, "Value": 0, "Offset": 32}, "Misc_VirtualSize": {"FileOffset": 616, "Value": 984, "Offset": 8}, "Characteristics": {"FileOffset": 644, "Value": 1073741888, "Offset": 36}, "Misc": {"FileOffset": 616, "Value": 984, "Offset": 8}, "PointerToLinenumbers": {"FileOffset": 636, "Value": 0, "Offset": 28}, "SizeOfRawData": {"FileOffset": 624, "Value": 1024, "Offset": 16}, "Misc_PhysicalAddress": {"FileOffset": 616, "Value": 984, "Offset": 8}, "PointerToRelocations": {"FileOffset": 632, "Value": 0, "Offset": 24}, "Flags": ["IMAGE_SCN_CNT_INITIALIZED_DATA", "IMAGE_SCN_MEM_READ"], "SHA512": "9ad1eb4db0ff7ddc5f914d03107c6f64db6cd3f0e3210c5d1db3bcf975c1930198e9a9009a1ede0e15914fd7e90e79016e18505d5658a28708833a104c4726b3", "MD5": "371e58d965071fee9d2ae24cffcb4f94", "Entropy": 3.2554422188729992, "VirtualAddress": {"FileOffset": 620, "Value": 90112, "Offset": 12}, "Structure": "IMAGE_SECTION_HEADER", "NumberOfLinenumbers": {"FileOffset": 642, "Value": 0, "Offset": 34}}], "Resource directory": [{"MajorVersion": {"FileOffset": 74248, "Value": 0, "Offset": 8}, "NumberOfIdEntries": {"FileOffset": 74254, "Value": 1, "Offset": 14}, "MinorVersion": {"FileOffset": 74250, "Value": 0, "Offset": 10}, "TimeDateStamp": {"FileOffset": 74244, "Value": "0x0        [Thu Jan  1 00:00:00 1970 UTC]", "Offset": 4}, "Characteristics": {"FileOffset": 74240, "Value": 0, "Offset": 0}, "NumberOfNamedEntries": {"FileOffset": 74252, "Value": 0, "Offset": 12}, "Structure": "IMAGE_RESOURCE_DIRECTORY"}, {"Structure": "IMAGE_RESOURCE_DIRECTORY_ENTRY", "Id": [16, "RT_VERSION"], "OffsetToData": {"FileOffset": 74260, "Value": 2147483672, "Offset": 4}, "Name": {"FileOffset": 74256, "Value": 16, "Offset": 0}}, [{"MajorVersion": {"FileOffset": 74272, "Value": 0, "Offset": 8}, "NumberOfIdEntries": {"FileOffset": 74278, "Value": 1, "Offset": 14}, "MinorVersion": {"FileOffset": 74274, "Value": 0, "Offset": 10}, "TimeDateStamp": {"FileOffset": 74268, "Value": "0x0        [Thu Jan  1 00:00:00 1970 UTC]", "Offset": 4}, "Characteristics": {"FileOffset": 74264, "Value": 0, "Offset": 0}, "NumberOfNamedEntries": {"FileOffset": 74276, "Value": 0, "Offset": 12}, "Structure": "IMAGE_RESOURCE_DIRECTORY"}, {"Structure": "IMAGE_RESOURCE_DIRECTORY_ENTRY", "Id": 1, "OffsetToData": {"FileOffset": 74284, "Value": 2147483696, "Offset": 4}, "Name": {"FileOffset": 74280, "Value": 1, "Offset": 0}}, [{"MajorVersion": {"FileOffset": 74296, "Value": 0, "Offset": 8}, "NumberOfIdEntries": {"FileOffset": 74302, "Value": 1, "Offset": 14}, "MinorVersion": {"FileOffset": 74298, "Value": 0, "Offset": 10}, "TimeDateStamp": {"FileOffset": 74292, "Value": "0x0        [Thu Jan  1 00:00:00 1970 UTC]", "Offset": 4}, "Characteristics": {"FileOffset": 74288, "Value": 0, "Offset": 0}, "NumberOfNamedEntries": {"FileOffset": 74300, "Value": 0, "Offset": 12}, "Structure": "IMAGE_RESOURCE_DIRECTORY"}, {"LANG": 9, "SUBLANG_NAME": "SUBLANG_ENGLISH_US", "Name": {"FileOffset": 74304, "Value": 1033, "Offset": 0}, "CodePage": {"FileOffset": 74320, "Value": 0, "Offset": 8}, "LANG_NAME": "LANG_ENGLISH", "OffsetToData": {"FileOffset": 74312, "Value": 90200, "Offset": 0}, "Reserved": {"FileOffset": 74324, "Value": 0, "Offset": 12}, "SUBLANG": 1, "Structure": "IMAGE_RESOURCE_DATA_ENTRY", "Size": {"FileOffset": 74316, "Value": 896, "Offset": 4}}]]]}
